032,112025,1322758,1489,032307202510010005,1,21600
032,112025,1322758,101339,032307202510010005,1,21600
032,112025,1322758,102102,032307202510010005,1,21600
032,112025,1322758,1000021,032307202510010005,1,21600
032,112025,1322758,1000022,032307202510010005,1,21600
032,112025,1322758,1000568,032307202510010005,1,21600
032,112025,1322758,1001470,032307202510010005,1,21600
032,112025,1322758,2000823,032307202510010005,1,21600
032,112025,1322758,2001469,032307202510010005,1,21600
032,112025,1322811,1153,032307202510010003,2,2460
032,112025,1322811,1197,032307202510010003,2,2460
032,112025,1322811,1198,032307202510010003,2,2460
032,112025,1322811,1199,032307202510010003,2,2460
032,112025,1322811,1200,032307202510010003,1,1800
032,112025,1322811,1215,032307202510010003,2,2460
032,112025,1322811,1217,032307202510010003,2,2460
032,112025,1322811,1218,032307202510010003,2,2460
032,112025,1322811,1229,032307202510010003,2,2460
032,112025,1322811,1237,032307202510010003,1,1800
032,112025,1322811,1303,032307202510010003,1,1800
032,112025,1322811,1305,032307202510010003,2,2460
032,112025,1322811,1308,032307202510010003,1,1800
032,112025,1322811,1309,032307202510010003,1,1800
032,112025,1322811,1313,032307202510010003,1,1800
032,112025,1322811,1314,032307202510010003,1,1800
032,112025,1322811,1318,032307202510010003,1,1800
032,112025,1322811,1319,032307202510010003,2,2460
032,112025,1322811,1322,032307202510010003,2,2460
032,112025,1322811,1323,032307202510010003,1,1800
032,112025,1322811,1324,032307202510010003,2,2460
032,112025,1322811,1333,032307202510010003,1,1800
032,112025,1322811,1336,032307202510010003,1,1800
032,112025,1322811,1349,032307202510010003,2,2460
032,112025,1322811,1350,032307202510010003,1,1800
032,112025,1322811,1358,032307202510010003,1,1800
032,112025,1322811,1367,032307202510010003,1,1800
032,112025,1322811,1368,032307202510010003,1,1800
032,112025,1322811,1373,032307202510010003,2,2460
032,112025,1322811,1376,032307202510010003,2,2460
032,112025,1322811,1378,032307202510010003,2,2460
032,112025,1322811,1385,032307202510010003,1,1800
032,112025,1322811,1389,032307202510010003,2,2460
032,112025,1322811,1391,032307202510010003,2,2460
032,112025,1322811,1401,032307202510010003,1,1800
032,112025,1322811,1409,032307202510010003,1,1800
032,112025,1322811,1419,032307202510010003,2,2460
032,112025,1322811,1443,032307202510010003,1,1800
032,112025,1322811,1444,032307202510010003,1,1800
032,112025,1322811,1445,032307202510010003,1,1800
032,112025,1322811,1447,032307202510010003,3,8220
032,112025,1322811,1449,032307202510010003,1,1800
032,112025,1322811,1450,032307202510010003,2,2460
032,112025,1322811,1453,032307202510010003,2,2460
032,112025,1322811,1456,032307202510010003,2,2460
032,112025,1322811,1463,032307202510010003,1,1800
032,112025,1322811,1464,032307202510010003,2,2460
032,112025,1322811,1465,032307202510010003,1,1800
032,112025,1322811,1479,032307202510010003,1,1800
032,112025,1322811,1481,032307202510010003,1,1800
032,112025,1322811,1483,032307202510010003,2,2460
032,112025,1322811,1484,032307202510010003,2,2460
032,112025,1322811,1487,032307202510010003,2,2460
032,112025,1322811,1494,032307202510010003,1,1800
032,112025,1322811,1495,032307202510010003,1,1800
032,112025,1322811,1506,032307202510010003,2,2460
032,112025,1322811,1515,032307202510010003,2,2460
032,112025,1322811,1517,032307202510010003,2,2460
032,112025,1322811,1518,032307202510010003,2,2460
032,112025,1322811,1526,032307202510010003,2,2460
032,112025,1322811,1533,032307202510010003,2,2460
032,112025,1322811,1539,032307202510010003,1,1800
032,112025,1322811,1540,032307202510010003,1,1800
032,112025,1322811,1541,032307202510010003,1,1800
032,112025,1322811,1562,032307202510010003,2,2460
032,112025,1322811,1563,032307202510010003,2,2460
032,112025,1322811,1567,032307202510010003,2,2460
032,112025,1322811,1571,032307202510010003,1,1800
032,112025,1322811,1575,032307202510010003,2,2460
032,112025,1322811,1592,032307202510010003,2,2460
032,112025,1322811,1593,032307202510010003,2,2460
032,112025,1322811,1598,032307202510010003,2,2460
032,112025,1322811,1599,032307202510010003,2,2460
032,112025,1322811,1604,032307202510010003,2,2460
032,112025,1322811,1614,032307202510010003,2,2460
032,112025,1322811,1619,032307202510010003,1,1800
032,112025,1322811,1630,032307202510010003,2,2460
032,112025,1322811,1634,032307202510010003,1,1800
032,112025,1322811,1635,032307202510010003,3,8220
032,112025,1322811,1639,032307202510010003,1,1800
032,112025,1322811,1642,032307202510010003,2,2460
032,112025,1322811,1646,032307202510010003,2,2460
032,112025,1322811,1653,032307202510010003,2,2460
032,112025,1322811,1654,032307202510010003,2,2460
032,112025,1322811,1655,032307202510010003,2,2460
032,112025,1322811,1656,032307202510010003,3,8220
032,112025,1322811,1657,032307202510010003,2,2460
032,112025,1322811,1658,032307202510010003,2,2460
032,112025,1322811,1665,032307202510010003,2,2460
032,112025,1322811,1666,032307202510010003,2,2460
032,112025,1322811,1667,032307202510010003,2,2460
032,112025,1322811,1673,032307202510010003,1,1800
032,112025,1322811,1680,032307202510010003,1,1800
032,112025,1322811,1687,032307202510010003,1,1800
032,112025,1322811,1701,032307202510010003,2,2460
032,112025,1322811,1706,032307202510010003,2,2460
032,112025,1322811,1708,032307202510010003,2,2460
032,112025,1322811,1709,032307202510010003,2,2460
032,112025,1322811,1732,032307202510010003,2,2460
032,112025,1322811,1748,032307202510010003,3,8220
032,112025,1322811,1753,032307202510010003,2,2460
032,112025,1322811,1755,032307202510010003,2,2460
032,112025,1322811,1761,032307202510010003,2,2460
032,112025,1322811,1762,032307202510010003,1,1800
032,112025,1322811,1774,032307202510010003,1,1800
032,112025,1322811,1780,032307202510010003,2,2460
032,112025,1322811,1786,032307202510010003,1,1800
032,112025,1322811,1787,032307202510010003,1,1800
032,112025,1322811,1788,032307202510010003,1,1800
032,112025,1322811,89633,032307202510010003,1,1800
032,112025,1322811,90589,032307202510010003,2,2460
032,112025,1322811,90951,032307202510010003,2,2460
032,112025,1322811,91228,032307202510010003,2,2460
032,112025,1322811,93601,032307202510010003,1,1800
032,112025,1322811,93627,032307202510010003,2,2460
032,112025,1322811,93635,032307202510010003,2,2460
032,112025,1322811,93724,032307202510010003,1,1800
032,112025,1322811,93735,032307202510010003,1,1800
032,112025,1322811,93737,032307202510010003,1,1800
032,112025,1322811,93758,032307202510010003,2,2460
032,112025,1322811,93761,032307202510010003,1,1800
032,112025,1322811,93763,032307202510010003,1,1800
032,112025,1322811,93926,032307202510010003,1,1800
032,112025,1322811,93935,032307202510010003,1,1800
032,112025,1322811,94039,032307202510010003,1,1800
032,112025,1322811,94100,032307202510010003,1,1800
032,112025,1322811,94107,032307202510010003,1,1800
032,112025,1322811,94160,032307202510010003,1,1800
032,112025,1322811,94274,032307202510010003,2,2460
032,112025,1322811,94301,032307202510010003,2,2460
032,112025,1322811,94304,032307202510010003,2,2460
032,112025,1322811,94419,032307202510010003,2,2460
032,112025,1322811,94423,032307202510010003,2,2460
032,112025,1322811,94509,032307202510010003,2,2460
032,112025,1322811,94522,032307202510010003,1,1800
032,112025,1322811,94688,032307202510010003,2,2460
032,112025,1322811,94707,032307202510010003,2,2460
032,112025,1322811,94730,032307202510010003,2,2460
032,112025,1322811,96597,032307202510010003,2,2460
032,112025,1322811,96632,032307202510010003,2,2460
032,112025,1322811,96688,032307202510010003,2,2460
032,112025,1322811,96689,032307202510010003,3,8220
032,112025,1322811,96695,032307202510010003,2,2460
032,112025,1322811,96697,032307202510010003,2,2460
032,112025,1322811,96705,032307202510010003,2,2460
032,112025,1322811,96726,032307202510010003,2,2460
032,112025,1322811,96744,032307202510010003,2,2460
032,112025,1322811,96745,032307202510010003,2,2460
032,112025,1322811,96746,032307202510010003,2,2460
032,112025,1322811,96822,032307202510010003,2,2460
032,112025,1322811,96852,032307202510010003,2,2460
032,112025,1322811,96926,032307202510010003,2,2460
032,112025,1322811,97197,032307202510010003,1,1800
032,112025,1322811,97198,032307202510010003,1,1800
032,112025,1322811,97199,032307202510010003,1,1800
032,112025,1322811,97200,032307202510010003,1,1800
032,112025,1322811,97389,032307202510010003,2,2460
032,112025,1322811,97412,032307202510010003,2,2460
032,112025,1322811,97443,032307202510010003,2,2460
032,112025,1322811,97458,032307202510010003,2,2460
032,112025,1322811,97533,032307202510010003,2,2460
032,112025,1322811,97559,032307202510010003,1,1800
032,112025,1322811,97561,032307202510010003,2,2460
032,112025,1322811,97746,032307202510010003,2,2460
032,112025,1322811,97747,032307202510010003,2,2460
032,112025,1322811,97752,032307202510010003,1,1800
032,112025,1322811,97769,032307202510010003,2,2460
032,112025,1322811,97780,032307202510010003,1,1800
032,112025,1322811,97820,032307202510010003,1,1800
032,112025,1322811,98057,032307202510010003,2,2460
032,112025,1322811,98185,032307202510010003,2,2460
032,112025,1322811,98187,032307202510010003,1,1800
032,112025,1322811,98207,032307202510010003,2,2460
032,112025,1322811,98208,032307202510010003,2,2460
032,112025,1322811,98210,032307202510010003,2,2460
032,112025,1322811,98381,032307202510010003,2,2460
032,112025,1322811,98442,032307202510010003,2,2460
032,112025,1322811,98562,032307202510010003,2,2460
032,112025,1322811,98673,032307202510010003,1,1800
032,112025,1322811,98709,032307202510010003,2,2460
032,112025,1322811,98735,032307202510010003,2,2460
032,112025,1322811,98802,032307202510010003,1,1800
032,112025,1322811,99644,032307202510010003,2,2460
032,112025,1322811,99885,032307202510010003,2,2460
032,112025,1322811,99958,032307202510010003,1,1800
032,112025,1322811,100067,032307202510010003,1,1800
032,112025,1322811,100081,032307202510010003,1,1800
032,112025,1322811,100127,032307202510010003,1,1800
032,112025,1322811,100193,032307202510010003,2,2460
032,112025,1322811,100221,032307202510010003,2,2460
032,112025,1322811,100227,032307202510010003,2,2460
032,112025,1322811,100417,032307202510010003,1,1800
032,112025,1322811,100478,032307202510010003,2,2460
032,112025,1322811,100540,032307202510010003,1,1800
032,112025,1322811,100585,032307202510010003,2,2460
032,112025,1322811,100632,032307202510010003,1,1800
032,112025,1322811,100635,032307202510010003,1,1800
032,112025,1322811,100662,032307202510010003,1,1800
032,112025,1322811,100680,032307202510010003,2,2460
032,112025,1322811,100735,032307202510010003,2,2460
032,112025,1322811,100748,032307202510010003,2,2460
032,112025,1322811,100779,032307202510010003,1,1800
032,112025,1322811,100877,032307202510010003,2,2460
032,112025,1322811,100947,032307202510010003,1,1800
032,112025,1322811,101009,032307202510010003,1,1800
032,112025,1322811,101125,032307202510010003,1,1800
032,112025,1322811,101126,032307202510010003,1,1800
032,112025,1322811,101127,032307202510010003,1,1800
032,112025,1322811,101147,032307202510010003,2,2460
032,112025,1322811,101287,032307202510010003,2,2460
032,112025,1322811,101343,032307202510010003,2,2460
032,112025,1322811,101458,032307202510010003,2,2460
032,112025,1322811,101502,032307202510010003,2,2460
032,112025,1322811,101527,032307202510010003,1,1800
032,112025,1322811,101559,032307202510010003,2,2460
032,112025,1322811,101611,032307202510010003,2,2460
032,112025,1322811,101844,032307202510010003,2,2460
032,112025,1322811,101931,032307202510010003,2,2460
032,112025,1322811,102160,032307202510010003,2,2460
032,112025,1322811,102171,032307202510010003,2,2460
032,112025,1322811,102184,032307202510010003,1,1800
032,112025,1322811,102187,032307202510010003,1,1800
032,112025,1322811,102196,032307202510010003,1,1800
032,112025,1322811,102197,032307202510010003,1,1800
032,112025,1322811,102210,032307202510010003,2,2460
032,112025,1322811,102242,032307202510010003,2,2460
032,112025,1322811,102246,032307202510010003,2,2460
032,112025,1322811,102354,032307202510010003,1,1800
032,112025,1322811,102355,032307202510010003,1,1800
032,112025,1322811,102356,032307202510010003,1,1800
032,112025,1322811,103206,032307202510010003,2,2460
032,112025,1322811,103248,032307202510010003,1,1800
032,112025,1322811,103258,032307202510010003,2,2460
032,112025,1322811,103261,032307202510010003,2,2460
032,112025,1322811,103263,032307202510010003,2,2460
032,112025,1322811,103266,032307202510010003,2,2460
032,112025,1322811,103382,032307202510010003,1,1800
032,112025,1322811,103383,032307202510010003,1,1800
032,112025,1322811,103384,032307202510010003,1,1800
032,112025,1322811,103469,032307202510010003,1,1800
032,112025,1322811,103470,032307202510010003,1,1800
032,112025,1322811,103581,032307202510010003,2,2460
032,112025,1322811,103620,032307202510010003,1,1800
032,112025,1322811,103623,032307202510010003,2,2460
032,112025,1322811,103634,032307202510010003,2,2460
032,112025,1322811,103650,032307202510010003,1,1800
032,112025,1322811,103653,032307202510010003,2,2460
032,112025,1322811,103695,032307202510010003,2,2460
032,112025,1322811,103702,032307202510010003,2,2460
032,112025,1322811,103705,032307202510010003,3,8220
032,112025,1322811,103710,032307202510010003,2,2460
032,112025,1322811,103749,032307202510010003,3,8220
032,112025,1322811,103762,032307202510010003,1,1800
032,112025,1322811,103765,032307202510010003,1,1800
032,112025,1322811,103766,032307202510010003,2,2460
032,112025,1322811,103864,032307202510010003,1,1800
032,112025,1322811,103870,032307202510010003,1,1800
032,112025,1322811,103884,032307202510010003,1,1800
032,112025,1322811,103889,032307202510010003,1,1800
032,112025,1322811,103907,032307202510010003,2,2460
032,112025,1322811,103922,032307202510010003,1,1800
032,112025,1322811,103928,032307202510010003,1,1800
032,112025,1322811,104012,032307202510010003,1,1800
032,112025,1322811,104107,032307202510010003,2,2460
032,112025,1322811,1000051,032307202510010003,2,2460
032,112025,1322811,1000053,032307202510010003,2,2460
032,112025,1322811,1000057,032307202510010003,3,8220
032,112025,1322811,1000058,032307202510010003,3,8220
032,112025,1322811,1000059,032307202510010003,1,1800
032,112025,1322811,1000061,032307202510010003,1,1800
032,112025,1322811,1000063,032307202510010003,1,1800
032,112025,1322811,1000064,032307202510010003,1,1800
032,112025,1322811,1000066,032307202510010003,1,1800
032,112025,1322811,1000070,032307202510010003,1,1800
032,112025,1322811,1000071,032307202510010003,1,1800
032,112025,1322811,1000072,032307202510010003,1,1800
032,112025,1322811,1000073,032307202510010003,1,1800
032,112025,1322811,1000075,032307202510010003,2,2460
032,112025,1322811,1000076,032307202510010003,2,2460
032,112025,1322811,1000077,032307202510010003,2,2460
032,112025,1322811,1000087,032307202510010003,2,2460
032,112025,1322811,1000088,032307202510010003,2,2460
032,112025,1322811,1000090,032307202510010003,2,2460
032,112025,1322811,1000093,032307202510010003,2,2460
032,112025,1322811,1000095,032307202510010003,2,2460
032,112025,1322811,1000248,032307202510010003,2,2460
032,112025,1322811,1000263,032307202510010003,2,2460
032,112025,1322811,1000271,032307202510010003,1,1800
032,112025,1322811,1000272,032307202510010003,1,1800
032,112025,1322811,1000275,032307202510010003,2,2460
032,112025,1322811,1000282,032307202510010003,2,2460
032,112025,1322811,1000330,032307202510010003,2,2460
032,112025,1322811,1000331,032307202510010003,2,2460
032,112025,1322811,1000332,032307202510010003,2,2460
032,112025,1322811,1000333,032307202510010003,2,2460
032,112025,1322811,1000336,032307202510010003,2,2460
032,112025,1322811,1000339,032307202510010003,2,2460
032,112025,1322811,1000374,032307202510010003,2,2460
032,112025,1322811,1000395,032307202510010003,2,2460
032,112025,1322811,1000452,032307202510010003,2,2460
032,112025,1322811,1000454,032307202510010003,1,1800
032,112025,1322811,1000463,032307202510010003,2,2460
032,112025,1322811,1000469,032307202510010003,2,2460
032,112025,1322811,1000478,032307202510010003,2,2460
032,112025,1322811,1000550,032307202510010003,1,1800
032,112025,1322811,1000571,032307202510010003,1,1800
032,112025,1322811,1000575,032307202510010003,1,1800
032,112025,1322811,1000578,032307202510010003,1,1800
032,112025,1322811,1000583,032307202510010003,1,1800
032,112025,1322811,1000605,032307202510010003,1,1800
032,112025,1322811,1000635,032307202510010003,2,2460
032,112025,1322811,1000673,032307202510010003,1,1800
032,112025,1322811,1000681,032307202510010003,2,2460
032,112025,1322811,1000718,032307202510010003,2,2460
032,112025,1322811,1000727,032307202510010003,2,2460
032,112025,1322811,1000734,032307202510010003,1,1800
032,112025,1322811,1000764,032307202510010003,2,2460
032,112025,1322811,1000765,032307202510010003,2,2460
032,112025,1322811,1000772,032307202510010003,1,1800
032,112025,1322811,1000779,032307202510010003,2,2460
032,112025,1322811,1000784,032307202510010003,1,1800
032,112025,1322811,1000786,032307202510010003,2,2460
032,112025,1322811,1000795,032307202510010003,2,2460
032,112025,1322811,1000797,032307202510010003,2,2460
032,112025,1322811,1000801,032307202510010003,2,2460
032,112025,1322811,1000803,032307202510010003,1,1800
032,112025,1322811,1000812,032307202510010003,1,1800
032,112025,1322811,1000820,032307202510010003,1,1800
032,112025,1322811,1000824,032307202510010003,1,1800
032,112025,1322811,1000825,032307202510010003,1,1800
032,112025,1322811,1000829,032307202510010003,2,2460
032,112025,1322811,1000832,032307202510010003,1,1800
032,112025,1322811,1000853,032307202510010003,2,2460
032,112025,1322811,1000854,032307202510010003,1,1800
032,112025,1322811,1000855,032307202510010003,2,2460
032,112025,1322811,1000865,032307202510010003,1,1800
032,112025,1322811,1000874,032307202510010003,1,1800
032,112025,1322811,1000894,032307202510010003,3,8220
032,112025,1322811,1000898,032307202510010003,1,1800
032,112025,1322811,1000899,032307202510010003,1,1800
032,112025,1322811,1000900,032307202510010003,1,1800
032,112025,1322811,1000901,032307202510010003,1,1800
032,112025,1322811,1000904,032307202510010003,1,1800
032,112025,1322811,1000932,032307202510010003,2,2460
032,112025,1322811,1000938,032307202510010003,2,2460
032,112025,1322811,1000939,032307202510010003,2,2460
032,112025,1322811,1000952,032307202510010003,2,2460
032,112025,1322811,1000963,032307202510010003,2,2460
032,112025,1322811,1000969,032307202510010003,1,1800
032,112025,1322811,1000974,032307202510010003,2,2460
032,112025,1322811,1000993,032307202510010003,1,1800
032,112025,1322811,1000996,032307202510010003,1,1800
032,112025,1322811,1001001,032307202510010003,1,1800
032,112025,1322811,1001002,032307202510010003,1,1800
032,112025,1322811,1001041,032307202510010003,2,2460
032,112025,1322811,1001045,032307202510010003,2,2460
032,112025,1322811,1001056,032307202510010003,2,2460
032,112025,1322811,1001060,032307202510010003,2,2460
032,112025,1322811,1001067,032307202510010003,2,2460
032,112025,1322811,1001071,032307202510010003,2,2460
032,112025,1322811,1001073,032307202510010003,2,2460
032,112025,1322811,1001078,032307202510010003,2,2460
032,112025,1322811,1001090,032307202510010003,2,2460
032,112025,1322811,1001104,032307202510010003,2,2460
032,112025,1322811,1001105,032307202510010003,2,2460
032,112025,1322811,1001106,032307202510010003,2,2460
032,112025,1322811,1001112,032307202510010003,2,2460
032,112025,1322811,1001118,032307202510010003,2,2460
032,112025,1322811,1001121,032307202510010003,2,2460
032,112025,1322811,1001125,032307202510010003,2,2460
032,112025,1322811,1001126,032307202510010003,2,2460
032,112025,1322811,1001140,032307202510010003,1,1800
032,112025,1322811,1001142,032307202510010003,2,2460
032,112025,1322811,1001143,032307202510010003,2,2460
032,112025,1322811,1001144,032307202510010003,2,2460
032,112025,1322811,1001145,032307202510010003,2,2460
032,112025,1322811,1001147,032307202510010003,2,2460
032,112025,1322811,1001155,032307202510010003,2,2460
032,112025,1322811,1001168,032307202510010003,2,2460
032,112025,1322811,1001170,032307202510010003,1,1800
032,112025,1322811,1001173,032307202510010003,2,2460
032,112025,1322811,1001177,032307202510010003,2,2460
032,112025,1322811,1001187,032307202510010003,1,1800
032,112025,1322811,1001212,032307202510010003,1,1800
032,112025,1322811,1001219,032307202510010003,1,1800
032,112025,1322811,1001233,032307202510010003,1,1800
032,112025,1322811,1001235,032307202510010003,1,1800
032,112025,1322811,1001236,032307202510010003,2,2460
032,112025,1322811,1001239,032307202510010003,1,1800
032,112025,1322811,1001240,032307202510010003,1,1800
032,112025,1322811,1001253,032307202510010003,2,2460
032,112025,1322811,1001269,032307202510010003,2,2460
032,112025,1322811,1001270,032307202510010003,2,2460
032,112025,1322811,1001271,032307202510010003,2,2460
032,112025,1322811,1001274,032307202510010003,2,2460
032,112025,1322811,1001277,032307202510010003,2,2460
032,112025,1322811,1001282,032307202510010003,2,2460
032,112025,1322811,1001286,032307202510010003,1,1800
032,112025,1322811,1001302,032307202510010003,1,1800
032,112025,1322811,1001333,032307202510010003,2,2460
032,112025,1322811,1001355,032307202510010003,2,2460
032,112025,1322811,1001374,032307202510010003,2,2460
032,112025,1322811,1001381,032307202510010003,2,2460
032,112025,1322811,1001398,032307202510010003,2,2460
032,112025,1322811,1001411,032307202510010003,2,2460
032,112025,1322811,1001413,032307202510010003,2,2460
032,112025,1322811,1001419,032307202510010003,1,1800
032,112025,1322811,1001423,032307202510010003,1,1800
032,112025,1322811,1001426,032307202510010003,2,2460
032,112025,1322811,1001432,032307202510010003,2,2460
032,112025,1322811,1001433,032307202510010003,2,2460
032,112025,1322811,1001438,032307202510010003,1,1800
032,112025,1322811,1001451,032307202510010003,2,2460
032,112025,1322811,1001457,032307202510010003,2,2460
032,112025,1322811,1001459,032307202510010003,2,2460
032,112025,1322811,1001463,032307202510010003,1,1800
032,112025,1322811,1001564,032307202510010003,2,2460
032,112025,1322811,1001586,032307202510010003,2,2460
032,112025,1322811,1001590,032307202510010003,1,1800
032,112025,1322811,1001612,032307202510010003,2,2460
032,112025,1322811,1001618,032307202510010003,1,1800
032,112025,1322811,1001625,032307202510010003,1,1800
032,112025,1322811,1001636,032307202510010003,2,2460
032,112025,1322811,1001640,032307202510010003,2,2460
032,112025,1322811,1001704,032307202510010003,2,2460
032,112025,1322811,1001726,032307202510010003,1,1800
032,112025,1322811,1001797,032307202510010003,2,2460
032,112025,1322811,1001816,032307202510010003,1,1800
032,112025,1322811,1001830,032307202510010003,1,1800
032,112025,1322811,1001833,032307202510010003,2,2460
032,112025,1322811,1001835,032307202510010003,1,1800
032,112025,1322811,1001894,032307202510010003,1,1800
032,112025,1322811,1001911,032307202510010003,2,2460
032,112025,1322811,1001926,032307202510010003,2,2460
032,112025,1322811,1001957,032307202510010003,2,2460
032,112025,1322811,1001985,032307202510010003,2,2460
032,112025,1322811,1001986,032307202510010003,2,2460
032,112025,1322811,1001997,032307202510010003,1,1800
032,112025,1322811,1001998,032307202510010003,1,1800
032,112025,1322811,1002001,032307202510010003,2,2460
032,112025,1322811,1002002,032307202510010003,2,2460
032,112025,1322811,1002004,032307202510010003,2,2460
032,112025,1322811,1002005,032307202510010003,2,2460
032,112025,1322811,1002031,032307202510010003,2,2460
032,112025,1322811,1002062,032307202510010003,2,2460
032,112025,1322811,1002068,032307202510010003,2,2460
032,112025,1322811,1002069,032307202510010003,2,2460
032,112025,1322811,1002070,032307202510010003,2,2460
032,112025,1322811,1002071,032307202510010003,2,2460
032,112025,1322811,1002077,032307202510010003,2,2460
032,112025,1322811,1002081,032307202510010003,2,2460
032,112025,1322811,1002084,032307202510010003,2,2460
032,112025,1322811,1002218,032307202510010003,2,2460
032,112025,1322811,1002221,032307202510010003,2,2460
032,112025,1322811,1002234,032307202510010003,2,2460
032,112025,1322811,1002266,032307202510010003,1,1800
032,112025,1322811,1002277,032307202510010003,1,1800
032,112025,1322811,1002279,032307202510010003,1,1800
032,112025,1322811,1002290,032307202510010003,2,2460
032,112025,1322811,1002325,032307202510010003,1,1800
032,112025,1322811,1002340,032307202510010003,3,8220
032,112025,1322811,1002341,032307202510010003,3,8220
032,112025,1322811,1002360,032307202510010003,2,2460
032,112025,1322811,1002430,032307202510010003,1,1800
032,112025,1322811,1002536,032307202510010003,1,1800
032,112025,1322811,1002543,032307202510010003,2,2460
032,112025,1322811,1002556,032307202510010003,2,2460
032,112025,1322811,1002558,032307202510010003,2,2460
032,112025,1322811,1002559,032307202510010003,2,2460
032,112025,1322811,1002560,032307202510010003,2,2460
032,112025,1322811,1002563,032307202510010003,2,2460
032,112025,1322811,1002564,032307202510010003,2,2460
032,112025,1322811,1002566,032307202510010003,2,2460
032,112025,1322811,1002576,032307202510010003,2,2460
032,112025,1322811,1002585,032307202510010003,3,8220
032,112025,1322811,1002857,032307202510010003,2,2460
032,112025,1322811,1002859,032307202510010003,2,2460
032,112025,1322811,1003008,032307202510010003,1,1800
032,112025,1322811,1012528,032307202510010003,2,2460
032,112025,1322811,1012529,032307202510010003,2,2460
032,112025,1322811,1012587,032307202510010003,2,2460
032,112025,1322811,1012589,032307202510010003,2,2460
032,112025,1322811,1012590,032307202510010003,2,2460
032,112025,1322811,1012612,032307202510010003,1,1800
032,112025,1322811,1012613,032307202510010003,1,1800
032,112025,1322811,1012639,032307202510010003,2,2460
032,112025,1322811,1012640,032307202510010003,2,2460
032,112025,1322811,1012648,032307202510010003,2,2460
032,112025,1322811,1015001,032307202510010003,2,2460
032,112025,1322811,1016400,032307202510010003,3,8220
032,112025,1322811,1016695,032307202510010003,2,2460
032,112025,1322811,1016706,032307202510010003,1,1800
032,112025,1322811,1016710,032307202510010003,1,1800
032,112025,1322811,1016719,032307202510010003,2,2460
032,112025,1322811,1016770,032307202510010003,2,2460
032,112025,1322811,1016781,032307202510010003,1,1800
032,112025,1322811,1016783,032307202510010003,2,2460
032,112025,1322811,1016786,032307202510010003,2,2460
032,112025,1322811,1016807,032307202510010003,2,2460
032,112025,1322811,1016808,032307202510010003,2,2460
032,112025,1322811,1016809,032307202510010003,1,1800
032,112025,1322811,1016816,032307202510010003,2,2460
032,112025,1322811,1016818,032307202510010003,2,2460
032,112025,1322811,2000002,032307202510010003,2,2460
032,112025,1322811,2000065,032307202510010003,1,1800
032,112025,1322811,2000068,032307202510010003,1,1800
032,112025,1322811,2000082,032307202510010003,2,2460
032,112025,1322811,2000278,032307202510010003,1,1800
032,112025,1322811,2000325,032307202510010003,1,1800
032,112025,1322811,2000337,032307202510010003,1,1800
032,112025,1322811,2000375,032307202510010003,2,2460
032,112025,1322811,2000470,032307202510010003,2,2460
032,112025,1322811,2000477,032307202510010003,2,2460
032,112025,1322811,2000633,032307202510010003,2,2460
032,112025,1322811,2000733,032307202510010003,1,1800
032,112025,1322811,2000759,032307202510010003,2,2460
032,112025,1322811,2000808,032307202510010003,2,2460
032,112025,1322811,2000902,032307202510010003,2,2460
032,112025,1322811,2000933,032307202510010003,2,2460
032,112025,1322811,2000951,032307202510010003,2,2460
032,112025,1322811,2000958,032307202510010003,1,1800
032,112025,1322811,2000962,032307202510010003,1,1800
032,112025,1322811,2000995,032307202510010003,1,1800
032,112025,1322811,2001153,032307202510010003,3,8220
032,112025,1322811,2001188,032307202510010003,2,2460
032,112025,1322811,2001247,032307202510010003,2,2460
032,112025,1322811,2001309,032307202510010003,1,1800
032,112025,1322811,2001328,032307202510010003,1,1800
032,112025,1322811,2001329,032307202510010003,1,1800
032,112025,1322811,2001356,032307202510010003,2,2460
032,112025,1322811,2001410,032307202510010003,2,2460
032,112025,1322811,2001416,032307202510010003,1,1800
032,112025,1322811,2001418,032307202510010003,1,1800
032,112025,1322811,2001436,032307202510010003,2,2460
032,112025,1322811,2001442,032307202510010003,2,2460
032,112025,1322811,2001464,032307202510010003,2,2460
032,112025,1322811,2001585,032307202510010003,2,2460
032,112025,1322811,2001635,032307202510010003,2,2460
032,112025,1322811,2001832,032307202510010003,1,1800
032,112025,1322811,2001839,032307202510010003,2,2460
032,112025,1322811,2001885,032307202510010003,1,1800
032,112025,1322811,2001889,032307202510010003,1,1800
032,112025,1322811,2001908,032307202510010003,1,1800
032,112025,1322811,2001978,032307202510010003,2,2460
032,112025,1322811,2001990,032307202510010003,2,2460
032,112025,1322811,2001996,032307202510010003,1,1800
032,112025,1322811,2002063,032307202510010003,2,2460
032,112025,1322811,2002073,032307202510010003,2,2460
032,112025,1322811,2002078,032307202510010003,2,2460
032,112025,1322811,2002079,032307202510010003,2,2460
032,112025,1322811,2002291,032307202510010003,1,1800
032,112025,1322811,2002342,032307202510010003,3,8220
032,112025,1322811,2002561,032307202510010003,2,2460
032,112025,1322811,2002562,032307202510010003,2,2460
032,112025,1322811,2002565,032307202510010003,2,2460
032,112025,1322811,2002860,032307202510010003,2,2460
032,112025,1322811,2002861,032307202510010003,2,2460
032,112025,1322811,2011205,032307202510010003,2,2460
032,112025,1322811,2012150,032307202510010003,2,2460
032,112025,1322811,2012591,032307202510010003,2,2460
032,112025,1322811,2012642,032307202510010003,1,1800
032,112025,1322811,2012652,032307202510010003,1,1800
032,112025,1322811,2015005,032307202510010003,2,2460
032,112025,1322811,2016669,032307202510010003,1,1800
032,112025,1322811,2016670,032307202510010003,1,1800
032,112025,1322811,2016688,032307202510010003,1,1800
032,112025,1322811,2016717,032307202510010003,3,8220
032,112025,1322811,2016747,032307202510010003,1,1800
032,112025,1322811,2016792,032307202510010003,2,2460
032,112025,1322811,2016802,032307202510010003,1,1800
032,112025,1322811,3001304,032307202510010003,2,2460
032,112025,1322811,3001306,032307202510010003,2,2460
032,112025,1322811,3001314,032307202510010003,2,2460
032,112025,1322811,3001342,032307202510010003,2,2460
032,112025,1322811,3001351,032307202510010003,2,2460
032,112025,1322811,3001380,032307202510010003,1,1800
032,112025,1322811,3001383,032307202510010003,2,2460
032,112025,1322811,3001624,032307202510010003,1,1800
032,112025,1322811,3001842,032307202510010003,1,1800
032,112025,1322811,3001946,032307202510010003,1,1800
032,112025,1322811,3001966,032307202510010003,1,1800
032,112025,1322811,3001969,032307202510010003,1,1800
032,112025,1322811,3001970,032307202510010003,1,1800
032,112025,1322811,3002306,032307202510010003,3,8220
032,112025,1322811,4001349,032307202510010003,1,1800
032,112025,1322811,4001354,032307202510010003,1,1800
032,112025,1322811,4001366,032307202510010003,2,2460
032,112025,1322811,4001368,032307202510010003,2,2460
032,112025,1322811,4001377,032307202510010003,1,1800
032,112025,1322811,4001390,032307202510010003,1,1800
032,112025,1322811,4001395,032307202510010003,1,1800
032,112025,1322811,4001399,032307202510010003,2,2460
032,112025,1322811,4001402,032307202510010003,1,1800
032,112025,1322811,4001419,032307202510010003,1,1800
032,112025,1322811,4001420,032307202510010003,1,1800
032,112025,1322811,4001421,032307202510010003,1,1800
032,112025,1322811,4001422,032307202510010003,1,1800
032,112025,1322811,4001423,032307202510010003,1,1800
032,112025,1322811,4001424,032307202510010003,1,1800
032,112025,1322811,4001425,032307202510010003,2,2460
032,112025,1322811,4001426,032307202510010003,1,1800
032,112025,1322811,4001427,032307202510010003,1,1800
032,112025,1322811,4001430,032307202510010003,2,2460
032,112025,1322811,4001431,032307202510010003,2,2460
032,112025,1322811,4001432,032307202510010003,2,2460
032,112025,1322811,4001434,032307202510010003,2,2460
032,112025,1322811,4001435,032307202510010003,2,2460
032,112025,1322811,4001437,032307202510010003,1,1800
032,112025,1322811,4001438,032307202510010003,1,1800
032,112025,1322811,4001439,032307202510010003,1,1800
032,112025,1322811,4001440,032307202510010003,1,1800
032,112025,1322811,4001442,032307202510010003,1,1800
032,112025,1322811,4001446,032307202510010003,2,2460
032,112025,1322811,4001454,032307202510010003,2,2460
032,112025,1322811,4001455,032307202510010003,2,2460
032,112025,1322811,4001462,032307202510010003,2,2460
032,112025,1322811,4001463,032307202510010003,2,2460
032,112025,1322811,4001464,032307202510010003,2,2460
032,112025,1322811,4001473,032307202510010003,1,1800
032,112025,1322811,4001477,032307202510010003,3,8220
032,112025,1322811,4001478,032307202510010003,2,2460
032,112025,1322811,4001493,032307202510010003,1,1800
032,112025,1322811,4001494,032307202510010003,1,1800
032,112025,1322811,4001503,032307202510010003,2,2460
032,112025,1322811,4001505,032307202510010003,1,1800
032,112025,1322811,4001507,032307202510010003,1,1800
032,112025,1322811,4001515,032307202510010003,2,2460
032,112025,1322811,4001536,032307202510010003,2,2460
032,112025,1322811,4001537,032307202510010003,2,2460
032,112025,1322811,4001547,032307202510010003,2,2460
032,112025,1322811,4001556,032307202510010003,1,1800
032,112025,1322811,4001557,032307202510010003,2,2460
032,112025,1322811,4001561,032307202510010003,2,2460
032,112025,1322811,9101099,032307202510010003,2,2460
032,112025,1322811,9101100,032307202510010003,1,1800
032,112025,1322811,9101101,032307202510010003,2,2460
032,112025,1322811,9101138,032307202510010003,2,2460
032,112025,1322811,9101161,032307202510010003,2,2460
032,112025,1322811,9101166,032307202510010003,3,8220
032,112025,1322811,9101168,032307202510010003,2,2460
032,112025,1322811,9101185,032307202510010003,2,2460
032,112025,1322811,9101243,032307202510010003,2,2460
032,112025,1322811,9101307,032307202510010003,1,1800
032,112025,1322811,9101377,032307202510010003,1,1800
032,112025,1322811,9101394,032307202510010003,2,2460
032,112025,1322811,9101401,032307202510010003,2,2460
032,112025,1322811,9101402,032307202510010003,1,1800
032,112025,1322811,9101403,032307202510010003,1,1800
032,112025,1322811,9101406,032307202510010003,1,1800
032,112025,1322811,9101447,032307202510010003,3,8220
032,112025,1323218,1000706,032307202510010006,1,4920
032,112025,1323327,2002137,032307202510010008,1,2820
032,112025,1323374,1000456,032307202510020009,1,64320
032,112025,1323374,1002294,032307202510020009,1,64320
032,112025,1323374,2000480,032307202510020009,1,64320
032,112025,1323393,96628,032307202510020003,1,18780
032,112025,1323411,1001128,032307202510020005,1,19980
032,112025,1323429,1565,032307202510020007,1,21600
032,112025,1323429,1688,032307202510020007,1,21600
032,112025,1323429,102091,032307202510020007,1,21600
032,112025,1323429,1000329,032307202510020007,1,21600
032,112025,1323429,1000682,032307202510020007,1,21600
032,112025,1323429,1000798,032307202510020007,1,21600
032,112025,1323429,1000862,032307202510020007,1,21600
032,112025,1323429,1001365,032307202510020007,1,21600
032,112025,1323429,1001634,032307202510020007,1,21600
032,112025,1323429,2000552,032307202510020007,1,21600
032,112025,1323429,9101164,032307202510020007,1,21600
032,112025,1323429,9101242,032307202510020007,1,21600
032,112025,1323724,1001500,032307202510020011,2,82860
032,112025,1323724,1011682,032307202510020011,1,8400
032,112025,1323724,2001705,032307202510020011,1,8400
032,112025,1323904,1136,032307202510020010,1,8820
032,112025,1323904,1317,032307202510020010,1,8820
032,112025,1323904,1597,032307202510020010,1,8820
032,112025,1323904,97179,032307202510020010,1,8820
032,112025,1323904,98407,032307202510020010,1,8820
032,112025,1323904,99431,032307202510020010,1,8820
032,112025,1323904,99432,032307202510020010,1,8820
032,112025,1323904,103921,032307202510020010,1,8820
032,112025,1323904,1000049,032307202510020010,1,8820
032,112025,1323904,1000050,032307202510020010,1,8820
032,112025,1323904,1001353,032307202510020010,1,8820
032,112025,1323904,1001367,032307202510020010,1,8820
032,112025,1323904,1012635,032307202510020010,1,8820
032,112025,1323904,2003009,032307202510020010,1,8820
032,112025,1323904,2016731,032307202510020010,1,8820
032,112025,1323904,3001355,032307202510020010,1,8820
032,112025,1323904,4001339,032307202510020010,1,8820
032,112025,1323904,4001441,032307202510020010,1,8820
032,112025,1323904,9101157,032307202510020010,1,8820
032,112025,1323937,1136,032307202510030001,1,5220
032,112025,1323937,1001367,032307202510030001,1,5220
032,112025,1323937,2003009,032307202510030001,1,5220
032,112025,1323937,4001339,032307202510030001,1,5220
032,112025,1323937,4001441,032307202510030001,1,5220
032,112025,1323937,9101157,032307202510030001,1,5220
032,112025,1323944,1417,032307202510030002,3,19440
032,112025,1323944,1429,032307202510030002,3,19440
032,112025,1323944,1001132,032307202510030002,1,11220
032,112025,1323944,1001503,032307202510030002,1,11220
032,112025,1323944,1001505,032307202510030002,1,11220
032,112025,1323944,1001506,032307202510030002,1,11220
032,112025,1323944,1001507,032307202510030002,1,11220
032,112025,1323944,1001508,032307202510030002,1,11220
032,112025,1323944,1001509,032307202510030002,1,11220
032,112025,1323944,1001510,032307202510030002,1,11220
032,112025,1323944,1001511,032307202510030002,1,11220
032,112025,1323944,1001512,032307202510030002,1,11220
032,112025,1323944,1001513,032307202510030002,2,16260
032,112025,1323944,1001514,032307202510030002,2,16260
032,112025,1323944,1001515,032307202510030002,2,16260
032,112025,1323944,1001516,032307202510030002,1,11220
032,112025,1323944,1001517,032307202510030002,1,11220
032,112025,1323944,1001520,032307202510030002,1,11220
032,112025,1323944,1001521,032307202510030002,1,11220
032,112025,1323944,1001522,032307202510030002,1,11220
032,112025,1323944,1001523,032307202510030002,1,11220
032,112025,1323944,1001525,032307202510030002,1,11220
032,112025,1323944,1001538,032307202510030002,3,19440
032,112025,1323944,1001540,032307202510030002,3,19440
032,112025,1323944,1001541,032307202510030002,3,19440
032,112025,1323944,1001542,032307202510030002,3,19440
032,112025,1323944,1001543,032307202510030002,3,19440
032,112025,1323944,1001544,032307202510030002,3,19440
032,112025,1323944,1001545,032307202510030002,3,19440
032,112025,1323944,1001546,032307202510030002,3,19440
032,112025,1323944,1001547,032307202510030002,3,19440
032,112025,1323944,1001549,032307202510030002,3,19440
032,112025,1323944,1001550,032307202510030002,3,19440
032,112025,1323944,1001552,032307202510030002,3,19440
032,112025,1323944,1001553,032307202510030002,3,19440
032,112025,1323944,1001555,032307202510030002,3,19440
032,112025,1323944,1001556,032307202510030002,3,19440
032,112025,1323944,1001558,032307202510030002,3,19440
032,112025,1323944,1001559,032307202510030002,3,19440
032,112025,1323944,1001560,032307202510030002,3,19440
032,112025,1323944,1001561,032307202510030002,3,19440
032,112025,1323944,1001562,032307202510030002,3,19440
032,112025,1323944,1001578,032307202510030002,3,19440
032,112025,1323944,1001579,032307202510030002,3,19440
032,112025,1323944,1001580,032307202510030002,3,19440
032,112025,1323944,1001581,032307202510030002,3,19440
032,112025,1323944,1001582,032307202510030002,3,19440
032,112025,1323944,1001583,032307202510030002,3,19440
032,112025,1323944,1001736,032307202510030002,3,19440
032,112025,1323944,1001737,032307202510030002,3,19440
032,112025,1323944,1001740,032307202510030002,3,19440
032,112025,1323944,1001741,032307202510030002,3,19440
032,112025,1323944,1001744,032307202510030002,3,19440
032,112025,1323944,1001745,032307202510030002,3,19440
032,112025,1323944,1001746,032307202510030002,3,19440
032,112025,1323944,1001747,032307202510030002,3,19440
032,112025,1323944,1001748,032307202510030002,3,19440
032,112025,1323944,1001749,032307202510030002,3,19440
032,112025,1323944,1001750,032307202510030002,3,19440
032,112025,1323944,1001751,032307202510030002,3,19440
032,112025,1323944,1001753,032307202510030002,3,19440
032,112025,1323944,1001754,032307202510030002,3,19440
032,112025,1323944,1001756,032307202510030002,3,19440
032,112025,1323944,1001758,032307202510030002,3,19440
032,112025,1323944,1001760,032307202510030002,3,19440
032,112025,1323944,1001773,032307202510030002,3,19440
032,112025,1323944,1001775,032307202510030002,3,19440
032,112025,1323944,1001777,032307202510030002,3,19440
032,112025,1323944,1001778,032307202510030002,3,19440
032,112025,1323944,1001779,032307202510030002,3,19440
032,112025,1323944,1001780,032307202510030002,3,19440
032,112025,1323944,1001781,032307202510030002,3,19440
032,112025,1323944,1001783,032307202510030002,3,19440
032,112025,1323944,1001784,032307202510030002,3,19440
032,112025,1323944,1001785,032307202510030002,3,19440
032,112025,1323944,1001786,032307202510030002,3,19440
032,112025,1323944,1001787,032307202510030002,3,19440
032,112025,1323944,1001788,032307202510030002,3,19440
032,112025,1323944,1001789,032307202510030002,3,19440
032,112025,1323944,1001790,032307202510030002,3,19440
032,112025,1323944,1001792,032307202510030002,3,19440
032,112025,1323944,1001793,032307202510030002,3,19440
032,112025,1323944,1001795,032307202510030002,3,19440
032,112025,1323944,1016743,032307202510030002,3,19440
032,112025,1323944,1016754,032307202510030002,3,19440
032,112025,1323944,2001504,032307202510030002,1,11220
032,112025,1323944,2001518,032307202510030002,1,11220
032,112025,1323944,2001539,032307202510030002,3,19440
032,112025,1323944,2001548,032307202510030002,3,19440
032,112025,1323944,2001551,032307202510030002,3,19440
032,112025,1323944,2001734,032307202510030002,3,19440
032,112025,1323944,2001735,032307202510030002,3,19440
032,112025,1323944,2001738,032307202510030002,3,19440
032,112025,1323944,2001752,032307202510030002,3,19440
032,112025,1323944,2001791,032307202510030002,3,19440
032,112025,1323944,2001804,032307202510030002,3,19440
032,112025,1323944,3001350,032307202510030002,3,19440
032,112025,1323944,3001742,032307202510030002,3,19440
032,112025,1323944,4001384,032307202510030002,3,19440
032,112025,1323944,4001385,032307202510030002,3,19440
032,112025,1323944,4001388,032307202510030002,3,19440
032,112025,1323944,4001389,032307202510030002,3,19440
032,112025,1324051,1522,032307202510030006,1,10800
032,112025,1324051,1523,032307202510030006,1,10800
032,112025,1324051,1524,032307202510030006,1,10800
032,112025,1324051,1525,032307202510030006,1,10800
032,112025,1324051,100194,032307202510030006,1,10800
032,112025,1324051,1000404,032307202510030006,1,10800
032,112025,1324051,1000405,032307202510030006,1,10800
032,112025,1324051,2001944,032307202510030006,1,10800
032,112025,1324150,1011682,032307202510030013,1,6000
032,112025,1324150,2001705,032307202510030013,1,6000
032,112025,1324201,1000543,032307202510030015,1,10080
032,112025,1324201,1000544,032307202510030015,1,10080
032,112025,1324201,2001633,032307202510030015,1,10080
032,112025,1324386,1152,032307202510040012,3,59760
032,112025,1324386,1321,032307202510040012,1,5220
032,112025,1324386,1348,032307202510040012,3,59760
032,112025,1324386,1374,032307202510040012,1,5220
032,112025,1324386,1433,032307202510040012,2,5940
032,112025,1324386,1514,032307202510040012,1,5220
032,112025,1324386,1621,032307202510040012,3,59760
032,112025,1324386,1659,032307202510040012,1,5220
032,112025,1324386,1660,032307202510040012,1,5220
032,112025,1324386,1776,032307202510040012,2,5940
032,112025,1324386,96986,032307202510040012,1,5220
032,112025,1324386,97309,032307202510040012,1,5220
032,112025,1324386,97320,032307202510040012,1,5220
032,112025,1324386,97776,032307202510040012,2,5940
032,112025,1324386,98211,032307202510040012,1,5220
032,112025,1324386,98700,032307202510040012,2,5940
032,112025,1324386,100606,032307202510040012,2,5940
032,112025,1324386,101064,032307202510040012,2,5940
032,112025,1324386,101418,032307202510040012,2,5940
032,112025,1324386,101474,032307202510040012,2,5940
032,112025,1324386,101494,032307202510040012,2,5940
032,112025,1324386,101533,032307202510040012,2,5940
032,112025,1324386,101535,032307202510040012,2,5940
032,112025,1324386,102215,032307202510040012,2,5940
032,112025,1324386,102236,032307202510040012,2,5940
032,112025,1324386,103216,032307202510040012,2,5940
032,112025,1324386,103627,032307202510040012,2,5940
032,112025,1324386,104114,032307202510040012,2,5940
032,112025,1324386,1000031,032307202510040012,3,59760
032,112025,1324386,1000032,032307202510040012,3,59760
032,112025,1324386,1000034,032307202510040012,1,5220
032,112025,1324386,1000035,032307202510040012,1,5220
032,112025,1324386,1000036,032307202510040012,1,5220
032,112025,1324386,1000037,032307202510040012,1,5220
032,112025,1324386,1000038,032307202510040012,1,5220
032,112025,1324386,1000039,032307202510040012,1,5220
032,112025,1324386,1000040,032307202510040012,1,5220
032,112025,1324386,1000041,032307202510040012,1,5220
032,112025,1324386,1000043,032307202510040012,1,5220
032,112025,1324386,1000044,032307202510040012,1,5220
032,112025,1324386,1000045,032307202510040012,1,5220
032,112025,1324386,1000046,032307202510040012,1,5220
032,112025,1324386,1000048,032307202510040012,1,5220
032,112025,1324386,1000101,032307202510040012,2,5940
032,112025,1324386,1000107,032307202510040012,2,5940
032,112025,1324386,1000109,032307202510040012,1,5220
032,112025,1324386,1000110,032307202510040012,1,5220
032,112025,1324386,1000112,032307202510040012,1,5220
032,112025,1324386,1000139,032307202510040012,1,5220
032,112025,1324386,1000140,032307202510040012,1,5220
032,112025,1324386,1000141,032307202510040012,1,5220
032,112025,1324386,1000257,032307202510040012,2,5940
032,112025,1324386,1000260,032307202510040012,1,5220
032,112025,1324386,1000268,032307202510040012,2,5940
032,112025,1324386,1000281,032307202510040012,2,5940
032,112025,1324386,1000320,032307202510040012,2,5940
032,112025,1324386,1000342,032307202510040012,1,5220
032,112025,1324386,1000343,032307202510040012,1,5220
032,112025,1324386,1000344,032307202510040012,1,5220
032,112025,1324386,1000437,032307202510040012,1,5220
032,112025,1324386,1000455,032307202510040012,1,5220
032,112025,1324386,1000479,032307202510040012,1,5220
032,112025,1324386,1000637,032307202510040012,3,59760
032,112025,1324386,1000672,032307202510040012,1,5220
032,112025,1324386,1000831,032307202510040012,1,5220
032,112025,1324386,1000949,032307202510040012,1,5220
032,112025,1324386,1000979,032307202510040012,1,5220
032,112025,1324386,1000980,032307202510040012,1,5220
032,112025,1324386,1000982,032307202510040012,1,5220
032,112025,1324386,1001003,032307202510040012,2,5940
032,112025,1324386,1001044,032307202510040012,1,5220
032,112025,1324386,1001072,032307202510040012,2,5940
032,112025,1324386,1001113,032307202510040012,1,5220
032,112025,1324386,1001133,032307202510040012,1,5220
032,112025,1324386,1001174,032307202510040012,1,5220
032,112025,1324386,1001191,032307202510040012,2,5940
032,112025,1324386,1001285,032307202510040012,1,5220
032,112025,1324386,1001287,032307202510040012,2,5940
032,112025,1324386,1001293,032307202510040012,1,5220
032,112025,1324386,1001295,032307202510040012,1,5220
032,112025,1324386,1001473,032307202510040012,1,5220
032,112025,1324386,1001474,032307202510040012,1,5220
032,112025,1324386,1001476,032307202510040012,1,5220
032,112025,1324386,1001477,032307202510040012,1,5220
032,112025,1324386,1001728,032307202510040012,2,5940
032,112025,1324386,1001767,032307202510040012,1,5220
032,112025,1324386,1001890,032307202510040012,1,5220
032,112025,1324386,1001968,032307202510040012,1,5220
032,112025,1324386,1002232,032307202510040012,1,5220
032,112025,1324386,1002241,032307202510040012,1,5220
032,112025,1324386,1002251,032307202510040012,2,5940
032,112025,1324386,1002252,032307202510040012,2,5940
032,112025,1324386,1002253,032307202510040012,2,5940
032,112025,1324386,1002256,032307202510040012,1,5220
032,112025,1324386,1002269,032307202510040012,1,5220
032,112025,1324386,1002555,032307202510040012,1,5220
032,112025,1324386,1002867,032307202510040012,1,5220
032,112025,1324386,1002871,032307202510040012,1,5220
032,112025,1324386,1002872,032307202510040012,1,5220
032,112025,1324386,1002873,032307202510040012,1,5220
032,112025,1324386,1002874,032307202510040012,1,5220
032,112025,1324386,1002875,032307202510040012,1,5220
032,112025,1324386,1002876,032307202510040012,1,5220
032,112025,1324386,1002878,032307202510040012,1,5220
032,112025,1324386,1016720,032307202510040012,1,5220
032,112025,1324386,1016724,032307202510040012,1,5220
032,112025,1324386,1016765,032307202510040012,1,5220
032,112025,1324386,1016799,032307202510040012,1,5220
032,112025,1324386,2000033,032307202510040012,3,59760
032,112025,1324386,2000102,032307202510040012,2,5940
032,112025,1324386,2000108,032307202510040012,2,5940
032,112025,1324386,2000274,032307202510040012,3,59760
032,112025,1324386,2000303,032307202510040012,2,5940
032,112025,1324386,2000319,032307202510040012,2,5940
032,112025,1324386,2000364,032307202510040012,3,59760
032,112025,1324386,2000619,032307202510040012,1,5220
032,112025,1324386,2000897,032307202510040012,1,5220
032,112025,1324386,2001117,032307202510040012,1,5220
032,112025,1324386,2001180,032307202510040012,1,5220
032,112025,1324386,2001234,032307202510040012,2,5940
032,112025,1324386,2001475,032307202510040012,1,5220
032,112025,1324386,2001524,032307202510040012,1,5220
032,112025,1324386,2001607,032307202510040012,1,5220
032,112025,1324386,2001841,032307202510040012,3,59760
032,112025,1324386,2001891,032307202510040012,1,5220
032,112025,1324386,2001892,032307202510040012,1,5220
032,112025,1324386,2002024,032307202510040012,1,5220
032,112025,1324386,2002244,032307202510040012,2,5940
032,112025,1324386,2002260,032307202510040012,1,5220
032,112025,1324386,2002261,032307202510040012,1,5220
032,112025,1324386,2002879,032307202510040012,1,5220
032,112025,1324386,2016675,032307202510040012,1,5220
032,112025,1324386,2016794,032307202510040012,2,5940
032,112025,1324386,3000111,032307202510040012,1,5220
032,112025,1324386,3001308,032307202510040012,1,5220
032,112025,1324386,3001309,032307202510040012,1,5220
032,112025,1324386,3001338,032307202510040012,1,5220
032,112025,1324386,4001394,032307202510040012,2,5940
032,112025,1324386,4001429,032307202510040012,1,5220
032,112025,1324395,1198,032307202510040004,1,26400
032,112025,1324395,1218,032307202510040004,1,26400
032,112025,1324395,96688,032307202510040004,1,26400
032,112025,1324395,1001413,032307202510040004,1,26400
032,112025,1324395,1012639,032307202510040004,1,26400
032,112025,1324395,1012640,032307202510040004,1,26400
032,112025,1324395,2002063,032307202510040004,1,26400
032,112025,1324395,3001383,032307202510040004,1,26400
032,112025,1324395,4001425,032307202510040004,1,26400
032,112025,1324395,9101168,032307202510040004,1,26400
032,112025,1324488,99996,032307202510040001,1,2760
032,112025,1324531,1319,032307202510040006,1,15840
032,112025,1324531,1453,032307202510040006,1,15840
032,112025,1324531,1487,032307202510040006,1,15840
032,112025,1324531,94730,032307202510040006,1,15840
032,112025,1324531,98057,032307202510040006,1,15840
032,112025,1324531,1000635,032307202510040006,1,15840
032,112025,1324531,1000681,032307202510040006,1,15840
032,112025,1324531,1001045,032307202510040006,1,15840
032,112025,1324531,1001112,032307202510040006,1,15840
032,112025,1324531,1001121,032307202510040006,1,15840
032,112025,1324531,1001253,032307202510040006,1,15840
032,112025,1324531,1002543,032307202510040006,1,15840
032,112025,1324531,1016719,032307202510040006,1,15840
032,112025,1324531,3001314,032307202510040006,1,15840
032,112025,1324618,1208,032307202510040009,1,12180
032,112025,1324618,1209,032307202510040009,1,12180
032,112025,1324618,1210,032307202510040009,1,12180
032,112025,1324618,1234,032307202510040009,1,12180
032,112025,1324618,1290,032307202510040009,1,12180
032,112025,1324618,1315,032307202510040009,1,12180
032,112025,1324618,1342,032307202510040009,1,12180
032,112025,1324618,1437,032307202510040009,1,12180
032,112025,1324618,1573,032307202510040009,1,12180
032,112025,1324618,1664,032307202510040009,1,12180
032,112025,1324618,1672,032307202510040009,1,12180
032,112025,1324618,1720,032307202510040009,1,12180
032,112025,1324618,1770,032307202510040009,1,12180
032,112025,1324618,1771,032307202510040009,1,12180
032,112025,1324618,99334,032307202510040009,1,12180
032,112025,1324618,101171,032307202510040009,1,12180
032,112025,1324618,101748,032307202510040009,1,12180
032,112025,1324618,1000029,032307202510040009,1,12180
032,112025,1324618,1000196,032307202510040009,1,12180
032,112025,1324618,1000198,032307202510040009,1,12180
032,112025,1324618,1000199,032307202510040009,1,12180
032,112025,1324618,1000766,032307202510040009,1,12180
032,112025,1324618,1001076,032307202510040009,1,12180
032,112025,1324618,1001186,032307202510040009,1,12180
032,112025,1324618,1001318,032307202510040009,1,12180
032,112025,1324618,1002361,032307202510040009,1,12180
032,112025,1324618,1002557,032307202510040009,1,12180
032,112025,1324618,1012657,032307202510040009,1,12180
032,112025,1324618,1015008,032307202510040009,1,12180
032,112025,1324618,1016685,032307202510040009,1,12180
032,112025,1324618,1016686,032307202510040009,1,12180
032,112025,1324618,1016733,032307202510040009,1,12180
032,112025,1324618,1016746,032307202510040009,1,12180
032,112025,1324618,1016787,032307202510040009,1,12180
032,112025,1324618,2000204,032307202510040009,1,12180
032,112025,1324618,2000646,032307202510040009,1,12180
032,112025,1324618,2000648,032307202510040009,1,12180
032,112025,1324618,2000749,032307202510040009,1,12180
032,112025,1324618,2001092,032307202510040009,1,12180
032,112025,1324618,2001610,032307202510040009,1,12180
032,112025,1324618,2001807,032307202510040009,1,12180
032,112025,1324618,2001884,032307202510040009,1,12180
032,112025,1324618,2001917,032307202510040009,1,12180
032,112025,1324618,2001965,032307202510040009,1,12180
032,112025,1324618,2002138,032307202510040009,1,12180
032,112025,1324618,2016713,032307202510040009,1,12180
032,112025,1324618,4001361,032307202510040009,1,12180
032,112025,1324618,4001371,032307202510040009,1,12180
032,112025,1324744,1308,032307202510040013,1,3720
032,112025,1324744,1309,032307202510040013,1,3720
032,112025,1324744,1323,032307202510040013,2,13020
032,112025,1324744,1350,032307202510040013,1,3720
032,112025,1324744,1445,032307202510040013,1,3720
032,112025,1324744,1774,032307202510040013,1,3720
032,112025,1324744,93724,032307202510040013,2,13020
032,112025,1324744,93735,032307202510040013,1,3720
032,112025,1324744,100067,032307202510040013,1,3720
032,112025,1324744,100417,032307202510040013,1,3720
032,112025,1324744,100540,032307202510040013,1,3720
032,112025,1324744,101125,032307202510040013,1,3720
032,112025,1324744,101126,032307202510040013,1,3720
032,112025,1324744,101127,032307202510040013,1,3720
032,112025,1324744,103928,032307202510040013,1,3720
032,112025,1324744,1000071,032307202510040013,1,3720
032,112025,1324744,1000072,032307202510040013,1,3720
032,112025,1324744,1000073,032307202510040013,1,3720
032,112025,1324744,1000272,032307202510040013,1,3720
032,112025,1324744,1000901,032307202510040013,2,13020
032,112025,1324744,1000969,032307202510040013,1,3720
032,112025,1324744,1001140,032307202510040013,1,3720
032,112025,1324744,1001233,032307202510040013,1,3720
032,112025,1324744,1001235,032307202510040013,1,3720
032,112025,1324744,1001438,032307202510040013,2,13020
032,112025,1324744,1002266,032307202510040013,1,3720
032,112025,1324744,1016706,032307202510040013,1,3720
032,112025,1324744,4001493,032307202510040013,1,3720
032,112025,1324744,4001494,032307202510040013,1,3720
032,112025,1324796,98240,032307202510040014,1,2760
032,112025,1324821,1688,032307202510050001,1,5340
032,112025,1324870,2002135,032307202510050002,1,3900
032,112025,1324901,1448,032307202510050005,1,7320
032,112025,1324901,2001121,032307202510050005,1,7320
032,112025,1324901,4001513,032307202510050005,1,7320
032,112025,1324917,1697,032307202510050004,1,3780
032,112025,1324917,97537,032307202510050004,1,3780
032,112025,1324917,1001669,032307202510050004,1,3780
032,112025,1324918,1000445,032307202510050007,1,600
032,112025,1324947,102242,032307202510050008,1,10320
032,112025,1324958,1197,032307202510050006,1,3840
032,112025,1324958,1322,032307202510050006,1,3840
032,112025,1324958,1515,032307202510050006,1,3840
032,112025,1324958,1517,032307202510050006,1,3840
032,112025,1324958,1518,032307202510050006,1,3840
032,112025,1324958,1533,032307202510050006,1,3840
032,112025,1324958,1563,032307202510050006,1,3840
032,112025,1324958,90589,032307202510050006,1,3840
032,112025,1324958,94509,032307202510050006,1,3840
032,112025,1324958,97443,032307202510050006,1,3840
032,112025,1324958,98208,032307202510050006,1,3840
032,112025,1324958,100478,032307202510050006,1,3840
032,112025,1324958,101502,032307202510050006,1,3840
032,112025,1324958,1000374,032307202510050006,1,3840
032,112025,1324958,1001118,032307202510050006,1,3840
032,112025,1324958,1002290,032307202510050006,1,3840
032,112025,1324958,2000902,032307202510050006,1,3840
032,112025,1324958,2011205,032307202510050006,1,3840
032,112025,1324958,4001547,032307202510050006,1,3840
032,112025,1324958,9101401,032307202510050006,1,3840
032,112025,1325697,103869,032307202510060008,1,3180
032,112025,1325697,1000598,032307202510060008,1,3180
032,112025,1325889,1753,032307202510070003,1,12660
032,112025,1325889,1000727,032307202510070003,1,12660
032,112025,1325889,1000795,032307202510070003,1,12660
032,112025,1325889,1001060,032307202510070003,1,12660
032,112025,1325889,1001067,032307202510070003,1,12660
032,112025,1325889,1001078,032307202510070003,1,12660
032,112025,1325889,1001147,032307202510070003,1,12660
032,112025,1325889,1001411,032307202510070003,1,12660
032,112025,1325889,2000759,032307202510070003,1,12660
032,112025,1325889,2001410,032307202510070003,1,12660
032,112025,1325889,2016792,032307202510070003,1,12660
032,112025,1325962,1001273,032307202510070013,1,21600
032,112025,1325962,4001538,032307202510070013,1,21600
032,112025,1326043,1000847,032307202510070016,1,37620
032,112025,1326043,1001888,032307202510070016,1,37620
032,112025,1326043,3001374,032307202510070016,1,37620
032,112025,1326253,1001181,032307202510070014,1,4380
032,112025,1326274,2002037,032307202510070015,1,4020
032,112025,1326297,1224,032307202510080001,1,34140
032,112025,1326297,1580,032307202510080001,1,34140
032,112025,1326297,1647,032307202510080001,1,34140
032,112025,1326297,94448,032307202510080001,1,34140
032,112025,1326297,94720,032307202510080001,1,34140
032,112025,1326297,99314,032307202510080001,1,34140
032,112025,1326297,100132,032307202510080001,1,34140
032,112025,1326297,100320,032307202510080001,1,34140
032,112025,1326297,100321,032307202510080001,1,34140
032,112025,1326297,100322,032307202510080001,1,34140
032,112025,1326297,100323,032307202510080001,1,34140
032,112025,1326297,100567,032307202510080001,1,34140
032,112025,1326297,100851,032307202510080001,1,34140
032,112025,1326297,100852,032307202510080001,1,34140
032,112025,1326297,100853,032307202510080001,1,34140
032,112025,1326297,100855,032307202510080001,1,34140
032,112025,1326297,100857,032307202510080001,1,34140
032,112025,1326297,103862,032307202510080001,1,34140
032,112025,1326297,103869,032307202510080001,1,34140
032,112025,1326297,1000011,032307202510080001,1,34140
032,112025,1326297,1000304,032307202510080001,1,34140
032,112025,1326297,1000305,032307202510080001,1,34140
032,112025,1326297,1000369,032307202510080001,1,34140
032,112025,1326297,1000586,032307202510080001,1,34140
032,112025,1326297,1000587,032307202510080001,1,34140
032,112025,1326297,1000588,032307202510080001,1,34140
032,112025,1326297,1000589,032307202510080001,1,34140
032,112025,1326297,1000590,032307202510080001,1,34140
032,112025,1326297,1000591,032307202510080001,1,34140
032,112025,1326297,1000592,032307202510080001,1,34140
032,112025,1326297,1000593,032307202510080001,1,34140
032,112025,1326297,1000594,032307202510080001,1,34140
032,112025,1326297,1000595,032307202510080001,1,34140
032,112025,1326297,1000596,032307202510080001,1,34140
032,112025,1326297,1000597,032307202510080001,1,34140
032,112025,1326297,1000598,032307202510080001,1,34140
032,112025,1326297,1000601,032307202510080001,1,34140
032,112025,1326297,1000613,032307202510080001,1,34140
032,112025,1326297,1000649,032307202510080001,1,34140
032,112025,1326297,1000650,032307202510080001,1,34140
032,112025,1326297,1000651,032307202510080001,1,34140
032,112025,1326297,1000654,032307202510080001,1,34140
032,112025,1326297,1000655,032307202510080001,1,34140
032,112025,1326297,1000656,032307202510080001,1,34140
032,112025,1326297,1000658,032307202510080001,1,34140
032,112025,1326297,1000757,032307202510080001,1,34140
032,112025,1326297,1001100,032307202510080001,1,34140
032,112025,1326297,1001137,032307202510080001,1,34140
032,112025,1326297,1001182,032307202510080001,1,34140
032,112025,1326297,1001886,032307202510080001,1,34140
032,112025,1326297,1001922,032307202510080001,1,34140
032,112025,1326297,1001928,032307202510080001,1,34140
032,112025,1326297,1001963,032307202510080001,1,34140
032,112025,1326297,1002017,032307202510080001,1,34140
032,112025,1326297,1002095,032307202510080001,1,34140
032,112025,1326297,1002097,032307202510080001,1,34140
032,112025,1326297,1002100,032307202510080001,1,34140
032,112025,1326297,1002320,032307202510080001,1,34140
032,112025,1326297,1002321,032307202510080001,1,34140
032,112025,1326297,1012614,032307202510080001,1,34140
032,112025,1326297,1012629,032307202510080001,1,34140
032,112025,1326297,2000600,032307202510080001,1,34140
032,112025,1326297,2000652,032307202510080001,1,34140
032,112025,1326297,2000745,032307202510080001,1,34140
032,112025,1326297,2001195,032307202510080001,1,34140
032,112025,1326297,2001320,032307202510080001,1,34140
032,112025,1326297,2001929,032307202510080001,1,34140
032,112025,1326297,2001953,032307202510080001,1,34140
032,112025,1326297,2002016,032307202510080001,1,34140
032,112025,1326297,2002090,032307202510080001,1,34140
032,112025,1326297,2002091,032307202510080001,1,34140
032,112025,1326297,2002092,032307202510080001,1,34140
032,112025,1326297,2002093,032307202510080001,1,34140
032,112025,1326297,2002094,032307202510080001,1,34140
032,112025,1326297,2002098,032307202510080001,1,34140
032,112025,1326297,2002099,032307202510080001,1,34140
032,112025,1326297,2002103,032307202510080001,1,34140
032,112025,1326297,2012081,032307202510080001,1,34140
032,112025,1326297,2012088,032307202510080001,1,34140
032,112025,1326297,4001362,032307202510080001,1,34140
032,112025,1326297,4001363,032307202510080001,1,34140
032,112025,1326297,4001492,032307202510080001,1,34140
032,112025,1326511,1000587,032307202510080009,1,13620
032,112025,1326860,96928,032307202510090003,1,3720
032,112025,1326860,1000323,032307202510090003,1,3720
032,112025,1326860,1000393,032307202510090003,1,3720
032,112025,1326860,1000603,032307202510090003,1,3720
032,112025,1326860,2000440,032307202510090003,1,3720
032,112025,1327348,102179,032307202510100003,1,6480
032,112025,1327415,101410,032307202510100004,1,7980
032,112025,1327453,1152,032307202510110006,3,35940
032,112025,1327453,1321,032307202510110006,2,7920
032,112025,1327453,1348,032307202510110006,3,35940
032,112025,1327453,1374,032307202510110006,2,7920
032,112025,1327453,1433,032307202510110006,1,7020
032,112025,1327453,1514,032307202510110006,2,7920
032,112025,1327453,1621,032307202510110006,3,35940
032,112025,1327453,1659,032307202510110006,2,7920
032,112025,1327453,1660,032307202510110006,2,7920
032,112025,1327453,1776,032307202510110006,1,7020
032,112025,1327453,96986,032307202510110006,2,7920
032,112025,1327453,97309,032307202510110006,2,7920
032,112025,1327453,97320,032307202510110006,2,7920
032,112025,1327453,97776,032307202510110006,1,7020
032,112025,1327453,98211,032307202510110006,2,7920
032,112025,1327453,98700,032307202510110006,1,7020
032,112025,1327453,100606,032307202510110006,1,7020
032,112025,1327453,101064,032307202510110006,1,7020
032,112025,1327453,101418,032307202510110006,1,7020
032,112025,1327453,101474,032307202510110006,1,7020
032,112025,1327453,101494,032307202510110006,1,7020
032,112025,1327453,101533,032307202510110006,1,7020
032,112025,1327453,101535,032307202510110006,1,7020
032,112025,1327453,102215,032307202510110006,1,7020
032,112025,1327453,102236,032307202510110006,1,7020
032,112025,1327453,103216,032307202510110006,1,7020
032,112025,1327453,103627,032307202510110006,1,7020
032,112025,1327453,104114,032307202510110006,1,7020
032,112025,1327453,1000031,032307202510110006,3,35940
032,112025,1327453,1000032,032307202510110006,3,35940
032,112025,1327453,1000034,032307202510110006,2,7920
032,112025,1327453,1000035,032307202510110006,2,7920
032,112025,1327453,1000036,032307202510110006,2,7920
032,112025,1327453,1000037,032307202510110006,2,7920
032,112025,1327453,1000038,032307202510110006,2,7920
032,112025,1327453,1000039,032307202510110006,2,7920
032,112025,1327453,1000040,032307202510110006,2,7920
032,112025,1327453,1000041,032307202510110006,2,7920
032,112025,1327453,1000043,032307202510110006,2,7920
032,112025,1327453,1000044,032307202510110006,2,7920
032,112025,1327453,1000045,032307202510110006,2,7920
032,112025,1327453,1000046,032307202510110006,2,7920
032,112025,1327453,1000048,032307202510110006,2,7920
032,112025,1327453,1000101,032307202510110006,1,7020
032,112025,1327453,1000107,032307202510110006,1,7020
032,112025,1327453,1000109,032307202510110006,2,7920
032,112025,1327453,1000110,032307202510110006,2,7920
032,112025,1327453,1000112,032307202510110006,2,7920
032,112025,1327453,1000113,032307202510110006,2,7920
032,112025,1327453,1000114,032307202510110006,2,7920
032,112025,1327453,1000115,032307202510110006,2,7920
032,112025,1327453,1000139,032307202510110006,2,7920
032,112025,1327453,1000140,032307202510110006,2,7920
032,112025,1327453,1000141,032307202510110006,2,7920
032,112025,1327453,1000152,032307202510110006,2,7920
032,112025,1327453,1000257,032307202510110006,1,7020
032,112025,1327453,1000260,032307202510110006,2,7920
032,112025,1327453,1000268,032307202510110006,1,7020
032,112025,1327453,1000281,032307202510110006,1,7020
032,112025,1327453,1000320,032307202510110006,1,7020
032,112025,1327453,1000342,032307202510110006,2,7920
032,112025,1327453,1000343,032307202510110006,2,7920
032,112025,1327453,1000344,032307202510110006,2,7920
032,112025,1327453,1000437,032307202510110006,2,7920
032,112025,1327453,1000455,032307202510110006,2,7920
032,112025,1327453,1000479,032307202510110006,2,7920
032,112025,1327453,1000637,032307202510110006,3,35940
032,112025,1327453,1000672,032307202510110006,2,7920
032,112025,1327453,1000831,032307202510110006,2,7920
032,112025,1327453,1000863,032307202510110006,2,7920
032,112025,1327453,1000949,032307202510110006,2,7920
032,112025,1327453,1000979,032307202510110006,2,7920
032,112025,1327453,1000980,032307202510110006,2,7920
032,112025,1327453,1000982,032307202510110006,2,7920
032,112025,1327453,1001003,032307202510110006,1,7020
032,112025,1327453,1001044,032307202510110006,2,7920
032,112025,1327453,1001072,032307202510110006,1,7020
032,112025,1327453,1001086,032307202510110006,2,7920
032,112025,1327453,1001113,032307202510110006,2,7920
032,112025,1327453,1001133,032307202510110006,2,7920
032,112025,1327453,1001174,032307202510110006,2,7920
032,112025,1327453,1001191,032307202510110006,1,7020
032,112025,1327453,1001285,032307202510110006,2,7920
032,112025,1327453,1001287,032307202510110006,1,7020
032,112025,1327453,1001293,032307202510110006,2,7920
032,112025,1327453,1001295,032307202510110006,2,7920
032,112025,1327453,1001473,032307202510110006,2,7920
032,112025,1327453,1001474,032307202510110006,2,7920
032,112025,1327453,1001476,032307202510110006,2,7920
032,112025,1327453,1001477,032307202510110006,2,7920
032,112025,1327453,1001728,032307202510110006,1,7020
032,112025,1327453,1001767,032307202510110006,2,7920
032,112025,1327453,1001890,032307202510110006,2,7920
032,112025,1327453,1001968,032307202510110006,2,7920
032,112025,1327453,1002232,032307202510110006,2,7920
032,112025,1327453,1002241,032307202510110006,2,7920
032,112025,1327453,1002251,032307202510110006,1,7020
032,112025,1327453,1002252,032307202510110006,1,7020
032,112025,1327453,1002253,032307202510110006,1,7020
032,112025,1327453,1002256,032307202510110006,2,7920
032,112025,1327453,1002269,032307202510110006,2,7920
032,112025,1327453,1002555,032307202510110006,2,7920
032,112025,1327453,1002867,032307202510110006,2,7920
032,112025,1327453,1002871,032307202510110006,2,7920
032,112025,1327453,1002872,032307202510110006,2,7920
032,112025,1327453,1002873,032307202510110006,2,7920
032,112025,1327453,1002874,032307202510110006,2,7920
032,112025,1327453,1002875,032307202510110006,2,7920
032,112025,1327453,1002876,032307202510110006,2,7920
032,112025,1327453,1002878,032307202510110006,2,7920
032,112025,1327453,1016720,032307202510110006,2,7920
032,112025,1327453,1016724,032307202510110006,2,7920
032,112025,1327453,1016765,032307202510110006,2,7920
032,112025,1327453,1016799,032307202510110006,2,7920
032,112025,1327453,2000033,032307202510110006,3,35940
032,112025,1327453,2000102,032307202510110006,1,7020
032,112025,1327453,2000108,032307202510110006,1,7020
032,112025,1327453,2000274,032307202510110006,3,35940
032,112025,1327453,2000303,032307202510110006,1,7020
032,112025,1327453,2000319,032307202510110006,1,7020
032,112025,1327453,2000364,032307202510110006,3,35940
032,112025,1327453,2000619,032307202510110006,2,7920
032,112025,1327453,2000897,032307202510110006,2,7920
032,112025,1327453,2001117,032307202510110006,2,7920
032,112025,1327453,2001180,032307202510110006,2,7920
032,112025,1327453,2001234,032307202510110006,1,7020
032,112025,1327453,2001475,032307202510110006,2,7920
032,112025,1327453,2001524,032307202510110006,2,7920
032,112025,1327453,2001607,032307202510110006,2,7920
032,112025,1327453,2001841,032307202510110006,3,35940
032,112025,1327453,2001891,032307202510110006,2,7920
032,112025,1327453,2001892,032307202510110006,2,7920
032,112025,1327453,2002024,032307202510110006,2,7920
032,112025,1327453,2002244,032307202510110006,1,7020
032,112025,1327453,2002260,032307202510110006,2,7920
032,112025,1327453,2002261,032307202510110006,2,7920
032,112025,1327453,2002879,032307202510110006,2,7920
032,112025,1327453,2016675,032307202510110006,2,7920
032,112025,1327453,2016794,032307202510110006,1,7020
032,112025,1327453,3000111,032307202510110006,2,7920
032,112025,1327453,3001308,032307202510110006,2,7920
032,112025,1327453,3001309,032307202510110006,2,7920
032,112025,1327453,3001338,032307202510110006,2,7920
032,112025,1327453,4001394,032307202510110006,1,7020
032,112025,1327453,4001429,032307202510110006,2,7920
032,112025,1327469,1327,032307202510110001,1,11220
032,112025,1327469,1622,032307202510110001,1,11220
032,112025,1327469,1727,032307202510110001,1,11220
032,112025,1327469,96791,032307202510110001,1,11220
032,112025,1327469,97223,032307202510110001,1,11220
032,112025,1327469,99007,032307202510110001,1,11220
032,112025,1327469,100667,032307202510110001,1,11220
032,112025,1327469,100740,032307202510110001,1,11220
032,112025,1327469,1000226,032307202510110001,1,11220
032,112025,1327469,1000525,032307202510110001,1,11220
032,112025,1327469,1000528,032307202510110001,1,11220
032,112025,1327469,1001437,032307202510110001,1,11220
032,112025,1327469,1001629,032307202510110001,1,11220
032,112025,1327469,1001936,032307202510110001,1,11220
032,112025,1327469,1012661,032307202510110001,1,11220
032,112025,1327469,2000225,032307202510110001,1,11220
032,112025,1327469,2000527,032307202510110001,1,11220
032,112025,1327469,2001159,032307202510110001,1,11220
032,112025,1327469,2002089,032307202510110001,1,11220
032,112025,1327469,2002101,032307202510110001,1,11220
032,112025,1327469,3001366,032307202510110001,1,11220
032,112025,1327469,4001406,032307202510110001,1,11220
032,112025,1327469,4001524,032307202510110001,1,11220
032,112025,1327469,9101364,032307202510110001,1,11220
032,112025,1327484,1265,032307202510110005,2,27180
032,112025,1327484,1332,032307202510110005,2,27180
032,112025,1327484,1407,032307202510110005,2,27180
032,112025,1327484,1459,032307202510110005,1,5400
032,112025,1327484,1489,032307202510110005,1,5400
032,112025,1327484,1496,032307202510110005,2,27180
032,112025,1327484,1543,032307202510110005,1,5400
032,112025,1327484,1564,032307202510110005,2,27180
032,112025,1327484,1590,032307202510110005,2,27180
032,112025,1327484,1722,032307202510110005,2,27180
032,112025,1327484,1785,032307202510110005,2,27180
032,112025,1327484,94126,032307202510110005,1,5400
032,112025,1327484,94476,032307202510110005,2,27180
032,112025,1327484,94696,032307202510110005,1,5400
032,112025,1327484,96639,032307202510110005,1,5400
032,112025,1327484,96928,032307202510110005,1,5400
032,112025,1327484,97501,032307202510110005,1,5400
032,112025,1327484,98931,032307202510110005,1,5400
032,112025,1327484,98987,032307202510110005,2,27180
032,112025,1327484,101339,032307202510110005,1,5400
032,112025,1327484,102102,032307202510110005,1,5400
032,112025,1327484,102194,032307202510110005,1,5400
032,112025,1327484,102286,032307202510110005,1,5400
032,112025,1327484,103632,032307202510110005,1,5400
032,112025,1327484,1000017,032307202510110005,1,5400
032,112025,1327484,1000018,032307202510110005,1,5400
032,112025,1327484,1000020,032307202510110005,1,5400
032,112025,1327484,1000021,032307202510110005,1,5400
032,112025,1327484,1000022,032307202510110005,1,5400
032,112025,1327484,1000023,032307202510110005,2,27180
032,112025,1327484,1000024,032307202510110005,2,27180
032,112025,1327484,1000028,032307202510110005,2,27180
032,112025,1327484,1000030,032307202510110005,2,27180
032,112025,1327484,1000323,032307202510110005,1,5400
032,112025,1327484,1000327,032307202510110005,2,27180
032,112025,1327484,1000363,032307202510110005,2,27180
032,112025,1327484,1000388,032307202510110005,1,5400
032,112025,1327484,1000391,032307202510110005,1,5400
032,112025,1327484,1000393,032307202510110005,1,5400
032,112025,1327484,1000456,032307202510110005,1,5400
032,112025,1327484,1000492,032307202510110005,1,5400
032,112025,1327484,1000566,032307202510110005,1,5400
032,112025,1327484,1000568,032307202510110005,1,5400
032,112025,1327484,1000603,032307202510110005,1,5400
032,112025,1327484,1000746,032307202510110005,2,27180
032,112025,1327484,1000793,032307202510110005,1,5400
032,112025,1327484,1001119,032307202510110005,1,5400
032,112025,1327484,1001458,032307202510110005,2,27180
032,112025,1327484,1001467,032307202510110005,2,27180
032,112025,1327484,1001468,032307202510110005,1,5400
032,112025,1327484,1001470,032307202510110005,1,5400
032,112025,1327484,1001471,032307202510110005,2,27180
032,112025,1327484,1001622,032307202510110005,1,5400
032,112025,1327484,1001806,032307202510110005,2,27180
032,112025,1327484,1001859,032307202510110005,2,27180
032,112025,1327484,1002240,032307202510110005,1,5400
032,112025,1327484,1002258,032307202510110005,1,5400
032,112025,1327484,1002294,032307202510110005,1,5400
032,112025,1327484,1002359,032307202510110005,2,27180
032,112025,1327484,1012631,032307202510110005,1,5400
032,112025,1327484,1012658,032307202510110005,2,27180
032,112025,1327484,1016674,032307202510110005,2,27180
032,112025,1327484,2000387,032307202510110005,1,5400
032,112025,1327484,2000440,032307202510110005,1,5400
032,112025,1327484,2000480,032307202510110005,1,5400
032,112025,1327484,2000565,032307202510110005,1,5400
032,112025,1327484,2000823,032307202510110005,1,5400
032,112025,1327484,2001462,032307202510110005,2,27180
032,112025,1327484,2001469,032307202510110005,1,5400
032,112025,1327484,2001805,032307202510110005,2,27180
032,112025,1327484,2001810,032307202510110005,1,5400
032,112025,1327484,2001962,032307202510110005,2,27180
032,112025,1327484,2001971,032307202510110005,2,27180
032,112025,1327484,2002015,032307202510110005,1,5400
032,112025,1327484,2002239,032307202510110005,1,5400
032,112025,1327484,2002255,032307202510110005,2,27180
032,112025,1327484,3001313,032307202510110005,1,5400
032,112025,1327484,3001334,032307202510110005,2,27180
032,112025,1327484,3001363,032307202510110005,1,5400
032,112025,1327484,3001523,032307202510110005,2,27180
032,112025,1327484,4001397,032307202510110005,2,27180
032,112025,1327539,1200,032307202510110003,1,1920
032,112025,1327539,1237,032307202510110003,1,1920
032,112025,1327539,1303,032307202510110003,1,1920
032,112025,1327539,1308,032307202510110003,1,1920
032,112025,1327539,1309,032307202510110003,1,1920
032,112025,1327539,1313,032307202510110003,1,1920
032,112025,1327539,1314,032307202510110003,1,1920
032,112025,1327539,1318,032307202510110003,1,1920
032,112025,1327539,1323,032307202510110003,1,1920
032,112025,1327539,1333,032307202510110003,1,1920
032,112025,1327539,1336,032307202510110003,1,1920
032,112025,1327539,1350,032307202510110003,1,1920
032,112025,1327539,1358,032307202510110003,1,1920
032,112025,1327539,1367,032307202510110003,1,1920
032,112025,1327539,1368,032307202510110003,1,1920
032,112025,1327539,1385,032307202510110003,1,1920
032,112025,1327539,1401,032307202510110003,1,1920
032,112025,1327539,1409,032307202510110003,1,1920
032,112025,1327539,1443,032307202510110003,1,1920
032,112025,1327539,1444,032307202510110003,1,1920
032,112025,1327539,1445,032307202510110003,1,1920
032,112025,1327539,1447,032307202510110003,1,1920
032,112025,1327539,1449,032307202510110003,1,1920
032,112025,1327539,1463,032307202510110003,1,1920
032,112025,1327539,1465,032307202510110003,1,1920
032,112025,1327539,1479,032307202510110003,1,1920
032,112025,1327539,1481,032307202510110003,1,1920
032,112025,1327539,1494,032307202510110003,1,1920
032,112025,1327539,1495,032307202510110003,1,1920
032,112025,1327539,1539,032307202510110003,1,1920
032,112025,1327539,1540,032307202510110003,1,1920
032,112025,1327539,1541,032307202510110003,1,1920
032,112025,1327539,1571,032307202510110003,1,1920
032,112025,1327539,1619,032307202510110003,1,1920
032,112025,1327539,1634,032307202510110003,1,1920
032,112025,1327539,1635,032307202510110003,1,1920
032,112025,1327539,1639,032307202510110003,1,1920
032,112025,1327539,1656,032307202510110003,1,1920
032,112025,1327539,1673,032307202510110003,1,1920
032,112025,1327539,1680,032307202510110003,1,1920
032,112025,1327539,1687,032307202510110003,1,1920
032,112025,1327539,1748,032307202510110003,1,1920
032,112025,1327539,1762,032307202510110003,1,1920
032,112025,1327539,1774,032307202510110003,1,1920
032,112025,1327539,1786,032307202510110003,1,1920
032,112025,1327539,1787,032307202510110003,1,1920
032,112025,1327539,1788,032307202510110003,1,1920
032,112025,1327539,89633,032307202510110003,1,1920
032,112025,1327539,93601,032307202510110003,1,1920
032,112025,1327539,93724,032307202510110003,1,1920
032,112025,1327539,93735,032307202510110003,1,1920
032,112025,1327539,93737,032307202510110003,1,1920
032,112025,1327539,93761,032307202510110003,1,1920
032,112025,1327539,93763,032307202510110003,1,1920
032,112025,1327539,93926,032307202510110003,1,1920
032,112025,1327539,93935,032307202510110003,1,1920
032,112025,1327539,94039,032307202510110003,1,1920
032,112025,1327539,94100,032307202510110003,1,1920
032,112025,1327539,94107,032307202510110003,1,1920
032,112025,1327539,94160,032307202510110003,1,1920
032,112025,1327539,94522,032307202510110003,1,1920
032,112025,1327539,96689,032307202510110003,1,1920
032,112025,1327539,97197,032307202510110003,1,1920
032,112025,1327539,97198,032307202510110003,1,1920
032,112025,1327539,97199,032307202510110003,1,1920
032,112025,1327539,97200,032307202510110003,1,1920
032,112025,1327539,97559,032307202510110003,1,1920
032,112025,1327539,97752,032307202510110003,1,1920
032,112025,1327539,97780,032307202510110003,1,1920
032,112025,1327539,97820,032307202510110003,1,1920
032,112025,1327539,98187,032307202510110003,1,1920
032,112025,1327539,98673,032307202510110003,1,1920
032,112025,1327539,98802,032307202510110003,1,1920
032,112025,1327539,99958,032307202510110003,1,1920
032,112025,1327539,100067,032307202510110003,1,1920
032,112025,1327539,100081,032307202510110003,1,1920
032,112025,1327539,100127,032307202510110003,1,1920
032,112025,1327539,100417,032307202510110003,1,1920
032,112025,1327539,100540,032307202510110003,1,1920
032,112025,1327539,100632,032307202510110003,1,1920
032,112025,1327539,100635,032307202510110003,1,1920
032,112025,1327539,100662,032307202510110003,1,1920
032,112025,1327539,100779,032307202510110003,1,1920
032,112025,1327539,100947,032307202510110003,1,1920
032,112025,1327539,101009,032307202510110003,1,1920
032,112025,1327539,101125,032307202510110003,1,1920
032,112025,1327539,101126,032307202510110003,1,1920
032,112025,1327539,101127,032307202510110003,1,1920
032,112025,1327539,101527,032307202510110003,1,1920
032,112025,1327539,102184,032307202510110003,1,1920
032,112025,1327539,102187,032307202510110003,1,1920
032,112025,1327539,102196,032307202510110003,1,1920
032,112025,1327539,102197,032307202510110003,1,1920
032,112025,1327539,102354,032307202510110003,1,1920
032,112025,1327539,102355,032307202510110003,1,1920
032,112025,1327539,102356,032307202510110003,1,1920
032,112025,1327539,103248,032307202510110003,1,1920
032,112025,1327539,103382,032307202510110003,1,1920
032,112025,1327539,103383,032307202510110003,1,1920
032,112025,1327539,103384,032307202510110003,1,1920
032,112025,1327539,103469,032307202510110003,1,1920
032,112025,1327539,103470,032307202510110003,1,1920
032,112025,1327539,103620,032307202510110003,1,1920
032,112025,1327539,103650,032307202510110003,1,1920
032,112025,1327539,103705,032307202510110003,1,1920
032,112025,1327539,103749,032307202510110003,1,1920
032,112025,1327539,103762,032307202510110003,1,1920
032,112025,1327539,103765,032307202510110003,1,1920
032,112025,1327539,103864,032307202510110003,1,1920
032,112025,1327539,103870,032307202510110003,1,1920
032,112025,1327539,103884,032307202510110003,1,1920
032,112025,1327539,103889,032307202510110003,1,1920
032,112025,1327539,103922,032307202510110003,1,1920
032,112025,1327539,103928,032307202510110003,1,1920
032,112025,1327539,104012,032307202510110003,1,1920
032,112025,1327539,1000057,032307202510110003,1,1920
032,112025,1327539,1000058,032307202510110003,1,1920
032,112025,1327539,1000059,032307202510110003,1,1920
032,112025,1327539,1000061,032307202510110003,1,1920
032,112025,1327539,1000063,032307202510110003,1,1920
032,112025,1327539,1000064,032307202510110003,1,1920
032,112025,1327539,1000066,032307202510110003,1,1920
032,112025,1327539,1000070,032307202510110003,1,1920
032,112025,1327539,1000071,032307202510110003,1,1920
032,112025,1327539,1000072,032307202510110003,1,1920
032,112025,1327539,1000073,032307202510110003,1,1920
032,112025,1327539,1000271,032307202510110003,1,1920
032,112025,1327539,1000272,032307202510110003,1,1920
032,112025,1327539,1000454,032307202510110003,1,1920
032,112025,1327539,1000550,032307202510110003,1,1920
032,112025,1327539,1000571,032307202510110003,1,1920
032,112025,1327539,1000575,032307202510110003,1,1920
032,112025,1327539,1000578,032307202510110003,1,1920
032,112025,1327539,1000583,032307202510110003,1,1920
032,112025,1327539,1000605,032307202510110003,1,1920
032,112025,1327539,1000673,032307202510110003,1,1920
032,112025,1327539,1000734,032307202510110003,1,1920
032,112025,1327539,1000772,032307202510110003,1,1920
032,112025,1327539,1000784,032307202510110003,1,1920
032,112025,1327539,1000803,032307202510110003,1,1920
032,112025,1327539,1000812,032307202510110003,1,1920
032,112025,1327539,1000820,032307202510110003,1,1920
032,112025,1327539,1000824,032307202510110003,1,1920
032,112025,1327539,1000825,032307202510110003,1,1920
032,112025,1327539,1000832,032307202510110003,1,1920
032,112025,1327539,1000854,032307202510110003,1,1920
032,112025,1327539,1000865,032307202510110003,1,1920
032,112025,1327539,1000874,032307202510110003,1,1920
032,112025,1327539,1000894,032307202510110003,1,1920
032,112025,1327539,1000898,032307202510110003,1,1920
032,112025,1327539,1000899,032307202510110003,1,1920
032,112025,1327539,1000900,032307202510110003,1,1920
032,112025,1327539,1000901,032307202510110003,1,1920
032,112025,1327539,1000904,032307202510110003,1,1920
032,112025,1327539,1000969,032307202510110003,1,1920
032,112025,1327539,1000993,032307202510110003,1,1920
032,112025,1327539,1000996,032307202510110003,1,1920
032,112025,1327539,1001001,032307202510110003,1,1920
032,112025,1327539,1001002,032307202510110003,1,1920
032,112025,1327539,1001140,032307202510110003,1,1920
032,112025,1327539,1001170,032307202510110003,1,1920
032,112025,1327539,1001187,032307202510110003,1,1920
032,112025,1327539,1001212,032307202510110003,1,1920
032,112025,1327539,1001219,032307202510110003,1,1920
032,112025,1327539,1001233,032307202510110003,1,1920
032,112025,1327539,1001235,032307202510110003,1,1920
032,112025,1327539,1001239,032307202510110003,1,1920
032,112025,1327539,1001240,032307202510110003,1,1920
032,112025,1327539,1001286,032307202510110003,1,1920
032,112025,1327539,1001302,032307202510110003,1,1920
032,112025,1327539,1001419,032307202510110003,1,1920
032,112025,1327539,1001423,032307202510110003,1,1920
032,112025,1327539,1001438,032307202510110003,1,1920
032,112025,1327539,1001463,032307202510110003,1,1920
032,112025,1327539,1001590,032307202510110003,1,1920
032,112025,1327539,1001618,032307202510110003,1,1920
032,112025,1327539,1001625,032307202510110003,1,1920
032,112025,1327539,1001726,032307202510110003,1,1920
032,112025,1327539,1001816,032307202510110003,1,1920
032,112025,1327539,1001830,032307202510110003,1,1920
032,112025,1327539,1001835,032307202510110003,1,1920
032,112025,1327539,1001894,032307202510110003,1,1920
032,112025,1327539,1001997,032307202510110003,1,1920
032,112025,1327539,1001998,032307202510110003,1,1920
032,112025,1327539,1002266,032307202510110003,1,1920
032,112025,1327539,1002277,032307202510110003,1,1920
032,112025,1327539,1002279,032307202510110003,1,1920
032,112025,1327539,1002325,032307202510110003,1,1920
032,112025,1327539,1002340,032307202510110003,1,1920
032,112025,1327539,1002341,032307202510110003,1,1920
032,112025,1327539,1002430,032307202510110003,1,1920
032,112025,1327539,1002536,032307202510110003,1,1920
032,112025,1327539,1002585,032307202510110003,1,1920
032,112025,1327539,1003008,032307202510110003,1,1920
032,112025,1327539,1012612,032307202510110003,1,1920
032,112025,1327539,1012613,032307202510110003,1,1920
032,112025,1327539,1016400,032307202510110003,1,1920
032,112025,1327539,1016706,032307202510110003,1,1920
032,112025,1327539,1016710,032307202510110003,1,1920
032,112025,1327539,1016781,032307202510110003,1,1920
032,112025,1327539,1016809,032307202510110003,1,1920
032,112025,1327539,2000065,032307202510110003,1,1920
032,112025,1327539,2000068,032307202510110003,1,1920
032,112025,1327539,2000278,032307202510110003,1,1920
032,112025,1327539,2000325,032307202510110003,1,1920
032,112025,1327539,2000337,032307202510110003,1,1920
032,112025,1327539,2000733,032307202510110003,1,1920
032,112025,1327539,2000958,032307202510110003,1,1920
032,112025,1327539,2000962,032307202510110003,1,1920
032,112025,1327539,2000995,032307202510110003,1,1920
032,112025,1327539,2001153,032307202510110003,1,1920
032,112025,1327539,2001309,032307202510110003,1,1920
032,112025,1327539,2001328,032307202510110003,1,1920
032,112025,1327539,2001329,032307202510110003,1,1920
032,112025,1327539,2001416,032307202510110003,1,1920
032,112025,1327539,2001418,032307202510110003,1,1920
032,112025,1327539,2001832,032307202510110003,1,1920
032,112025,1327539,2001885,032307202510110003,1,1920
032,112025,1327539,2001889,032307202510110003,1,1920
032,112025,1327539,2001908,032307202510110003,1,1920
032,112025,1327539,2001996,032307202510110003,1,1920
032,112025,1327539,2002291,032307202510110003,1,1920
032,112025,1327539,2002342,032307202510110003,1,1920
032,112025,1327539,2012642,032307202510110003,1,1920
032,112025,1327539,2012652,032307202510110003,1,1920
032,112025,1327539,2016669,032307202510110003,1,1920
032,112025,1327539,2016670,032307202510110003,1,1920
032,112025,1327539,2016688,032307202510110003,1,1920
032,112025,1327539,2016717,032307202510110003,1,1920
032,112025,1327539,2016747,032307202510110003,1,1920
032,112025,1327539,2016802,032307202510110003,1,1920
032,112025,1327539,3001380,032307202510110003,1,1920
032,112025,1327539,3001624,032307202510110003,1,1920
032,112025,1327539,3001842,032307202510110003,1,1920
032,112025,1327539,3001946,032307202510110003,1,1920
032,112025,1327539,3001966,032307202510110003,1,1920
032,112025,1327539,3001969,032307202510110003,1,1920
032,112025,1327539,3001970,032307202510110003,1,1920
032,112025,1327539,3002306,032307202510110003,1,1920
032,112025,1327539,4001349,032307202510110003,1,1920
032,112025,1327539,4001354,032307202510110003,1,1920
032,112025,1327539,4001377,032307202510110003,1,1920
032,112025,1327539,4001390,032307202510110003,1,1920
032,112025,1327539,4001395,032307202510110003,1,1920
032,112025,1327539,4001402,032307202510110003,1,1920
032,112025,1327539,4001419,032307202510110003,1,1920
032,112025,1327539,4001420,032307202510110003,1,1920
032,112025,1327539,4001421,032307202510110003,1,1920
032,112025,1327539,4001422,032307202510110003,1,1920
032,112025,1327539,4001423,032307202510110003,1,1920
032,112025,1327539,4001424,032307202510110003,1,1920
032,112025,1327539,4001426,032307202510110003,1,1920
032,112025,1327539,4001427,032307202510110003,1,1920
032,112025,1327539,4001437,032307202510110003,1,1920
032,112025,1327539,4001438,032307202510110003,1,1920
032,112025,1327539,4001439,032307202510110003,1,1920
032,112025,1327539,4001440,032307202510110003,1,1920
032,112025,1327539,4001442,032307202510110003,1,1920
032,112025,1327539,4001473,032307202510110003,1,1920
032,112025,1327539,4001477,032307202510110003,1,1920
032,112025,1327539,4001493,032307202510110003,1,1920
032,112025,1327539,4001494,032307202510110003,1,1920
032,112025,1327539,4001505,032307202510110003,1,1920
032,112025,1327539,4001507,032307202510110003,1,1920
032,112025,1327539,4001556,032307202510110003,1,1920
032,112025,1327539,9101100,032307202510110003,1,1920
032,112025,1327539,9101166,032307202510110003,1,1920
032,112025,1327539,9101307,032307202510110003,1,1920
032,112025,1327539,9101377,032307202510110003,1,1920
032,112025,1327539,9101402,032307202510110003,1,1920
032,112025,1327539,9101403,032307202510110003,1,1920
032,112025,1327539,9101406,032307202510110003,1,1920
032,112025,1327539,9101447,032307202510110003,1,1920
032,112025,1327608,100852,032307202510110012,1,31800
032,112025,1327618,1000643,032307202510110008,1,12060
032,112025,1327718,1178,032307202510110010,1,960
032,112025,1327718,1179,032307202510110010,1,960
032,112025,1327718,1371,032307202510110010,1,960
032,112025,1327718,1396,032307202510110010,1,960
032,112025,1327718,1511,032307202510110010,1,960
032,112025,1327718,1529,032307202510110010,1,960
032,112025,1327718,1530,032307202510110010,1,960
032,112025,1327718,1572,032307202510110010,1,960
032,112025,1327718,1574,032307202510110010,1,960
032,112025,1327718,1576,032307202510110010,1,960
032,112025,1327718,1579,032307202510110010,1,960
032,112025,1327718,1588,032307202510110010,1,960
032,112025,1327718,1589,032307202510110010,1,960
032,112025,1327718,1612,032307202510110010,1,960
032,112025,1327718,1613,032307202510110010,1,960
032,112025,1327718,1638,032307202510110010,1,960
032,112025,1327718,1682,032307202510110010,1,960
032,112025,1327718,1725,032307202510110010,1,960
032,112025,1327718,1726,032307202510110010,1,960
032,112025,1327718,1782,032307202510110010,1,960
032,112025,1327718,90827,032307202510110010,1,960
032,112025,1327718,91833,032307202510110010,1,960
032,112025,1327718,91921,032307202510110010,1,960
032,112025,1327718,91926,032307202510110010,1,960
032,112025,1327718,93939,032307202510110010,1,960
032,112025,1327718,94210,032307202510110010,1,960
032,112025,1327718,94404,032307202510110010,1,960
032,112025,1327718,97410,032307202510110010,1,960
032,112025,1327718,97725,032307202510110010,1,960
032,112025,1327718,97759,032307202510110010,1,960
032,112025,1327718,97849,032307202510110010,1,960
032,112025,1327718,97850,032307202510110010,1,960
032,112025,1327718,97851,032307202510110010,1,960
032,112025,1327718,98249,032307202510110010,1,960
032,112025,1327718,98721,032307202510110010,1,960
032,112025,1327718,98875,032307202510110010,1,960
032,112025,1327718,99049,032307202510110010,1,960
032,112025,1327718,100159,032307202510110010,1,960
032,112025,1327718,100625,032307202510110010,1,960
032,112025,1327718,101575,032307202510110010,1,960
032,112025,1327718,103425,032307202510110010,1,960
032,112025,1327718,103850,032307202510110010,1,960
032,112025,1327718,103885,032307202510110010,1,960
032,112025,1327718,103904,032307202510110010,1,960
032,112025,1327718,1000160,032307202510110010,1,960
032,112025,1327718,1000228,032307202510110010,1,960
032,112025,1327718,1000269,032307202510110010,1,960
032,112025,1327718,1000376,032307202510110010,1,960
032,112025,1327718,1000629,032307202510110010,1,960
032,112025,1327718,1000641,032307202510110010,1,960
032,112025,1327718,1000643,032307202510110010,1,960
032,112025,1327718,1000776,032307202510110010,1,960
032,112025,1327718,1000782,032307202510110010,1,960
032,112025,1327718,1000783,032307202510110010,1,960
032,112025,1327718,1000791,032307202510110010,1,960
032,112025,1327718,1000828,032307202510110010,1,960
032,112025,1327718,1000887,032307202510110010,1,960
032,112025,1327718,1000888,032307202510110010,1,960
032,112025,1327718,1000919,032307202510110010,1,960
032,112025,1327718,1000934,032307202510110010,1,960
032,112025,1327718,1000954,032307202510110010,1,960
032,112025,1327718,1000988,032307202510110010,1,960
032,112025,1327718,1000989,032307202510110010,1,960
032,112025,1327718,1000990,032307202510110010,1,960
032,112025,1327718,1001020,032307202510110010,1,960
032,112025,1327718,1001213,032307202510110010,1,960
032,112025,1327718,1001278,032307202510110010,1,960
032,112025,1327718,1001349,032307202510110010,1,960
032,112025,1327718,1001350,032307202510110010,1,960
032,112025,1327718,1001351,032307202510110010,1,960
032,112025,1327718,1001360,032307202510110010,1,960
032,112025,1327718,1001382,032307202510110010,1,960
032,112025,1327718,1001385,032307202510110010,1,960
032,112025,1327718,1001412,032307202510110010,1,960
032,112025,1327718,1001844,032307202510110010,1,960
032,112025,1327718,1001845,032307202510110010,1,960
032,112025,1327718,1001846,032307202510110010,1,960
032,112025,1327718,1001973,032307202510110010,1,960
032,112025,1327718,1002187,032307202510110010,1,960
032,112025,1327718,1012060,032307202510110010,1,960
032,112025,1327718,1012061,032307202510110010,1,960
032,112025,1327718,1012064,032307202510110010,1,960
032,112025,1327718,1015003,032307202510110010,1,960
032,112025,1327718,1016722,032307202510110010,1,960
032,112025,1327718,1016817,032307202510110010,1,960
032,112025,1327718,2000398,032307202510110010,1,960
032,112025,1327718,2000628,032307202510110010,1,960
032,112025,1327718,2000728,032307202510110010,1,960
032,112025,1327718,2001974,032307202510110010,1,960
032,112025,1327718,2002075,032307202510110010,1,960
032,112025,1327718,2002157,032307202510110010,1,960
032,112025,1327718,2002235,032307202510110010,1,960
032,112025,1327718,3001319,032307202510110010,1,960
032,112025,1327718,3001336,032307202510110010,1,960
032,112025,1327718,4001360,032307202510110010,1,960
032,112025,1327718,4001497,032307202510110010,1,960
032,112025,1327718,9101334,032307202510110010,1,960
032,112025,1327729,94636,032307202510110022,1,41100
032,112025,1327729,1000714,032307202510110022,1,41100
032,112025,1327729,1000716,032307202510110022,1,41100
032,112025,1327729,1000879,032307202510110022,1,41100
032,112025,1327729,2000748,032307202510110022,1,41100
032,112025,1327945,4001423,032307202510110013,1,3000
032,112025,1328009,1000139,032307202510110015,1,16440
032,112025,1328057,4001423,032307202510110014,1,13800
032,112025,1328092,99644,032307202510110011,1,36420
032,112025,1328092,1001986,032307202510110011,1,36420
032,112025,1328092,2001442,032307202510110011,1,36420
032,112025,1328092,4001366,032307202510110011,1,36420
032,112025,1328276,1016774,032307202510120002,1,36480
032,112025,1328312,100088,032307202510120001,1,6660
032,112025,1328312,1000665,032307202510120001,1,6660
032,112025,1328312,1000859,032307202510120001,1,6660
032,112025,1328312,2000756,032307202510120001,1,6660
032,112025,1328334,100943,032307202510120004,1,3000
032,112025,1328334,1000551,032307202510120004,1,3000
032,112025,1328334,1012638,032307202510120004,1,3000
032,112025,1328434,99958,032307202510120007,1,4740
032,112025,1328434,100632,032307202510120007,1,4740
032,112025,1328434,4001422,032307202510120007,1,4740
032,112025,1328914,2001551,032307202510130007,1,10080
032,112025,1328931,1001102,032307202510130009,1,11040
032,112025,1328962,96791,032307202510130008,1,2280
032,112025,1329051,1001232,032307202510140002,1,2880
032,112025,1329102,1002881,032307202510140003,1,2580
032,112025,1329243,1224,032307202510140005,1,8100
032,112025,1329243,1580,032307202510140005,1,8100
032,112025,1329243,1647,032307202510140005,1,8100
032,112025,1329243,94448,032307202510140005,1,8100
032,112025,1329243,94720,032307202510140005,1,8100
032,112025,1329243,99314,032307202510140005,1,8100
032,112025,1329243,100132,032307202510140005,1,8100
032,112025,1329243,100320,032307202510140005,1,8100
032,112025,1329243,100321,032307202510140005,1,8100
032,112025,1329243,100322,032307202510140005,1,8100
032,112025,1329243,100323,032307202510140005,1,8100
032,112025,1329243,100567,032307202510140005,1,8100
032,112025,1329243,100851,032307202510140005,1,8100
032,112025,1329243,100852,032307202510140005,1,8100
032,112025,1329243,100853,032307202510140005,1,8100
032,112025,1329243,100855,032307202510140005,1,8100
032,112025,1329243,100857,032307202510140005,1,8100
032,112025,1329243,103862,032307202510140005,1,8100
032,112025,1329243,103869,032307202510140005,1,8100
032,112025,1329243,1000011,032307202510140005,1,8100
032,112025,1329243,1000304,032307202510140005,1,8100
032,112025,1329243,1000305,032307202510140005,1,8100
032,112025,1329243,1000369,032307202510140005,1,8100
032,112025,1329243,1000586,032307202510140005,1,8100
032,112025,1329243,1000587,032307202510140005,1,8100
032,112025,1329243,1000588,032307202510140005,1,8100
032,112025,1329243,1000589,032307202510140005,1,8100
032,112025,1329243,1000590,032307202510140005,1,8100
032,112025,1329243,1000591,032307202510140005,1,8100
032,112025,1329243,1000592,032307202510140005,1,8100
032,112025,1329243,1000593,032307202510140005,1,8100
032,112025,1329243,1000594,032307202510140005,1,8100
032,112025,1329243,1000595,032307202510140005,1,8100
032,112025,1329243,1000596,032307202510140005,1,8100
032,112025,1329243,1000597,032307202510140005,1,8100
032,112025,1329243,1000598,032307202510140005,1,8100
032,112025,1329243,1000601,032307202510140005,1,8100
032,112025,1329243,1000613,032307202510140005,1,8100
032,112025,1329243,1000649,032307202510140005,1,8100
032,112025,1329243,1000650,032307202510140005,1,8100
032,112025,1329243,1000651,032307202510140005,1,8100
032,112025,1329243,1000654,032307202510140005,1,8100
032,112025,1329243,1000655,032307202510140005,1,8100
032,112025,1329243,1000656,032307202510140005,1,8100
032,112025,1329243,1000658,032307202510140005,1,8100
032,112025,1329243,1000757,032307202510140005,1,8100
032,112025,1329243,1001100,032307202510140005,1,8100
032,112025,1329243,1001137,032307202510140005,1,8100
032,112025,1329243,1001182,032307202510140005,1,8100
032,112025,1329243,1001886,032307202510140005,1,8100
032,112025,1329243,1001922,032307202510140005,1,8100
032,112025,1329243,1001928,032307202510140005,1,8100
032,112025,1329243,1001963,032307202510140005,1,8100
032,112025,1329243,1002017,032307202510140005,1,8100
032,112025,1329243,1002095,032307202510140005,1,8100
032,112025,1329243,1002097,032307202510140005,1,8100
032,112025,1329243,1002100,032307202510140005,1,8100
032,112025,1329243,1002320,032307202510140005,1,8100
032,112025,1329243,1002321,032307202510140005,1,8100
032,112025,1329243,1012614,032307202510140005,1,8100
032,112025,1329243,1012629,032307202510140005,1,8100
032,112025,1329243,2000600,032307202510140005,1,8100
032,112025,1329243,2000652,032307202510140005,1,8100
032,112025,1329243,2000745,032307202510140005,1,8100
032,112025,1329243,2001195,032307202510140005,1,8100
032,112025,1329243,2001320,032307202510140005,1,8100
032,112025,1329243,2001929,032307202510140005,1,8100
032,112025,1329243,2001953,032307202510140005,1,8100
032,112025,1329243,2002016,032307202510140005,1,8100
032,112025,1329243,2002090,032307202510140005,1,8100
032,112025,1329243,2002091,032307202510140005,1,8100
032,112025,1329243,2002092,032307202510140005,1,8100
032,112025,1329243,2002093,032307202510140005,1,8100
032,112025,1329243,2002094,032307202510140005,1,8100
032,112025,1329243,2002098,032307202510140005,1,8100
032,112025,1329243,2002099,032307202510140005,1,8100
032,112025,1329243,2002103,032307202510140005,1,8100
032,112025,1329243,2012081,032307202510140005,1,8100
032,112025,1329243,2012088,032307202510140005,1,8100
032,112025,1329243,4001362,032307202510140005,1,8100
032,112025,1329243,4001363,032307202510140005,1,8100
032,112025,1329243,4001492,032307202510140005,1,8100
032,112025,1329253,1222,032307202510140006,1,8040
032,112025,1329253,1259,032307202510140006,1,8040
032,112025,1329253,1316,032307202510140006,1,8040
032,112025,1329253,1414,032307202510140006,1,8040
032,112025,1329253,1416,032307202510140006,1,8040
032,112025,1329253,1432,032307202510140006,1,8040
032,112025,1329253,1455,032307202510140006,1,8040
032,112025,1329253,1457,032307202510140006,1,8040
032,112025,1329253,1458,032307202510140006,1,8040
032,112025,1329253,1570,032307202510140006,1,8040
032,112025,1329253,1694,032307202510140006,1,8040
032,112025,1329253,1757,032307202510140006,1,8040
032,112025,1329253,1769,032307202510140006,1,8040
032,112025,1329253,1779,032307202510140006,1,8040
032,112025,1329253,1783,032307202510140006,1,8040
032,112025,1329253,93734,032307202510140006,1,8040
032,112025,1329253,94285,032307202510140006,1,8040
032,112025,1329253,94552,032307202510140006,1,8040
032,112025,1329253,94689,032307202510140006,1,8040
032,112025,1329253,96870,032307202510140006,1,8040
032,112025,1329253,98172,032307202510140006,1,8040
032,112025,1329253,98212,032307202510140006,1,8040
032,112025,1329253,98235,032307202510140006,1,8040
032,112025,1329253,98582,032307202510140006,1,8040
032,112025,1329253,99034,032307202510140006,1,8040
032,112025,1329253,99869,032307202510140006,1,8040
032,112025,1329253,100088,032307202510140006,1,8040
032,112025,1329253,101099,032307202510140006,1,8040
032,112025,1329253,101323,032307202510140006,1,8040
032,112025,1329253,101993,032307202510140006,1,8040
032,112025,1329253,102142,032307202510140006,1,8040
032,112025,1329253,103584,032307202510140006,1,8040
032,112025,1329253,103628,032307202510140006,1,8040
032,112025,1329253,103635,032307202510140006,1,8040
032,112025,1329253,103688,032307202510140006,1,8040
032,112025,1329253,103693,032307202510140006,1,8040
032,112025,1329253,103782,032307202510140006,1,8040
032,112025,1329253,103783,032307202510140006,1,8040
032,112025,1329253,103792,032307202510140006,1,8040
032,112025,1329253,103797,032307202510140006,1,8040
032,112025,1329253,104098,032307202510140006,1,8040
032,112025,1329253,104099,032307202510140006,1,8040
032,112025,1329253,104100,032307202510140006,1,8040
032,112025,1329253,1000113,032307202510140006,1,8040
032,112025,1329253,1000114,032307202510140006,1,8040
032,112025,1329253,1000115,032307202510140006,1,8040
032,112025,1329253,1000117,032307202510140006,1,8040
032,112025,1329253,1000120,032307202510140006,1,8040
032,112025,1329253,1000123,032307202510140006,1,8040
032,112025,1329253,1000125,032307202510140006,1,8040
032,112025,1329253,1000126,032307202510140006,1,8040
032,112025,1329253,1000127,032307202510140006,1,8040
032,112025,1329253,1000129,032307202510140006,1,8040
032,112025,1329253,1000143,032307202510140006,1,8040
032,112025,1329253,1000144,032307202510140006,1,8040
032,112025,1329253,1000148,032307202510140006,1,8040
032,112025,1329253,1000149,032307202510140006,1,8040
032,112025,1329253,1000150,032307202510140006,1,8040
032,112025,1329253,1000151,032307202510140006,1,8040
032,112025,1329253,1000152,032307202510140006,1,8040
032,112025,1329253,1000258,032307202510140006,1,8040
032,112025,1329253,1000286,032307202510140006,1,8040
032,112025,1329253,1000289,032307202510140006,1,8040
032,112025,1329253,1000298,032307202510140006,1,8040
032,112025,1329253,1000361,032307202510140006,1,8040
032,112025,1329253,1000379,032307202510140006,1,8040
032,112025,1329253,1000485,032307202510140006,1,8040
032,112025,1329253,1000486,032307202510140006,1,8040
032,112025,1329253,1000487,032307202510140006,1,8040
032,112025,1329253,1000489,032307202510140006,1,8040
032,112025,1329253,1000574,032307202510140006,1,8040
032,112025,1329253,1000665,032307202510140006,1,8040
032,112025,1329253,1000815,032307202510140006,1,8040
032,112025,1329253,1000817,032307202510140006,1,8040
032,112025,1329253,1000859,032307202510140006,1,8040
032,112025,1329253,1000863,032307202510140006,1,8040
032,112025,1329253,1000927,032307202510140006,1,8040
032,112025,1329253,1000937,032307202510140006,1,8040
032,112025,1329253,1000961,032307202510140006,1,8040
032,112025,1329253,1000972,032307202510140006,1,8040
032,112025,1329253,1000998,032307202510140006,1,8040
032,112025,1329253,1001051,032307202510140006,1,8040
032,112025,1329253,1001086,032307202510140006,1,8040
032,112025,1329253,1001088,032307202510140006,1,8040
032,112025,1329253,1001129,032307202510140006,1,8040
032,112025,1329253,1001131,032307202510140006,1,8040
032,112025,1329253,1001190,032307202510140006,1,8040
032,112025,1329253,1001232,032307202510140006,1,8040
032,112025,1329253,1001242,032307202510140006,1,8040
032,112025,1329253,1001299,032307202510140006,1,8040
032,112025,1329253,1001445,032307202510140006,1,8040
032,112025,1329253,1001449,032307202510140006,1,8040
032,112025,1329253,1001499,032307202510140006,1,8040
032,112025,1329253,1001592,032307202510140006,1,8040
032,112025,1329253,1001596,032307202510140006,1,8040
032,112025,1329253,1001599,032307202510140006,1,8040
032,112025,1329253,1001600,032307202510140006,1,8040
032,112025,1329253,1001601,032307202510140006,1,8040
032,112025,1329253,1001602,032307202510140006,1,8040
032,112025,1329253,1001605,032307202510140006,1,8040
032,112025,1329253,1001613,032307202510140006,1,8040
032,112025,1329253,1001615,032307202510140006,1,8040
032,112025,1329253,1001616,032307202510140006,1,8040
032,112025,1329253,1001667,032307202510140006,1,8040
032,112025,1329253,1001711,032307202510140006,1,8040
032,112025,1329253,1001712,032307202510140006,1,8040
032,112025,1329253,1001713,032307202510140006,1,8040
032,112025,1329253,1001714,032307202510140006,1,8040
032,112025,1329253,1001715,032307202510140006,1,8040
032,112025,1329253,1001719,032307202510140006,1,8040
032,112025,1329253,1001729,032307202510140006,1,8040
032,112025,1329253,1001731,032307202510140006,1,8040
032,112025,1329253,1001893,032307202510140006,1,8040
032,112025,1329253,1001901,032307202510140006,1,8040
032,112025,1329253,1002009,032307202510140006,1,8040
032,112025,1329253,1002247,032307202510140006,1,8040
032,112025,1329253,1002278,032307202510140006,1,8040
032,112025,1329253,1016676,032307202510140006,1,8040
032,112025,1329253,1016708,032307202510140006,1,8040
032,112025,1329253,2000122,032307202510140006,1,8040
032,112025,1329253,2000128,032307202510140006,1,8040
032,112025,1329253,2000299,032307202510140006,1,8040
032,112025,1329253,2000351,032307202510140006,1,8040
032,112025,1329253,2000491,032307202510140006,1,8040
032,112025,1329253,2000756,032307202510140006,1,8040
032,112025,1329253,2000910,032307202510140006,1,8040
032,112025,1329253,2001148,032307202510140006,1,8040
032,112025,1329253,2001595,032307202510140006,1,8040
032,112025,1329253,2001598,032307202510140006,1,8040
032,112025,1329253,2002008,032307202510140006,1,8040
032,112025,1329253,2002010,032307202510140006,1,8040
032,112025,1329253,2002049,032307202510140006,1,8040
032,112025,1329253,2002246,032307202510140006,1,8040
032,112025,1329253,2002254,032307202510140006,1,8040
032,112025,1329253,2012573,032307202510140006,1,8040
032,112025,1329253,3001082,032307202510140006,1,8040
032,112025,1329253,3001317,032307202510140006,1,8040
032,112025,1329253,3001339,032307202510140006,1,8040
032,112025,1329253,4001348,032307202510140006,1,8040
032,112025,1329253,4001350,032307202510140006,1,8040
032,112025,1329253,4001380,032307202510140006,1,8040
032,112025,1329253,4001546,032307202510140006,1,8040
032,112025,1329253,9101290,032307202510140006,1,8040
032,112025,1329357,1372,032307202510140007,1,5580
032,112025,1329357,1751,032307202510140007,1,5580
032,112025,1329357,1773,032307202510140007,1,5580
032,112025,1329357,94299,032307202510140007,1,5580
032,112025,1329357,94321,032307202510140007,1,5580
032,112025,1329357,94322,032307202510140007,1,5580
032,112025,1329357,101459,032307202510140007,1,5580
032,112025,1329411,1000374,032307202510140008,1,4800
032,112025,1329495,1000753,032307202510150001,1,2760
032,112025,1329497,1001490,032307202510150006,1,42180
032,112025,1329497,1001491,032307202510150007,1,42180
032,112025,1329497,1016742,032307202510150007,1,42180
032,112025,1329516,1001147,032307202510150002,1,2700
032,112025,1329516,1001411,032307202510150002,1,2700
032,112025,1329516,2001410,032307202510150002,1,2700
032,112025,1329516,2016792,032307202510150002,1,2700
032,112025,1329523,98649,032307202510150003,1,10500
032,112025,1329607,102194,032307202510150010,1,76980
032,112025,1329648,2000137,032307202510150005,1,5940
032,112025,1329745,93635,032307202510150009,1,3720
032,112025,1329789,1012590,032307202510160001,1,9000
032,112025,1330204,2001153,032307202510160003,1,4620
032,112025,1330270,1536,032307202510170001,1,17640
032,112025,1330270,93918,032307202510170001,1,17640
032,112025,1330270,99356,032307202510170001,1,17640
032,112025,1330270,99477,032307202510170001,1,17640
032,112025,1330270,100648,032307202510170001,1,17640
032,112025,1330270,102140,032307202510170001,1,17640
032,112025,1330270,102151,032307202510170001,1,17640
032,112025,1330270,103664,032307202510170001,1,17640
032,112025,1330270,103945,032307202510170001,1,17640
032,112025,1330270,1000414,032307202510170001,1,17640
032,112025,1330270,1000416,032307202510170001,1,17640
032,112025,1330270,1000422,032307202510170001,1,17640
032,112025,1330270,1000427,032307202510170001,1,17640
032,112025,1330270,1000524,032307202510170001,1,17640
032,112025,1330270,1000959,032307202510170001,1,17640
032,112025,1330270,1001364,032307202510170001,1,17640
032,112025,1330270,1016782,032307202510170001,1,17640
032,112025,1330550,1001555,032307202510170004,1,10740
032,112025,1330550,1001556,032307202510170004,1,10740
032,112025,1330554,103799,032307202510170002,1,7800
032,112025,1330554,1002173,032307202510170002,1,7800
032,112025,1330615,1002042,032307202510170003,1,2040
032,112025,1330622,1000424,032307202510170005,1,3660
032,112025,1330658,1000754,032307202510180003,1,27660
032,112025,1330760,1000194,032307202510180004,1,15360
032,112025,1330839,100643,032307202510180005,1,8520
032,112025,1330839,1000920,032307202510180005,1,8520
032,112025,1330839,1001169,032307202510180005,1,8520
032,112025,1330839,1001284,032307202510180005,1,8520
032,112025,1330839,1002540,032307202510180005,1,8520
032,112025,1330839,2002539,032307202510180005,1,8520
032,112025,1330839,4001387,032307202510180005,1,8520
032,112025,1330970,1536,032307202510180006,1,1740
032,112025,1331015,1135,032307202510190010,1,47580
032,112025,1331015,1162,032307202510190010,1,47580
032,112025,1331015,1202,032307202510190010,1,47580
032,112025,1331015,1225,032307202510190010,1,47580
032,112025,1331015,1238,032307202510190010,1,47580
032,112025,1331015,1310,032307202510190010,1,47580
032,112025,1331015,1312,032307202510190010,1,47580
032,112025,1331015,1327,032307202510190010,1,47580
032,112025,1331015,1339,032307202510190010,1,47580
032,112025,1331015,1351,032307202510190010,1,47580
032,112025,1331015,1362,032307202510190010,1,47580
032,112025,1331015,1365,032307202510190010,1,47580
032,112025,1331015,1380,032307202510190010,1,47580
032,112025,1331015,1408,032307202510190010,1,47580
032,112025,1331015,1442,032307202510190010,1,47580
032,112025,1331015,1462,032307202510190010,1,47580
032,112025,1331015,1468,032307202510190010,1,47580
032,112025,1331015,1469,032307202510190010,1,47580
032,112025,1331015,1474,032307202510190010,1,47580
032,112025,1331015,1492,032307202510190010,1,47580
032,112025,1331015,1508,032307202510190010,1,47580
032,112025,1331015,1513,032307202510190010,1,47580
032,112025,1331015,1516,032307202510190010,1,47580
032,112025,1331015,1528,032307202510190010,1,47580
032,112025,1331015,1557,032307202510190010,1,47580
032,112025,1331015,1558,032307202510190010,1,47580
032,112025,1331015,1559,032307202510190010,1,47580
032,112025,1331015,1560,032307202510190010,1,47580
032,112025,1331015,1568,032307202510190010,1,47580
032,112025,1331015,1594,032307202510190010,1,47580
032,112025,1331015,1602,032307202510190010,1,47580
032,112025,1331015,1622,032307202510190010,1,47580
032,112025,1331015,1625,032307202510190010,1,47580
032,112025,1331015,1631,032307202510190010,1,47580
032,112025,1331015,1632,032307202510190010,1,47580
032,112025,1331015,1641,032307202510190010,1,47580
032,112025,1331015,1679,032307202510190010,1,47580
032,112025,1331015,1681,032307202510190010,1,47580
032,112025,1331015,1686,032307202510190010,1,47580
032,112025,1331015,1692,032307202510190010,1,47580
032,112025,1331015,1715,032307202510190010,1,47580
032,112025,1331015,1727,032307202510190010,1,47580
032,112025,1331015,1733,032307202510190010,1,47580
032,112025,1331015,1743,032307202510190010,1,47580
032,112025,1331015,1750,032307202510190010,1,47580
032,112025,1331015,93825,032307202510190010,1,47580
032,112025,1331015,93973,032307202510190010,1,47580
032,112025,1331015,94095,032307202510190010,1,47580
032,112025,1331015,94162,032307202510190010,1,47580
032,112025,1331015,94266,032307202510190010,1,47580
032,112025,1331015,94275,032307202510190010,1,47580
032,112025,1331015,94276,032307202510190010,1,47580
032,112025,1331015,94277,032307202510190010,1,47580
032,112025,1331015,94512,032307202510190010,1,47580
032,112025,1331015,96628,032307202510190010,1,47580
032,112025,1331015,96791,032307202510190010,1,47580
032,112025,1331015,97170,032307202510190010,1,47580
032,112025,1331015,97223,032307202510190010,1,47580
032,112025,1331015,97391,032307202510190010,1,47580
032,112025,1331015,97481,032307202510190010,1,47580
032,112025,1331015,97620,032307202510190010,1,47580
032,112025,1331015,97695,032307202510190010,1,47580
032,112025,1331015,97770,032307202510190010,1,47580
032,112025,1331015,97929,032307202510190010,1,47580
032,112025,1331015,97935,032307202510190010,1,47580
032,112025,1331015,97991,032307202510190010,1,47580
032,112025,1331015,98001,032307202510190010,1,47580
032,112025,1331015,98002,032307202510190010,1,47580
032,112025,1331015,98205,032307202510190010,1,47580
032,112025,1331015,98286,032307202510190010,1,47580
032,112025,1331015,98287,032307202510190010,1,47580
032,112025,1331015,98294,032307202510190010,1,47580
032,112025,1331015,98318,032307202510190010,1,47580
032,112025,1331015,98653,032307202510190010,1,47580
032,112025,1331015,99007,032307202510190010,1,47580
032,112025,1331015,99089,032307202510190010,1,47580
032,112025,1331015,99202,032307202510190010,1,47580
032,112025,1331015,99279,032307202510190010,1,47580
032,112025,1331015,99921,032307202510190010,1,47580
032,112025,1331015,100251,032307202510190010,1,47580
032,112025,1331015,100299,032307202510190010,1,47580
032,112025,1331015,100346,032307202510190010,1,47580
032,112025,1331015,100514,032307202510190010,1,47580
032,112025,1331015,100522,032307202510190010,1,47580
032,112025,1331015,100597,032307202510190010,1,47580
032,112025,1331015,100626,032307202510190010,1,47580
032,112025,1331015,100647,032307202510190010,1,47580
032,112025,1331015,100658,032307202510190010,1,47580
032,112025,1331015,100667,032307202510190010,1,47580
032,112025,1331015,100740,032307202510190010,1,47580
032,112025,1331015,100758,032307202510190010,1,47580
032,112025,1331015,101364,032307202510190010,1,47580
032,112025,1331015,101416,032307202510190010,1,47580
032,112025,1331015,101756,032307202510190010,1,47580
032,112025,1331015,102155,032307202510190010,1,47580
032,112025,1331015,102173,032307202510190010,1,47580
032,112025,1331015,102302,032307202510190010,1,47580
032,112025,1331015,102521,032307202510190010,1,47580
032,112025,1331015,102522,032307202510190010,1,47580
032,112025,1331015,103282,032307202510190010,1,47580
032,112025,1331015,103610,032307202510190010,1,47580
032,112025,1331015,103622,032307202510190010,1,47580
032,112025,1331015,103743,032307202510190010,1,47580
032,112025,1331015,103799,032307202510190010,1,47580
032,112025,1331015,103827,032307202510190010,1,47580
032,112025,1331015,103837,032307202510190010,1,47580
032,112025,1331015,103981,032307202510190010,1,47580
032,112025,1331015,103987,032307202510190010,1,47580
032,112025,1331015,1000163,032307202510190010,1,47580
032,112025,1331015,1000166,032307202510190010,1,47580
032,112025,1331015,1000167,032307202510190010,1,47580
032,112025,1331015,1000169,032307202510190010,1,47580
032,112025,1331015,1000170,032307202510190010,1,47580
032,112025,1331015,1000171,032307202510190010,1,47580
032,112025,1331015,1000176,032307202510190010,1,47580
032,112025,1331015,1000178,032307202510190010,1,47580
032,112025,1331015,1000179,032307202510190010,1,47580
032,112025,1331015,1000180,032307202510190010,1,47580
032,112025,1331015,1000181,032307202510190010,1,47580
032,112025,1331015,1000182,032307202510190010,1,47580
032,112025,1331015,1000184,032307202510190010,1,47580
032,112025,1331015,1000186,032307202510190010,1,47580
032,112025,1331015,1000188,032307202510190010,1,47580
032,112025,1331015,1000189,032307202510190010,1,47580
032,112025,1331015,1000190,032307202510190010,1,47580
032,112025,1331015,1000191,032307202510190010,1,47580
032,112025,1331015,1000193,032307202510190010,1,47580
032,112025,1331015,1000220,032307202510190010,1,47580
032,112025,1331015,1000221,032307202510190010,1,47580
032,112025,1331015,1000222,032307202510190010,1,47580
032,112025,1331015,1000223,032307202510190010,1,47580
032,112025,1331015,1000224,032307202510190010,1,47580
032,112025,1331015,1000226,032307202510190010,1,47580
032,112025,1331015,1000265,032307202510190010,1,47580
032,112025,1331015,1000266,032307202510190010,1,47580
032,112025,1331015,1000280,032307202510190010,1,47580
032,112025,1331015,1000287,032307202510190010,1,47580
032,112025,1331015,1000371,032307202510190010,1,47580
032,112025,1331015,1000412,032307202510190010,1,47580
032,112025,1331015,1000419,032307202510190010,1,47580
032,112025,1331015,1000464,032307202510190010,1,47580
032,112025,1331015,1000465,032307202510190010,1,47580
032,112025,1331015,1000466,032307202510190010,1,47580
032,112025,1331015,1000493,032307202510190010,1,47580
032,112025,1331015,1000525,032307202510190010,1,47580
032,112025,1331015,1000528,032307202510190010,1,47580
032,112025,1331015,1000579,032307202510190010,1,47580
032,112025,1331015,1000660,032307202510190010,1,47580
032,112025,1331015,1000729,032307202510190010,1,47580
032,112025,1331015,1000785,032307202510190010,1,47580
032,112025,1331015,1000827,032307202510190010,1,47580
032,112025,1331015,1000830,032307202510190010,1,47580
032,112025,1331015,1000847,032307202510190010,1,47580
032,112025,1331015,1000876,032307202510190010,1,47580
032,112025,1331015,1000928,032307202510190010,1,47580
032,112025,1331015,1000964,032307202510190010,1,47580
032,112025,1331015,1000975,032307202510190010,1,47580
032,112025,1331015,1001009,032307202510190010,1,47580
032,112025,1331015,1001011,032307202510190010,1,47580
032,112025,1331015,1001012,032307202510190010,1,47580
032,112025,1331015,1001057,032307202510190010,1,47580
032,112025,1331015,1001074,032307202510190010,1,47580
032,112025,1331015,1001080,032307202510190010,1,47580
032,112025,1331015,1001084,032307202510190010,1,47580
032,112025,1331015,1001091,032307202510190010,1,47580
032,112025,1331015,1001107,032307202510190010,1,47580
032,112025,1331015,1001128,032307202510190010,1,47580
032,112025,1331015,1001161,032307202510190010,1,47580
032,112025,1331015,1001175,032307202510190010,1,47580
032,112025,1331015,1001176,032307202510190010,1,47580
032,112025,1331015,1001194,032307202510190010,1,47580
032,112025,1331015,1001281,032307202510190010,1,47580
032,112025,1331015,1001289,032307202510190010,1,47580
032,112025,1331015,1001325,032307202510190010,1,47580
032,112025,1331015,1001358,032307202510190010,1,47580
032,112025,1331015,1001422,032307202510190010,1,47580
032,112025,1331015,1001430,032307202510190010,1,47580
032,112025,1331015,1001431,032307202510190010,1,47580
032,112025,1331015,1001437,032307202510190010,1,47580
032,112025,1331015,1001443,032307202510190010,1,47580
032,112025,1331015,1001465,032307202510190010,1,47580
032,112025,1331015,1001629,032307202510190010,1,47580
032,112025,1331015,1001652,032307202510190010,1,47580
032,112025,1331015,1001653,032307202510190010,1,47580
032,112025,1331015,1001656,032307202510190010,1,47580
032,112025,1331015,1001657,032307202510190010,1,47580
032,112025,1331015,1001658,032307202510190010,1,47580
032,112025,1331015,1001699,032307202510190010,1,47580
032,112025,1331015,1001721,032307202510190010,1,47580
032,112025,1331015,1001725,032307202510190010,1,47580
032,112025,1331015,1001888,032307202510190010,1,47580
032,112025,1331015,1001899,032307202510190010,1,47580
032,112025,1331015,1001902,032307202510190010,1,47580
032,112025,1331015,1001903,032307202510190010,1,47580
032,112025,1331015,1001936,032307202510190010,1,47580
032,112025,1331015,1001943,032307202510190010,1,47580
032,112025,1331015,1001972,032307202510190010,1,47580
032,112025,1331015,1001977,032307202510190010,1,47580
032,112025,1331015,1002028,032307202510190010,1,47580
032,112025,1331015,1002106,032307202510190010,1,47580
032,112025,1331015,1002164,032307202510190010,1,47580
032,112025,1331015,1002173,032307202510190010,1,47580
032,112025,1331015,1002180,032307202510190010,1,47580
032,112025,1331015,1002181,032307202510190010,1,47580
032,112025,1331015,1002190,032307202510190010,1,47580
032,112025,1331015,1002223,032307202510190010,1,47580
032,112025,1331015,1002262,032307202510190010,1,47580
032,112025,1331015,1002297,032307202510190010,1,47580
032,112025,1331015,1002307,032307202510190010,1,47580
032,112025,1331015,1002531,032307202510190010,1,47580
032,112025,1331015,1002534,032307202510190010,1,47580
032,112025,1331015,1002547,032307202510190010,1,47580
032,112025,1331015,1002548,032307202510190010,1,47580
032,112025,1331015,1002551,032307202510190010,1,47580
032,112025,1331015,1002552,032307202510190010,1,47580
032,112025,1331015,1002553,032307202510190010,1,47580
032,112025,1331015,1002569,032307202510190010,1,47580
032,112025,1331015,1012620,032307202510190010,1,47580
032,112025,1331015,1012621,032307202510190010,1,47580
032,112025,1331015,1012622,032307202510190010,1,47580
032,112025,1331015,1012632,032307202510190010,1,47580
032,112025,1331015,1012641,032307202510190010,1,47580
032,112025,1331015,1012651,032307202510190010,1,47580
032,112025,1331015,1012655,032307202510190010,1,47580
032,112025,1331015,1012656,032307202510190010,1,47580
032,112025,1331015,1012661,032307202510190010,1,47580
032,112025,1331015,1015007,032307202510190010,1,47580
032,112025,1331015,1016683,032307202510190010,1,47580
032,112025,1331015,1016771,032307202510190010,1,47580
032,112025,1331015,1016772,032307202510190010,1,47580
032,112025,1331015,1016773,032307202510190010,1,47580
032,112025,1331015,2000175,032307202510190010,1,47580
032,112025,1331015,2000177,032307202510190010,1,47580
032,112025,1331015,2000225,032307202510190010,1,47580
032,112025,1331015,2000252,032307202510190010,1,47580
032,112025,1331015,2000253,032307202510190010,1,47580
032,112025,1331015,2000254,032307202510190010,1,47580
032,112025,1331015,2000284,032307202510190010,1,47580
032,112025,1331015,2000288,032307202510190010,1,47580
032,112025,1331015,2000527,032307202510190010,1,47580
032,112025,1331015,2000616,032307202510190010,1,47580
032,112025,1331015,2000715,032307202510190010,1,47580
032,112025,1331015,2000724,032307202510190010,1,47580
032,112025,1331015,2000730,032307202510190010,1,47580
032,112025,1331015,2001159,032307202510190010,1,47580
032,112025,1331015,2001219,032307202510190010,1,47580
032,112025,1331015,2001221,032307202510190010,1,47580
032,112025,1331015,2001222,032307202510190010,1,47580
032,112025,1331015,2001326,032307202510190010,1,47580
032,112025,1331015,2001357,032307202510190010,1,47580
032,112025,1331015,2001723,032307202510190010,1,47580
032,112025,1331015,2002019,032307202510190010,1,47580
032,112025,1331015,2002020,032307202510190010,1,47580
032,112025,1331015,2002021,032307202510190010,1,47580
032,112025,1331015,2002029,032307202510190010,1,47580
032,112025,1331015,2002089,032307202510190010,1,47580
032,112025,1331015,2002101,032307202510190010,1,47580
032,112025,1331015,2002104,032307202510190010,1,47580
032,112025,1331015,2002161,032307202510190010,1,47580
032,112025,1331015,2002162,032307202510190010,1,47580
032,112025,1331015,2002163,032307202510190010,1,47580
032,112025,1331015,2002172,032307202510190010,1,47580
032,112025,1331015,2012643,032307202510190010,1,47580
032,112025,1331015,2016805,032307202510190010,1,47580
032,112025,1331015,3001318,032307202510190010,1,47580
032,112025,1331015,3001344,032307202510190010,1,47580
032,112025,1331015,3001361,032307202510190010,1,47580
032,112025,1331015,3001366,032307202510190010,1,47580
032,112025,1331015,3001374,032307202510190010,1,47580
032,112025,1331015,3001480,032307202510190010,1,47580
032,112025,1331015,4001340,032307202510190010,1,47580
032,112025,1331015,4001341,032307202510190010,1,47580
032,112025,1331015,4001345,032307202510190010,1,47580
032,112025,1331015,4001398,032307202510190010,1,47580
032,112025,1331015,4001406,032307202510190010,1,47580
032,112025,1331015,4001411,032307202510190010,1,47580
032,112025,1331015,4001412,032307202510190010,1,47580
032,112025,1331015,4001413,032307202510190010,1,47580
032,112025,1331015,4001444,032307202510190010,1,47580
032,112025,1331015,4001447,032307202510190010,1,47580
032,112025,1331015,4001450,032307202510190010,1,47580
032,112025,1331015,4001456,032307202510190010,1,47580
032,112025,1331015,4001461,032307202510190010,1,47580
032,112025,1331015,4001469,032307202510190010,1,47580
032,112025,1331015,4001476,032307202510190010,1,47580
032,112025,1331015,4001498,032307202510190010,1,47580
032,112025,1331015,4001502,032307202510190010,1,47580
032,112025,1331015,4001524,032307202510190010,1,47580
032,112025,1331015,4001550,032307202510190010,1,47580
032,112025,1331015,9101167,032307202510190010,1,47580
032,112025,1331015,9101224,032307202510190010,1,47580
032,112025,1331015,9101364,032307202510190010,1,47580
032,112025,1331015,9101404,032307202510190010,1,47580
032,112025,1331015,9101502,032307202510190010,1,47580
032,112025,1331023,94518,032307202510190002,1,11160
032,112025,1331023,99931,032307202510190002,1,11160
032,112025,1331023,100656,032307202510190002,1,11160
032,112025,1331023,103308,032307202510190002,1,11160
032,112025,1331023,103418,032307202510190002,1,11160
032,112025,1331023,103941,032307202510190002,1,11160
032,112025,1331023,1001677,032307202510190002,1,11160
032,112025,1331023,1001678,032307202510190002,1,11160
032,112025,1331023,1001679,032307202510190002,1,11160
032,112025,1331023,2002140,032307202510190002,1,11160
032,112025,1331041,1473,032307202510190013,1,1740
032,112025,1331041,1473,032307202510190008,1,21600
032,112025,1331041,1500,032307202510190013,1,1740
032,112025,1331041,1500,032307202510190008,1,21600
032,112025,1331041,1629,032307202510190013,1,1740
032,112025,1331041,1629,032307202510190008,1,21600
032,112025,1331041,1000457,032307202510190013,1,1740
032,112025,1331041,1000457,032307202510190008,1,21600
032,112025,1331041,1000805,032307202510190013,1,1740
032,112025,1331041,1000805,032307202510190008,1,21600
032,112025,1331041,1000892,032307202510190013,1,1740
032,112025,1331041,1000892,032307202510190008,1,21600
032,112025,1331041,1001772,032307202510190013,1,1740
032,112025,1331041,1001772,032307202510190008,1,21600
032,112025,1331093,1754,032307202510190006,1,6900
032,112025,1331093,1764,032307202510190006,1,6900
032,112025,1331093,90185,032307202510190006,1,6900
032,112025,1331093,96888,032307202510190006,1,6900
032,112025,1331093,97491,032307202510190006,1,6900
032,112025,1331093,97494,032307202510190006,1,6900
032,112025,1331093,97518,032307202510190006,1,6900
032,112025,1331093,97519,032307202510190006,1,6900
032,112025,1331093,99978,032307202510190006,1,6900
032,112025,1331093,99996,032307202510190006,1,6900
032,112025,1331093,100192,032307202510190006,1,6900
032,112025,1331093,1000441,032307202510190005,2,9780
032,112025,1331093,1000443,032307202510190006,1,6900
032,112025,1331093,1000445,032307202510190006,1,6900
032,112025,1331093,1000872,032307202510190006,1,6900
032,112025,1331093,1012617,032307202510190006,1,6900
032,112025,1331093,1015028,032307202510190006,1,6900
032,112025,1331093,2001671,032307202510190006,1,6900
032,112025,1331093,2001933,032307202510190006,1,6900
032,112025,1331101,2001551,032307202510190003,1,8040
032,112025,1331283,1000658,032307202510200003,1,32580
032,112025,1331311,1000805,032307202510200005,1,13200
032,112025,1331326,1000649,032307202510200001,1,4260
032,112025,1331326,1000650,032307202510200001,1,4260
032,112025,1331326,1000651,032307202510200001,1,4260
032,112025,1331326,1000654,032307202510200001,1,4260
032,112025,1331326,1000655,032307202510200001,1,4260
032,112025,1331326,1000656,032307202510200001,1,4260
032,112025,1331326,1002097,032307202510200001,1,4260
032,112025,1331326,1002100,032307202510200001,1,4260
032,112025,1331326,1002320,032307202510200001,1,4260
032,112025,1331326,1002321,032307202510200001,1,4260
032,112025,1331326,2000652,032307202510200001,1,4260
032,112025,1331326,2002098,032307202510200001,1,4260
032,112025,1331326,2002099,032307202510200001,1,4260
032,112025,1331326,2002103,032307202510200001,1,4260
032,112025,1331326,4001362,032307202510200001,1,4260
032,112025,1331326,4001363,032307202510200001,1,4260
032,112025,1331414,1000892,032307202510200006,1,13860
032,112025,1331494,1000399,032307202510200010,1,18360
032,112025,1331494,1000940,032307202510200010,1,18360
032,112025,1331494,1001123,032307202510200010,1,18360
032,112025,1331494,1001369,032307202510200010,1,18360
032,112025,1331494,4001525,032307202510200010,1,18360
032,112025,1331510,96688,032307202510200012,1,2940
032,112025,1331533,97780,032307202510200014,1,9120
032,112025,1331571,1000802,032307202510200018,1,77520
032,112025,1331571,1000977,032307202510200018,1,77520
032,112025,1331755,1001374,032307202510210005,1,7620
032,112025,1331871,1001627,032307202510210008,1,4140
032,112025,1331926,94696,032307202510210011,1,5220
032,112025,1331926,102194,032307202510210011,1,5220
032,112025,1331926,1000388,032307202510210013,2,5220
032,112025,1331984,1152,032307202510220008,3,60600
032,112025,1331984,1321,032307202510220008,2,47940
032,112025,1331984,1348,032307202510220008,3,60600
032,112025,1331984,1374,032307202510220008,2,47940
032,112025,1331984,1433,032307202510220008,1,4020
032,112025,1331984,1514,032307202510220008,2,47940
032,112025,1331984,1581,032307202510220008,1,4020
032,112025,1331984,1582,032307202510220008,1,4020
032,112025,1331984,1583,032307202510220008,1,4020
032,112025,1331984,1584,032307202510220008,1,4020
032,112025,1331984,1621,032307202510220008,3,60600
032,112025,1331984,1659,032307202510220008,2,47940
032,112025,1331984,1660,032307202510220008,2,47940
032,112025,1331984,1662,032307202510220008,1,4020
032,112025,1331984,1776,032307202510220008,1,4020
032,112025,1331984,96986,032307202510220008,2,47940
032,112025,1331984,97309,032307202510220008,2,47940
032,112025,1331984,97320,032307202510220008,2,47940
032,112025,1331984,97776,032307202510220008,1,4020
032,112025,1331984,98211,032307202510220008,2,47940
032,112025,1331984,98700,032307202510220008,1,4020
032,112025,1331984,100606,032307202510220008,1,4020
032,112025,1331984,101064,032307202510220008,1,4020
032,112025,1331984,101418,032307202510220008,1,4020
032,112025,1331984,101474,032307202510220008,1,4020
032,112025,1331984,101494,032307202510220008,1,4020
032,112025,1331984,101533,032307202510220008,1,4020
032,112025,1331984,101535,032307202510220008,1,4020
032,112025,1331984,102215,032307202510220008,1,4020
032,112025,1331984,102236,032307202510220008,1,4020
032,112025,1331984,103216,032307202510220008,1,4020
032,112025,1331984,103627,032307202510220008,1,4020
032,112025,1331984,104084,032307202510220008,1,4020
032,112025,1331984,104114,032307202510220008,1,4020
032,112025,1331984,1000031,032307202510220008,3,60600
032,112025,1331984,1000032,032307202510220008,3,60600
032,112025,1331984,1000034,032307202510220008,2,47940
032,112025,1331984,1000035,032307202510220008,2,47940
032,112025,1331984,1000036,032307202510220008,2,47940
032,112025,1331984,1000037,032307202510220008,2,47940
032,112025,1331984,1000038,032307202510220008,2,47940
032,112025,1331984,1000039,032307202510220008,2,47940
032,112025,1331984,1000040,032307202510220008,2,47940
032,112025,1331984,1000041,032307202510220008,2,47940
032,112025,1331984,1000043,032307202510220008,2,47940
032,112025,1331984,1000044,032307202510220008,2,47940
032,112025,1331984,1000045,032307202510220008,2,47940
032,112025,1331984,1000046,032307202510220008,2,47940
032,112025,1331984,1000048,032307202510220008,2,47940
032,112025,1331984,1000101,032307202510220008,1,4020
032,112025,1331984,1000107,032307202510220008,1,4020
032,112025,1331984,1000109,032307202510220008,2,47940
032,112025,1331984,1000110,032307202510220008,2,47940
032,112025,1331984,1000112,032307202510220008,2,47940
032,112025,1331984,1000119,032307202510220008,1,4020
032,112025,1331984,1000139,032307202510220008,2,47940
032,112025,1331984,1000140,032307202510220008,2,47940
032,112025,1331984,1000141,032307202510220008,2,47940
032,112025,1331984,1000257,032307202510220008,1,4020
032,112025,1331984,1000260,032307202510220008,2,47940
032,112025,1331984,1000268,032307202510220008,1,4020
032,112025,1331984,1000281,032307202510220008,1,4020
032,112025,1331984,1000320,032307202510220008,1,4020
032,112025,1331984,1000342,032307202510220008,2,47940
032,112025,1331984,1000343,032307202510220008,2,47940
032,112025,1331984,1000344,032307202510220008,2,47940
032,112025,1331984,1000437,032307202510220008,2,47940
032,112025,1331984,1000455,032307202510220008,2,47940
032,112025,1331984,1000479,032307202510220008,2,47940
032,112025,1331984,1000637,032307202510220008,3,60600
032,112025,1331984,1000672,032307202510220008,2,47940
032,112025,1331984,1000831,032307202510220008,2,47940
032,112025,1331984,1000949,032307202510220008,2,47940
032,112025,1331984,1000979,032307202510220008,2,47940
032,112025,1331984,1000980,032307202510220008,2,47940
032,112025,1331984,1000982,032307202510220008,2,47940
032,112025,1331984,1001003,032307202510220008,1,4020
032,112025,1331984,1001044,032307202510220008,2,47940
032,112025,1331984,1001072,032307202510220008,1,4020
032,112025,1331984,1001113,032307202510220008,2,47940
032,112025,1331984,1001133,032307202510220008,2,47940
032,112025,1331984,1001174,032307202510220008,2,47940
032,112025,1331984,1001183,032307202510220008,1,4020
032,112025,1331984,1001191,032307202510220008,1,4020
032,112025,1331984,1001285,032307202510220008,2,47940
032,112025,1331984,1001287,032307202510220008,1,4020
032,112025,1331984,1001293,032307202510220008,2,47940
032,112025,1331984,1001295,032307202510220008,2,47940
032,112025,1331984,1001473,032307202510220008,2,47940
032,112025,1331984,1001474,032307202510220008,2,47940
032,112025,1331984,1001476,032307202510220008,2,47940
032,112025,1331984,1001477,032307202510220008,2,47940
032,112025,1331984,1001728,032307202510220008,1,4020
032,112025,1331984,1001767,032307202510220008,2,47940
032,112025,1331984,1001890,032307202510220008,2,47940
032,112025,1331984,1001968,032307202510220008,2,47940
032,112025,1331984,1002232,032307202510220008,2,47940
032,112025,1331984,1002241,032307202510220008,2,47940
032,112025,1331984,1002251,032307202510220008,1,4020
032,112025,1331984,1002252,032307202510220008,1,4020
032,112025,1331984,1002253,032307202510220008,1,4020
032,112025,1331984,1002256,032307202510220008,2,47940
032,112025,1331984,1002269,032307202510220008,2,47940
032,112025,1331984,1002555,032307202510220008,2,47940
032,112025,1331984,1002867,032307202510220008,2,47940
032,112025,1331984,1002871,032307202510220008,2,47940
032,112025,1331984,1002872,032307202510220008,2,47940
032,112025,1331984,1002873,032307202510220008,2,47940
032,112025,1331984,1002874,032307202510220008,2,47940
032,112025,1331984,1002875,032307202510220008,2,47940
032,112025,1331984,1002876,032307202510220008,2,47940
032,112025,1331984,1002878,032307202510220008,2,47940
032,112025,1331984,1016702,032307202510220008,1,4020
032,112025,1331984,1016720,032307202510220008,2,47940
032,112025,1331984,1016724,032307202510220008,2,47940
032,112025,1331984,1016765,032307202510220008,2,47940
032,112025,1331984,1016778,032307202510220008,1,4020
032,112025,1331984,1016799,032307202510220008,2,47940
032,112025,1331984,2000033,032307202510220008,3,60600
032,112025,1331984,2000102,032307202510220008,1,4020
032,112025,1331984,2000108,032307202510220008,1,4020
032,112025,1331984,2000274,032307202510220008,3,60600
032,112025,1331984,2000303,032307202510220008,1,4020
032,112025,1331984,2000319,032307202510220008,1,4020
032,112025,1331984,2000364,032307202510220008,3,60600
032,112025,1331984,2000619,032307202510220008,2,47940
032,112025,1331984,2000897,032307202510220008,2,47940
032,112025,1331984,2001117,032307202510220008,2,47940
032,112025,1331984,2001180,032307202510220008,2,47940
032,112025,1331984,2001234,032307202510220008,1,4020
032,112025,1331984,2001475,032307202510220008,2,47940
032,112025,1331984,2001524,032307202510220008,2,47940
032,112025,1331984,2001607,032307202510220008,2,47940
032,112025,1331984,2001841,032307202510220008,3,60600
032,112025,1331984,2001891,032307202510220008,2,47940
032,112025,1331984,2001892,032307202510220008,2,47940
032,112025,1331984,2002024,032307202510220008,2,47940
032,112025,1331984,2002244,032307202510220008,1,4020
032,112025,1331984,2002260,032307202510220008,2,47940
032,112025,1331984,2002261,032307202510220008,2,47940
032,112025,1331984,2002879,032307202510220008,2,47940
032,112025,1331984,2016675,032307202510220008,2,47940
032,112025,1331984,2016794,032307202510220008,1,4020
032,112025,1331984,2016804,032307202510220008,1,4020
032,112025,1331984,3000111,032307202510220008,2,47940
032,112025,1331984,3001308,032307202510220008,2,47940
032,112025,1331984,3001309,032307202510220008,2,47940
032,112025,1331984,3001338,032307202510220008,2,47940
032,112025,1331984,4001394,032307202510220008,1,4020
032,112025,1331984,4001429,032307202510220008,2,47940
032,112025,1331984,4001458,032307202510220008,1,4020
032,112025,1332000,1162,032307202510220002,3,8580
032,112025,1332000,1221,032307202510220002,3,8580
032,112025,1332000,1238,032307202510220002,4,17400
032,112025,1332000,1337,032307202510220002,3,8580
032,112025,1332000,1339,032307202510220002,4,17400
032,112025,1332000,1351,032307202510220002,4,17400
032,112025,1332000,1362,032307202510220002,4,17400
032,112025,1332000,1365,032307202510220002,3,8580
032,112025,1332000,1397,032307202510220002,2,8580
032,112025,1332000,1400,032307202510220002,4,17400
032,112025,1332000,1411,032307202510220002,2,8580
032,112025,1332000,1412,032307202510220002,2,8580
032,112025,1332000,1442,032307202510220002,4,17400
032,112025,1332000,1451,032307202510220002,2,8580
032,112025,1332000,1473,032307202510220002,4,17400
032,112025,1332000,1474,032307202510220002,4,17400
032,112025,1332000,1485,032307202510220002,2,8580
032,112025,1332000,1491,032307202510220002,4,17400
032,112025,1332000,1492,032307202510220002,4,17400
032,112025,1332000,1500,032307202510220002,4,17400
032,112025,1332000,1512,032307202510220002,3,8580
032,112025,1332000,1516,032307202510220002,4,17400
032,112025,1332000,1527,032307202510220002,3,8580
032,112025,1332000,1528,032307202510220002,4,17400
032,112025,1332000,1536,032307202510220002,2,8580
032,112025,1332000,1542,032307202510220002,2,8580
032,112025,1332000,1568,032307202510220002,3,8580
032,112025,1332000,1594,032307202510220002,4,17400
032,112025,1332000,1601,032307202510220002,3,8580
032,112025,1332000,1602,032307202510220002,4,17400
032,112025,1332000,1606,032307202510220002,2,8580
032,112025,1332000,1620,032307202510220002,2,8580
032,112025,1332000,1629,032307202510220002,4,17400
032,112025,1332000,1631,032307202510220002,1,4560
032,112025,1332000,1632,032307202510220002,1,4560
032,112025,1332000,1636,032307202510220002,2,8580
032,112025,1332000,1641,032307202510220002,3,8580
032,112025,1332000,1648,032307202510220002,3,8580
032,112025,1332000,1681,032307202510220002,4,17400
032,112025,1332000,1685,032307202510220002,2,8580
032,112025,1332000,1686,032307202510220002,3,8580
032,112025,1332000,1696,032307202510220002,2,8580
032,112025,1332000,1697,032307202510220002,2,8580
032,112025,1332000,1700,032307202510220002,2,8580
032,112025,1332000,1714,032307202510220002,2,8580
032,112025,1332000,1715,032307202510220002,4,17400
032,112025,1332000,1724,032307202510220002,3,8580
032,112025,1332000,1733,032307202510220002,3,8580
032,112025,1332000,1741,032307202510220002,3,8580
032,112025,1332000,1743,032307202510220002,3,8580
032,112025,1332000,1758,032307202510220002,3,8580
032,112025,1332000,1775,032307202510220002,2,8580
032,112025,1332000,93825,032307202510220002,1,4560
032,112025,1332000,93918,032307202510220002,2,8580
032,112025,1332000,93973,032307202510220002,4,17400
032,112025,1332000,94097,032307202510220002,2,8580
032,112025,1332000,94275,032307202510220002,4,17400
032,112025,1332000,94276,032307202510220002,4,17400
032,112025,1332000,94277,032307202510220002,4,17400
032,112025,1332000,94517,032307202510220002,3,8580
032,112025,1332000,94519,032307202510220002,2,8580
032,112025,1332000,94687,032307202510220002,3,8580
032,112025,1332000,94736,032307202510220002,2,8580
032,112025,1332000,96628,032307202510220002,4,17400
032,112025,1332000,96685,032307202510220002,4,17400
032,112025,1332000,96876,032307202510220002,3,8580
032,112025,1332000,97481,032307202510220002,4,17400
032,112025,1332000,97537,032307202510220002,2,8580
032,112025,1332000,97552,032307202510220002,4,17400
032,112025,1332000,97553,032307202510220002,4,17400
032,112025,1332000,97620,032307202510220002,4,17400
032,112025,1332000,97695,032307202510220002,4,17400
032,112025,1332000,97770,032307202510220002,4,17400
032,112025,1332000,97801,032307202510220002,3,8580
032,112025,1332000,97881,032307202510220002,4,17400
032,112025,1332000,97935,032307202510220002,4,17400
032,112025,1332000,97991,032307202510220002,4,17400
032,112025,1332000,98001,032307202510220002,4,17400
032,112025,1332000,98002,032307202510220002,4,17400
032,112025,1332000,98126,032307202510220002,2,8580
032,112025,1332000,98130,032307202510220002,3,8580
032,112025,1332000,98134,032307202510220002,2,8580
032,112025,1332000,98285,032307202510220002,2,8580
032,112025,1332000,98286,032307202510220002,3,8580
032,112025,1332000,98287,032307202510220002,4,17400
032,112025,1332000,98294,032307202510220002,4,17400
032,112025,1332000,98295,032307202510220002,2,8580
032,112025,1332000,98648,032307202510220002,4,17400
032,112025,1332000,98935,032307202510220002,3,8580
032,112025,1332000,99037,032307202510220002,2,8580
032,112025,1332000,99089,032307202510220002,3,8580
032,112025,1332000,99279,032307202510220002,3,8580
032,112025,1332000,99356,032307202510220002,2,8580
032,112025,1332000,99477,032307202510220002,2,8580
032,112025,1332000,99921,032307202510220002,4,17400
032,112025,1332000,100065,032307202510220002,3,8580
032,112025,1332000,100165,032307202510220002,2,8580
032,112025,1332000,100191,032307202510220002,2,8580
032,112025,1332000,100251,032307202510220002,4,17400
032,112025,1332000,100514,032307202510220002,4,17400
032,112025,1332000,100597,032307202510220002,4,17400
032,112025,1332000,100616,032307202510220002,2,8580
032,112025,1332000,100626,032307202510220002,3,8580
032,112025,1332000,100631,032307202510220002,3,8580
032,112025,1332000,100636,032307202510220002,2,8580
032,112025,1332000,100647,032307202510220002,4,17400
032,112025,1332000,100648,032307202510220002,2,8580
032,112025,1332000,100649,032307202510220002,4,17400
032,112025,1332000,100658,032307202510220002,4,17400
032,112025,1332000,100758,032307202510220002,3,8580
032,112025,1332000,101416,032307202510220002,3,8580
032,112025,1332000,101424,032307202510220002,2,8580
032,112025,1332000,101580,032307202510220002,2,8580
032,112025,1332000,101740,032307202510220002,3,8580
032,112025,1332000,101866,032307202510220002,4,17400
032,112025,1332000,102140,032307202510220002,2,8580
032,112025,1332000,102149,032307202510220002,3,8580
032,112025,1332000,102150,032307202510220002,3,8580
032,112025,1332000,102151,032307202510220002,2,8580
032,112025,1332000,102152,032307202510220002,3,8580
032,112025,1332000,102155,032307202510220002,4,17400
032,112025,1332000,102173,032307202510220002,4,17400
032,112025,1332000,102275,032307202510220002,3,8580
032,112025,1332000,102521,032307202510220002,4,17400
032,112025,1332000,102522,032307202510220002,4,17400
032,112025,1332000,103282,032307202510220002,4,17400
032,112025,1332000,103622,032307202510220002,4,17400
032,112025,1332000,103625,032307202510220002,3,8580
032,112025,1332000,103664,032307202510220002,2,8580
032,112025,1332000,103738,032307202510220002,3,8580
032,112025,1332000,103740,032307202510220002,2,8580
032,112025,1332000,103743,032307202510220002,4,17400
032,112025,1332000,103799,032307202510220002,3,8580
032,112025,1332000,103827,032307202510220002,3,8580
032,112025,1332000,103945,032307202510220002,2,8580
032,112025,1332000,103981,032307202510220002,4,17400
032,112025,1332000,103987,032307202510220002,4,17400
032,112025,1332000,104159,032307202510220002,3,8580
032,112025,1332000,1000096,032307202510220002,3,8580
032,112025,1332000,1000097,032307202510220002,2,8580
032,112025,1332000,1000176,032307202510220002,4,17400
032,112025,1332000,1000178,032307202510220002,4,17400
032,112025,1332000,1000179,032307202510220002,4,17400
032,112025,1332000,1000180,032307202510220002,3,8580
032,112025,1332000,1000181,032307202510220002,3,8580
032,112025,1332000,1000182,032307202510220002,3,8580
032,112025,1332000,1000184,032307202510220002,3,8580
032,112025,1332000,1000186,032307202510220002,3,8580
032,112025,1332000,1000188,032307202510220002,3,8580
032,112025,1332000,1000189,032307202510220002,3,8580
032,112025,1332000,1000190,032307202510220002,3,8580
032,112025,1332000,1000191,032307202510220002,3,8580
032,112025,1332000,1000193,032307202510220002,3,8580
032,112025,1332000,1000194,032307202510220002,3,8580
032,112025,1332000,1000217,032307202510220002,4,17400
032,112025,1332000,1000219,032307202510220002,4,17400
032,112025,1332000,1000250,032307202510220002,4,17400
032,112025,1332000,1000276,032307202510220002,2,8580
032,112025,1332000,1000287,032307202510220002,4,17400
032,112025,1332000,1000300,032307202510220002,2,8580
032,112025,1332000,1000302,032307202510220002,4,17400
032,112025,1332000,1000371,032307202510220002,4,17400
032,112025,1332000,1000414,032307202510220002,2,8580
032,112025,1332000,1000416,032307202510220002,2,8580
032,112025,1332000,1000419,032307202510220002,3,8580
032,112025,1332000,1000421,032307202510220002,2,8580
032,112025,1332000,1000422,032307202510220002,2,8580
032,112025,1332000,1000424,032307202510220002,2,8580
032,112025,1332000,1000427,032307202510220002,2,8580
032,112025,1332000,1000431,032307202510220002,2,8580
032,112025,1332000,1000432,032307202510220002,2,8580
032,112025,1332000,1000457,032307202510220002,4,17400
032,112025,1332000,1000475,032307202510220002,4,17400
032,112025,1332000,1000493,032307202510220002,3,8580
032,112025,1332000,1000512,032307202510220002,3,8580
032,112025,1332000,1000514,032307202510220002,3,8580
032,112025,1332000,1000516,032307202510220002,3,8580
032,112025,1332000,1000518,032307202510220002,3,8580
032,112025,1332000,1000524,032307202510220002,2,8580
032,112025,1332000,1000626,032307202510220002,4,17400
032,112025,1332000,1000638,032307202510220002,3,8580
032,112025,1332000,1000729,032307202510220002,3,8580
032,112025,1332000,1000750,032307202510220002,4,17400
032,112025,1332000,1000805,032307202510220002,4,17400
032,112025,1332000,1000827,032307202510220002,4,17400
032,112025,1332000,1000867,032307202510220002,3,8580
032,112025,1332000,1000868,032307202510220002,3,8580
032,112025,1332000,1000869,032307202510220002,3,8580
032,112025,1332000,1000892,032307202510220002,4,17400
032,112025,1332000,1000914,032307202510220002,3,8580
032,112025,1332000,1000915,032307202510220002,3,8580
032,112025,1332000,1000916,032307202510220002,3,8580
032,112025,1332000,1000917,032307202510220002,3,8580
032,112025,1332000,1000926,032307202510220002,3,8580
032,112025,1332000,1000936,032307202510220002,3,8580
032,112025,1332000,1000959,032307202510220002,2,8580
032,112025,1332000,1000964,032307202510220002,4,17400
032,112025,1332000,1000973,032307202510220002,2,8580
032,112025,1332000,1001011,032307202510220002,3,8580
032,112025,1332000,1001012,032307202510220002,3,8580
032,112025,1332000,1001015,032307202510220002,2,8580
032,112025,1332000,1001016,032307202510220002,2,8580
032,112025,1332000,1001017,032307202510220002,2,8580
032,112025,1332000,1001018,032307202510220002,2,8580
032,112025,1332000,1001019,032307202510220002,2,8580
032,112025,1332000,1001030,032307202510220002,2,8580
032,112025,1332000,1001038,032307202510220002,2,8580
032,112025,1332000,1001057,032307202510220002,4,17400
032,112025,1332000,1001061,032307202510220002,2,8580
032,112025,1332000,1001063,032307202510220002,2,8580
032,112025,1332000,1001064,032307202510220002,2,8580
032,112025,1332000,1001065,032307202510220002,2,8580
032,112025,1332000,1001066,032307202510220002,2,8580
032,112025,1332000,1001074,032307202510220002,4,17400
032,112025,1332000,1001080,032307202510220002,4,17400
032,112025,1332000,1001091,032307202510220002,3,8580
032,112025,1332000,1001128,032307202510220002,4,17400
032,112025,1332000,1001157,032307202510220002,2,8580
032,112025,1332000,1001158,032307202510220002,2,8580
032,112025,1332000,1001159,032307202510220002,2,8580
032,112025,1332000,1001160,032307202510220002,2,8580
032,112025,1332000,1001161,032307202510220002,4,17400
032,112025,1332000,1001175,032307202510220002,3,8580
032,112025,1332000,1001176,032307202510220002,4,17400
032,112025,1332000,1001194,032307202510220002,3,8580
032,112025,1332000,1001281,032307202510220002,3,8580
032,112025,1332000,1001289,032307202510220002,4,17400
032,112025,1332000,1001296,032307202510220002,2,8580
032,112025,1332000,1001297,032307202510220002,2,8580
032,112025,1332000,1001358,032307202510220002,1,4560
032,112025,1332000,1001364,032307202510220002,2,8580
032,112025,1332000,1001376,032307202510220002,4,17400
032,112025,1332000,1001379,032307202510220002,2,8580
032,112025,1332000,1001380,032307202510220002,2,8580
032,112025,1332000,1001409,032307202510220002,3,8580
032,112025,1332000,1001422,032307202510220002,3,8580
032,112025,1332000,1001443,032307202510220002,4,17400
032,112025,1332000,1001465,032307202510220002,4,17400
032,112025,1332000,1001480,032307202510220002,3,8580
032,112025,1332000,1001481,032307202510220002,3,8580
032,112025,1332000,1001572,032307202510220002,2,8580
032,112025,1332000,1001652,032307202510220002,4,17400
032,112025,1332000,1001653,032307202510220002,4,17400
032,112025,1332000,1001656,032307202510220002,4,17400
032,112025,1332000,1001657,032307202510220002,4,17400
032,112025,1332000,1001658,032307202510220002,4,17400
032,112025,1332000,1001665,032307202510220002,4,17400
032,112025,1332000,1001666,032307202510220002,4,17400
032,112025,1332000,1001669,032307202510220002,2,8580
032,112025,1332000,1001709,032307202510220002,3,8580
032,112025,1332000,1001710,032307202510220002,3,8580
032,112025,1332000,1001716,032307202510220002,3,8580
032,112025,1332000,1001721,032307202510220002,4,17400
032,112025,1332000,1001725,032307202510220002,3,8580
032,112025,1332000,1001732,032307202510220002,3,8580
032,112025,1332000,1001762,032307202510220002,3,8580
032,112025,1332000,1001772,032307202510220002,4,17400
032,112025,1332000,1001829,032307202510220002,3,8580
032,112025,1332000,1001899,032307202510220002,4,17400
032,112025,1332000,1001902,032307202510220002,4,17400
032,112025,1332000,1001906,032307202510220002,4,17400
032,112025,1332000,1001942,032307202510220002,3,8580
032,112025,1332000,1001956,032307202510220002,4,17400
032,112025,1332000,1001972,032307202510220002,3,8580
032,112025,1332000,1002028,032307202510220002,4,17400
032,112025,1332000,1002042,032307202510220002,2,8580
032,112025,1332000,1002057,032307202510220002,3,8580
032,112025,1332000,1002164,032307202510220002,3,8580
032,112025,1332000,1002173,032307202510220002,3,8580
032,112025,1332000,1002180,032307202510220002,3,8580
032,112025,1332000,1002181,032307202510220002,3,8580
032,112025,1332000,1002223,032307202510220002,3,8580
032,112025,1332000,1002284,032307202510220002,3,8580
032,112025,1332000,1002286,032307202510220002,3,8580
032,112025,1332000,1002307,032307202510220002,4,17400
032,112025,1332000,1002426,032307202510220002,4,17400
032,112025,1332000,1002531,032307202510220002,3,8580
032,112025,1332000,1002534,032307202510220002,4,17400
032,112025,1332000,1002553,032307202510220002,4,17400
032,112025,1332000,1002569,032307202510220002,4,17400
032,112025,1332000,1012618,032307202510220002,4,17400
032,112025,1332000,1012619,032307202510220002,2,8580
032,112025,1332000,1012620,032307202510220002,3,8580
032,112025,1332000,1012621,032307202510220002,4,17400
032,112025,1332000,1012622,032307202510220002,4,17400
032,112025,1332000,1012626,032307202510220002,3,8580
032,112025,1332000,1012632,032307202510220002,3,8580
032,112025,1332000,1012651,032307202510220002,4,17400
032,112025,1332000,1016771,032307202510220002,3,8580
032,112025,1332000,1016782,032307202510220002,2,8580
032,112025,1332000,1016784,032307202510220002,3,8580
032,112025,1332000,1016819,032307202510220002,3,8580
032,112025,1332000,2000177,032307202510220002,4,17400
032,112025,1332000,2000247,032307202510220002,4,17400
032,112025,1332000,2000253,032307202510220002,4,17400
032,112025,1332000,2000254,032307202510220002,4,17400
032,112025,1332000,2000256,032307202510220002,3,8580
032,112025,1332000,2000284,032307202510220002,4,17400
032,112025,1332000,2000288,032307202510220002,4,17400
032,112025,1332000,2000429,032307202510220002,2,8580
032,112025,1332000,2000616,032307202510220002,3,8580
032,112025,1332000,2000715,032307202510220002,3,8580
032,112025,1332000,2000730,032307202510220002,3,8580
032,112025,1332000,2000924,032307202510220002,4,17400
032,112025,1332000,2001014,032307202510220002,2,8580
032,112025,1332000,2001168,032307202510220002,3,8580
032,112025,1332000,2001171,032307202510220002,3,8580
032,112025,1332000,2001172,032307202510220002,3,8580
032,112025,1332000,2001219,032307202510220002,3,8580
032,112025,1332000,2001221,032307202510220002,3,8580
032,112025,1332000,2001222,032307202510220002,3,8580
032,112025,1332000,2001232,032307202510220002,2,8580
032,112025,1332000,2001357,032307202510220002,4,17400
032,112025,1332000,2001408,032307202510220002,3,8580
032,112025,1332000,2001587,032307202510220002,4,17400
032,112025,1332000,2001723,032307202510220002,3,8580
032,112025,1332000,2001853,032307202510220002,2,8580
032,112025,1332000,2001883,032307202510220002,3,8580
032,112025,1332000,2001909,032307202510220002,2,8580
032,112025,1332000,2002019,032307202510220002,4,17400
032,112025,1332000,2002020,032307202510220002,4,17400
032,112025,1332000,2002029,032307202510220002,4,17400
032,112025,1332000,2002047,032307202510220002,2,8580
032,112025,1332000,2002055,032307202510220002,3,8580
032,112025,1332000,2002056,032307202510220002,3,8580
032,112025,1332000,2002061,032307202510220002,2,8580
032,112025,1332000,2002064,032307202510220002,2,8580
032,112025,1332000,2002161,032307202510220002,3,8580
032,112025,1332000,2002162,032307202510220002,3,8580
032,112025,1332000,2002163,032307202510220002,3,8580
032,112025,1332000,2002172,032307202510220002,3,8580
032,112025,1332000,2002283,032307202510220002,3,8580
032,112025,1332000,2002285,032307202510220002,3,8580
032,112025,1332000,2002287,032307202510220002,2,8580
032,112025,1332000,2002427,032307202510220002,4,17400
032,112025,1332000,2003012,032307202510220002,2,8580
032,112025,1332000,2016764,032307202510220002,3,8580
032,112025,1332000,2016777,032307202510220002,2,8580
032,112025,1332000,3000517,032307202510220002,3,8580
032,112025,1332000,3001035,032307202510220002,2,8580
032,112025,1332000,3001169,032307202510220002,3,8580
032,112025,1332000,3001318,032307202510220002,4,17400
032,112025,1332000,3001344,032307202510220002,3,8580
032,112025,1332000,3001361,032307202510220002,1,4560
032,112025,1332000,3001372,032307202510220002,2,8580
032,112025,1332000,3001375,032307202510220002,2,8580
032,112025,1332000,3001480,032307202510220002,3,8580
032,112025,1332000,3001496,032307202510220002,3,8580
032,112025,1332000,4001341,032307202510220002,4,17400
032,112025,1332000,4001411,032307202510220002,4,17400
032,112025,1332000,4001412,032307202510220002,4,17400
032,112025,1332000,4001413,032307202510220002,4,17400
032,112025,1332000,4001414,032307202510220002,2,8580
032,112025,1332000,4001415,032307202510220002,2,8580
032,112025,1332000,4001417,032307202510220002,2,8580
032,112025,1332000,4001418,032307202510220002,2,8580
032,112025,1332000,4001444,032307202510220002,3,8580
032,112025,1332000,4001447,032307202510220002,4,17400
032,112025,1332000,4001450,032307202510220002,4,17400
032,112025,1332000,4001459,032307202510220002,4,17400
032,112025,1332000,4001460,032307202510220002,2,8580
032,112025,1332000,4001461,032307202510220002,4,17400
032,112025,1332000,4001465,032307202510220002,3,8580
032,112025,1332000,4001466,032307202510220002,3,8580
032,112025,1332000,4001467,032307202510220002,3,8580
032,112025,1332000,4001468,032307202510220002,3,8580
032,112025,1332000,4001469,032307202510220002,4,17400
032,112025,1332000,4001481,032307202510220002,3,8580
032,112025,1332000,4001498,032307202510220002,4,17400
032,112025,1332000,4001500,032307202510220002,3,8580
032,112025,1332000,4001501,032307202510220002,3,8580
032,112025,1332000,4001502,032307202510220002,3,8580
032,112025,1332000,4001504,032307202510220002,3,8580
032,112025,1332000,4001512,032307202510220002,2,8580
032,112025,1332000,4001522,032307202510220002,4,17400
032,112025,1332000,4001542,032307202510220002,4,17400
032,112025,1332000,4001550,032307202510220002,3,8580
032,112025,1332000,4001552,032307202510220002,2,8580
032,112025,1332000,4001555,032307202510220002,2,8580
032,112025,1332000,9101149,032307202510220002,3,8580
032,112025,1332000,9101151,032307202510220002,3,8580
032,112025,1332000,9101167,032307202510220002,3,8580
032,112025,1332000,9101224,032307202510220002,3,8580
032,112025,1332000,9101338,032307202510220002,3,8580
032,112025,1332000,9101380,032307202510220002,2,8580
032,112025,1332000,9101404,032307202510220002,4,17400
032,112025,1332000,9101502,032307202510220002,3,8580
032,112025,1332155,1536,032307202510220006,1,14700
032,112025,1332155,102151,032307202510220006,1,14700
032,112025,1332155,103945,032307202510220006,1,14700
032,112025,1332155,1000422,032307202510220006,1,14700
032,112025,1332155,1000427,032307202510220006,1,14700
032,112025,1332155,1000524,032307202510220006,1,14700
032,112025,1332283,99958,032307202510220009,1,9000
032,112025,1332283,100632,032307202510220009,1,9000
032,112025,1332283,4001422,032307202510220009,1,9000
032,112025,1332380,1152,032307202510220011,1,1200
032,112025,1332380,1321,032307202510220011,1,1200
032,112025,1332380,1348,032307202510220011,1,1200
032,112025,1332380,1374,032307202510220011,1,1200
032,112025,1332380,1514,032307202510220011,1,1200
032,112025,1332380,1621,032307202510220011,1,1200
032,112025,1332380,1659,032307202510220011,1,1200
032,112025,1332380,1660,032307202510220011,1,1200
032,112025,1332380,96986,032307202510220011,1,1200
032,112025,1332380,97309,032307202510220011,1,1200
032,112025,1332380,97320,032307202510220011,1,1200
032,112025,1332380,98211,032307202510220011,1,1200
032,112025,1332380,1000031,032307202510220011,1,1200
032,112025,1332380,1000032,032307202510220011,1,1200
032,112025,1332380,1000034,032307202510220011,1,1200
032,112025,1332380,1000035,032307202510220011,1,1200
032,112025,1332380,1000036,032307202510220011,1,1200
032,112025,1332380,1000037,032307202510220011,1,1200
032,112025,1332380,1000038,032307202510220011,1,1200
032,112025,1332380,1000039,032307202510220011,1,1200
032,112025,1332380,1000040,032307202510220011,1,1200
032,112025,1332380,1000041,032307202510220011,1,1200
032,112025,1332380,1000043,032307202510220011,1,1200
032,112025,1332380,1000044,032307202510220011,1,1200
032,112025,1332380,1000045,032307202510220011,1,1200
032,112025,1332380,1000046,032307202510220011,1,1200
032,112025,1332380,1000048,032307202510220011,1,1200
032,112025,1332380,1000109,032307202510220011,1,1200
032,112025,1332380,1000110,032307202510220011,1,1200
032,112025,1332380,1000112,032307202510220011,1,1200
032,112025,1332380,1000139,032307202510220011,1,1200
032,112025,1332380,1000140,032307202510220011,1,1200
032,112025,1332380,1000141,032307202510220011,1,1200
032,112025,1332380,1000260,032307202510220011,1,1200
032,112025,1332380,1000342,032307202510220011,1,1200
032,112025,1332380,1000343,032307202510220011,1,1200
032,112025,1332380,1000344,032307202510220011,1,1200
032,112025,1332380,1000437,032307202510220011,1,1200
032,112025,1332380,1000455,032307202510220011,1,1200
032,112025,1332380,1000479,032307202510220011,1,1200
032,112025,1332380,1000637,032307202510220011,1,1200
032,112025,1332380,1000672,032307202510220011,1,1200
032,112025,1332380,1000831,032307202510220011,1,1200
032,112025,1332380,1000949,032307202510220011,1,1200
032,112025,1332380,1000979,032307202510220011,1,1200
032,112025,1332380,1000980,032307202510220011,1,1200
032,112025,1332380,1000982,032307202510220011,1,1200
032,112025,1332380,1001044,032307202510220011,1,1200
032,112025,1332380,1001113,032307202510220011,1,1200
032,112025,1332380,1001133,032307202510220011,1,1200
032,112025,1332380,1001174,032307202510220011,1,1200
032,112025,1332380,1001285,032307202510220011,1,1200
032,112025,1332380,1001293,032307202510220011,1,1200
032,112025,1332380,1001295,032307202510220011,1,1200
032,112025,1332380,1001473,032307202510220011,1,1200
032,112025,1332380,1001474,032307202510220011,1,1200
032,112025,1332380,1001476,032307202510220011,1,1200
032,112025,1332380,1001477,032307202510220011,1,1200
032,112025,1332380,1001767,032307202510220011,1,1200
032,112025,1332380,1001890,032307202510220011,1,1200
032,112025,1332380,1001968,032307202510220011,1,1200
032,112025,1332380,1002232,032307202510220011,1,1200
032,112025,1332380,1002241,032307202510220011,1,1200
032,112025,1332380,1002256,032307202510220011,1,1200
032,112025,1332380,1002269,032307202510220011,1,1200
032,112025,1332380,1002555,032307202510220011,1,1200
032,112025,1332380,1002867,032307202510220011,1,1200
032,112025,1332380,1002871,032307202510220011,1,1200
032,112025,1332380,1002872,032307202510220011,1,1200
032,112025,1332380,1002873,032307202510220011,1,1200
032,112025,1332380,1002874,032307202510220011,1,1200
032,112025,1332380,1002875,032307202510220011,1,1200
032,112025,1332380,1002876,032307202510220011,1,1200
032,112025,1332380,1002878,032307202510220011,1,1200
032,112025,1332380,1016720,032307202510220011,1,1200
032,112025,1332380,1016724,032307202510220011,1,1200
032,112025,1332380,1016765,032307202510220011,1,1200
032,112025,1332380,1016799,032307202510220011,1,1200
032,112025,1332380,2000033,032307202510220011,1,1200
032,112025,1332380,2000274,032307202510220011,1,1200
032,112025,1332380,2000364,032307202510220011,1,1200
032,112025,1332380,2000619,032307202510220011,1,1200
032,112025,1332380,2000897,032307202510220011,1,1200
032,112025,1332380,2001117,032307202510220011,1,1200
032,112025,1332380,2001180,032307202510220011,1,1200
032,112025,1332380,2001475,032307202510220011,1,1200
032,112025,1332380,2001524,032307202510220011,1,1200
032,112025,1332380,2001607,032307202510220011,1,1200
032,112025,1332380,2001841,032307202510220011,1,1200
032,112025,1332380,2001891,032307202510220011,1,1200
032,112025,1332380,2001892,032307202510220011,1,1200
032,112025,1332380,2002024,032307202510220011,1,1200
032,112025,1332380,2002260,032307202510220011,1,1200
032,112025,1332380,2002261,032307202510220011,1,1200
032,112025,1332380,2002879,032307202510220011,1,1200
032,112025,1332380,2016675,032307202510220011,1,1200
032,112025,1332380,3000111,032307202510220011,1,1200
032,112025,1332380,3001308,032307202510220011,1,1200
032,112025,1332380,3001309,032307202510220011,1,1200
032,112025,1332380,3001338,032307202510220011,1,1200
032,112025,1332380,4001429,032307202510220011,1,1200
032,112025,1332465,1208,032307202510220015,1,2820
032,112025,1332465,1209,032307202510220015,1,2820
032,112025,1332465,1437,032307202510220015,1,2820
032,112025,1332465,1000198,032307202510220015,1,2820
032,112025,1332465,1000766,032307202510220015,1,2820
032,112025,1332465,1002361,032307202510220015,1,2820
032,112025,1332465,1016746,032307202510220015,1,2820
032,112025,1332465,2001610,032307202510220015,1,2820
032,112025,1332494,1200,032307202510230001,1,3900
032,112025,1332494,1237,032307202510230001,1,3900
032,112025,1332494,1303,032307202510230001,1,3900
032,112025,1332494,1308,032307202510230001,1,3900
032,112025,1332494,1309,032307202510230001,1,3900
032,112025,1332494,1313,032307202510230001,1,3900
032,112025,1332494,1314,032307202510230001,1,3900
032,112025,1332494,1318,032307202510230001,1,3900
032,112025,1332494,1323,032307202510230001,1,3900
032,112025,1332494,1333,032307202510230001,1,3900
032,112025,1332494,1336,032307202510230001,1,3900
032,112025,1332494,1350,032307202510230001,1,3900
032,112025,1332494,1358,032307202510230001,1,3900
032,112025,1332494,1367,032307202510230001,1,3900
032,112025,1332494,1368,032307202510230001,1,3900
032,112025,1332494,1385,032307202510230001,1,3900
032,112025,1332494,1401,032307202510230001,1,3900
032,112025,1332494,1409,032307202510230001,1,3900
032,112025,1332494,1443,032307202510230001,1,3900
032,112025,1332494,1444,032307202510230001,1,3900
032,112025,1332494,1445,032307202510230001,1,3900
032,112025,1332494,1447,032307202510230001,1,3900
032,112025,1332494,1449,032307202510230001,1,3900
032,112025,1332494,1463,032307202510230001,1,3900
032,112025,1332494,1465,032307202510230001,1,3900
032,112025,1332494,1479,032307202510230001,1,3900
032,112025,1332494,1481,032307202510230001,1,3900
032,112025,1332494,1494,032307202510230001,1,3900
032,112025,1332494,1495,032307202510230001,1,3900
032,112025,1332494,1539,032307202510230001,1,3900
032,112025,1332494,1540,032307202510230001,1,3900
032,112025,1332494,1541,032307202510230001,1,3900
032,112025,1332494,1571,032307202510230001,1,3900
032,112025,1332494,1619,032307202510230001,1,3900
032,112025,1332494,1634,032307202510230001,1,3900
032,112025,1332494,1635,032307202510230001,1,3900
032,112025,1332494,1639,032307202510230001,1,3900
032,112025,1332494,1656,032307202510230001,1,3900
032,112025,1332494,1673,032307202510230001,1,3900
032,112025,1332494,1680,032307202510230001,1,3900
032,112025,1332494,1687,032307202510230001,1,3900
032,112025,1332494,1748,032307202510230001,1,3900
032,112025,1332494,1762,032307202510230001,1,3900
032,112025,1332494,1774,032307202510230001,1,3900
032,112025,1332494,1786,032307202510230001,1,3900
032,112025,1332494,1787,032307202510230001,1,3900
032,112025,1332494,1788,032307202510230001,1,3900
032,112025,1332494,89633,032307202510230001,1,3900
032,112025,1332494,93601,032307202510230001,1,3900
032,112025,1332494,93724,032307202510230001,1,3900
032,112025,1332494,93735,032307202510230001,1,3900
032,112025,1332494,93737,032307202510230001,1,3900
032,112025,1332494,93761,032307202510230001,1,3900
032,112025,1332494,93763,032307202510230001,1,3900
032,112025,1332494,93926,032307202510230001,1,3900
032,112025,1332494,93935,032307202510230001,1,3900
032,112025,1332494,94039,032307202510230001,1,3900
032,112025,1332494,94100,032307202510230001,1,3900
032,112025,1332494,94107,032307202510230001,1,3900
032,112025,1332494,94160,032307202510230001,1,3900
032,112025,1332494,94522,032307202510230001,1,3900
032,112025,1332494,96689,032307202510230001,1,3900
032,112025,1332494,97197,032307202510230001,1,3900
032,112025,1332494,97198,032307202510230001,1,3900
032,112025,1332494,97199,032307202510230001,1,3900
032,112025,1332494,97200,032307202510230001,1,3900
032,112025,1332494,97559,032307202510230001,1,3900
032,112025,1332494,97752,032307202510230001,1,3900
032,112025,1332494,97780,032307202510230001,1,3900
032,112025,1332494,97820,032307202510230001,1,3900
032,112025,1332494,98187,032307202510230001,1,3900
032,112025,1332494,98673,032307202510230001,1,3900
032,112025,1332494,98802,032307202510230001,1,3900
032,112025,1332494,99958,032307202510230001,1,3900
032,112025,1332494,100067,032307202510230001,1,3900
032,112025,1332494,100081,032307202510230001,1,3900
032,112025,1332494,100127,032307202510230001,1,3900
032,112025,1332494,100417,032307202510230001,1,3900
032,112025,1332494,100540,032307202510230001,1,3900
032,112025,1332494,100632,032307202510230001,1,3900
032,112025,1332494,100635,032307202510230001,1,3900
032,112025,1332494,100662,032307202510230001,1,3900
032,112025,1332494,100779,032307202510230001,1,3900
032,112025,1332494,100947,032307202510230001,1,3900
032,112025,1332494,101009,032307202510230001,1,3900
032,112025,1332494,101125,032307202510230001,1,3900
032,112025,1332494,101126,032307202510230001,1,3900
032,112025,1332494,101127,032307202510230001,1,3900
032,112025,1332494,101527,032307202510230001,1,3900
032,112025,1332494,102184,032307202510230001,1,3900
032,112025,1332494,102187,032307202510230001,1,3900
032,112025,1332494,102196,032307202510230001,1,3900
032,112025,1332494,102197,032307202510230001,1,3900
032,112025,1332494,102354,032307202510230001,1,3900
032,112025,1332494,102355,032307202510230001,1,3900
032,112025,1332494,102356,032307202510230001,1,3900
032,112025,1332494,103248,032307202510230001,1,3900
032,112025,1332494,103382,032307202510230001,1,3900
032,112025,1332494,103383,032307202510230001,1,3900
032,112025,1332494,103384,032307202510230001,1,3900
032,112025,1332494,103469,032307202510230001,1,3900
032,112025,1332494,103470,032307202510230001,1,3900
032,112025,1332494,103620,032307202510230001,1,3900
032,112025,1332494,103650,032307202510230001,1,3900
032,112025,1332494,103705,032307202510230001,1,3900
032,112025,1332494,103749,032307202510230001,1,3900
032,112025,1332494,103762,032307202510230001,1,3900
032,112025,1332494,103765,032307202510230001,1,3900
032,112025,1332494,103864,032307202510230001,1,3900
032,112025,1332494,103870,032307202510230001,1,3900
032,112025,1332494,103884,032307202510230001,1,3900
032,112025,1332494,103889,032307202510230001,1,3900
032,112025,1332494,103922,032307202510230001,1,3900
032,112025,1332494,103928,032307202510230001,1,3900
032,112025,1332494,104012,032307202510230001,1,3900
032,112025,1332494,1000057,032307202510230001,1,3900
032,112025,1332494,1000058,032307202510230001,1,3900
032,112025,1332494,1000059,032307202510230001,1,3900
032,112025,1332494,1000061,032307202510230001,1,3900
032,112025,1332494,1000063,032307202510230001,1,3900
032,112025,1332494,1000064,032307202510230001,1,3900
032,112025,1332494,1000066,032307202510230001,1,3900
032,112025,1332494,1000070,032307202510230001,1,3900
032,112025,1332494,1000071,032307202510230001,1,3900
032,112025,1332494,1000072,032307202510230001,1,3900
032,112025,1332494,1000073,032307202510230001,1,3900
032,112025,1332494,1000271,032307202510230001,1,3900
032,112025,1332494,1000272,032307202510230001,1,3900
032,112025,1332494,1000454,032307202510230001,1,3900
032,112025,1332494,1000550,032307202510230001,1,3900
032,112025,1332494,1000571,032307202510230001,1,3900
032,112025,1332494,1000575,032307202510230001,1,3900
032,112025,1332494,1000578,032307202510230001,1,3900
032,112025,1332494,1000583,032307202510230001,1,3900
032,112025,1332494,1000605,032307202510230001,1,3900
032,112025,1332494,1000673,032307202510230001,1,3900
032,112025,1332494,1000734,032307202510230001,1,3900
032,112025,1332494,1000772,032307202510230001,1,3900
032,112025,1332494,1000784,032307202510230001,1,3900
032,112025,1332494,1000803,032307202510230001,1,3900
032,112025,1332494,1000812,032307202510230001,1,3900
032,112025,1332494,1000820,032307202510230001,1,3900
032,112025,1332494,1000824,032307202510230001,1,3900
032,112025,1332494,1000825,032307202510230001,1,3900
032,112025,1332494,1000832,032307202510230001,1,3900
032,112025,1332494,1000854,032307202510230001,1,3900
032,112025,1332494,1000865,032307202510230001,1,3900
032,112025,1332494,1000874,032307202510230001,1,3900
032,112025,1332494,1000894,032307202510230001,1,3900
032,112025,1332494,1000898,032307202510230001,1,3900
032,112025,1332494,1000899,032307202510230001,1,3900
032,112025,1332494,1000900,032307202510230001,1,3900
032,112025,1332494,1000901,032307202510230001,1,3900
032,112025,1332494,1000904,032307202510230001,1,3900
032,112025,1332494,1000969,032307202510230001,1,3900
032,112025,1332494,1000993,032307202510230001,1,3900
032,112025,1332494,1000996,032307202510230001,1,3900
032,112025,1332494,1001001,032307202510230001,1,3900
032,112025,1332494,1001002,032307202510230001,1,3900
032,112025,1332494,1001140,032307202510230001,1,3900
032,112025,1332494,1001170,032307202510230001,1,3900
032,112025,1332494,1001187,032307202510230001,1,3900
032,112025,1332494,1001212,032307202510230001,1,3900
032,112025,1332494,1001219,032307202510230001,1,3900
032,112025,1332494,1001233,032307202510230001,1,3900
032,112025,1332494,1001235,032307202510230001,1,3900
032,112025,1332494,1001239,032307202510230001,1,3900
032,112025,1332494,1001240,032307202510230001,1,3900
032,112025,1332494,1001286,032307202510230001,1,3900
032,112025,1332494,1001302,032307202510230001,1,3900
032,112025,1332494,1001419,032307202510230001,1,3900
032,112025,1332494,1001423,032307202510230001,1,3900
032,112025,1332494,1001438,032307202510230001,1,3900
032,112025,1332494,1001463,032307202510230001,1,3900
032,112025,1332494,1001590,032307202510230001,1,3900
032,112025,1332494,1001618,032307202510230001,1,3900
032,112025,1332494,1001625,032307202510230001,1,3900
032,112025,1332494,1001726,032307202510230001,1,3900
032,112025,1332494,1001830,032307202510230001,1,3900
032,112025,1332494,1001835,032307202510230001,1,3900
032,112025,1332494,1001894,032307202510230001,1,3900
032,112025,1332494,1001997,032307202510230001,1,3900
032,112025,1332494,1001998,032307202510230001,1,3900
032,112025,1332494,1002266,032307202510230001,1,3900
032,112025,1332494,1002277,032307202510230001,1,3900
032,112025,1332494,1002279,032307202510230001,1,3900
032,112025,1332494,1002325,032307202510230001,1,3900
032,112025,1332494,1002340,032307202510230001,1,3900
032,112025,1332494,1002341,032307202510230001,1,3900
032,112025,1332494,1002430,032307202510230001,1,3900
032,112025,1332494,1002536,032307202510230001,1,3900
032,112025,1332494,1002585,032307202510230001,1,3900
032,112025,1332494,1003008,032307202510230001,1,3900
032,112025,1332494,1012612,032307202510230001,1,3900
032,112025,1332494,1012613,032307202510230001,1,3900
032,112025,1332494,1016400,032307202510230001,1,3900
032,112025,1332494,1016706,032307202510230001,1,3900
032,112025,1332494,1016710,032307202510230001,1,3900
032,112025,1332494,1016781,032307202510230001,1,3900
032,112025,1332494,1016809,032307202510230001,1,3900
032,112025,1332494,2000065,032307202510230001,1,3900
032,112025,1332494,2000068,032307202510230001,1,3900
032,112025,1332494,2000278,032307202510230001,1,3900
032,112025,1332494,2000325,032307202510230001,1,3900
032,112025,1332494,2000337,032307202510230001,1,3900
032,112025,1332494,2000733,032307202510230001,1,3900
032,112025,1332494,2000958,032307202510230001,1,3900
032,112025,1332494,2000962,032307202510230001,1,3900
032,112025,1332494,2000995,032307202510230001,1,3900
032,112025,1332494,2001153,032307202510230001,1,3900
032,112025,1332494,2001309,032307202510230001,1,3900
032,112025,1332494,2001328,032307202510230001,1,3900
032,112025,1332494,2001329,032307202510230001,1,3900
032,112025,1332494,2001416,032307202510230001,1,3900
032,112025,1332494,2001418,032307202510230001,1,3900
032,112025,1332494,2001832,032307202510230001,1,3900
032,112025,1332494,2001885,032307202510230001,1,3900
032,112025,1332494,2001889,032307202510230001,1,3900
032,112025,1332494,2001908,032307202510230001,1,3900
032,112025,1332494,2001996,032307202510230001,1,3900
032,112025,1332494,2002291,032307202510230001,1,3900
032,112025,1332494,2002342,032307202510230001,1,3900
032,112025,1332494,2012642,032307202510230001,1,3900
032,112025,1332494,2012652,032307202510230001,1,3900
032,112025,1332494,2016669,032307202510230001,1,3900
032,112025,1332494,2016670,032307202510230001,1,3900
032,112025,1332494,2016688,032307202510230001,1,3900
032,112025,1332494,2016717,032307202510230001,1,3900
032,112025,1332494,2016747,032307202510230001,1,3900
032,112025,1332494,2016802,032307202510230001,1,3900
032,112025,1332494,3001380,032307202510230001,1,3900
032,112025,1332494,3001624,032307202510230001,1,3900
032,112025,1332494,3001842,032307202510230001,1,3900
032,112025,1332494,3001946,032307202510230001,1,3900
032,112025,1332494,3001966,032307202510230001,1,3900
032,112025,1332494,3001969,032307202510230001,1,3900
032,112025,1332494,3001970,032307202510230001,1,3900
032,112025,1332494,3002306,032307202510230001,1,3900
032,112025,1332494,4001349,032307202510230001,1,3900
032,112025,1332494,4001354,032307202510230001,1,3900
032,112025,1332494,4001377,032307202510230001,1,3900
032,112025,1332494,4001390,032307202510230001,1,3900
032,112025,1332494,4001395,032307202510230001,1,3900
032,112025,1332494,4001402,032307202510230001,1,3900
032,112025,1332494,4001419,032307202510230001,1,3900
032,112025,1332494,4001420,032307202510230001,1,3900
032,112025,1332494,4001421,032307202510230001,1,3900
032,112025,1332494,4001422,032307202510230001,1,3900
032,112025,1332494,4001423,032307202510230001,1,3900
032,112025,1332494,4001424,032307202510230001,1,3900
032,112025,1332494,4001426,032307202510230001,1,3900
032,112025,1332494,4001427,032307202510230001,1,3900
032,112025,1332494,4001437,032307202510230001,1,3900
032,112025,1332494,4001438,032307202510230001,1,3900
032,112025,1332494,4001439,032307202510230001,1,3900
032,112025,1332494,4001440,032307202510230001,1,3900
032,112025,1332494,4001442,032307202510230001,1,3900
032,112025,1332494,4001473,032307202510230001,1,3900
032,112025,1332494,4001477,032307202510230001,1,3900
032,112025,1332494,4001493,032307202510230001,1,3900
032,112025,1332494,4001494,032307202510230001,1,3900
032,112025,1332494,4001505,032307202510230001,1,3900
032,112025,1332494,4001507,032307202510230001,1,3900
032,112025,1332494,4001556,032307202510230001,1,3900
032,112025,1332494,9101100,032307202510230001,1,3900
032,112025,1332494,9101166,032307202510230001,1,3900
032,112025,1332494,9101307,032307202510230001,1,3900
032,112025,1332494,9101377,032307202510230001,1,3900
032,112025,1332494,9101402,032307202510230001,1,3900
032,112025,1332494,9101403,032307202510230001,1,3900
032,112025,1332494,9101406,032307202510230001,1,3900
032,112025,1332494,9101447,032307202510230001,1,3900
032,112025,1332592,2001633,032307202510230004,1,8040
032,112025,1332622,1002349,032307202510230007,1,12360
032,112025,1332628,4001549,032307202510230005,1,2220
032,112025,1332721,2002242,032307202510230011,1,3840
032,112025,1332868,1355,032307202510240005,1,19800
032,112025,1332868,1461,032307202510240005,1,19800
032,112025,1332868,1001877,032307202510240005,1,19800
032,112025,1332868,1001879,032307202510240005,1,19800
032,112025,1332868,1001880,032307202510240005,1,19800
032,112025,1332868,1001882,032307202510240005,1,19800
032,112025,1332868,2001878,032307202510240005,1,19800
032,112025,1333219,1000654,032307202510240008,1,10020
032,112025,1333219,1000655,032307202510240008,1,10020
032,112025,1333219,1002320,032307202510240008,1,10020
032,112025,1333219,1002321,032307202510240008,1,10020
032,112025,1333219,4001362,032307202510240008,1,10020
032,112025,1333252,4001479,032307202510240010,1,4020
032,112025,1333644,2001008,032307202510250002,1,5700
032,112025,1333863,1722,032307202510260003,1,6660
032,112025,1333899,1000469,032307202510260005,1,13620
032,112025,1333899,1002218,032307202510260005,1,13620
032,112025,1333899,2000470,032307202510260005,1,13620
032,112025,1333904,2001551,032307202510260004,1,6840
032,112025,1333919,1000141,032307202510260006,1,8640
032,112025,1333959,1002339,032307202510260011,1,12720
032,112025,1334169,1308,032307202510270002,1,5100
032,112025,1334169,1309,032307202510270002,3,44220
032,112025,1334169,1323,032307202510270002,1,5100
032,112025,1334169,1350,032307202510270002,1,5100
032,112025,1334169,1445,032307202510270002,3,44220
032,112025,1334169,1774,032307202510270002,1,5100
032,112025,1334169,93724,032307202510270002,1,5100
032,112025,1334169,93735,032307202510270002,1,5100
032,112025,1334169,100067,032307202510270002,1,5100
032,112025,1334169,100417,032307202510270002,1,5100
032,112025,1334169,100540,032307202510270002,1,5100
032,112025,1334169,101125,032307202510270002,1,5100
032,112025,1334169,101126,032307202510270002,1,5100
032,112025,1334169,101127,032307202510270002,1,5100
032,112025,1334169,103928,032307202510270002,1,5100
032,112025,1334169,1000071,032307202510270002,1,5100
032,112025,1334169,1000072,032307202510270002,1,5100
032,112025,1334169,1000073,032307202510270002,1,5100
032,112025,1334169,1000272,032307202510270002,1,5100
032,112025,1334169,1000901,032307202510270002,1,5100
032,112025,1334169,1000969,032307202510270002,1,5100
032,112025,1334169,1001233,032307202510270002,1,5100
032,112025,1334169,1001235,032307202510270002,1,5100
032,112025,1334169,1001438,032307202510270002,1,5100
032,112025,1334169,1002266,032307202510270002,1,5100
032,112025,1334169,1016706,032307202510270002,1,5100
032,112025,1334169,4001493,032307202510270002,1,5100
032,112025,1334169,4001494,032307202510270002,1,5100
032,112025,1334210,1512,032307202510270007,1,10800
032,112025,1334210,100065,032307202510270007,1,10800
032,112025,1334210,3001496,032307202510270007,1,10800
032,112025,1334240,1000631,032307202510270006,1,12900
032,112025,1334240,1000632,032307202510270006,1,12900
032,112025,1334240,1000758,032307202510270006,1,12900
032,112025,1334240,1001005,032307202510270006,1,12900
032,112025,1334240,1001006,032307202510270006,1,12900
032,112025,1334240,1001007,032307202510270006,1,12900
032,112025,1334240,1001294,032307202510270006,1,12900
032,112025,1334240,2001008,032307202510270006,1,12900
032,112025,1334240,2002037,032307202510270006,1,12900
032,112025,1334240,4001436,032307202510270006,1,12900
032,112025,1334251,1001431,032307202510270001,1,5460
032,112025,1334291,1001132,032307202510270010,1,20100
032,112025,1334291,1001516,032307202510270010,1,20100
032,112025,1334291,1001517,032307202510270010,1,20100
032,112025,1334291,1001520,032307202510270010,1,20100
032,112025,1334291,1001521,032307202510270010,1,20100
032,112025,1334291,1001522,032307202510270010,1,20100
032,112025,1334291,1001523,032307202510270010,1,20100
032,112025,1334291,1001525,032307202510270010,1,20100
032,112025,1334291,2001518,032307202510270010,1,20100
032,112025,1334294,2001932,032307202510270014,1,21660
032,112025,1334319,1001364,032307202510270004,1,1800
032,112025,1334357,1224,032307202510270012,1,7440
032,112025,1334357,1580,032307202510270012,1,7440
032,112025,1334357,1647,032307202510270012,1,7440
032,112025,1334357,94448,032307202510270012,1,7440
032,112025,1334357,94720,032307202510270012,1,7440
032,112025,1334357,99314,032307202510270012,1,7440
032,112025,1334357,100132,032307202510270012,1,7440
032,112025,1334357,100320,032307202510270012,1,7440
032,112025,1334357,100321,032307202510270012,1,7440
032,112025,1334357,100322,032307202510270012,1,7440
032,112025,1334357,100323,032307202510270012,1,7440
032,112025,1334357,100567,032307202510270012,1,7440
032,112025,1334357,100851,032307202510270012,1,7440
032,112025,1334357,100852,032307202510270012,1,7440
032,112025,1334357,100853,032307202510270012,1,7440
032,112025,1334357,100855,032307202510270012,1,7440
032,112025,1334357,100857,032307202510270012,1,7440
032,112025,1334357,103862,032307202510270012,1,7440
032,112025,1334357,103869,032307202510270012,1,7440
032,112025,1334357,1000011,032307202510270012,1,7440
032,112025,1334357,1000304,032307202510270012,1,7440
032,112025,1334357,1000305,032307202510270012,1,7440
032,112025,1334357,1000369,032307202510270012,1,7440
032,112025,1334357,1000586,032307202510270012,1,7440
032,112025,1334357,1000587,032307202510270012,1,7440
032,112025,1334357,1000588,032307202510270012,1,7440
032,112025,1334357,1000589,032307202510270012,1,7440
032,112025,1334357,1000590,032307202510270012,1,7440
032,112025,1334357,1000591,032307202510270012,1,7440
032,112025,1334357,1000592,032307202510270012,1,7440
032,112025,1334357,1000593,032307202510270012,1,7440
032,112025,1334357,1000594,032307202510270012,1,7440
032,112025,1334357,1000595,032307202510270012,1,7440
032,112025,1334357,1000596,032307202510270012,1,7440
032,112025,1334357,1000597,032307202510270012,1,7440
032,112025,1334357,1000598,032307202510270012,1,7440
032,112025,1334357,1000601,032307202510270012,1,7440
032,112025,1334357,1000613,032307202510270012,1,7440
032,112025,1334357,1000649,032307202510270012,1,7440
032,112025,1334357,1000650,032307202510270012,1,7440
032,112025,1334357,1000651,032307202510270012,1,7440
032,112025,1334357,1000654,032307202510270012,1,7440
032,112025,1334357,1000655,032307202510270012,1,7440
032,112025,1334357,1000656,032307202510270012,1,7440
032,112025,1334357,1000658,032307202510270012,1,7440
032,112025,1334357,1000757,032307202510270012,1,7440
032,112025,1334357,1001100,032307202510270012,1,7440
032,112025,1334357,1001137,032307202510270012,1,7440
032,112025,1334357,1001182,032307202510270012,1,7440
032,112025,1334357,1001886,032307202510270012,1,7440
032,112025,1334357,1001922,032307202510270012,1,7440
032,112025,1334357,1001928,032307202510270012,1,7440
032,112025,1334357,1001963,032307202510270012,1,7440
032,112025,1334357,1002017,032307202510270012,1,7440
032,112025,1334357,1002095,032307202510270012,1,7440
032,112025,1334357,1002097,032307202510270012,1,7440
032,112025,1334357,1002100,032307202510270012,1,7440
032,112025,1334357,1002320,032307202510270012,1,7440
032,112025,1334357,1002321,032307202510270012,1,7440
032,112025,1334357,1012614,032307202510270012,1,7440
032,112025,1334357,1012629,032307202510270012,1,7440
032,112025,1334357,2000600,032307202510270012,1,7440
032,112025,1334357,2000652,032307202510270012,1,7440
032,112025,1334357,2000745,032307202510270012,1,7440
032,112025,1334357,2001195,032307202510270012,1,7440
032,112025,1334357,2001320,032307202510270012,1,7440
032,112025,1334357,2001929,032307202510270012,1,7440
032,112025,1334357,2001953,032307202510270012,1,7440
032,112025,1334357,2002016,032307202510270012,1,7440
032,112025,1334357,2002090,032307202510270012,1,7440
032,112025,1334357,2002091,032307202510270012,1,7440
032,112025,1334357,2002092,032307202510270012,1,7440
032,112025,1334357,2002093,032307202510270012,1,7440
032,112025,1334357,2002094,032307202510270012,1,7440
032,112025,1334357,2002098,032307202510270012,1,7440
032,112025,1334357,2002099,032307202510270012,1,7440
032,112025,1334357,2002103,032307202510270012,1,7440
032,112025,1334357,2012081,032307202510270012,1,7440
032,112025,1334357,2012088,032307202510270012,1,7440
032,112025,1334357,4001362,032307202510270012,1,7440
032,112025,1334357,4001363,032307202510270012,1,7440
032,112025,1334357,4001492,032307202510270012,1,7440
032,112025,1334544,1528,032307202510280009,1,21360
032,112025,1334544,1714,032307202510280008,2,21600
032,112025,1334544,1000827,032307202510280009,1,21360
032,112025,1334544,1001443,032307202510280009,1,21360
032,112025,1334544,2003012,032307202510280008,2,21600
032,112025,1334580,3001966,032307202510280002,1,9960
032,112025,1334580,3001969,032307202510280002,1,9960
032,112025,1334587,1321,032307202510280003,1,9960
032,112025,1334587,1514,032307202510280003,1,9960
032,112025,1334587,1659,032307202510280003,1,9960
032,112025,1334587,1660,032307202510280003,1,9960
032,112025,1334587,1000035,032307202510280003,1,9960
032,112025,1334587,1001295,032307202510280003,1,9960
032,112025,1334587,2002260,032307202510280003,1,9960
032,112025,1334662,1221,032307202510280001,1,2280
032,112025,1334662,1337,032307202510280001,1,2280
032,112025,1334662,1397,032307202510280001,1,2280
032,112025,1334662,1411,032307202510280001,1,2280
032,112025,1334662,1412,032307202510280001,1,2280
032,112025,1334662,1451,032307202510280001,1,2280
032,112025,1334662,1485,032307202510280001,1,2280
032,112025,1334662,1527,032307202510280001,1,2280
032,112025,1334662,1536,032307202510280001,1,2280
032,112025,1334662,1542,032307202510280001,1,2280
032,112025,1334662,1601,032307202510280001,1,2280
032,112025,1334662,1606,032307202510280001,1,2280
032,112025,1334662,1620,032307202510280001,1,2280
032,112025,1334662,1636,032307202510280001,1,2280
032,112025,1334662,1685,032307202510280001,1,2280
032,112025,1334662,1696,032307202510280001,1,2280
032,112025,1334662,1697,032307202510280001,1,2280
032,112025,1334662,1700,032307202510280001,1,2280
032,112025,1334662,1758,032307202510280001,1,2280
032,112025,1334662,1775,032307202510280001,1,2280
032,112025,1334662,93918,032307202510280001,1,2280
032,112025,1334662,94097,032307202510280001,1,2280
032,112025,1334662,94517,032307202510280001,1,2280
032,112025,1334662,94519,032307202510280001,1,2280
032,112025,1334662,94687,032307202510280001,1,2280
032,112025,1334662,94736,032307202510280001,1,2280
032,112025,1334662,96876,032307202510280001,1,2280
032,112025,1334662,97537,032307202510280001,1,2280
032,112025,1334662,98126,032307202510280001,1,2280
032,112025,1334662,98130,032307202510280001,1,2280
032,112025,1334662,98134,032307202510280001,1,2280
032,112025,1334662,98285,032307202510280001,1,2280
032,112025,1334662,98295,032307202510280001,1,2280
032,112025,1334662,99037,032307202510280001,1,2280
032,112025,1334662,99356,032307202510280001,1,2280
032,112025,1334662,99477,032307202510280001,1,2280
032,112025,1334662,100165,032307202510280001,1,2280
032,112025,1334662,100191,032307202510280001,1,2280
032,112025,1334662,100616,032307202510280001,1,2280
032,112025,1334662,100631,032307202510280001,1,2280
032,112025,1334662,100636,032307202510280001,1,2280
032,112025,1334662,100648,032307202510280001,1,2280
032,112025,1334662,101424,032307202510280001,1,2280
032,112025,1334662,101580,032307202510280001,1,2280
032,112025,1334662,102140,032307202510280001,1,2280
032,112025,1334662,102149,032307202510280001,1,2280
032,112025,1334662,102150,032307202510280001,1,2280
032,112025,1334662,102151,032307202510280001,1,2280
032,112025,1334662,102275,032307202510280001,1,2280
032,112025,1334662,103625,032307202510280001,1,2280
032,112025,1334662,103664,032307202510280001,1,2280
032,112025,1334662,103738,032307202510280001,1,2280
032,112025,1334662,103740,032307202510280001,1,2280
032,112025,1334662,103945,032307202510280001,1,2280
032,112025,1334662,1000096,032307202510280001,1,2280
032,112025,1334662,1000097,032307202510280001,1,2280
032,112025,1334662,1000276,032307202510280001,1,2280
032,112025,1334662,1000300,032307202510280001,1,2280
032,112025,1334662,1000414,032307202510280001,1,2280
032,112025,1334662,1000416,032307202510280001,1,2280
032,112025,1334662,1000421,032307202510280001,1,2280
032,112025,1334662,1000422,032307202510280001,1,2280
032,112025,1334662,1000424,032307202510280001,1,2280
032,112025,1334662,1000427,032307202510280001,1,2280
032,112025,1334662,1000431,032307202510280001,1,2280
032,112025,1334662,1000432,032307202510280001,1,2280
032,112025,1334662,1000512,032307202510280001,1,2280
032,112025,1334662,1000514,032307202510280001,1,2280
032,112025,1334662,1000516,032307202510280001,1,2280
032,112025,1334662,1000524,032307202510280001,1,2280
032,112025,1334662,1000638,032307202510280001,1,2280
032,112025,1334662,1000867,032307202510280001,1,2280
032,112025,1334662,1000868,032307202510280001,1,2280
032,112025,1334662,1000869,032307202510280001,1,2280
032,112025,1334662,1000936,032307202510280001,1,2280
032,112025,1334662,1000959,032307202510280001,1,2280
032,112025,1334662,1000973,032307202510280001,1,2280
032,112025,1334662,1001015,032307202510280001,1,2280
032,112025,1334662,1001016,032307202510280001,1,2280
032,112025,1334662,1001017,032307202510280001,1,2280
032,112025,1334662,1001018,032307202510280001,1,2280
032,112025,1334662,1001019,032307202510280001,1,2280
032,112025,1334662,1001030,032307202510280001,1,2280
032,112025,1334662,1001038,032307202510280001,1,2280
032,112025,1334662,1001061,032307202510280001,1,2280
032,112025,1334662,1001063,032307202510280001,1,2280
032,112025,1334662,1001064,032307202510280001,1,2280
032,112025,1334662,1001065,032307202510280001,1,2280
032,112025,1334662,1001066,032307202510280001,1,2280
032,112025,1334662,1001157,032307202510280001,1,2280
032,112025,1334662,1001158,032307202510280001,1,2280
032,112025,1334662,1001159,032307202510280001,1,2280
032,112025,1334662,1001160,032307202510280001,1,2280
032,112025,1334662,1001296,032307202510280001,1,2280
032,112025,1334662,1001297,032307202510280001,1,2280
032,112025,1334662,1001364,032307202510280001,1,2280
032,112025,1334662,1001379,032307202510280001,1,2280
032,112025,1334662,1001380,032307202510280001,1,2280
032,112025,1334662,1001572,032307202510280001,1,2280
032,112025,1334662,1001669,032307202510280001,1,2280
032,112025,1334662,1001709,032307202510280001,1,2280
032,112025,1334662,1001710,032307202510280001,1,2280
032,112025,1334662,1001716,032307202510280001,1,2280
032,112025,1334662,1001732,032307202510280001,1,2280
032,112025,1334662,1001942,032307202510280001,1,2280
032,112025,1334662,1002042,032307202510280001,1,2280
032,112025,1334662,1002284,032307202510280001,1,2280
032,112025,1334662,1002286,032307202510280001,1,2280
032,112025,1334662,1012619,032307202510280001,1,2280
032,112025,1334662,1012626,032307202510280001,1,2280
032,112025,1334662,1016782,032307202510280001,1,2280
032,112025,1334662,1016784,032307202510280001,1,2280
032,112025,1334662,2000256,032307202510280001,1,2280
032,112025,1334662,2000429,032307202510280001,1,2280
032,112025,1334662,2001014,032307202510280001,1,2280
032,112025,1334662,2001232,032307202510280001,1,2280
032,112025,1334662,2001853,032307202510280001,1,2280
032,112025,1334662,2001909,032307202510280001,1,2280
032,112025,1334662,2002047,032307202510280001,1,2280
032,112025,1334662,2002056,032307202510280001,1,2280
032,112025,1334662,2002061,032307202510280001,1,2280
032,112025,1334662,2002064,032307202510280001,1,2280
032,112025,1334662,2002283,032307202510280001,1,2280
032,112025,1334662,2002285,032307202510280001,1,2280
032,112025,1334662,2002287,032307202510280001,1,2280
032,112025,1334662,2016777,032307202510280001,1,2280
032,112025,1334662,3001035,032307202510280001,1,2280
032,112025,1334662,3001372,032307202510280001,1,2280
032,112025,1334662,3001375,032307202510280001,1,2280
032,112025,1334662,4001414,032307202510280001,1,2280
032,112025,1334662,4001415,032307202510280001,1,2280
032,112025,1334662,4001417,032307202510280001,1,2280
032,112025,1334662,4001418,032307202510280001,1,2280
032,112025,1334662,4001460,032307202510280001,1,2280
032,112025,1334662,4001481,032307202510280001,1,2280
032,112025,1334662,4001504,032307202510280001,1,2280
032,112025,1334662,4001512,032307202510280001,1,2280
032,112025,1334662,4001552,032307202510280001,1,2280
032,112025,1334662,4001555,032307202510280001,1,2280
032,112025,1334662,9101149,032307202510280001,1,2280
032,112025,1334662,9101151,032307202510280001,1,2280
032,112025,1334662,9101380,032307202510280001,1,2280
032,112025,1334782,1001517,032307202510280010,1,10560
032,112025,1334925,2001949,032307202510280011,1,1740
032,112025,1334930,1001118,032307202510280013,1,4320
032,112025,1334956,1480,032307202510280018,1,3240
032,112025,1334979,1163,032307202510290001,1,360
032,112025,1334979,1193,032307202510290001,1,360
032,112025,1334979,1214,032307202510290001,1,360
032,112025,1334979,1254,032307202510290001,1,360
032,112025,1334979,1307,032307202510290001,1,360
032,112025,1334979,1344,032307202510290001,1,360
032,112025,1334979,1345,032307202510290001,1,360
032,112025,1334979,1346,032307202510290001,1,360
032,112025,1334979,1395,032307202510290001,1,360
032,112025,1334979,1406,032307202510290001,1,360
032,112025,1334979,1415,032307202510290001,1,360
032,112025,1334979,1418,032307202510290001,1,360
032,112025,1334979,1428,032307202510290001,1,360
032,112025,1334979,1430,032307202510290001,1,360
032,112025,1334979,1431,032307202510290001,1,360
032,112025,1334979,1544,032307202510290001,1,360
032,112025,1334979,1565,032307202510290001,1,360
032,112025,1334979,1600,032307202510290001,1,360
032,112025,1334979,1605,032307202510290001,1,360
032,112025,1334979,1652,032307202510290001,1,360
032,112025,1334979,1688,032307202510290001,1,360
032,112025,1334979,1721,032307202510290001,1,360
032,112025,1334979,93205,032307202510290001,1,360
032,112025,1334979,93206,032307202510290001,1,360
032,112025,1334979,94008,032307202510290001,1,360
032,112025,1334979,94154,032307202510290001,1,360
032,112025,1334979,96833,032307202510290001,1,360
032,112025,1334979,97538,032307202510290001,1,360
032,112025,1334979,97560,032307202510290001,1,360
032,112025,1334979,97761,032307202510290001,1,360
032,112025,1334979,97789,032307202510290001,1,360
032,112025,1334979,98173,032307202510290001,1,360
032,112025,1334979,98174,032307202510290001,1,360
032,112025,1334979,98687,032307202510290001,1,360
032,112025,1334979,98893,032307202510290001,1,360
032,112025,1334979,99348,032307202510290001,1,360
032,112025,1334979,100180,032307202510290001,1,360
032,112025,1334979,100643,032307202510290001,1,360
032,112025,1334979,100943,032307202510290001,1,360
032,112025,1334979,101097,032307202510290001,1,360
032,112025,1334979,101839,032307202510290001,1,360
032,112025,1334979,101842,032307202510290001,1,360
032,112025,1334979,102091,032307202510290001,1,360
032,112025,1334979,102111,032307202510290001,1,360
032,112025,1334979,102119,032307202510290001,1,360
032,112025,1334979,102211,032307202510290001,1,360
032,112025,1334979,102220,032307202510290001,1,360
032,112025,1334979,102245,032307202510290001,1,360
032,112025,1334979,103426,032307202510290001,1,360
032,112025,1334979,1000131,032307202510290001,1,360
032,112025,1334979,1000133,032307202510290001,1,360
032,112025,1334979,1000134,032307202510290001,1,360
032,112025,1334979,1000138,032307202510290001,1,360
032,112025,1334979,1000259,032307202510290001,1,360
032,112025,1334979,1000329,032307202510290001,1,360
032,112025,1334979,1000345,032307202510290001,1,360
032,112025,1334979,1000346,032307202510290001,1,360
032,112025,1334979,1000347,032307202510290001,1,360
032,112025,1334979,1000348,032307202510290001,1,360
032,112025,1334979,1000349,032307202510290001,1,360
032,112025,1334979,1000383,032307202510290001,1,360
032,112025,1334979,1000385,032307202510290001,1,360
032,112025,1334979,1000396,032307202510290001,1,360
032,112025,1334979,1000409,032307202510290001,1,360
032,112025,1334979,1000551,032307202510290001,1,360
032,112025,1334979,1000562,032307202510290001,1,360
032,112025,1334979,1000563,032307202510290001,1,360
032,112025,1334979,1000564,032307202510290001,1,360
032,112025,1334979,1000663,032307202510290001,1,360
032,112025,1334979,1000664,032307202510290001,1,360
032,112025,1334979,1000682,032307202510290001,1,360
032,112025,1334979,1000753,032307202510290001,1,360
032,112025,1334979,1000754,032307202510290001,1,360
032,112025,1334979,1000798,032307202510290001,1,360
032,112025,1334979,1000862,032307202510290001,1,360
032,112025,1334979,1000920,032307202510290001,1,360
032,112025,1334979,1000957,032307202510290001,1,360
032,112025,1334979,1000966,032307202510290001,1,360
032,112025,1334979,1001023,032307202510290001,1,360
032,112025,1334979,1001103,032307202510290001,1,360
032,112025,1334979,1001110,032307202510290001,1,360
032,112025,1334979,1001169,032307202510290001,1,360
032,112025,1334979,1001223,032307202510290001,1,360
032,112025,1334979,1001255,032307202510290001,1,360
032,112025,1334979,1001273,032307202510290001,1,360
032,112025,1334979,1001279,032307202510290001,1,360
032,112025,1334979,1001284,032307202510290001,1,360
032,112025,1334979,1001301,032307202510290001,1,360
032,112025,1334979,1001331,032307202510290001,1,360
032,112025,1334979,1001332,032307202510290001,1,360
032,112025,1334979,1001365,032307202510290001,1,360
032,112025,1334979,1001420,032307202510290001,1,360
032,112025,1334979,1001482,032307202510290001,1,360
032,112025,1334979,1001483,032307202510290001,1,360
032,112025,1334979,1001486,032307202510290001,1,360
032,112025,1334979,1001488,032307202510290001,1,360
032,112025,1334979,1001490,032307202510290001,1,360
032,112025,1334979,1001491,032307202510290001,1,360
032,112025,1334979,1001493,032307202510290001,1,360
032,112025,1334979,1001494,032307202510290001,1,360
032,112025,1334979,1001496,032307202510290001,1,360
032,112025,1334979,1001498,032307202510290001,1,360
032,112025,1334979,1001526,032307202510290001,1,360
032,112025,1334979,1001527,032307202510290001,1,360
032,112025,1334979,1001528,032307202510290001,1,360
032,112025,1334979,1001530,032307202510290001,1,360
032,112025,1334979,1001531,032307202510290001,1,360
032,112025,1334979,1001533,032307202510290001,1,360
032,112025,1334979,1001537,032307202510290001,1,360
032,112025,1334979,1001634,032307202510290001,1,360
032,112025,1334979,1001661,032307202510290001,1,360
032,112025,1334979,1001730,032307202510290001,1,360
032,112025,1334979,1001766,032307202510290001,1,360
032,112025,1334979,1001769,032307202510290001,1,360
032,112025,1334979,1001770,032307202510290001,1,360
032,112025,1334979,1001897,032307202510290001,1,360
032,112025,1334979,1002050,032307202510290001,1,360
032,112025,1334979,1002052,032307202510290001,1,360
032,112025,1334979,1002540,032307202510290001,1,360
032,112025,1334979,1012610,032307202510290001,1,360
032,112025,1334979,1012633,032307202510290001,1,360
032,112025,1334979,1012637,032307202510290001,1,360
032,112025,1334979,1012638,032307202510290001,1,360
032,112025,1334979,1016742,032307202510290001,1,360
032,112025,1334979,1016761,032307202510290001,1,360
032,112025,1334979,1016774,032307202510290001,1,360
032,112025,1334979,2000136,032307202510290001,1,360
032,112025,1334979,2000137,032307202510290001,1,360
032,112025,1334979,2000381,032307202510290001,1,360
032,112025,1334979,2000394,032307202510290001,1,360
032,112025,1334979,2000433,032307202510290001,1,360
032,112025,1334979,2000552,032307202510290001,1,360
032,112025,1334979,2000662,032307202510290001,1,360
032,112025,1334979,2000732,032307202510290001,1,360
032,112025,1334979,2000922,032307202510290001,1,360
032,112025,1334979,2001485,032307202510290001,1,360
032,112025,1334979,2001529,032307202510290001,1,360
032,112025,1334979,2001534,032307202510290001,1,360
032,112025,1334979,2001535,032307202510290001,1,360
032,112025,1334979,2001664,032307202510290001,1,360
032,112025,1334979,2001764,032307202510290001,1,360
032,112025,1334979,2001765,032307202510290001,1,360
032,112025,1334979,2001768,032307202510290001,1,360
032,112025,1334979,2001771,032307202510290001,1,360
032,112025,1334979,2002053,032307202510290001,1,360
032,112025,1334979,2002054,032307202510290001,1,360
032,112025,1334979,2002539,032307202510290001,1,360
032,112025,1334979,3001327,032307202510290001,1,360
032,112025,1334979,3001328,032307202510290001,1,360
032,112025,1334979,3001333,032307202510290001,1,360
032,112025,1334979,3001356,032307202510290001,1,360
032,112025,1334979,4001382,032307202510290001,1,360
032,112025,1334979,4001386,032307202510290001,1,360
032,112025,1334979,4001387,032307202510290001,1,360
032,112025,1334979,4001393,032307202510290001,1,360
032,112025,1334979,4001509,032307202510290001,1,360
032,112025,1334979,4001511,032307202510290001,1,360
032,112025,1334979,4001538,032307202510290001,1,360
032,112025,1334979,4001544,032307202510290001,1,360
032,112025,1334979,4001560,032307202510290001,1,360
032,112025,1334979,9101154,032307202510290001,1,360
032,112025,1334979,9101164,032307202510290001,1,360
032,112025,1334979,9101242,032307202510290001,1,360
032,112025,1335117,93724,032307202510290002,1,8400
032,112025,1335117,1000901,032307202510290002,1,8400
032,112025,1335117,1001438,032307202510290002,1,8400
032,112025,1335285,103928,032307202510290003,1,3240
032,112025,1335395,1000503,032307202510290010,1,4500
032,112025,1335739,1438,032307202510300001,1,6960
032,112025,1335739,1663,032307202510300001,1,6960
032,112025,1335739,89000,032307202510300001,1,6960
032,112025,1335739,89045,032307202510300001,1,6960
032,112025,1335739,89046,032307202510300001,1,6960
032,112025,1335739,89136,032307202510300001,1,6960
032,112025,1335739,89732,032307202510300001,1,6960
032,112025,1335739,89733,032307202510300001,1,6960
032,112025,1335739,89984,032307202510300001,1,6960
032,112025,1335739,90141,032307202510300001,1,6960
032,112025,1335739,90300,032307202510300001,1,6960
032,112025,1335739,90338,032307202510300001,1,6960
032,112025,1335739,90344,032307202510300001,1,6960
032,112025,1335739,90385,032307202510300001,1,6960
032,112025,1335739,90799,032307202510300001,1,6960
032,112025,1335739,91109,032307202510300001,1,6960
032,112025,1335739,91274,032307202510300001,1,6960
032,112025,1335739,91669,032307202510300001,1,6960
032,112025,1335739,97527,032307202510300001,1,6960
032,112025,1335739,98240,032307202510300001,1,6960
032,112025,1335739,98243,032307202510300001,1,6960
032,112025,1335739,101737,032307202510300001,1,6960
032,112025,1335739,1000935,032307202510300001,1,6960
032,112025,1335739,1001706,032307202510300001,1,6960
032,112025,1335739,1001938,032307202510300001,1,6960
032,112025,1335739,1002114,032307202510300001,1,6960
032,112025,1335739,1002219,032307202510300001,1,6960
032,112025,1335739,1002322,032307202510300001,1,6960
032,112025,1335739,1002338,032307202510300001,1,6960
032,112025,1335739,1002339,032307202510300001,1,6960
032,112025,1335739,1003001,032307202510300001,1,6960
032,112025,1335739,1003002,032307202510300001,1,6960
032,112025,1335739,1003004,032307202510300001,1,6960
032,112025,1335739,2002343,032307202510300001,1,6960
032,112025,1335837,1580,032307202510300004,1,14400
032,112025,1335837,1647,032307202510300004,1,14400
032,112025,1335837,94720,032307202510300004,1,14400
032,112025,1335837,99314,032307202510300004,1,14400
032,112025,1335837,100132,032307202510300004,1,14400
032,112025,1335837,103869,032307202510300004,1,14400
032,112025,1335837,1000587,032307202510300004,1,14400
032,112025,1335837,1000588,032307202510300004,1,14400
032,112025,1335837,1000589,032307202510300004,1,14400
032,112025,1335837,1000590,032307202510300004,1,14400
032,112025,1335837,1000591,032307202510300004,1,14400
032,112025,1335837,1000592,032307202510300004,1,14400
032,112025,1335837,1000593,032307202510300004,1,14400
032,112025,1335837,1000594,032307202510300004,1,14400
032,112025,1335837,1000595,032307202510300004,1,14400
032,112025,1335837,1000596,032307202510300004,1,14400
032,112025,1335837,1000597,032307202510300004,1,14400
032,112025,1335837,1000598,032307202510300004,1,14400
032,112025,1335837,1000601,032307202510300004,1,14400
032,112025,1335837,1000757,032307202510300004,1,14400
032,112025,1335837,1001100,032307202510300004,1,14400
032,112025,1335837,1001137,032307202510300004,1,14400
032,112025,1335837,1001928,032307202510300004,1,14400
032,112025,1335837,2000600,032307202510300004,1,14400
032,112025,1335837,2001195,032307202510300004,1,14400
032,112025,1335837,2001929,032307202510300004,1,14400
032,112025,1335837,2001953,032307202510300004,1,14400
032,112025,1335837,2002090,032307202510300004,1,14400
032,112025,1335837,2002091,032307202510300004,1,14400
032,112025,1335837,2002092,032307202510300004,1,14400
032,112025,1335865,1694,032307202510300003,1,4020
032,112025,1335865,1757,032307202510300003,1,4020
032,112025,1335865,94689,032307202510300003,1,4020
032,112025,1335865,98212,032307202510300003,1,4020
032,112025,1335865,99034,032307202510300003,1,4020
032,112025,1335865,99869,032307202510300003,1,4020
032,112025,1335865,101993,032307202510300003,1,4020
032,112025,1335865,102142,032307202510300003,1,4020
032,112025,1335865,103635,032307202510300003,1,4020
032,112025,1335865,104098,032307202510300003,1,4020
032,112025,1335865,104099,032307202510300003,1,4020
032,112025,1335865,104100,032307202510300003,1,4020
032,112025,1335865,1000113,032307202510300003,1,4020
032,112025,1335865,1000114,032307202510300003,1,4020
032,112025,1335865,1000115,032307202510300003,1,4020
032,112025,1335865,1000143,032307202510300003,1,4020
032,112025,1335865,1000144,032307202510300003,1,4020
032,112025,1335865,1000148,032307202510300003,1,4020
032,112025,1335865,1000149,032307202510300003,1,4020
032,112025,1335865,1000150,032307202510300003,1,4020
032,112025,1335865,1000151,032307202510300003,1,4020
032,112025,1335865,1000152,032307202510300003,1,4020
032,112025,1335865,1000815,032307202510300003,1,4020
032,112025,1335865,1000817,032307202510300003,1,4020
032,112025,1335865,1000863,032307202510300003,1,4020
032,112025,1335865,1000927,032307202510300003,1,4020
032,112025,1335865,1001086,032307202510300003,1,4020
032,112025,1335865,1001131,032307202510300003,1,4020
032,112025,1335865,1001190,032307202510300003,1,4020
032,112025,1335865,1001232,032307202510300003,1,4020
032,112025,1335865,1001613,032307202510300003,1,4020
032,112025,1335865,1001615,032307202510300003,1,4020
032,112025,1335865,1001616,032307202510300003,1,4020
032,112025,1335865,1001667,032307202510300003,1,4020
032,112025,1335865,1001729,032307202510300003,1,4020
032,112025,1335865,1002278,032307202510300003,1,4020
032,112025,1335865,2000491,032307202510300003,1,4020
032,112025,1335877,98120,032307202510300002,1,1800
032,112025,1336069,3001966,032307202510300010,1,8280
032,112025,1336069,3001969,032307202510300010,1,8280
032,112025,1336116,2001949,032307202510300011,1,15600
032,112025,1336124,1000304,032307202510300013,1,1680
032,112025,1336124,1000305,032307202510300013,1,1680
032,112025,1336124,1000369,032307202510300013,1,1680
032,112025,1336124,1000613,032307202510300013,1,1680
032,112025,1336124,1000649,032307202510300013,1,1680
032,112025,1336124,1000650,032307202510300013,1,1680
032,112025,1336124,1000651,032307202510300013,1,1680
032,112025,1336124,1000654,032307202510300013,1,1680
032,112025,1336124,1000655,032307202510300013,1,1680
032,112025,1336124,1000656,032307202510300013,1,1680
032,112025,1336124,1000658,032307202510300013,1,1680
032,112025,1336124,1001922,032307202510300013,1,1680
032,112025,1336124,1002017,032307202510300013,1,1680
032,112025,1336124,1002095,032307202510300013,1,1680
032,112025,1336124,1002097,032307202510300013,1,1680
032,112025,1336124,1002100,032307202510300013,1,1680
032,112025,1336124,1002320,032307202510300013,1,1680
032,112025,1336124,1002321,032307202510300013,1,1680
032,112025,1336124,1012629,032307202510300013,1,1680
032,112025,1336124,2000652,032307202510300013,1,1680
032,112025,1336124,2001320,032307202510300013,1,1680
032,112025,1336124,2002093,032307202510300013,1,1680
032,112025,1336124,2002094,032307202510300013,1,1680
032,112025,1336124,2002098,032307202510300013,1,1680
032,112025,1336124,2002099,032307202510300013,1,1680
032,112025,1336124,2002103,032307202510300013,1,1680
032,112025,1336124,4001362,032307202510300013,1,1680
032,112025,1336124,4001363,032307202510300013,1,1680
032,112025,1336124,4001492,032307202510300013,1,1680
032,112025,1336166,104128,032307202510300016,1,7320
032,112025,1336512,1001507,032307202510310007,1,8280
032,112025,1343054,1400,032307202510190012,1,1740
032,112025,1343054,1400,032307202510190011,1,21600
032,112025,1343054,1491,032307202510190012,1,1740
032,112025,1343054,1491,032307202510190011,1,21600
032,112025,1343054,96685,032307202510190012,1,1740
032,112025,1343054,96685,032307202510190011,1,21600
032,112025,1343054,97552,032307202510190012,1,1740
032,112025,1343054,97552,032307202510190011,1,21600
032,112025,1343054,97553,032307202510190012,1,1740
032,112025,1343054,97553,032307202510190011,1,21600
032,112025,1343054,97881,032307202510190011,1,21600
032,112025,1343054,97881,032307202510190012,1,1740
032,112025,1343054,98648,032307202510190011,1,21600
032,112025,1343054,98648,032307202510190012,1,1740
032,112025,1343054,100649,032307202510190011,1,21600
032,112025,1343054,100649,032307202510190012,1,1740
032,112025,1343054,101866,032307202510190011,1,21600
032,112025,1343054,101866,032307202510190012,1,1740
032,112025,1343054,1000217,032307202510190011,1,21600
032,112025,1343054,1000217,032307202510190012,1,1740
032,112025,1343054,1000219,032307202510190011,1,21600
032,112025,1343054,1000219,032307202510190012,1,1740
032,112025,1343054,1000250,032307202510190011,1,21600
032,112025,1343054,1000250,032307202510190012,1,1740
032,112025,1343054,1000302,032307202510190011,1,21600
032,112025,1343054,1000302,032307202510190012,1,1740
032,112025,1343054,1000475,032307202510190011,1,21600
032,112025,1343054,1000475,032307202510190012,1,1740
032,112025,1343054,1000626,032307202510190011,1,21600
032,112025,1343054,1000626,032307202510190012,1,1740
032,112025,1343054,1000750,032307202510190011,1,21600
032,112025,1343054,1000750,032307202510190012,1,1740
032,112025,1343054,1001376,032307202510190011,1,21600
032,112025,1343054,1001376,032307202510190012,1,1740
032,112025,1343054,1001665,032307202510190011,1,21600
032,112025,1343054,1001665,032307202510190012,1,1740
032,112025,1343054,1001666,032307202510190011,1,21600
032,112025,1343054,1001666,032307202510190012,1,1740
032,112025,1343054,1001906,032307202510190011,1,21600
032,112025,1343054,1001906,032307202510190012,1,1740
032,112025,1343054,1001956,032307202510190011,1,21600
032,112025,1343054,1001956,032307202510190012,1,1740
032,112025,1343054,1002426,032307202510190011,1,21600
032,112025,1343054,1002426,032307202510190012,1,1740
032,112025,1343054,1012618,032307202510190011,1,21600
032,112025,1343054,1012618,032307202510190012,1,1740
032,112025,1343054,2000247,032307202510190011,1,21600
032,112025,1343054,2000247,032307202510190012,1,1740
032,112025,1343054,2000924,032307202510190011,1,21600
032,112025,1343054,2000924,032307202510190012,1,1740
032,112025,1343054,2001587,032307202510190011,1,21600
032,112025,1343054,2001587,032307202510190012,1,1740
032,112025,1343054,2002427,032307202510190011,1,21600
032,112025,1343054,2002427,032307202510190012,1,1740
032,112025,1343054,4001459,032307202510190011,1,21600
032,112025,1343054,4001459,032307202510190012,1,1740
032,112025,1343054,4001522,032307202510190011,1,21600
032,112025,1343054,4001522,032307202510190012,1,1740
032,112025,1343054,4001542,032307202510190011,1,21600
032,112025,1343054,4001542,032307202510190012,1,1740
