032,112025,1329745,11720812,11720812
032,112025,1329745,11720817,11720817
032,112025,1329745,11720822,11720822
032,112025,1329745,11720827,11720827
032,112025,1329745,11720832,11720832
032,112025,1329745,11720839,11720839
032,112025,1329745,11720846,11720846
032,112025,1329745,11720849,11720849
032,112025,1329745,11720852,11720852
032,112025,1329745,11720855,11720855
032,112025,1329745,11720858,11720858
032,112025,1329745,11720861,11720861
032,112025,1329745,11720864,11720864
032,112025,1329745,11720871,11720871
032,112025,1329745,11720878,11720878
032,112025,1329745,11720881,11720881
032,112025,1329745,11720898,11720898
032,112025,1329745,11720901,11720901
032,112025,1329745,11720908,11720908
032,112025,1329745,11720913,11720913
032,112025,1329745,11720924,11720924
032,112025,1329745,11720927,11720927
032,112025,1329745,11720930,11720930
032,112025,1329745,11720933,11720933
032,112025,1329745,11720936,11720936
032,112025,1329745,11720941,11720941
032,112025,1329745,11720964,11720964
032,112025,1329745,11720971,11720971
032,112025,1329745,11722164,11722164
032,112025,1329745,11722167,11722167
032,112025,1329745,11722189,11722189
032,112025,1329745,11722192,11722192
032,112025,1329745,11722221,11722221
032,112025,1329745,11720809,11720809
032,112025,1329745,11720806,11720806
032,112025,1329745,11720803,11720803
032,112025,1329745,11720800,11720800
032,112025,1329745,11720795,11720795
032,112025,1329745,11720790,11720790
032,112025,1329745,11720735,11720735
032,112025,1329745,11720728,11720728
032,112025,1329745,11720721,11720721
032,112025,1329745,11720714,11720714
032,112025,1329745,11720379,11720379
032,112025,1329745,11720350,11720350
032,112025,1329745,11720227,11720227
032,112025,1329745,11720224,11720224
032,112025,1329745,11720021,11720021
032,112025,1329745,11719994,11719994
032,112025,1329745,11716937,11716937
032,112025,1329745,11716934,11716934
032,112025,1329745,11716931,11716931
032,112025,1329745,11716928,11716928
032,112025,1329745,11716918,11716918
032,112025,1329745,11520277,11520277
032,112025,1329745,11519701,11519701
032,112025,1329745,11519694,11519694
032,112025,1329745,11722224,11722224
032,112025,1329745,11722233,11722233
032,112025,1329745,11722236,11722236
032,112025,1329745,11722239,11722239
032,112025,1329745,11722242,11722242
032,112025,1329745,11722245,11722245
032,112025,1329745,11722248,11722248
032,112025,1329745,11729387,11729387
032,112025,1329745,11729390,11729390
032,112025,1329745,11729393,11729393
032,112025,1329745,11729396,11729396
032,112025,1329745,11729399,11729399
032,112025,1329745,11729402,11729402
032,112025,1329745,11729405,11729405
032,112025,1329745,11729410,11729410
032,112025,1329745,11729421,11729421
032,112025,1329745,11729428,11729428
032,112025,1329745,11729469,11729469
032,112025,1329745,11729559,11729559
032,112025,1329745,11729566,11729566
032,112025,1329745,11729569,11729569
032,112025,1329745,11729576,11729576
032,112025,1329745,11729583,11729583
032,112025,1329745,11729586,11729586
032,112025,1329745,11729721,11729721
032,112025,1329745,11729724,11729724
032,112025,1329745,11729828,11729828
032,112025,1329745,11729831,11729831
032,112025,1329745,11729988,11729988
032,112025,1329745,11729993,11729993
032,112025,1329745,11730086,11730086
032,112025,1329745,11730089,11730089
032,112025,1329745,11730937,11730937
032,112025,1329745,11730940,11730940
032,112025,1329745,11730943,11730943
032,112025,1329745,11730946,11730946
032,112025,1329745,11730983,11730983
032,112025,1329745,11730990,11730990
032,112025,1329745,11731237,11731237
032,112025,1329745,11731240,11731240
032,112025,1329745,11731320,11731320
032,112025,1329745,11731691,11731691
032,112025,1329745,11731694,11731694
032,112025,1329745,11731827,11731827
032,112025,1329745,11731832,11731832
032,112025,1329745,11731837,11731837
032,112025,1329745,11731842,11731842
032,112025,1329745,11731847,11731847
032,112025,1329745,11731852,11731852
032,112025,1329745,11731857,11731857
032,112025,1329745,11731862,11731862
032,112025,1329745,11732103,11732103
032,112025,1329745,11732110,11732110
032,112025,1329745,11732115,11732115
032,112025,1329745,11732120,11732120
032,112025,1329745,11732125,11732125
032,112025,1329745,11732130,11732130
032,112025,1329745,11732135,11732135
032,112025,1329745,11732140,11732140
032,112025,1329745,11732145,11732145
032,112025,1329745,11732150,11732150
032,112025,1329745,11732155,11732155
032,112025,1329745,11732166,11732166
032,112025,1329745,11732171,11732171
032,112025,1329745,11732182,11732182
032,112025,1329745,11732189,11732189
032,112025,1329745,11732205,11732205
032,112025,1329745,11732210,11732210
032,112025,1329745,11732215,11732215
032,112025,1329745,11732220,11732220
032,112025,1329745,11732225,11732225
032,112025,1329745,11732230,11732230
032,112025,1329745,11732235,11732235
032,112025,1329745,11732240,11732240
032,112025,1329745,11732245,11732245
032,112025,1329745,11732250,11732250
032,112025,1329745,11732255,11732255
032,112025,1329745,11732260,11732260
032,112025,1329745,11732265,11732265
032,112025,1329745,11732270,11732270
032,112025,1329745,11732321,11732321
032,112025,1329745,11732324,11732324
032,112025,1329745,11732367,11732367
032,112025,1329745,11732370,11732370
032,112025,1329745,11732373,11732373
032,112025,1329745,11732392,11732392
032,112025,1329745,11732395,11732395
032,112025,1329745,11732398,11732398
032,112025,1329745,11732401,11732401
032,112025,1329745,11732404,11732404
032,112025,1329745,11732407,11732407
032,112025,1329745,11732511,11732511
032,112025,1329745,11732514,11732514
032,112025,1329745,108338174,108338174
032,112025,1329745,109021498,109021498
032,112025,1329745,109022626,109022626
032,112025,1329745,109022634,109022634
032,112025,1329745,109114727,109114727
032,112025,1329745,109133026,109133026
032,112025,1329745,109133033,109133033
032,112025,1329745,109167862,109167862
032,112025,1329745,109167877,109167877
032,112025,1329745,109848524,109848524
032,112025,1329745,109848527,109848527
032,112025,1329745,110006875,110006875
032,112025,1329745,110768488,110768488
032,112025,1329745,110768504,110768504
032,112025,1329745,112782890,112782890
032,112025,1329745,112782897,112782897
032,112025,1329745,112782935,112782935
032,112025,1329745,112782942,112782942
032,112025,1329745,112832512,112832512
032,112025,1329745,112832515,112832515
032,112025,1329745,112834367,112834367
032,112025,1329745,112834370,112834370
032,112025,1329745,112834385,112834385
032,112025,1329745,112834388,112834388
032,112025,1329745,112834473,112834473
032,112025,1329745,112834476,112834476
032,112025,1329745,112985667,112985667
032,112025,1329745,112985670,112985670
032,112025,1329745,113013549,113013549
032,112025,1329745,113013552,113013552
032,112025,1329745,113014664,113014664
032,112025,1329745,113014667,113014667
032,112025,1329745,113212076,113212076
032,112025,1329745,113260246,113260246
032,112025,1329745,113260249,113260249
032,112025,1329745,113580560,113580560
032,112025,1329745,113580564,113580564
032,112025,1329745,113580599,113580599
032,112025,1329745,113580618,113580618
032,112025,1329745,113584341,113584341
032,112025,1329745,113584344,113584344
032,112025,1329745,113851859,113851859
032,112025,1329745,113949982,113949982
032,112025,1329745,113949990,113949990
032,112025,1329745,114123615,114123615
032,112025,1329745,114130052,114130052
032,112025,1329745,114130055,114130055
032,112025,1329745,114395586,114395586
032,112025,1329745,19812582,19812582
032,112025,1329745,20469561,20469561
032,112025,1329745,20469568,20469568
032,112025,1329745,21131066,21131066
032,112025,1329745,21131094,21131094
032,112025,1329745,26275030,26275030
032,112025,1329745,26275716,26275716
032,112025,1329745,26755950,26755950
032,112025,1329745,26755957,26755957
032,112025,1329745,26756459,26756459
032,112025,1329745,26756467,26756467
032,112025,1329745,26756789,26756789
032,112025,1329745,26756796,26756796
032,112025,1329745,26756993,26756993
032,112025,1329745,26757005,26757005
032,112025,1329745,30002257,30002257
032,112025,1329745,30105635,30105635
032,112025,1330204,11519694,11519694
032,112025,1330204,11519701,11519701
032,112025,1330204,11520277,11520277
032,112025,1330204,11716918,11716918
032,112025,1330204,11716928,11716928
032,112025,1330204,11716931,11716931
032,112025,1330204,11716934,11716934
032,112025,1330204,11716937,11716937
032,112025,1330204,11719994,11719994
032,112025,1330204,11720021,11720021
032,112025,1330204,11720224,11720224
032,112025,1330204,11720227,11720227
032,112025,1330204,11720350,11720350
032,112025,1330204,11720379,11720379
032,112025,1330204,11720714,11720714
032,112025,1330204,11720721,11720721
032,112025,1330204,11720728,11720728
032,112025,1330204,11720735,11720735
032,112025,1330204,11720790,11720790
032,112025,1330204,11720795,11720795
032,112025,1330204,11720800,11720800
032,112025,1330204,11720803,11720803
032,112025,1330204,11720806,11720806
032,112025,1330204,11720809,11720809
032,112025,1330204,11720812,11720812
032,112025,1330204,11720817,11720817
032,112025,1330204,11720822,11720822
032,112025,1330204,11720827,11720827
032,112025,1330204,11720832,11720832
032,112025,1330204,11720839,11720839
032,112025,1330204,11720846,11720846
032,112025,1330204,11720849,11720849
032,112025,1330204,11720852,11720852
032,112025,1330204,11720855,11720855
032,112025,1330204,11720858,11720858
032,112025,1330204,11720861,11720861
032,112025,1330204,11720864,11720864
032,112025,1330204,11720871,11720871
032,112025,1330204,11720878,11720878
032,112025,1330204,11720881,11720881
032,112025,1330204,11720898,11720898
032,112025,1330204,11720901,11720901
032,112025,1330204,11720908,11720908
032,112025,1330204,11720913,11720913
032,112025,1330204,11720924,11720924
032,112025,1330204,11720927,11720927
032,112025,1330204,11720930,11720930
032,112025,1330204,11720933,11720933
032,112025,1330204,11720936,11720936
032,112025,1330204,11720941,11720941
032,112025,1330204,11720964,11720964
032,112025,1330204,11720971,11720971
032,112025,1330204,11722164,11722164
032,112025,1330204,11722167,11722167
032,112025,1330204,11722189,11722189
032,112025,1330204,11722192,11722192
032,112025,1330204,11722221,11722221
032,112025,1330204,11722224,11722224
032,112025,1330204,11722233,11722233
032,112025,1330204,11722236,11722236
032,112025,1330204,11722239,11722239
032,112025,1330204,11722242,11722242
032,112025,1330204,11722245,11722245
032,112025,1330204,11722248,11722248
032,112025,1330204,11729387,11729387
032,112025,1330204,11729390,11729390
032,112025,1330204,11729393,11729393
032,112025,1330204,11729396,11729396
032,112025,1330204,11729399,11729399
032,112025,1330204,11729402,11729402
032,112025,1330204,11729405,11729405
032,112025,1330204,11729410,11729410
032,112025,1330204,11729421,11729421
032,112025,1330204,11729428,11729428
032,112025,1330204,11729469,11729469
032,112025,1330204,11729559,11729559
032,112025,1330204,11729566,11729566
032,112025,1330204,11729569,11729569
032,112025,1330204,11729576,11729576
032,112025,1330204,11729583,11729583
032,112025,1330204,11729586,11729586
032,112025,1330204,11729721,11729721
032,112025,1322811,11519694,11519694
032,112025,1322811,11519701,11519701
032,112025,1322811,11520277,11520277
032,112025,1322811,11716918,11716918
032,112025,1322811,11716928,11716928
032,112025,1322811,11716931,11716931
032,112025,1322811,11716934,11716934
032,112025,1322811,11716937,11716937
032,112025,1322811,11719994,11719994
032,112025,1322811,11720021,11720021
032,112025,1322811,11720224,11720224
032,112025,1322811,11720227,11720227
032,112025,1322811,11720350,11720350
032,112025,1322811,11720379,11720379
032,112025,1322811,11720714,11720714
032,112025,1322811,11720721,11720721
032,112025,1322811,11720728,11720728
032,112025,1322811,11720735,11720735
032,112025,1322811,11720790,11720790
032,112025,1322811,11720795,11720795
032,112025,1322811,11720800,11720800
032,112025,1322811,11720803,11720803
032,112025,1322811,11720806,11720806
032,112025,1322811,11720809,11720809
032,112025,1322811,11720812,11720812
032,112025,1322811,11720817,11720817
032,112025,1322811,11720822,11720822
032,112025,1322811,11720827,11720827
032,112025,1322811,11720832,11720832
032,112025,1322811,11720839,11720839
032,112025,1322811,11720846,11720846
032,112025,1322811,11720849,11720849
032,112025,1322811,11720852,11720852
032,112025,1322811,11720855,11720855
032,112025,1322811,11720858,11720858
032,112025,1322811,11720861,11720861
032,112025,1322811,11720864,11720864
032,112025,1322811,11720871,11720871
032,112025,1322811,11720878,11720878
032,112025,1322811,11720881,11720881
032,112025,1322811,11720898,11720898
032,112025,1322811,11720901,11720901
032,112025,1322811,11720908,11720908
032,112025,1322811,11720913,11720913
032,112025,1322811,11720924,11720924
032,112025,1322811,11720927,11720927
032,112025,1322811,11720930,11720930
032,112025,1322811,11720933,11720933
032,112025,1322811,11720936,11720936
032,112025,1322811,11720941,11720941
032,112025,1322811,11720964,11720964
032,112025,1322811,11720971,11720971
032,112025,1322811,11722164,11722164
032,112025,1322811,11722167,11722167
032,112025,1322811,11722189,11722189
032,112025,1322811,11722192,11722192
032,112025,1322811,11722221,11722221
032,112025,1322811,11722224,11722224
032,112025,1322811,11722233,11722233
032,112025,1322811,11722236,11722236
032,112025,1322811,108338174,108338174
032,112025,1322811,109021498,109021498
032,112025,1322811,109022626,109022626
032,112025,1322811,109022634,109022634
032,112025,1322811,109114727,109114727
032,112025,1322811,109133026,109133026
032,112025,1322811,109133033,109133033
032,112025,1322811,109167862,109167862
032,112025,1322811,109167877,109167877
032,112025,1322811,109848524,109848524
032,112025,1322811,109848527,109848527
032,112025,1322811,110006875,110006875
032,112025,1322811,110768488,110768488
032,112025,1322811,110768504,110768504
032,112025,1322811,112782890,112782890
032,112025,1322811,112782897,112782897
032,112025,1322811,112782935,112782935
032,112025,1322811,112782942,112782942
032,112025,1322811,112832512,112832512
032,112025,1322811,112832515,112832515
032,112025,1322811,112834367,112834367
032,112025,1322811,112834370,112834370
032,112025,1322811,112834385,112834385
032,112025,1322811,112834388,112834388
032,112025,1322811,112834473,112834473
032,112025,1322811,112834476,112834476
032,112025,1322811,112985667,112985667
032,112025,1322811,112985670,112985670
032,112025,1322811,113013549,113013549
032,112025,1322811,113013552,113013552
032,112025,1322811,113014664,113014664
032,112025,1322811,113014667,113014667
032,112025,1322811,113212076,113212076
032,112025,1322811,113260246,113260246
032,112025,1322811,113260249,113260249
032,112025,1322811,113580560,113580560
032,112025,1322811,113580564,113580564
032,112025,1322811,113580599,113580599
032,112025,1322811,113580618,113580618
032,112025,1322811,113584341,113584341
032,112025,1322811,113584344,113584344
032,112025,1322811,113851859,113851859
032,112025,1322811,113949982,113949982
032,112025,1322811,113949990,113949990
032,112025,1322811,114123615,114123615
032,112025,1322811,114130052,114130052
032,112025,1322811,114130055,114130055
032,112025,1322811,114395586,114395586
032,112025,1322811,11722239,11722239
032,112025,1322811,11722242,11722242
032,112025,1322811,11722245,11722245
032,112025,1322811,11722248,11722248
032,112025,1322811,11729387,11729387
032,112025,1322811,11729390,11729390
032,112025,1322811,11729393,11729393
032,112025,1322811,11729396,11729396
032,112025,1322811,11729399,11729399
032,112025,1322811,11729402,11729402
032,112025,1322811,11729405,11729405
032,112025,1322811,11729410,11729410
032,112025,1322811,11729421,11729421
032,112025,1322811,11729428,11729428
032,112025,1322811,11729469,11729469
032,112025,1322811,11729559,11729559
032,112025,1322811,11729566,11729566
032,112025,1322811,11729569,11729569
032,112025,1322811,11729576,11729576
032,112025,1322811,11729583,11729583
032,112025,1322811,11729586,11729586
032,112025,1322811,11729721,11729721
032,112025,1322811,11729724,11729724
032,112025,1322811,11729828,11729828
032,112025,1322811,11729831,11729831
032,112025,1322811,11729988,11729988
032,112025,1322811,11729993,11729993
032,112025,1322811,11730086,11730086
032,112025,1322811,11730089,11730089
032,112025,1322811,11730937,11730937
032,112025,1331283,11720812,11720812
032,112025,1331283,11720817,11720817
032,112025,1331283,11720822,11720822
032,112025,1331283,11720827,11720827
032,112025,1331283,11720832,11720832
032,112025,1331283,11720839,11720839
032,112025,1331283,11720846,11720846
032,112025,1331283,11720849,11720849
032,112025,1331283,11720852,11720852
032,112025,1331283,11720855,11720855
032,112025,1331283,11720858,11720858
032,112025,1331283,11720861,11720861
032,112025,1331283,11720864,11720864
032,112025,1331283,11720871,11720871
032,112025,1331283,11720878,11720878
032,112025,1331283,11720881,11720881
032,112025,1331283,11720898,11720898
032,112025,1331283,11720901,11720901
032,112025,1331283,11720908,11720908
032,112025,1331283,11720913,11720913
032,112025,1331283,11720924,11720924
032,112025,1331283,11720927,11720927
032,112025,1331283,11720930,11720930
032,112025,1331283,11720933,11720933
032,112025,1331283,11720936,11720936
032,112025,1331283,11720941,11720941
032,112025,1331283,11720964,11720964
032,112025,1331283,11720971,11720971
032,112025,1331283,11722164,11722164
032,112025,1331283,11722167,11722167
032,112025,1331283,11722189,11722189
032,112025,1331283,11722192,11722192
032,112025,1331283,11722221,11722221
032,112025,1331283,11720809,11720809
032,112025,1331283,11720806,11720806
032,112025,1331283,11720803,11720803
032,112025,1331283,11720800,11720800
032,112025,1331283,11720795,11720795
032,112025,1331283,11720790,11720790
032,112025,1331283,11720735,11720735
032,112025,1331283,11720728,11720728
032,112025,1331283,11720721,11720721
032,112025,1331283,11720714,11720714
032,112025,1331283,11720379,11720379
032,112025,1331283,11720350,11720350
032,112025,1331283,11720227,11720227
032,112025,1331283,11720224,11720224
032,112025,1331283,11720021,11720021
032,112025,1331283,11719994,11719994
032,112025,1331283,11716937,11716937
032,112025,1331283,11716934,11716934
032,112025,1331283,11716931,11716931
032,112025,1331283,11716928,11716928
032,112025,1331283,11716918,11716918
032,112025,1331283,11520277,11520277
032,112025,1331283,11519701,11519701
032,112025,1331283,11519694,11519694
032,112025,1331283,11722224,11722224
032,112025,1331283,11722233,11722233
032,112025,1331283,11722236,11722236
032,112025,1331283,11722239,11722239
032,112025,1331283,11722242,11722242
032,112025,1331283,11722245,11722245
032,112025,1331283,11722248,11722248
032,112025,1331283,11729387,11729387
032,112025,1331283,11729390,11729390
032,112025,1331283,11729393,11729393
032,112025,1331283,11729396,11729396
032,112025,1331283,11729399,11729399
032,112025,1331283,11729402,11729402
032,112025,1331283,11729405,11729405
032,112025,1331283,11729410,11729410
032,112025,1331283,11729421,11729421
032,112025,1331283,11729428,11729428
032,112025,1331283,11729469,11729469
032,112025,1331283,11729559,11729559
032,112025,1331283,11729566,11729566
032,112025,1331283,11729569,11729569
032,112025,1331283,11729576,11729576
032,112025,1331283,11729583,11729583
032,112025,1331283,11729586,11729586
032,112025,1331283,11729721,11729721
032,112025,1331283,11729724,11729724
032,112025,1331283,11729828,11729828
032,112025,1331283,11729831,11729831
032,112025,1331283,11729988,11729988
032,112025,1331283,11729993,11729993
032,112025,1331283,11730086,11730086
032,112025,1331283,11730089,11730089
032,112025,1331283,11730937,11730937
032,112025,1331283,11730940,11730940
032,112025,1331283,11730943,11730943
032,112025,1331283,11730946,11730946
032,112025,1331283,11730983,11730983
032,112025,1331283,11730990,11730990
032,112025,1331283,11731237,11731237
032,112025,1331283,11731240,11731240
032,112025,1331283,11731320,11731320
032,112025,1331283,11731691,11731691
032,112025,1331283,11731694,11731694
032,112025,1331283,11731827,11731827
032,112025,1331283,11731832,11731832
032,112025,1331283,11731837,11731837
032,112025,1331283,11731842,11731842
032,112025,1331283,11731847,11731847
032,112025,1331283,11731852,11731852
032,112025,1331283,11731857,11731857
032,112025,1331283,11731862,11731862
032,112025,1331283,11732103,11732103
032,112025,1331283,11732110,11732110
032,112025,1331283,11732115,11732115
032,112025,1331283,11732120,11732120
032,112025,1331283,11732125,11732125
032,112025,1331283,11732130,11732130
032,112025,1331283,11732135,11732135
032,112025,1331283,11732140,11732140
032,112025,1331283,11732145,11732145
032,112025,1331283,11732150,11732150
032,112025,1331283,11732155,11732155
032,112025,1331283,11732166,11732166
032,112025,1331283,11732171,11732171
032,112025,1331283,11732182,11732182
032,112025,1331283,11732189,11732189
032,112025,1331283,11732205,11732205
032,112025,1331283,11732210,11732210
032,112025,1331283,11732215,11732215
032,112025,1331283,11732220,11732220
032,112025,1331283,11732225,11732225
032,112025,1331283,11732230,11732230
032,112025,1331283,11732235,11732235
032,112025,1331283,11732240,11732240
032,112025,1331283,11732245,11732245
032,112025,1331283,11732250,11732250
032,112025,1331283,11732255,11732255
032,112025,1331283,11732260,11732260
032,112025,1331283,11732265,11732265
032,112025,1331283,11732270,11732270
032,112025,1331283,11732321,11732321
032,112025,1331283,11732324,11732324
032,112025,1331283,11732367,11732367
032,112025,1331283,11732370,11732370
032,112025,1331283,11732373,11732373
032,112025,1331283,11732392,11732392
032,112025,1331283,11732395,11732395
032,112025,1331283,11732398,11732398
032,112025,1322811,11730940,11730940
032,112025,1322811,11730943,11730943
032,112025,1322811,11730946,11730946
032,112025,1322811,11730983,11730983
032,112025,1322811,11730990,11730990
032,112025,1322811,11731237,11731237
032,112025,1322811,11731240,11731240
032,112025,1322811,11731320,11731320
032,112025,1322811,11731691,11731691
032,112025,1322811,11731694,11731694
032,112025,1322811,11731827,11731827
032,112025,1322811,11731832,11731832
032,112025,1322811,11731837,11731837
032,112025,1322811,11731842,11731842
032,112025,1322811,11731847,11731847
032,112025,1322811,11731852,11731852
032,112025,1322811,11731857,11731857
032,112025,1322811,11731862,11731862
032,112025,1322811,11732103,11732103
032,112025,1322811,11732110,11732110
032,112025,1322811,11732115,11732115
032,112025,1322811,11732120,11732120
032,112025,1322811,11732125,11732125
032,112025,1322811,11732130,11732130
032,112025,1322811,11732135,11732135
032,112025,1322811,11732140,11732140
032,112025,1322811,11732145,11732145
032,112025,1322811,11732150,11732150
032,112025,1322811,11732155,11732155
032,112025,1322811,11732166,11732166
032,112025,1322811,11732171,11732171
032,112025,1322811,11732182,11732182
032,112025,1322811,11732189,11732189
032,112025,1322811,11732205,11732205
032,112025,1322811,11732210,11732210
032,112025,1322811,11732215,11732215
032,112025,1322811,11732220,11732220
032,112025,1322811,11732225,11732225
032,112025,1322811,11732230,11732230
032,112025,1322811,11732235,11732235
032,112025,1322811,11732240,11732240
032,112025,1322811,11732245,11732245
032,112025,1322811,11732250,11732250
032,112025,1322811,11732255,11732255
032,112025,1322811,11732260,11732260
032,112025,1322811,11732265,11732265
032,112025,1322811,11732270,11732270
032,112025,1322811,11732321,11732321
032,112025,1322811,11732324,11732324
032,112025,1322811,11732367,11732367
032,112025,1322811,11732392,11732392
032,112025,1322811,11732395,11732395
032,112025,1322811,11732398,11732398
032,112025,1322811,11732401,11732401
032,112025,1322811,11732404,11732404
032,112025,1322811,11732407,11732407
032,112025,1322811,11732511,11732511
032,112025,1322811,11732514,11732514
032,112025,1322811,19812582,19812582
032,112025,1322811,20469561,20469561
032,112025,1322811,20469568,20469568
032,112025,1322811,21131066,21131066
032,112025,1322811,21131094,21131094
032,112025,1322811,26275030,26275030
032,112025,1322811,26275716,26275716
032,112025,1322811,26755950,26755950
032,112025,1322811,26755957,26755957
032,112025,1322811,26756459,26756459
032,112025,1322811,26756467,26756467
032,112025,1322811,26756789,26756789
032,112025,1322811,26756796,26756796
032,112025,1322811,26756993,26756993
032,112025,1322811,26757005,26757005
032,112025,1322811,30002257,30002257
032,112025,1322811,30105635,30105635
032,112025,1324051,11519694,11519694
032,112025,1324051,11519701,11519701
032,112025,1324051,11520277,11520277
032,112025,1324051,11716918,11716918
032,112025,1324051,11716928,11716928
032,112025,1324051,11716931,11716931
032,112025,1324051,11716934,11716934
032,112025,1324051,11716937,11716937
032,112025,1324051,11719994,11719994
032,112025,1324051,11720021,11720021
032,112025,1324051,11720224,11720224
032,112025,1324051,11720227,11720227
032,112025,1324051,11720350,11720350
032,112025,1324051,11720379,11720379
032,112025,1324051,11720714,11720714
032,112025,1324051,11720721,11720721
032,112025,1324051,11720728,11720728
032,112025,1324051,11720735,11720735
032,112025,1324051,11720790,11720790
032,112025,1324051,11720795,11720795
032,112025,1324051,11720800,11720800
032,112025,1324051,11720803,11720803
032,112025,1324051,11720806,11720806
032,112025,1324051,11720809,11720809
032,112025,1324051,11720812,11720812
032,112025,1324051,11720817,11720817
032,112025,1324051,11720822,11720822
032,112025,1324051,11720827,11720827
032,112025,1324051,11720832,11720832
032,112025,1324051,11720839,11720839
032,112025,1324051,11720846,11720846
032,112025,1324051,11720849,11720849
032,112025,1324051,11720852,11720852
032,112025,1324051,11720855,11720855
032,112025,1324051,11720858,11720858
032,112025,1324051,11720861,11720861
032,112025,1324051,11720864,11720864
032,112025,1324051,11720871,11720871
032,112025,1324051,11720878,11720878
032,112025,1324051,11720881,11720881
032,112025,1324051,11720898,11720898
032,112025,1324051,11720901,11720901
032,112025,1324051,11720908,11720908
032,112025,1324051,11720913,11720913
032,112025,1324051,11720924,11720924
032,112025,1324051,11720927,11720927
032,112025,1324051,11720930,11720930
032,112025,1324051,11720933,11720933
032,112025,1324051,11720936,11720936
032,112025,1324051,11720941,11720941
032,112025,1324051,11720964,11720964
032,112025,1324051,11720971,11720971
032,112025,1324051,11722164,11722164
032,112025,1324051,11722167,11722167
032,112025,1324051,11722189,11722189
032,112025,1324051,11722192,11722192
032,112025,1324051,11722221,11722221
032,112025,1324051,11722224,11722224
032,112025,1324051,11722233,11722233
032,112025,1324051,11722236,11722236
032,112025,1324051,11722239,11722239
032,112025,1324051,11722242,11722242
032,112025,1324051,11722245,11722245
032,112025,1324051,11722248,11722248
032,112025,1324051,11729387,11729387
032,112025,1324051,11729390,11729390
032,112025,1324051,11729393,11729393
032,112025,1324051,11729396,11729396
032,112025,1324051,11729399,11729399
032,112025,1324051,11729402,11729402
032,112025,1327729,11519708,11519708
032,112025,1327729,11520312,11520312
032,112025,1327729,11520326,11520326
032,112025,1327729,11722201,11722201
032,112025,1327729,11722204,11722204
032,112025,1327729,20396564,20396564
032,112025,1327729,113423352,113423352
032,112025,1327729,113629174,113629174
032,112025,1327729,113629178,113629178
032,112025,1327729,113630698,113630698
032,112025,1327729,113630701,113630701
032,112025,1330554,11520132,11520132
032,112025,1330554,11520214,11520214
032,112025,1330554,11717001,11717001
032,112025,1330554,11719991,11719991
032,112025,1330554,11720708,11720708
032,112025,1330554,11720711,11720711
032,112025,1330554,11721074,11721074
032,112025,1330554,11721077,11721077
032,112025,1330554,11721080,11721080
032,112025,1330554,11721083,11721083
032,112025,1330554,11721086,11721086
032,112025,1330554,11721093,11721093
032,112025,1330554,11721100,11721100
032,112025,1330554,11721107,11721107
032,112025,1330554,11721117,11721117
032,112025,1330554,11721120,11721120
032,112025,1330554,11721123,11721123
032,112025,1330554,11721126,11721126
032,112025,1330554,11721133,11721133
032,112025,1330554,11721140,11721140
032,112025,1330554,11721143,11721143
032,112025,1330554,11721146,11721146
032,112025,1330554,11721149,11721149
032,112025,1330554,11721158,11721158
032,112025,1330554,11721161,11721161
032,112025,1330554,11721164,11721164
032,112025,1330554,11721167,11721167
032,112025,1330554,11721170,11721170
032,112025,1330554,11721173,11721173
032,112025,1330554,11721176,11721176
032,112025,1330554,11721179,11721179
032,112025,1330554,11721188,11721188
032,112025,1330554,11721191,11721191
032,112025,1330554,11721194,11721194
032,112025,1330554,11721197,11721197
032,112025,1330554,11722152,11722152
032,112025,1330554,11722155,11722155
032,112025,1330554,11722195,11722195
032,112025,1330554,11722198,11722198
032,112025,1330554,11722211,11722211
032,112025,1330554,11729305,11729305
032,112025,1330554,11729308,11729308
032,112025,1330554,11729311,11729311
032,112025,1330554,11729318,11729318
032,112025,1330554,11730355,11730355
032,112025,1330554,11730362,11730362
032,112025,1330554,11730407,11730407
032,112025,1330554,11730410,11730410
032,112025,1330554,11730883,11730883
032,112025,1330554,11730886,11730886
032,112025,1330554,11730917,11730917
032,112025,1330554,11730920,11730920
032,112025,1330554,11730923,11730923
032,112025,1330554,11730928,11730928
032,112025,1330554,11731099,11731099
032,112025,1330554,11731104,11731104
032,112025,1330554,11731739,11731739
032,112025,1330554,11731742,11731742
032,112025,1330554,11731815,11731815
032,112025,1330554,11731822,11731822
032,112025,1330554,11732517,11732517
032,112025,1330554,18473388,18473388
032,112025,1330554,18473498,18473498
032,112025,1330554,25210161,25210161
032,112025,1330554,25210168,25210168
032,112025,1330554,25417017,25417017
032,112025,1330554,25417050,25417050
032,112025,1330554,25417355,25417355
032,112025,1330554,25417363,25417363
032,112025,1330554,34025807,34025807
032,112025,1330554,74127322,74127322
032,112025,1330554,109595686,109595686
032,112025,1330554,109610089,109610089
032,112025,1330554,109620237,109620237
032,112025,1330554,109620249,109620249
032,112025,1330554,109839136,109839136
032,112025,1330554,111821178,111821178
032,112025,1330554,111821181,111821181
032,112025,1330554,112304376,112304376
032,112025,1330554,112304388,112304388
032,112025,1330554,112399012,112399012
032,112025,1330554,112882456,112882456
032,112025,1330554,112883757,112883757
032,112025,1330554,112884811,112884811
032,112025,1330554,112884814,112884814
032,112025,1330554,113081500,113081500
032,112025,1330554,113081503,113081503
032,112025,1330554,113098165,113098165
032,112025,1330554,113251166,113251166
032,112025,1330554,113257718,113257718
032,112025,1330554,113257721,113257721
032,112025,1330554,113478984,113478984
032,112025,1330554,113950752,113950752
032,112025,1330615,11520132,11520132
032,112025,1330615,11520214,11520214
032,112025,1330615,11717001,11717001
032,112025,1330615,11719991,11719991
032,112025,1330615,11720708,11720708
032,112025,1330615,11720711,11720711
032,112025,1330615,11721074,11721074
032,112025,1330615,11721077,11721077
032,112025,1330615,11721080,11721080
032,112025,1330615,11721083,11721083
032,112025,1330615,11721086,11721086
032,112025,1330615,11721093,11721093
032,112025,1330615,11721100,11721100
032,112025,1330615,11721107,11721107
032,112025,1330615,11721117,11721117
032,112025,1330615,11721120,11721120
032,112025,1330615,11721123,11721123
032,112025,1330615,11721126,11721126
032,112025,1330615,11721133,11721133
032,112025,1330615,11721140,11721140
032,112025,1330615,11721143,11721143
032,112025,1330615,11721146,11721146
032,112025,1330615,11721149,11721149
032,112025,1330615,11721158,11721158
032,112025,1330615,11721161,11721161
032,112025,1330615,11721164,11721164
032,112025,1330615,11721167,11721167
032,112025,1330615,11721170,11721170
032,112025,1330615,11721173,11721173
032,112025,1330615,11721176,11721176
032,112025,1330615,11721179,11721179
032,112025,1330615,11721188,11721188
032,112025,1330615,11721191,11721191
032,112025,1330615,11721194,11721194
032,112025,1330615,11721197,11721197
032,112025,1330615,11722152,11722152
032,112025,1330615,11722155,11722155
032,112025,1330615,11722195,11722195
032,112025,1330615,11722198,11722198
032,112025,1330615,11722211,11722211
032,112025,1330615,11729305,11729305
032,112025,1324051,11729405,11729405
032,112025,1324051,11729410,11729410
032,112025,1324051,11729421,11729421
032,112025,1324051,11729428,11729428
032,112025,1324051,11729469,11729469
032,112025,1324051,11729559,11729559
032,112025,1324051,11729566,11729566
032,112025,1324051,11729569,11729569
032,112025,1324051,11729576,11729576
032,112025,1324051,11729583,11729583
032,112025,1324051,11729586,11729586
032,112025,1324051,11729721,11729721
032,112025,1324051,11729724,11729724
032,112025,1324051,11729828,11729828
032,112025,1324051,11729831,11729831
032,112025,1324051,11729988,11729988
032,112025,1324051,11729993,11729993
032,112025,1324051,11730086,11730086
032,112025,1324051,11730089,11730089
032,112025,1324051,11730937,11730937
032,112025,1324051,11730940,11730940
032,112025,1324051,11730943,11730943
032,112025,1324051,11730946,11730946
032,112025,1324051,11730983,11730983
032,112025,1324051,11730990,11730990
032,112025,1324051,11731237,11731237
032,112025,1324051,11731240,11731240
032,112025,1324051,11731320,11731320
032,112025,1324051,11731691,11731691
032,112025,1324051,11731694,11731694
032,112025,1324051,11731827,11731827
032,112025,1324051,11731832,11731832
032,112025,1324051,11731837,11731837
032,112025,1324051,11731842,11731842
032,112025,1324051,11731847,11731847
032,112025,1324051,11731852,11731852
032,112025,1324051,11731857,11731857
032,112025,1324051,11731862,11731862
032,112025,1324051,11732103,11732103
032,112025,1324051,11732110,11732110
032,112025,1324051,11732115,11732115
032,112025,1324051,11732120,11732120
032,112025,1324051,11732125,11732125
032,112025,1324051,11732130,11732130
032,112025,1324051,11732135,11732135
032,112025,1324051,11732140,11732140
032,112025,1324051,11732145,11732145
032,112025,1324051,11732150,11732150
032,112025,1324051,11732155,11732155
032,112025,1324051,11732166,11732166
032,112025,1324051,11732171,11732171
032,112025,1324051,11732182,11732182
032,112025,1324051,11732189,11732189
032,112025,1324051,11732205,11732205
032,112025,1324051,11732210,11732210
032,112025,1324051,11732215,11732215
032,112025,1324051,11732220,11732220
032,112025,1324051,11732225,11732225
032,112025,1324051,11732230,11732230
032,112025,1324051,11732235,11732235
032,112025,1324051,11732240,11732240
032,112025,1324051,11732245,11732245
032,112025,1324051,11732250,11732250
032,112025,1324051,11732255,11732255
032,112025,1324051,11732260,11732260
032,112025,1324051,11732265,11732265
032,112025,1324051,11732270,11732270
032,112025,1324051,11732321,11732321
032,112025,1324051,11732324,11732324
032,112025,1324051,11732367,11732367
032,112025,1324051,11732370,11732370
032,112025,1324051,11732373,11732373
032,112025,1324051,11732392,11732392
032,112025,1324051,11732395,11732395
032,112025,1324051,11732398,11732398
032,112025,1324051,11732401,11732401
032,112025,1324051,11732404,11732404
032,112025,1324051,11732407,11732407
032,112025,1324051,11732511,11732511
032,112025,1324051,11732514,11732514
032,112025,1324051,19812582,19812582
032,112025,1324051,20469561,20469561
032,112025,1324051,20469568,20469568
032,112025,1324051,21131066,21131066
032,112025,1324051,21131094,21131094
032,112025,1324051,26275030,26275030
032,112025,1324051,26275716,26275716
032,112025,1324051,26755950,26755950
032,112025,1324051,26755957,26755957
032,112025,1324051,26756459,26756459
032,112025,1324051,26756467,26756467
032,112025,1324051,26756789,26756789
032,112025,1324051,26756796,26756796
032,112025,1324051,26756993,26756993
032,112025,1324051,26757005,26757005
032,112025,1324051,30002257,30002257
032,112025,1324051,30105635,30105635
032,112025,1324051,112834476,112834476
032,112025,1324051,112985667,112985667
032,112025,1324051,112985670,112985670
032,112025,1324051,113013549,113013549
032,112025,1324051,113013552,113013552
032,112025,1324051,113014664,113014664
032,112025,1324051,113014667,113014667
032,112025,1324051,113212076,113212076
032,112025,1324051,113260246,113260246
032,112025,1324051,113260249,113260249
032,112025,1324051,113580560,113580560
032,112025,1324051,113580564,113580564
032,112025,1324051,113580599,113580599
032,112025,1324051,113580618,113580618
032,112025,1324051,113584341,113584341
032,112025,1324051,113584344,113584344
032,112025,1324051,113851859,113851859
032,112025,1324051,113949982,113949982
032,112025,1324051,113949990,113949990
032,112025,1324051,114123615,114123615
032,112025,1324051,114130052,114130052
032,112025,1324051,114130055,114130055
032,112025,1324051,114395586,114395586
032,112025,1324051,108338174,108338174
032,112025,1324051,109021498,109021498
032,112025,1324051,109022626,109022626
032,112025,1324051,109022634,109022634
032,112025,1324051,109114727,109114727
032,112025,1324051,109133026,109133026
032,112025,1324051,109133033,109133033
032,112025,1324051,109167862,109167862
032,112025,1324051,109167877,109167877
032,112025,1324051,109848524,109848524
032,112025,1324051,109848527,109848527
032,112025,1324051,110006875,110006875
032,112025,1324051,110768488,110768488
032,112025,1324051,110768504,110768504
032,112025,1324051,112782890,112782890
032,112025,1324051,112782897,112782897
032,112025,1324051,112782935,112782935
032,112025,1324051,112782942,112782942
032,112025,1324051,112832512,112832512
032,112025,1324051,112832515,112832515
032,112025,1324051,112834367,112834367
032,112025,1324051,112834370,112834370
032,112025,1324051,112834385,112834385
032,112025,1324051,112834388,112834388
032,112025,1324051,112834473,112834473
032,112025,1324870,11519694,11519694
032,112025,1324870,11519701,11519701
032,112025,1324870,11520277,11520277
032,112025,1324870,11716918,11716918
032,112025,1324870,11716928,11716928
032,112025,1324870,11716931,11716931
032,112025,1324870,11716934,11716934
032,112025,1324870,11716937,11716937
032,112025,1324870,11719994,11719994
032,112025,1324870,11720021,11720021
032,112025,1324870,11720224,11720224
032,112025,1324870,11720227,11720227
032,112025,1324870,11720350,11720350
032,112025,1324870,11720379,11720379
032,112025,1324870,11720714,11720714
032,112025,1324870,11720721,11720721
032,112025,1324870,11720728,11720728
032,112025,1324870,11720735,11720735
032,112025,1324870,11720790,11720790
032,112025,1324870,11720795,11720795
032,112025,1324870,11720800,11720800
032,112025,1324870,11720803,11720803
032,112025,1324870,11720806,11720806
032,112025,1324870,11720809,11720809
032,112025,1324870,11720812,11720812
032,112025,1324870,11720817,11720817
032,112025,1324870,11720822,11720822
032,112025,1324870,11720827,11720827
032,112025,1324870,11720832,11720832
032,112025,1324870,11720839,11720839
032,112025,1324870,11720846,11720846
032,112025,1324870,11720849,11720849
032,112025,1324870,11720852,11720852
032,112025,1324870,11720855,11720855
032,112025,1324870,11720858,11720858
032,112025,1324870,11720861,11720861
032,112025,1324870,11720864,11720864
032,112025,1324870,11720871,11720871
032,112025,1324870,11720878,11720878
032,112025,1324870,11720881,11720881
032,112025,1324870,11720898,11720898
032,112025,1324870,11720901,11720901
032,112025,1324870,11720908,11720908
032,112025,1324870,11720913,11720913
032,112025,1324870,11720924,11720924
032,112025,1324870,11720927,11720927
032,112025,1324870,11720930,11720930
032,112025,1324870,11720933,11720933
032,112025,1324870,11720936,11720936
032,112025,1324870,11720941,11720941
032,112025,1324870,11720964,11720964
032,112025,1324870,11720971,11720971
032,112025,1324870,11722164,11722164
032,112025,1324870,11722167,11722167
032,112025,1324870,11722189,11722189
032,112025,1324870,11722192,11722192
032,112025,1324870,11722221,11722221
032,112025,1324870,11722224,11722224
032,112025,1324870,11722233,11722233
032,112025,1324870,11722236,11722236
032,112025,1324870,11722239,11722239
032,112025,1324870,11722242,11722242
032,112025,1324870,11722245,11722245
032,112025,1324870,11722248,11722248
032,112025,1324870,11729387,11729387
032,112025,1324870,11729390,11729390
032,112025,1324870,11729393,11729393
032,112025,1324870,11729396,11729396
032,112025,1324870,11729399,11729399
032,112025,1324870,11729402,11729402
032,112025,1324870,11729405,11729405
032,112025,1324870,11729410,11729410
032,112025,1324870,11729421,11729421
032,112025,1324870,11729428,11729428
032,112025,1324870,11729469,11729469
032,112025,1324870,11729559,11729559
032,112025,1324870,11729566,11729566
032,112025,1324870,11729569,11729569
032,112025,1324870,11729576,11729576
032,112025,1324870,11729583,11729583
032,112025,1324870,11729586,11729586
032,112025,1324870,11729721,11729721
032,112025,1324870,11729724,11729724
032,112025,1324870,11729828,11729828
032,112025,1324870,11729831,11729831
032,112025,1324870,11729988,11729988
032,112025,1324870,11729993,11729993
032,112025,1324870,11730086,11730086
032,112025,1324870,11730089,11730089
032,112025,1324870,11730937,11730937
032,112025,1324870,11730940,11730940
032,112025,1324870,11730943,11730943
032,112025,1324870,11730946,11730946
032,112025,1324870,11730983,11730983
032,112025,1324870,11730990,11730990
032,112025,1324870,11731237,11731237
032,112025,1324870,11731240,11731240
032,112025,1324870,11731320,11731320
032,112025,1324870,11731691,11731691
032,112025,1324870,11731694,11731694
032,112025,1324870,11731827,11731827
032,112025,1324870,108338174,108338174
032,112025,1324870,109021498,109021498
032,112025,1324870,109022626,109022626
032,112025,1324870,109022634,109022634
032,112025,1324870,109114727,109114727
032,112025,1324870,109133026,109133026
032,112025,1324870,109133033,109133033
032,112025,1324870,109167862,109167862
032,112025,1324870,109167877,109167877
032,112025,1324870,109848524,109848524
032,112025,1324870,109848527,109848527
032,112025,1324870,110006875,110006875
032,112025,1324870,110768488,110768488
032,112025,1324870,110768504,110768504
032,112025,1324870,112782890,112782890
032,112025,1324870,112782897,112782897
032,112025,1324870,112782935,112782935
032,112025,1324870,112782942,112782942
032,112025,1324870,112832512,112832512
032,112025,1324870,112832515,112832515
032,112025,1324870,112834367,112834367
032,112025,1324870,112834370,112834370
032,112025,1324870,112834385,112834385
032,112025,1324870,112834388,112834388
032,112025,1324870,112834473,112834473
032,112025,1324870,112834476,112834476
032,112025,1324870,112985667,112985667
032,112025,1324870,112985670,112985670
032,112025,1324870,113013549,113013549
032,112025,1324870,113013552,113013552
032,112025,1324870,113014664,113014664
032,112025,1324870,113014667,113014667
032,112025,1324870,113212076,113212076
032,112025,1324870,113260246,113260246
032,112025,1324870,113260249,113260249
032,112025,1324870,113580560,113580560
032,112025,1324870,113580564,113580564
032,112025,1324870,113580599,113580599
032,112025,1324870,113580618,113580618
032,112025,1324870,113584341,113584341
032,112025,1324870,113584344,113584344
032,112025,1324870,113851859,113851859
032,112025,1324870,113949982,113949982
032,112025,1324870,113949990,113949990
032,112025,1330615,11729308,11729308
032,112025,1330615,11729311,11729311
032,112025,1330615,11729318,11729318
032,112025,1330615,11730355,11730355
032,112025,1330615,11730362,11730362
032,112025,1330615,11730407,11730407
032,112025,1330615,11730410,11730410
032,112025,1330615,11730883,11730883
032,112025,1330615,11730886,11730886
032,112025,1330615,11730917,11730917
032,112025,1330615,11730920,11730920
032,112025,1330615,11730923,11730923
032,112025,1330615,11730928,11730928
032,112025,1330615,11731099,11731099
032,112025,1330615,11731104,11731104
032,112025,1330615,11731739,11731739
032,112025,1330615,11731742,11731742
032,112025,1330615,11731815,11731815
032,112025,1330615,11731822,11731822
032,112025,1330615,11732517,11732517
032,112025,1330615,18473388,18473388
032,112025,1330615,18473498,18473498
032,112025,1330615,25210161,25210161
032,112025,1330615,25210168,25210168
032,112025,1330615,25417017,25417017
032,112025,1330615,25417050,25417050
032,112025,1330615,25417355,25417355
032,112025,1330615,25417363,25417363
032,112025,1330615,34025807,34025807
032,112025,1330615,74127322,74127322
032,112025,1330615,109595686,109595686
032,112025,1330615,109610089,109610089
032,112025,1330615,109620237,109620237
032,112025,1330615,109620249,109620249
032,112025,1330615,109839136,109839136
032,112025,1330615,111821178,111821178
032,112025,1330615,111821181,111821181
032,112025,1330615,112304376,112304376
032,112025,1330615,112304388,112304388
032,112025,1330615,112399012,112399012
032,112025,1330615,112882456,112882456
032,112025,1330615,112883757,112883757
032,112025,1330615,112884811,112884811
032,112025,1330615,112884814,112884814
032,112025,1330615,113081500,113081500
032,112025,1330615,113081503,113081503
032,112025,1330615,113098165,113098165
032,112025,1330615,113251166,113251166
032,112025,1330615,113257718,113257718
032,112025,1330615,113257721,113257721
032,112025,1330615,113478984,113478984
032,112025,1330615,113950752,113950752
032,112025,1323327,11520263,11520263
032,112025,1323327,11520331,11520331
032,112025,1323327,11720126,11720126
032,112025,1323327,11720133,11720133
032,112025,1323327,11720140,11720140
032,112025,1323327,11720147,11720147
032,112025,1323327,11720230,11720230
032,112025,1323327,11720702,11720702
032,112025,1323327,11720705,11720705
032,112025,1323327,11720742,11720742
032,112025,1323327,11720745,11720745
032,112025,1323327,11720778,11720778
032,112025,1323327,11720781,11720781
032,112025,1323327,11720918,11720918
032,112025,1323327,11720921,11720921
032,112025,1323327,11720946,11720946
032,112025,1323327,11720949,11720949
032,112025,1323327,11720952,11720952
032,112025,1323327,11720955,11720955
032,112025,1323327,11720958,11720958
032,112025,1323327,11720961,11720961
032,112025,1323327,11720984,11720984
032,112025,1323327,11720987,11720987
032,112025,1323327,11720990,11720990
032,112025,1323327,11720993,11720993
032,112025,1323327,11720996,11720996
032,112025,1323327,11720999,11720999
032,112025,1323327,11722180,11722180
032,112025,1323327,11722183,11722183
032,112025,1323327,11722186,11722186
032,112025,1323327,11729283,11729283
032,112025,1323327,11729290,11729290
032,112025,1323327,11729474,11729474
032,112025,1323327,11729749,11729749
032,112025,1323327,11729901,11729901
032,112025,1323327,11729904,11729904
032,112025,1323327,11729907,11729907
032,112025,1323327,11729914,11729914
032,112025,1323327,11731552,11731552
032,112025,1323327,11731557,11731557
032,112025,1323327,11731562,11731562
032,112025,1323327,11731567,11731567
032,112025,1323327,11731572,11731572
032,112025,1323327,11731577,11731577
032,112025,1323327,11731582,11731582
032,112025,1323327,11731587,11731587
032,112025,1323327,11731592,11731592
032,112025,1323327,11731597,11731597
032,112025,1323327,11731733,11731733
032,112025,1323327,11731736,11731736
032,112025,1323327,11732097,11732097
032,112025,1323327,11732100,11732100
032,112025,1323327,11732160,11732160
032,112025,1323327,11732163,11732163
032,112025,1323327,11732176,11732176
032,112025,1323327,11732179,11732179
032,112025,1323327,12639616,12639616
032,112025,1323327,19701101,19701101
032,112025,1323327,21157635,21157635
032,112025,1323327,21157642,21157642
032,112025,1323327,21157649,21157649
032,112025,1323327,21157656,21157656
032,112025,1323327,21157680,21157680
032,112025,1323327,74453850,74453850
032,112025,1323327,109694570,109694570
032,112025,1323327,109694584,109694584
032,112025,1323327,114267355,114267355
032,112025,1323327,114267363,114267363
032,112025,1323327,114267396,114267396
032,112025,1323327,114271659,114271659
032,112025,1323327,114338696,114338696
032,112025,1323327,114392051,114392051
032,112025,1323411,11730362,11730362
032,112025,1323411,11730407,11730407
032,112025,1323411,11730410,11730410
032,112025,1323411,11730883,11730883
032,112025,1323411,11730886,11730886
032,112025,1323411,11730917,11730917
032,112025,1323411,11730920,11730920
032,112025,1323411,11730923,11730923
032,112025,1323411,11730928,11730928
032,112025,1323411,11731099,11731099
032,112025,1323411,11731104,11731104
032,112025,1323411,11731739,11731739
032,112025,1323411,11731742,11731742
032,112025,1323411,11731815,11731815
032,112025,1323411,11731822,11731822
032,112025,1323411,11732517,11732517
032,112025,1323411,18473388,18473388
032,112025,1323411,18473498,18473498
032,112025,1323411,25210161,25210161
032,112025,1323411,25210168,25210168
032,112025,1323411,25417017,25417017
032,112025,1324870,114123615,114123615
032,112025,1324870,114130052,114130052
032,112025,1324870,114130055,114130055
032,112025,1324870,114395586,114395586
032,112025,1324870,11731832,11731832
032,112025,1324870,11731837,11731837
032,112025,1324870,11731842,11731842
032,112025,1324870,11731847,11731847
032,112025,1324870,11731852,11731852
032,112025,1324870,11731857,11731857
032,112025,1324870,11731862,11731862
032,112025,1324870,11732103,11732103
032,112025,1324870,11732110,11732110
032,112025,1324870,11732115,11732115
032,112025,1324870,11732120,11732120
032,112025,1324870,11732125,11732125
032,112025,1324870,11732130,11732130
032,112025,1324870,11732135,11732135
032,112025,1324870,11732140,11732140
032,112025,1324870,11732145,11732145
032,112025,1324870,11732150,11732150
032,112025,1324870,11732155,11732155
032,112025,1324870,11732166,11732166
032,112025,1324870,11732171,11732171
032,112025,1324870,11732182,11732182
032,112025,1324870,11732189,11732189
032,112025,1324870,11732205,11732205
032,112025,1324870,11732210,11732210
032,112025,1324870,11732215,11732215
032,112025,1324870,11732220,11732220
032,112025,1324870,11732225,11732225
032,112025,1324870,11732230,11732230
032,112025,1324870,11732235,11732235
032,112025,1324870,11732240,11732240
032,112025,1324870,11732245,11732245
032,112025,1324870,11732250,11732250
032,112025,1324870,11732255,11732255
032,112025,1324870,11732260,11732260
032,112025,1324870,11732265,11732265
032,112025,1324870,11732270,11732270
032,112025,1324870,11732321,11732321
032,112025,1324870,11732324,11732324
032,112025,1324870,11732367,11732367
032,112025,1324870,11732370,11732370
032,112025,1324870,11732373,11732373
032,112025,1324870,11732392,11732392
032,112025,1324870,11732395,11732395
032,112025,1324870,11732398,11732398
032,112025,1324870,11732401,11732401
032,112025,1324870,11732404,11732404
032,112025,1324870,11732407,11732407
032,112025,1324870,11732511,11732511
032,112025,1324870,11732514,11732514
032,112025,1324870,19812582,19812582
032,112025,1324870,20469561,20469561
032,112025,1324870,20469568,20469568
032,112025,1324870,21131066,21131066
032,112025,1324870,21131094,21131094
032,112025,1324870,26275030,26275030
032,112025,1324870,26275716,26275716
032,112025,1324870,26755950,26755950
032,112025,1324870,26755957,26755957
032,112025,1324870,26756459,26756459
032,112025,1324870,26756467,26756467
032,112025,1324870,26756789,26756789
032,112025,1324870,26756796,26756796
032,112025,1324870,26756993,26756993
032,112025,1324870,26757005,26757005
032,112025,1324870,30002257,30002257
032,112025,1324870,30105635,30105635
032,112025,1325889,11519694,11519694
032,112025,1325889,11519701,11519701
032,112025,1325889,11520277,11520277
032,112025,1325889,11716918,11716918
032,112025,1325889,11716928,11716928
032,112025,1325889,11716931,11716931
032,112025,1325889,11716934,11716934
032,112025,1325889,11716937,11716937
032,112025,1325889,11719994,11719994
032,112025,1325889,11720021,11720021
032,112025,1325889,11720224,11720224
032,112025,1325889,11720227,11720227
032,112025,1325889,11720350,11720350
032,112025,1325889,11720379,11720379
032,112025,1325889,11720714,11720714
032,112025,1325889,11720721,11720721
032,112025,1325889,11720728,11720728
032,112025,1325889,11720735,11720735
032,112025,1325889,11720790,11720790
032,112025,1325889,11720795,11720795
032,112025,1325889,11720800,11720800
032,112025,1325889,11720803,11720803
032,112025,1325889,11720806,11720806
032,112025,1325889,11720809,11720809
032,112025,1325889,11720812,11720812
032,112025,1325889,11720817,11720817
032,112025,1325889,11720822,11720822
032,112025,1325889,11720827,11720827
032,112025,1325889,11720832,11720832
032,112025,1325889,11720839,11720839
032,112025,1325889,11720846,11720846
032,112025,1325889,11720849,11720849
032,112025,1325889,11720852,11720852
032,112025,1325889,11720855,11720855
032,112025,1325889,11720858,11720858
032,112025,1325889,11720861,11720861
032,112025,1325889,11720864,11720864
032,112025,1325889,11720871,11720871
032,112025,1325889,11720878,11720878
032,112025,1325889,11720881,11720881
032,112025,1325889,11720898,11720898
032,112025,1325889,11720901,11720901
032,112025,1325889,11720908,11720908
032,112025,1325889,11720913,11720913
032,112025,1325889,11720924,11720924
032,112025,1325889,11720927,11720927
032,112025,1325889,11720930,11720930
032,112025,1325889,11720933,11720933
032,112025,1325889,11720936,11720936
032,112025,1325889,11720941,11720941
032,112025,1325889,11720964,11720964
032,112025,1325889,11720971,11720971
032,112025,1325889,11722164,11722164
032,112025,1325889,11722167,11722167
032,112025,1325889,11722189,11722189
032,112025,1325889,11722192,11722192
032,112025,1325889,11722221,11722221
032,112025,1325889,11722224,11722224
032,112025,1325889,11722233,11722233
032,112025,1325889,11722236,11722236
032,112025,1325889,11722239,11722239
032,112025,1325889,11722242,11722242
032,112025,1325889,11722245,11722245
032,112025,1325889,11722248,11722248
032,112025,1325889,11729387,11729387
032,112025,1325889,11729390,11729390
032,112025,1325889,11729393,11729393
032,112025,1325889,11729396,11729396
032,112025,1325889,11729399,11729399
032,112025,1325889,11729402,11729402
032,112025,1325889,11729405,11729405
032,112025,1325889,11729410,11729410
032,112025,1325889,11729421,11729421
032,112025,1325889,11729428,11729428
032,112025,1325889,11729469,11729469
032,112025,1325889,108338174,108338174
032,112025,1325889,109021498,109021498
032,112025,1325889,109022626,109022626
032,112025,1325889,109022634,109022634
032,112025,1325889,109114727,109114727
032,112025,1325889,109133026,109133026
032,112025,1325889,109133033,109133033
032,112025,1325889,109167862,109167862
032,112025,1325889,109167877,109167877
032,112025,1325889,109848524,109848524
032,112025,1325889,109848527,109848527
032,112025,1325889,110006875,110006875
032,112025,1325889,110768488,110768488
032,112025,1325889,110768504,110768504
032,112025,1325889,112782890,112782890
032,112025,1325889,112782897,112782897
032,112025,1325889,112782935,112782935
032,112025,1325889,112782942,112782942
032,112025,1325889,112832512,112832512
032,112025,1325889,112832515,112832515
032,112025,1325889,112834367,112834367
032,112025,1325889,112834370,112834370
032,112025,1325889,112834385,112834385
032,112025,1325889,112834388,112834388
032,112025,1325889,112834473,112834473
032,112025,1325889,112834476,112834476
032,112025,1325889,112985667,112985667
032,112025,1325889,112985670,112985670
032,112025,1325889,113013549,113013549
032,112025,1325889,113013552,113013552
032,112025,1325889,113014664,113014664
032,112025,1325889,113014667,113014667
032,112025,1325889,113212076,113212076
032,112025,1325889,113260246,113260246
032,112025,1325889,113260249,113260249
032,112025,1325889,113580560,113580560
032,112025,1325889,113580564,113580564
032,112025,1325889,113580599,113580599
032,112025,1325889,113580618,113580618
032,112025,1325889,113584341,113584341
032,112025,1325889,113584344,113584344
032,112025,1325889,113851859,113851859
032,112025,1325889,113949982,113949982
032,112025,1325889,113949990,113949990
032,112025,1325889,114123615,114123615
032,112025,1325889,114130052,114130052
032,112025,1325889,114130055,114130055
032,112025,1325889,114395586,114395586
032,112025,1325889,11729559,11729559
032,112025,1325889,11729566,11729566
032,112025,1325889,11729569,11729569
032,112025,1325889,11729576,11729576
032,112025,1325889,11729583,11729583
032,112025,1325889,11729586,11729586
032,112025,1325889,11729721,11729721
032,112025,1325889,11729724,11729724
032,112025,1325889,11729828,11729828
032,112025,1325889,11729831,11729831
032,112025,1325889,11729988,11729988
032,112025,1325889,11729993,11729993
032,112025,1325889,11730086,11730086
032,112025,1325889,11730089,11730089
032,112025,1325889,11730937,11730937
032,112025,1325889,11730940,11730940
032,112025,1325889,11730943,11730943
032,112025,1325889,11730946,11730946
032,112025,1325889,11730983,11730983
032,112025,1325889,11730990,11730990
032,112025,1325889,11731237,11731237
032,112025,1325889,11731240,11731240
032,112025,1325889,11731320,11731320
032,112025,1325889,11731691,11731691
032,112025,1325889,11731694,11731694
032,112025,1325889,11731827,11731827
032,112025,1325889,11731832,11731832
032,112025,1325889,11731837,11731837
032,112025,1325889,11731842,11731842
032,112025,1325889,11731847,11731847
032,112025,1325889,11731852,11731852
032,112025,1325889,11731857,11731857
032,112025,1325889,11731862,11731862
032,112025,1325889,11732103,11732103
032,112025,1325889,11732110,11732110
032,112025,1325889,11732115,11732115
032,112025,1325889,11732120,11732120
032,112025,1325889,11732125,11732125
032,112025,1325889,11732130,11732130
032,112025,1325889,11732135,11732135
032,112025,1325889,11732140,11732140
032,112025,1325889,11732145,11732145
032,112025,1325889,11732150,11732150
032,112025,1325889,11732155,11732155
032,112025,1325889,11732166,11732166
032,112025,1325889,11732171,11732171
032,112025,1325889,11732182,11732182
032,112025,1325889,11732189,11732189
032,112025,1325889,11732205,11732205
032,112025,1325889,11732210,11732210
032,112025,1325889,11732215,11732215
032,112025,1325889,11732220,11732220
032,112025,1325889,11732225,11732225
032,112025,1325889,11732230,11732230
032,112025,1325889,11732235,11732235
032,112025,1325889,11732240,11732240
032,112025,1325889,11732245,11732245
032,112025,1325889,11732250,11732250
032,112025,1325889,11732255,11732255
032,112025,1325889,11732260,11732260
032,112025,1325889,11732265,11732265
032,112025,1325889,11732270,11732270
032,112025,1325889,11732321,11732321
032,112025,1325889,11732324,11732324
032,112025,1325889,11732367,11732367
032,112025,1325889,11732370,11732370
032,112025,1325889,11732373,11732373
032,112025,1325889,11732392,11732392
032,112025,1325889,11732395,11732395
032,112025,1325889,11732398,11732398
032,112025,1325889,11732401,11732401
032,112025,1325889,11732404,11732404
032,112025,1325889,11732407,11732407
032,112025,1325889,11732511,11732511
032,112025,1325889,11732514,11732514
032,112025,1325889,19812582,19812582
032,112025,1325889,20469561,20469561
032,112025,1325889,20469568,20469568
032,112025,1325889,21131066,21131066
032,112025,1325889,21131094,21131094
032,112025,1325889,26275030,26275030
032,112025,1325889,26275716,26275716
032,112025,1325889,26755950,26755950
032,112025,1325889,26755957,26755957
032,112025,1325889,26756459,26756459
032,112025,1325889,26756467,26756467
032,112025,1325889,26756789,26756789
032,112025,1325889,26756796,26756796
032,112025,1325889,26756993,26756993
032,112025,1325889,26757005,26757005
032,112025,1325889,30002257,30002257
032,112025,1325889,30105635,30105635
032,112025,1326043,11721170,11721170
032,112025,1326043,11721173,11721173
032,112025,1326043,11721176,11721176
032,112025,1326043,11721179,11721179
032,112025,1326043,11721188,11721188
032,112025,1331326,11720812,11720812
032,112025,1331326,11720817,11720817
032,112025,1331326,11720822,11720822
032,112025,1331326,11720827,11720827
032,112025,1331326,11720832,11720832
032,112025,1331326,11720839,11720839
032,112025,1331326,11720846,11720846
032,112025,1331326,11720849,11720849
032,112025,1331326,11720852,11720852
032,112025,1331326,11720855,11720855
032,112025,1331326,11720858,11720858
032,112025,1331326,11720861,11720861
032,112025,1331326,11720864,11720864
032,112025,1331326,11720871,11720871
032,112025,1331326,11720878,11720878
032,112025,1331326,11720881,11720881
032,112025,1331326,11720898,11720898
032,112025,1331326,11720901,11720901
032,112025,1331326,11720908,11720908
032,112025,1331326,11720913,11720913
032,112025,1331326,11720924,11720924
032,112025,1331326,11720927,11720927
032,112025,1331326,11720930,11720930
032,112025,1331326,11720933,11720933
032,112025,1331326,11720936,11720936
032,112025,1331326,11720941,11720941
032,112025,1331326,11720964,11720964
032,112025,1331326,11720971,11720971
032,112025,1331326,11722164,11722164
032,112025,1331326,11722167,11722167
032,112025,1331326,11722189,11722189
032,112025,1331326,11722192,11722192
032,112025,1331326,11722221,11722221
032,112025,1331326,11720809,11720809
032,112025,1331326,11720806,11720806
032,112025,1331326,11720803,11720803
032,112025,1331326,11720800,11720800
032,112025,1331326,11720795,11720795
032,112025,1331326,11720790,11720790
032,112025,1331326,11720735,11720735
032,112025,1331326,11720728,11720728
032,112025,1331326,11720721,11720721
032,112025,1331326,11720714,11720714
032,112025,1331326,11720379,11720379
032,112025,1331326,11720350,11720350
032,112025,1331326,11720227,11720227
032,112025,1331326,11720224,11720224
032,112025,1331326,11720021,11720021
032,112025,1331326,11719994,11719994
032,112025,1331326,11716937,11716937
032,112025,1331326,11716934,11716934
032,112025,1331326,11716931,11716931
032,112025,1331326,11716928,11716928
032,112025,1331326,11716918,11716918
032,112025,1331326,11520277,11520277
032,112025,1331326,11519701,11519701
032,112025,1331326,11519694,11519694
032,112025,1331326,11722224,11722224
032,112025,1331326,11722233,11722233
032,112025,1331326,11722236,11722236
032,112025,1331326,11722239,11722239
032,112025,1331326,11722242,11722242
032,112025,1331326,11722245,11722245
032,112025,1331326,11722248,11722248
032,112025,1331326,11729387,11729387
032,112025,1331326,11729390,11729390
032,112025,1331326,11729393,11729393
032,112025,1331326,11729396,11729396
032,112025,1331326,11729399,11729399
032,112025,1331326,11729402,11729402
032,112025,1331326,11729405,11729405
032,112025,1331326,11729410,11729410
032,112025,1331326,11729421,11729421
032,112025,1331326,11729428,11729428
032,112025,1331326,11729469,11729469
032,112025,1331326,11729559,11729559
032,112025,1331326,11729566,11729566
032,112025,1331326,11729569,11729569
032,112025,1331326,11729576,11729576
032,112025,1331326,11729583,11729583
032,112025,1331326,11729586,11729586
032,112025,1331326,11729721,11729721
032,112025,1331326,11729724,11729724
032,112025,1331326,11729828,11729828
032,112025,1331326,11729831,11729831
032,112025,1331326,11729988,11729988
032,112025,1331326,11729993,11729993
032,112025,1331326,11730086,11730086
032,112025,1331326,11730089,11730089
032,112025,1331326,11730937,11730937
032,112025,1331326,11730940,11730940
032,112025,1331326,11730943,11730943
032,112025,1331326,11730946,11730946
032,112025,1331326,11730983,11730983
032,112025,1331326,11730990,11730990
032,112025,1331326,11731237,11731237
032,112025,1331326,11731240,11731240
032,112025,1331326,11731320,11731320
032,112025,1331326,11731691,11731691
032,112025,1331326,11731694,11731694
032,112025,1331326,11731827,11731827
032,112025,1331326,11731832,11731832
032,112025,1331326,11731837,11731837
032,112025,1331326,11731842,11731842
032,112025,1331326,11731847,11731847
032,112025,1331326,11731852,11731852
032,112025,1331326,11731857,11731857
032,112025,1331326,11731862,11731862
032,112025,1331326,11732103,11732103
032,112025,1331326,11732110,11732110
032,112025,1331326,11732115,11732115
032,112025,1331326,11732120,11732120
032,112025,1331326,11732125,11732125
032,112025,1331326,11732130,11732130
032,112025,1331326,11732135,11732135
032,112025,1331326,11732140,11732140
032,112025,1331326,11732145,11732145
032,112025,1331326,11732150,11732150
032,112025,1331326,11732155,11732155
032,112025,1331326,11732166,11732166
032,112025,1331326,11732171,11732171
032,112025,1331326,11732182,11732182
032,112025,1331326,11732189,11732189
032,112025,1331326,11732205,11732205
032,112025,1331326,11732210,11732210
032,112025,1331326,11732215,11732215
032,112025,1331326,11732220,11732220
032,112025,1331326,11732225,11732225
032,112025,1331326,11732230,11732230
032,112025,1331326,11732235,11732235
032,112025,1331326,11732240,11732240
032,112025,1331326,11732245,11732245
032,112025,1331326,11732250,11732250
032,112025,1331326,11732255,11732255
032,112025,1331326,11732260,11732260
032,112025,1331326,11732265,11732265
032,112025,1331326,11732270,11732270
032,112025,1331326,11732321,11732321
032,112025,1331326,11732324,11732324
032,112025,1331326,11732367,11732367
032,112025,1331326,11732370,11732370
032,112025,1331326,11732373,11732373
032,112025,1331326,11732392,11732392
032,112025,1331326,11732395,11732395
032,112025,1331326,11732398,11732398
032,112025,1329411,11519694,11519694
032,112025,1329411,11519701,11519701
032,112025,1329411,11520277,11520277
032,112025,1329411,11716918,11716918
032,112025,1329411,11716928,11716928
032,112025,1329411,11716931,11716931
032,112025,1329411,11716934,11716934
032,112025,1329411,11716937,11716937
032,112025,1329411,11719994,11719994
032,112025,1329411,11720021,11720021
032,112025,1329411,11720224,11720224
032,112025,1329411,11720227,11720227
032,112025,1329411,11720350,11720350
032,112025,1329411,11720379,11720379
032,112025,1329411,11720714,11720714
032,112025,1329411,11720721,11720721
032,112025,1329411,11720728,11720728
032,112025,1329411,11720735,11720735
032,112025,1329411,11720790,11720790
032,112025,1329411,11720795,11720795
032,112025,1329411,11720800,11720800
032,112025,1329411,11720803,11720803
032,112025,1329411,11720806,11720806
032,112025,1329411,11720809,11720809
032,112025,1329411,11720812,11720812
032,112025,1329411,11720817,11720817
032,112025,1329411,11720822,11720822
032,112025,1329411,11720827,11720827
032,112025,1329411,11720832,11720832
032,112025,1329411,11720839,11720839
032,112025,1329411,11720846,11720846
032,112025,1329411,11720849,11720849
032,112025,1329411,11720852,11720852
032,112025,1329411,11720855,11720855
032,112025,1329411,11720858,11720858
032,112025,1329411,11720861,11720861
032,112025,1329411,11720864,11720864
032,112025,1329411,11720871,11720871
032,112025,1329411,11720878,11720878
032,112025,1329411,11720881,11720881
032,112025,1329411,11720898,11720898
032,112025,1329411,11720901,11720901
032,112025,1329411,11720908,11720908
032,112025,1329411,11720913,11720913
032,112025,1329411,11720924,11720924
032,112025,1329411,11720927,11720927
032,112025,1329411,11720930,11720930
032,112025,1329411,11720933,11720933
032,112025,1329411,11720936,11720936
032,112025,1329411,11720941,11720941
032,112025,1329411,11720964,11720964
032,112025,1329411,11720971,11720971
032,112025,1329411,11722164,11722164
032,112025,1329411,11722167,11722167
032,112025,1329411,11722189,11722189
032,112025,1329411,11722192,11722192
032,112025,1329411,11722221,11722221
032,112025,1329411,11722224,11722224
032,112025,1329411,11722233,11722233
032,112025,1329411,11722236,11722236
032,112025,1329411,11722239,11722239
032,112025,1329411,11722242,11722242
032,112025,1329411,11722245,11722245
032,112025,1329411,11722248,11722248
032,112025,1329411,11729387,11729387
032,112025,1329411,11729390,11729390
032,112025,1329411,11729393,11729393
032,112025,1329411,11729396,11729396
032,112025,1329411,11729399,11729399
032,112025,1329411,11729402,11729402
032,112025,1329411,11729405,11729405
032,112025,1329411,11729410,11729410
032,112025,1329411,11729421,11729421
032,112025,1329411,11729428,11729428
032,112025,1329411,11729469,11729469
032,112025,1329411,11729559,11729559
032,112025,1329411,11729566,11729566
032,112025,1329411,11729569,11729569
032,112025,1329411,11729576,11729576
032,112025,1329411,11729583,11729583
032,112025,1329411,11729586,11729586
032,112025,1329411,11729721,11729721
032,112025,1329411,11729724,11729724
032,112025,1329411,11729828,11729828
032,112025,1329411,11729831,11729831
032,112025,1329411,11729988,11729988
032,112025,1329411,11729993,11729993
032,112025,1329411,11730086,11730086
032,112025,1329411,11730089,11730089
032,112025,1329411,11730937,11730937
032,112025,1329411,11730940,11730940
032,112025,1329411,11730943,11730943
032,112025,1329411,11730946,11730946
032,112025,1329411,11730983,11730983
032,112025,1329411,11730990,11730990
032,112025,1329411,11731237,11731237
032,112025,1329411,11731240,11731240
032,112025,1329411,11731320,11731320
032,112025,1329411,11731691,11731691
032,112025,1329411,11731694,11731694
032,112025,1329411,11731827,11731827
032,112025,1329411,11731832,11731832
032,112025,1329411,11731837,11731837
032,112025,1329411,11731842,11731842
032,112025,1329411,11731847,11731847
032,112025,1329411,11731852,11731852
032,112025,1329411,11731857,11731857
032,112025,1329411,11731862,11731862
032,112025,1329411,11732103,11732103
032,112025,1329411,11732110,11732110
032,112025,1329411,11732115,11732115
032,112025,1329411,108338174,108338174
032,112025,1329411,109021498,109021498
032,112025,1329411,109022626,109022626
032,112025,1329411,109022634,109022634
032,112025,1329411,109114727,109114727
032,112025,1329411,109133026,109133026
032,112025,1329411,109133033,109133033
032,112025,1329411,109167862,109167862
032,112025,1329411,109167877,109167877
032,112025,1329411,109848524,109848524
032,112025,1329411,109848527,109848527
032,112025,1329411,110006875,110006875
032,112025,1329411,110768488,110768488
032,112025,1329411,110768504,110768504
032,112025,1329411,112782890,112782890
032,112025,1329411,112782897,112782897
032,112025,1329411,112782935,112782935
032,112025,1329411,112782942,112782942
032,112025,1329411,112832512,112832512
032,112025,1329411,112832515,112832515
032,112025,1329411,112834367,112834367
032,112025,1329411,112834370,112834370
032,112025,1329411,112834385,112834385
032,112025,1329411,112834388,112834388
032,112025,1329411,112834473,112834473
032,112025,1329411,112834476,112834476
032,112025,1329411,112985667,112985667
032,112025,1329411,112985670,112985670
032,112025,1329411,113013549,113013549
032,112025,1329411,113013552,113013552
032,112025,1329411,113014664,113014664
032,112025,1329411,113014667,113014667
032,112025,1329411,113212076,113212076
032,112025,1329411,113260246,113260246
032,112025,1331326,11732401,11732401
032,112025,1331326,11732404,11732404
032,112025,1331326,11732407,11732407
032,112025,1331326,11732511,11732511
032,112025,1331326,11732514,11732514
032,112025,1331326,19812582,19812582
032,112025,1331326,20469561,20469561
032,112025,1331326,20469568,20469568
032,112025,1331326,21131066,21131066
032,112025,1331326,21131094,21131094
032,112025,1331326,26275030,26275030
032,112025,1331326,26275716,26275716
032,112025,1331326,26755950,26755950
032,112025,1331326,26755957,26755957
032,112025,1331326,108338174,108338174
032,112025,1331326,109021498,109021498
032,112025,1331326,109022626,109022626
032,112025,1331326,109022634,109022634
032,112025,1331326,109114727,109114727
032,112025,1331326,109133026,109133026
032,112025,1331326,109133033,109133033
032,112025,1331326,109167862,109167862
032,112025,1331326,109167877,109167877
032,112025,1331326,109848524,109848524
032,112025,1331326,109848527,109848527
032,112025,1331326,110006875,110006875
032,112025,1331326,110768488,110768488
032,112025,1331326,110768504,110768504
032,112025,1331326,112782890,112782890
032,112025,1331326,112782897,112782897
032,112025,1331326,112782935,112782935
032,112025,1331326,112782942,112782942
032,112025,1331326,112832512,112832512
032,112025,1331326,112832515,112832515
032,112025,1331326,112834367,112834367
032,112025,1331326,112834370,112834370
032,112025,1331326,112834385,112834385
032,112025,1331326,112834388,112834388
032,112025,1331326,112834473,112834473
032,112025,1331326,112834476,112834476
032,112025,1331326,112985667,112985667
032,112025,1331326,112985670,112985670
032,112025,1331326,113013549,113013549
032,112025,1331326,113013552,113013552
032,112025,1331326,113014664,113014664
032,112025,1331326,113014667,113014667
032,112025,1331326,113212076,113212076
032,112025,1331326,113260246,113260246
032,112025,1331326,113260249,113260249
032,112025,1331326,113580560,113580560
032,112025,1331326,113580564,113580564
032,112025,1331326,113580599,113580599
032,112025,1331326,113580618,113580618
032,112025,1331326,113584341,113584341
032,112025,1331326,113584344,113584344
032,112025,1331326,113851859,113851859
032,112025,1331326,113949982,113949982
032,112025,1331326,113949990,113949990
032,112025,1331326,114123615,114123615
032,112025,1331326,114130052,114130052
032,112025,1331326,114130055,114130055
032,112025,1331326,114395586,114395586
032,112025,1331326,26756459,26756459
032,112025,1331326,26756467,26756467
032,112025,1331326,26756789,26756789
032,112025,1331326,26756796,26756796
032,112025,1331326,26756993,26756993
032,112025,1331326,26757005,26757005
032,112025,1331326,30002257,30002257
032,112025,1331326,30105635,30105635
032,112025,1329357,108338174,108338174
032,112025,1329357,109021498,109021498
032,112025,1329357,109022626,109022626
032,112025,1329357,109022634,109022634
032,112025,1329357,109114727,109114727
032,112025,1329357,109133026,109133026
032,112025,1329357,109133033,109133033
032,112025,1329357,109167862,109167862
032,112025,1329357,109167877,109167877
032,112025,1329357,109848524,109848524
032,112025,1329357,109848527,109848527
032,112025,1329357,110006875,110006875
032,112025,1329357,110768488,110768488
032,112025,1329357,110768504,110768504
032,112025,1329357,112782890,112782890
032,112025,1329357,112782897,112782897
032,112025,1329357,112782935,112782935
032,112025,1329357,112782942,112782942
032,112025,1329357,112832512,112832512
032,112025,1329357,112832515,112832515
032,112025,1329357,112834367,112834367
032,112025,1329357,112834370,112834370
032,112025,1329357,112834385,112834385
032,112025,1329357,112834388,112834388
032,112025,1329357,112834473,112834473
032,112025,1329357,112834476,112834476
032,112025,1329357,112985667,112985667
032,112025,1329357,112985670,112985670
032,112025,1329357,113013549,113013549
032,112025,1329357,113013552,113013552
032,112025,1329357,113014664,113014664
032,112025,1329357,113014667,113014667
032,112025,1329357,113212076,113212076
032,112025,1329357,113260246,113260246
032,112025,1329357,113260249,113260249
032,112025,1329357,113580560,113580560
032,112025,1329357,113580564,113580564
032,112025,1329357,113580599,113580599
032,112025,1329357,113580618,113580618
032,112025,1329357,113584341,113584341
032,112025,1329357,113584344,113584344
032,112025,1329357,113851859,113851859
032,112025,1329357,113949982,113949982
032,112025,1329357,113949990,113949990
032,112025,1329357,114123615,114123615
032,112025,1329357,114130052,114130052
032,112025,1329357,114130055,114130055
032,112025,1329357,114395586,114395586
032,112025,1329357,11519694,11519694
032,112025,1329357,11519701,11519701
032,112025,1329357,11520277,11520277
032,112025,1329357,11716918,11716918
032,112025,1329357,11716928,11716928
032,112025,1329357,11716931,11716931
032,112025,1329357,11716934,11716934
032,112025,1329357,11716937,11716937
032,112025,1329357,11719994,11719994
032,112025,1329357,11720021,11720021
032,112025,1329357,11720224,11720224
032,112025,1329357,11720227,11720227
032,112025,1329357,11720350,11720350
032,112025,1329357,11720379,11720379
032,112025,1329357,11720714,11720714
032,112025,1329357,11720721,11720721
032,112025,1329357,11720728,11720728
032,112025,1329357,11720735,11720735
032,112025,1329357,11720790,11720790
032,112025,1329357,11720795,11720795
032,112025,1329357,11720800,11720800
032,112025,1329357,11720803,11720803
032,112025,1329357,11720806,11720806
032,112025,1329357,11720809,11720809
032,112025,1329357,11720812,11720812
032,112025,1329357,11720817,11720817
032,112025,1329357,11720822,11720822
032,112025,1323411,25417050,25417050
032,112025,1323411,25417355,25417355
032,112025,1323411,25417363,25417363
032,112025,1323411,34025807,34025807
032,112025,1323411,74127322,74127322
032,112025,1323411,109595686,109595686
032,112025,1323411,109610089,109610089
032,112025,1323411,109620237,109620237
032,112025,1323411,109620249,109620249
032,112025,1323411,109839136,109839136
032,112025,1323411,111821178,111821178
032,112025,1323411,111821181,111821181
032,112025,1323411,112304376,112304376
032,112025,1323411,112304388,112304388
032,112025,1323411,112399012,112399012
032,112025,1323411,112882456,112882456
032,112025,1323411,112883757,112883757
032,112025,1323411,112884811,112884811
032,112025,1323411,112884814,112884814
032,112025,1323411,113081500,113081500
032,112025,1323411,113081503,113081503
032,112025,1323411,113098165,113098165
032,112025,1323411,113251166,113251166
032,112025,1323411,113257718,113257718
032,112025,1323411,113257721,113257721
032,112025,1323411,113478984,113478984
032,112025,1323411,113950752,113950752
032,112025,1323411,11520132,11520132
032,112025,1323411,11520214,11520214
032,112025,1323411,11717001,11717001
032,112025,1323411,11719991,11719991
032,112025,1323411,11720708,11720708
032,112025,1323411,11720711,11720711
032,112025,1323411,11721074,11721074
032,112025,1323411,11721077,11721077
032,112025,1323411,11721080,11721080
032,112025,1323411,11721083,11721083
032,112025,1323411,11721086,11721086
032,112025,1323411,11721093,11721093
032,112025,1323411,11721100,11721100
032,112025,1323411,11721107,11721107
032,112025,1323411,11721117,11721117
032,112025,1323411,11721120,11721120
032,112025,1323411,11721123,11721123
032,112025,1323411,11721126,11721126
032,112025,1323411,11721133,11721133
032,112025,1323411,11721140,11721140
032,112025,1323411,11721143,11721143
032,112025,1323411,11721146,11721146
032,112025,1323411,11721149,11721149
032,112025,1323411,11721158,11721158
032,112025,1323411,11721161,11721161
032,112025,1323411,11721164,11721164
032,112025,1323411,11721167,11721167
032,112025,1323411,11721170,11721170
032,112025,1323411,11721173,11721173
032,112025,1323411,11721176,11721176
032,112025,1323411,11721179,11721179
032,112025,1323411,11721188,11721188
032,112025,1323411,11721191,11721191
032,112025,1323411,11721194,11721194
032,112025,1323411,11721197,11721197
032,112025,1323411,11722152,11722152
032,112025,1323411,11722155,11722155
032,112025,1323411,11722195,11722195
032,112025,1323411,11722198,11722198
032,112025,1323411,11722211,11722211
032,112025,1323411,11729305,11729305
032,112025,1323411,11729308,11729308
032,112025,1323411,11729311,11729311
032,112025,1323411,11729318,11729318
032,112025,1323411,11730355,11730355
032,112025,1324201,11519694,11519694
032,112025,1324201,11519701,11519701
032,112025,1324201,11520277,11520277
032,112025,1324201,11716918,11716918
032,112025,1324201,11716928,11716928
032,112025,1324201,11716931,11716931
032,112025,1324201,11716934,11716934
032,112025,1324201,11716937,11716937
032,112025,1324201,11719994,11719994
032,112025,1324201,11720021,11720021
032,112025,1324201,11720224,11720224
032,112025,1324201,11720227,11720227
032,112025,1324201,11720350,11720350
032,112025,1324201,11720379,11720379
032,112025,1324201,11720714,11720714
032,112025,1324201,11720721,11720721
032,112025,1324201,11720728,11720728
032,112025,1324201,11720735,11720735
032,112025,1324201,11720790,11720790
032,112025,1324201,11720795,11720795
032,112025,1324201,11720800,11720800
032,112025,1324201,11720803,11720803
032,112025,1324201,11720806,11720806
032,112025,1324201,11720809,11720809
032,112025,1324201,11720812,11720812
032,112025,1324201,11720817,11720817
032,112025,1324201,11720822,11720822
032,112025,1324201,11720827,11720827
032,112025,1324201,11720832,11720832
032,112025,1324201,11720839,11720839
032,112025,1324201,11720846,11720846
032,112025,1324201,11720849,11720849
032,112025,1324201,11720852,11720852
032,112025,1324201,11720855,11720855
032,112025,1324201,11720858,11720858
032,112025,1324201,11720861,11720861
032,112025,1324201,11720864,11720864
032,112025,1324201,11720871,11720871
032,112025,1324201,11720878,11720878
032,112025,1324201,11720881,11720881
032,112025,1324201,11720898,11720898
032,112025,1324201,11720901,11720901
032,112025,1324201,11720908,11720908
032,112025,1324201,11720913,11720913
032,112025,1324201,11720924,11720924
032,112025,1324201,11720927,11720927
032,112025,1324201,11720930,11720930
032,112025,1324201,11720933,11720933
032,112025,1324201,11720936,11720936
032,112025,1324201,11720941,11720941
032,112025,1324201,11720964,11720964
032,112025,1324201,11720971,11720971
032,112025,1324201,11722164,11722164
032,112025,1324201,11722167,11722167
032,112025,1324201,11722189,11722189
032,112025,1324201,11722192,11722192
032,112025,1324201,11722221,11722221
032,112025,1324201,11722224,11722224
032,112025,1324201,11722233,11722233
032,112025,1324201,11722236,11722236
032,112025,1324201,11722239,11722239
032,112025,1324201,11722242,11722242
032,112025,1324201,11722245,11722245
032,112025,1324201,11722248,11722248
032,112025,1324201,11729387,11729387
032,112025,1324201,11729390,11729390
032,112025,1324201,11729393,11729393
032,112025,1324201,11729396,11729396
032,112025,1324201,11729399,11729399
032,112025,1324201,11729402,11729402
032,112025,1324201,11729405,11729405
032,112025,1324201,11729410,11729410
032,112025,1324201,11729421,11729421
032,112025,1329411,113260249,113260249
032,112025,1329411,113580560,113580560
032,112025,1329411,113580564,113580564
032,112025,1329411,113580599,113580599
032,112025,1329411,113580618,113580618
032,112025,1329411,113584341,113584341
032,112025,1329411,113584344,113584344
032,112025,1329411,113851859,113851859
032,112025,1329411,113949982,113949982
032,112025,1329411,113949990,113949990
032,112025,1329411,114123615,114123615
032,112025,1329411,114130052,114130052
032,112025,1329411,114130055,114130055
032,112025,1329411,114395586,114395586
032,112025,1329411,11732120,11732120
032,112025,1329411,11732125,11732125
032,112025,1329411,11732130,11732130
032,112025,1329411,11732135,11732135
032,112025,1329411,11732140,11732140
032,112025,1329411,11732145,11732145
032,112025,1329411,11732150,11732150
032,112025,1329411,11732155,11732155
032,112025,1329411,11732166,11732166
032,112025,1329411,11732171,11732171
032,112025,1329411,11732182,11732182
032,112025,1329411,11732189,11732189
032,112025,1329411,11732205,11732205
032,112025,1329411,11732210,11732210
032,112025,1329411,11732215,11732215
032,112025,1329411,11732220,11732220
032,112025,1329411,11732225,11732225
032,112025,1329411,11732230,11732230
032,112025,1329411,11732235,11732235
032,112025,1329411,11732240,11732240
032,112025,1329411,11732245,11732245
032,112025,1329411,11732250,11732250
032,112025,1329411,11732255,11732255
032,112025,1329411,11732260,11732260
032,112025,1329411,11732265,11732265
032,112025,1329411,11732270,11732270
032,112025,1329411,11732321,11732321
032,112025,1329411,11732324,11732324
032,112025,1329411,11732367,11732367
032,112025,1329411,11732370,11732370
032,112025,1329411,11732373,11732373
032,112025,1329411,11732392,11732392
032,112025,1329411,11732395,11732395
032,112025,1329411,11732398,11732398
032,112025,1329411,11732401,11732401
032,112025,1329411,11732404,11732404
032,112025,1329411,11732407,11732407
032,112025,1329411,11732511,11732511
032,112025,1329411,11732514,11732514
032,112025,1329411,19812582,19812582
032,112025,1329411,20469561,20469561
032,112025,1329411,20469568,20469568
032,112025,1329411,21131066,21131066
032,112025,1329411,21131094,21131094
032,112025,1329411,26275030,26275030
032,112025,1329411,26275716,26275716
032,112025,1329411,26755950,26755950
032,112025,1329411,26755957,26755957
032,112025,1329411,26756459,26756459
032,112025,1329411,26756467,26756467
032,112025,1329411,26756789,26756789
032,112025,1329411,26756796,26756796
032,112025,1329411,26756993,26756993
032,112025,1329411,26757005,26757005
032,112025,1329411,30002257,30002257
032,112025,1329411,30105635,30105635
032,112025,1332628,11519708,11519708
032,112025,1332628,11520312,11520312
032,112025,1332628,11520326,11520326
032,112025,1332628,11722201,11722201
032,112025,1332628,11722204,11722204
032,112025,1332628,20396564,20396564
032,112025,1332628,113423352,113423352
032,112025,1332628,113629174,113629174
032,112025,1332628,113629178,113629178
032,112025,1332628,113630698,113630698
032,112025,1332628,113630701,113630701
032,112025,1330970,109595686,109595686
032,112025,1330970,109610089,109610089
032,112025,1330970,109620237,109620237
032,112025,1330970,109620249,109620249
032,112025,1330970,109839136,109839136
032,112025,1330970,111821178,111821178
032,112025,1330970,111821181,111821181
032,112025,1330970,112304376,112304376
032,112025,1330970,112304388,112304388
032,112025,1330970,112399012,112399012
032,112025,1330970,112882456,112882456
032,112025,1330970,112883757,112883757
032,112025,1330970,112884811,112884811
032,112025,1330970,112884814,112884814
032,112025,1330970,113081500,113081500
032,112025,1330970,113081503,113081503
032,112025,1330970,113098165,113098165
032,112025,1330970,113251166,113251166
032,112025,1330970,113257718,113257718
032,112025,1330970,113257721,113257721
032,112025,1330970,113478984,113478984
032,112025,1330970,113950752,113950752
032,112025,1330970,11520132,11520132
032,112025,1330970,11520214,11520214
032,112025,1330970,11717001,11717001
032,112025,1330970,11719991,11719991
032,112025,1330970,11720708,11720708
032,112025,1330970,11720711,11720711
032,112025,1330970,11721074,11721074
032,112025,1330970,11721077,11721077
032,112025,1330970,11721080,11721080
032,112025,1330970,11721083,11721083
032,112025,1330970,11721086,11721086
032,112025,1330970,11721093,11721093
032,112025,1330970,11721100,11721100
032,112025,1330970,11721107,11721107
032,112025,1330970,11721117,11721117
032,112025,1330970,11721120,11721120
032,112025,1330970,11721123,11721123
032,112025,1330970,11721126,11721126
032,112025,1330970,11721133,11721133
032,112025,1330970,11721140,11721140
032,112025,1330970,11721143,11721143
032,112025,1330970,11721146,11721146
032,112025,1330970,11721149,11721149
032,112025,1330970,11721158,11721158
032,112025,1330970,11721161,11721161
032,112025,1330970,11721164,11721164
032,112025,1330970,11721167,11721167
032,112025,1330970,11721170,11721170
032,112025,1330970,11721173,11721173
032,112025,1330970,11721176,11721176
032,112025,1330970,11721179,11721179
032,112025,1330970,11721188,11721188
032,112025,1330970,11721191,11721191
032,112025,1330970,11721194,11721194
032,112025,1330970,11721197,11721197
032,112025,1330970,11722152,11722152
032,112025,1330970,11722155,11722155
032,112025,1330970,11722195,11722195
032,112025,1330970,11722198,11722198
032,112025,1330970,11722211,11722211
032,112025,1330970,11729305,11729305
032,112025,1330970,11729308,11729308
032,112025,1324201,11729428,11729428
032,112025,1324201,11729469,11729469
032,112025,1324201,11729559,11729559
032,112025,1324201,11729566,11729566
032,112025,1324201,11729569,11729569
032,112025,1324201,11729576,11729576
032,112025,1324201,11729583,11729583
032,112025,1324201,11729586,11729586
032,112025,1324201,11729721,11729721
032,112025,1324201,11729724,11729724
032,112025,1324201,11729828,11729828
032,112025,1324201,11729831,11729831
032,112025,1324201,11729988,11729988
032,112025,1324201,11729993,11729993
032,112025,1324201,11730086,11730086
032,112025,1324201,11730089,11730089
032,112025,1324201,11730937,11730937
032,112025,1324201,11730940,11730940
032,112025,1324201,11730943,11730943
032,112025,1324201,11730946,11730946
032,112025,1324201,11730983,11730983
032,112025,1324201,11730990,11730990
032,112025,1324201,11731237,11731237
032,112025,1324201,11731240,11731240
032,112025,1324201,11731320,11731320
032,112025,1324201,11731691,11731691
032,112025,1324201,11731694,11731694
032,112025,1324201,11731827,11731827
032,112025,1324201,11731832,11731832
032,112025,1324201,11731837,11731837
032,112025,1324201,11731842,11731842
032,112025,1324201,11731847,11731847
032,112025,1324201,11731852,11731852
032,112025,1324201,11731857,11731857
032,112025,1324201,11731862,11731862
032,112025,1324201,11732103,11732103
032,112025,1324201,11732110,11732110
032,112025,1324201,11732115,11732115
032,112025,1324201,11732120,11732120
032,112025,1324201,11732125,11732125
032,112025,1324201,11732130,11732130
032,112025,1324201,11732135,11732135
032,112025,1324201,11732140,11732140
032,112025,1324201,11732145,11732145
032,112025,1324201,11732150,11732150
032,112025,1324201,11732155,11732155
032,112025,1324201,11732166,11732166
032,112025,1324201,11732171,11732171
032,112025,1324201,11732182,11732182
032,112025,1324201,11732189,11732189
032,112025,1324201,11732205,11732205
032,112025,1324201,11732210,11732210
032,112025,1324201,11732215,11732215
032,112025,1324201,11732220,11732220
032,112025,1324201,11732225,11732225
032,112025,1324201,11732230,11732230
032,112025,1324201,11732235,11732235
032,112025,1324201,11732240,11732240
032,112025,1324201,11732245,11732245
032,112025,1324201,11732250,11732250
032,112025,1324201,11732255,11732255
032,112025,1324201,11732260,11732260
032,112025,1324201,11732265,11732265
032,112025,1324201,11732270,11732270
032,112025,1324201,11732321,11732321
032,112025,1324201,11732324,11732324
032,112025,1324201,11732367,11732367
032,112025,1324201,11732370,11732370
032,112025,1324201,11732373,11732373
032,112025,1324201,11732392,11732392
032,112025,1324201,11732395,11732395
032,112025,1324201,11732398,11732398
032,112025,1324201,11732401,11732401
032,112025,1324201,11732404,11732404
032,112025,1324201,11732407,11732407
032,112025,1324201,11732511,11732511
032,112025,1324201,11732514,11732514
032,112025,1324201,19812582,19812582
032,112025,1324201,20469561,20469561
032,112025,1324201,20469568,20469568
032,112025,1324201,21131066,21131066
032,112025,1324201,21131094,21131094
032,112025,1324201,26275030,26275030
032,112025,1324201,26275716,26275716
032,112025,1324201,26755950,26755950
032,112025,1324201,26755957,26755957
032,112025,1324201,26756459,26756459
032,112025,1324201,26756467,26756467
032,112025,1324201,26756789,26756789
032,112025,1324201,26756796,26756796
032,112025,1324201,26756993,26756993
032,112025,1324201,26757005,26757005
032,112025,1324201,30002257,30002257
032,112025,1324201,30105635,30105635
032,112025,1324201,112832512,112832512
032,112025,1324201,112832515,112832515
032,112025,1324201,112834367,112834367
032,112025,1324201,112834370,112834370
032,112025,1324201,112834385,112834385
032,112025,1324201,112834388,112834388
032,112025,1324201,112834473,112834473
032,112025,1324201,112834476,112834476
032,112025,1324201,112985667,112985667
032,112025,1324201,112985670,112985670
032,112025,1324201,113013549,113013549
032,112025,1324201,113013552,113013552
032,112025,1324201,113014664,113014664
032,112025,1324201,113014667,113014667
032,112025,1324201,113212076,113212076
032,112025,1324201,113260246,113260246
032,112025,1324201,113260249,113260249
032,112025,1324201,113580560,113580560
032,112025,1324201,113580564,113580564
032,112025,1324201,113580599,113580599
032,112025,1324201,113580618,113580618
032,112025,1324201,113584341,113584341
032,112025,1324201,113584344,113584344
032,112025,1324201,113851859,113851859
032,112025,1324201,113949982,113949982
032,112025,1324201,113949990,113949990
032,112025,1324201,114123615,114123615
032,112025,1324201,114130052,114130052
032,112025,1324201,114130055,114130055
032,112025,1324201,114395586,114395586
032,112025,1324201,108338174,108338174
032,112025,1324201,109021498,109021498
032,112025,1324201,109022626,109022626
032,112025,1324201,109022634,109022634
032,112025,1324201,109114727,109114727
032,112025,1324201,109133026,109133026
032,112025,1324201,109133033,109133033
032,112025,1324201,109167862,109167862
032,112025,1324201,109167877,109167877
032,112025,1324201,109848524,109848524
032,112025,1324201,109848527,109848527
032,112025,1324201,110006875,110006875
032,112025,1324201,110768488,110768488
032,112025,1324201,110768504,110768504
032,112025,1324201,112782890,112782890
032,112025,1324201,112782897,112782897
032,112025,1324201,112782935,112782935
032,112025,1324201,112782942,112782942
032,112025,1324744,11519694,11519694
032,112025,1324744,11519701,11519701
032,112025,1324744,11520277,11520277
032,112025,1326043,11721191,11721191
032,112025,1326043,11721194,11721194
032,112025,1326043,11721197,11721197
032,112025,1326043,11722152,11722152
032,112025,1326043,11722155,11722155
032,112025,1326043,11722195,11722195
032,112025,1326043,11722198,11722198
032,112025,1326043,11722211,11722211
032,112025,1326043,11729305,11729305
032,112025,1326043,11729308,11729308
032,112025,1326043,11729311,11729311
032,112025,1326043,11729318,11729318
032,112025,1326043,11730355,11730355
032,112025,1326043,11730362,11730362
032,112025,1326043,11730407,11730407
032,112025,1326043,11730410,11730410
032,112025,1326043,11730883,11730883
032,112025,1326043,11730886,11730886
032,112025,1326043,11730917,11730917
032,112025,1326043,11730920,11730920
032,112025,1326043,11730923,11730923
032,112025,1326043,11730928,11730928
032,112025,1326043,11731099,11731099
032,112025,1326043,11731104,11731104
032,112025,1326043,11731739,11731739
032,112025,1326043,11731742,11731742
032,112025,1326043,11731815,11731815
032,112025,1326043,11731822,11731822
032,112025,1326043,11732517,11732517
032,112025,1326043,18473388,18473388
032,112025,1326043,18473498,18473498
032,112025,1326043,25210161,25210161
032,112025,1326043,25210168,25210168
032,112025,1326043,25417017,25417017
032,112025,1326043,25417050,25417050
032,112025,1326043,25417355,25417355
032,112025,1326043,25417363,25417363
032,112025,1326043,34025807,34025807
032,112025,1326043,74127322,74127322
032,112025,1326043,109595686,109595686
032,112025,1326043,109610089,109610089
032,112025,1326043,109620237,109620237
032,112025,1326043,109620249,109620249
032,112025,1326043,109839136,109839136
032,112025,1326043,111821178,111821178
032,112025,1326043,111821181,111821181
032,112025,1326043,112304376,112304376
032,112025,1326043,112304388,112304388
032,112025,1326043,112399012,112399012
032,112025,1326043,112882456,112882456
032,112025,1326043,112883757,112883757
032,112025,1326043,112884811,112884811
032,112025,1326043,112884814,112884814
032,112025,1326043,113081500,113081500
032,112025,1326043,113081503,113081503
032,112025,1326043,113098165,113098165
032,112025,1326043,113251166,113251166
032,112025,1326043,113257718,113257718
032,112025,1326043,113257721,113257721
032,112025,1326043,113478984,113478984
032,112025,1326043,113950752,113950752
032,112025,1326043,11520132,11520132
032,112025,1326043,11520214,11520214
032,112025,1326043,11717001,11717001
032,112025,1326043,11719991,11719991
032,112025,1326043,11720708,11720708
032,112025,1326043,11720711,11720711
032,112025,1326043,11721074,11721074
032,112025,1326043,11721077,11721077
032,112025,1326043,11721080,11721080
032,112025,1326043,11721083,11721083
032,112025,1326043,11721086,11721086
032,112025,1326043,11721093,11721093
032,112025,1326043,11721100,11721100
032,112025,1326043,11721107,11721107
032,112025,1326043,11721117,11721117
032,112025,1326043,11721120,11721120
032,112025,1326043,11721123,11721123
032,112025,1326043,11721126,11721126
032,112025,1326043,11721133,11721133
032,112025,1326043,11721140,11721140
032,112025,1326043,11721143,11721143
032,112025,1326043,11721146,11721146
032,112025,1326043,11721149,11721149
032,112025,1326043,11721158,11721158
032,112025,1326043,11721161,11721161
032,112025,1326043,11721164,11721164
032,112025,1326043,11721167,11721167
032,112025,1328276,20396557,20396557
032,112025,1328276,112549235,112549235
032,112025,1328334,20396557,20396557
032,112025,1328334,112549235,112549235
032,112025,1327608,11519694,11519694
032,112025,1327608,11519701,11519701
032,112025,1327608,11520277,11520277
032,112025,1327608,11716918,11716918
032,112025,1327608,11716928,11716928
032,112025,1327608,11716931,11716931
032,112025,1327608,11716934,11716934
032,112025,1327608,11716937,11716937
032,112025,1327608,11719994,11719994
032,112025,1327608,11720021,11720021
032,112025,1327608,11720224,11720224
032,112025,1327608,11720227,11720227
032,112025,1327608,11720350,11720350
032,112025,1327608,11720379,11720379
032,112025,1327608,11720714,11720714
032,112025,1327608,11720721,11720721
032,112025,1327608,11720728,11720728
032,112025,1327608,11720735,11720735
032,112025,1327608,11720790,11720790
032,112025,1327608,11720795,11720795
032,112025,1327608,11720800,11720800
032,112025,1327608,11720803,11720803
032,112025,1327608,11720806,11720806
032,112025,1327608,11720809,11720809
032,112025,1327608,11720812,11720812
032,112025,1327608,11720817,11720817
032,112025,1327608,11720822,11720822
032,112025,1327608,11720827,11720827
032,112025,1327608,11720832,11720832
032,112025,1327608,11720839,11720839
032,112025,1327608,11720846,11720846
032,112025,1327608,11720849,11720849
032,112025,1327608,11720852,11720852
032,112025,1327608,11720855,11720855
032,112025,1327608,11720858,11720858
032,112025,1327608,11720861,11720861
032,112025,1327608,11720864,11720864
032,112025,1327608,11720871,11720871
032,112025,1327608,11720878,11720878
032,112025,1327608,11720881,11720881
032,112025,1327608,11720898,11720898
032,112025,1327608,11720901,11720901
032,112025,1327608,11720908,11720908
032,112025,1327608,11720913,11720913
032,112025,1327608,11720924,11720924
032,112025,1327608,11720927,11720927
032,112025,1327608,11720930,11720930
032,112025,1327608,11720933,11720933
032,112025,1327608,11720936,11720936
032,112025,1327608,11720941,11720941
032,112025,1327608,11720964,11720964
032,112025,1327608,11720971,11720971
032,112025,1327608,11722164,11722164
032,112025,1330970,11729311,11729311
032,112025,1330970,11729318,11729318
032,112025,1330970,11730355,11730355
032,112025,1330970,11730362,11730362
032,112025,1330970,11730407,11730407
032,112025,1330970,11730410,11730410
032,112025,1330970,11730883,11730883
032,112025,1330970,11730886,11730886
032,112025,1330970,11730917,11730917
032,112025,1330970,11730920,11730920
032,112025,1330970,11730923,11730923
032,112025,1330970,11730928,11730928
032,112025,1330970,11731099,11731099
032,112025,1330970,11731104,11731104
032,112025,1330970,11731739,11731739
032,112025,1330970,11731742,11731742
032,112025,1330970,11731815,11731815
032,112025,1330970,11731822,11731822
032,112025,1330970,11732517,11732517
032,112025,1330970,18473388,18473388
032,112025,1330970,18473498,18473498
032,112025,1330970,25210161,25210161
032,112025,1330970,25210168,25210168
032,112025,1330970,25417017,25417017
032,112025,1330970,25417050,25417050
032,112025,1330970,25417355,25417355
032,112025,1330970,25417363,25417363
032,112025,1330970,34025807,34025807
032,112025,1330970,74127322,74127322
032,112025,1332721,11519715,11519715
032,112025,1332721,11716925,11716925
032,112025,1332721,11716998,11716998
032,112025,1332721,11717008,11717008
032,112025,1332721,11717011,11717011
032,112025,1332721,11717014,11717014
032,112025,1332721,11717017,11717017
032,112025,1332721,11717020,11717020
032,112025,1332721,11720290,11720290
032,112025,1332721,11720754,11720754
032,112025,1332721,11720757,11720757
032,112025,1332721,11720760,11720760
032,112025,1332721,11720763,11720763
032,112025,1332721,11720766,11720766
032,112025,1332721,11720769,11720769
032,112025,1332721,11720772,11720772
032,112025,1332721,11720775,11720775
032,112025,1332721,11720784,11720784
032,112025,1332721,11720787,11720787
032,112025,1332721,11721002,11721002
032,112025,1332721,11721005,11721005
032,112025,1332721,11721011,11721011
032,112025,1332721,11721026,11721026
032,112025,1332721,11721029,11721029
032,112025,1332721,11721032,11721032
032,112025,1332721,11721035,11721035
032,112025,1332721,11721038,11721038
032,112025,1332721,11721041,11721041
032,112025,1332721,11721044,11721044
032,112025,1332721,11721047,11721047
032,112025,1332721,11721050,11721050
032,112025,1332721,11721053,11721053
032,112025,1332721,11721056,11721056
032,112025,1332721,11721059,11721059
032,112025,1332721,11721062,11721062
032,112025,1332721,11721065,11721065
032,112025,1332721,11721068,11721068
032,112025,1332721,11721071,11721071
032,112025,1332721,11721969,11721969
032,112025,1332721,11721976,11721976
032,112025,1332721,11722170,11722170
032,112025,1332721,11722173,11722173
032,112025,1332721,11722227,11722227
032,112025,1332721,11722230,11722230
032,112025,1332721,11729211,11729211
032,112025,1332721,11729214,11729214
032,112025,1332721,11729331,11729331
032,112025,1332721,11729334,11729334
032,112025,1332721,11729968,11729968
032,112025,1332721,11729971,11729971
032,112025,1332721,11730397,11730397
032,112025,1332721,11730400,11730400
032,112025,1332721,11730541,11730541
032,112025,1332721,11730548,11730548
032,112025,1332721,11730551,11730551
032,112025,1332721,11730554,11730554
032,112025,1332721,11730961,11730961
032,112025,1332721,11730964,11730964
032,112025,1332721,11730967,11730967
032,112025,1332721,11730970,11730970
032,112025,1332721,11731069,11731069
032,112025,1332721,11731076,11731076
032,112025,1332721,11731083,11731083
032,112025,1332721,11731086,11731086
032,112025,1332721,11731109,11731109
032,112025,1332721,11731112,11731112
032,112025,1332721,11731263,11731263
032,112025,1332721,11731266,11731266
032,112025,1332721,11731269,11731269
032,112025,1332721,11731272,11731272
032,112025,1332721,12868911,12868911
032,112025,1332721,17751939,17751939
032,112025,1332721,32290945,32290945
032,112025,1332721,112458846,112458846
032,112025,1332721,112458857,112458857
032,112025,1332721,113405718,113405718
032,112025,1332721,113446996,113446996
032,112025,1332721,114339759,114339759
032,112025,1332721,114467063,114467063
032,112025,1332721,114481611,114481611
032,112025,1332721,114573180,114573180
032,112025,1332721,114573193,114573193
032,112025,1336512,11519708,11519708
032,112025,1336512,11520312,11520312
032,112025,1336512,11520326,11520326
032,112025,1336512,11722201,11722201
032,112025,1336512,11722204,11722204
032,112025,1336512,20396564,20396564
032,112025,1336512,113423352,113423352
032,112025,1336512,113629174,113629174
032,112025,1336512,113629178,113629178
032,112025,1336512,113630698,113630698
032,112025,1336512,113630701,113630701
032,112025,1334925,11520132,11520132
032,112025,1334925,11520214,11520214
032,112025,1334925,11717001,11717001
032,112025,1334925,11719991,11719991
032,112025,1334925,11720708,11720708
032,112025,1334925,109595686,109595686
032,112025,1334925,109610089,109610089
032,112025,1334925,109620237,109620237
032,112025,1334925,109620249,109620249
032,112025,1334925,109839136,109839136
032,112025,1334925,111821178,111821178
032,112025,1334925,111821181,111821181
032,112025,1334925,112304376,112304376
032,112025,1334925,112304388,112304388
032,112025,1334925,112399012,112399012
032,112025,1334925,112882456,112882456
032,112025,1334925,112883757,112883757
032,112025,1334925,112884811,112884811
032,112025,1334925,112884814,112884814
032,112025,1334925,113081500,113081500
032,112025,1334925,113081503,113081503
032,112025,1334925,113098165,113098165
032,112025,1334925,113251166,113251166
032,112025,1331041,11520214,11520214
032,112025,1331041,11520263,11520263
032,112025,1331041,11520331,11520331
032,112025,1331041,11717001,11717001
032,112025,1331041,11720126,11720126
032,112025,1331041,11720133,11720133
032,112025,1331041,11720140,11720140
032,112025,1331041,11720147,11720147
032,112025,1331041,11720230,11720230
032,112025,1331041,11720702,11720702
032,112025,1331041,11720705,11720705
032,112025,1331041,11720708,11720708
032,112025,1331041,11720711,11720711
032,112025,1331041,11720742,11720742
032,112025,1331041,11720745,11720745
032,112025,1331041,11720778,11720778
032,112025,1331041,11720781,11720781
032,112025,1331041,11720918,11720918
032,112025,1331041,11720921,11720921
032,112025,1331041,11720946,11720946
032,112025,1331041,11720949,11720949
032,112025,1331041,11720952,11720952
032,112025,1331041,11720955,11720955
032,112025,1331041,11720958,11720958
032,112025,1331041,11720961,11720961
032,112025,1331041,11720984,11720984
032,112025,1331041,11720987,11720987
032,112025,1331041,11720990,11720990
032,112025,1331041,11720993,11720993
032,112025,1331041,11720996,11720996
032,112025,1331041,11720999,11720999
032,112025,1331041,11721074,11721074
032,112025,1335739,114392051,114392051
032,112025,1335739,114338696,114338696
032,112025,1335739,114271659,114271659
032,112025,1335739,114267396,114267396
032,112025,1335739,114267363,114267363
032,112025,1335739,114267355,114267355
032,112025,1335739,109694584,109694584
032,112025,1335739,109694570,109694570
032,112025,1335739,11720781,11720781
032,112025,1335739,11720778,11720778
032,112025,1335739,11720745,11720745
032,112025,1335739,11720742,11720742
032,112025,1335739,11720705,11720705
032,112025,1335739,11720702,11720702
032,112025,1335739,11720230,11720230
032,112025,1335739,11720147,11720147
032,112025,1335739,11720140,11720140
032,112025,1335739,11720133,11720133
032,112025,1335739,11720126,11720126
032,112025,1335739,11520331,11520331
032,112025,1335739,11520263,11520263
032,112025,1331041,11721077,11721077
032,112025,1331041,11721080,11721080
032,112025,1331041,11721083,11721083
032,112025,1331041,11721086,11721086
032,112025,1331041,11721093,11721093
032,112025,1331041,11721100,11721100
032,112025,1331041,11721107,11721107
032,112025,1331041,11721117,11721117
032,112025,1331041,11721120,11721120
032,112025,1331041,11721123,11721123
032,112025,1331041,11721126,11721126
032,112025,1331041,11721133,11721133
032,112025,1331041,11721158,11721158
032,112025,1331041,11721161,11721161
032,112025,1331041,11722180,11722180
032,112025,1331041,11722183,11722183
032,112025,1331041,11722186,11722186
032,112025,1331041,11722211,11722211
032,112025,1331041,11729283,11729283
032,112025,1331041,11729290,11729290
032,112025,1331041,11729474,11729474
032,112025,1331041,11729749,11729749
032,112025,1331041,11729901,11729901
032,112025,1331041,11729904,11729904
032,112025,1331041,11729907,11729907
032,112025,1331041,11729914,11729914
032,112025,1331041,11730355,11730355
032,112025,1331041,11730362,11730362
032,112025,1331041,11730407,11730407
032,112025,1331041,11730410,11730410
032,112025,1331041,11730917,11730917
032,112025,1331041,11730920,11730920
032,112025,1331041,11730923,11730923
032,112025,1331041,11730928,11730928
032,112025,1331041,11731099,11731099
032,112025,1331041,11731104,11731104
032,112025,1331041,11731552,11731552
032,112025,1331041,11731557,11731557
032,112025,1331041,11731562,11731562
032,112025,1331041,11731567,11731567
032,112025,1331041,11731572,11731572
032,112025,1331041,11731577,11731577
032,112025,1331041,11731582,11731582
032,112025,1331041,11731587,11731587
032,112025,1331041,11731592,11731592
032,112025,1331041,11731597,11731597
032,112025,1331041,11731733,11731733
032,112025,1331041,11731736,11731736
032,112025,1331041,11731739,11731739
032,112025,1331041,11731815,11731815
032,112025,1331041,11732097,11732097
032,112025,1331041,11732100,11732100
032,112025,1331041,11732160,11732160
032,112025,1331041,11732163,11732163
032,112025,1331041,11732176,11732176
032,112025,1331041,11732179,11732179
032,112025,1331041,12639616,12639616
032,112025,1331041,19701101,19701101
032,112025,1331041,21157635,21157635
032,112025,1331041,21157642,21157642
032,112025,1331041,21157649,21157649
032,112025,1331041,21157656,21157656
032,112025,1331041,21157680,21157680
032,112025,1331041,25417017,25417017
032,112025,1331041,25417050,25417050
032,112025,1331041,25417355,25417355
032,112025,1331041,25417363,25417363
032,112025,1331041,34025807,34025807
032,112025,1331041,74127322,74127322
032,112025,1331041,74453850,74453850
032,112025,1331041,109694570,109694570
032,112025,1331041,109694584,109694584
032,112025,1331041,109839136,109839136
032,112025,1331041,111821178,111821178
032,112025,1331041,111821181,111821181
032,112025,1331041,112882456,112882456
032,112025,1331041,112883757,112883757
032,112025,1331041,112884811,112884811
032,112025,1331041,112884814,112884814
032,112025,1331041,113251166,113251166
032,112025,1331041,113950752,113950752
032,112025,1331041,114267355,114267355
032,112025,1331041,114267363,114267363
032,112025,1331041,114267396,114267396
032,112025,1331041,114271659,114271659
032,112025,1331041,114338696,114338696
032,112025,1331041,114392051,114392051
032,112025,1331311,11520132,11520132
032,112025,1331311,11520214,11520214
032,112025,1331311,11717001,11717001
032,112025,1331311,11719991,11719991
032,112025,1331311,11720708,11720708
032,112025,1324744,11716918,11716918
032,112025,1324744,11716928,11716928
032,112025,1324744,11716931,11716931
032,112025,1324744,11716934,11716934
032,112025,1324744,11716937,11716937
032,112025,1324744,11719994,11719994
032,112025,1324744,11720021,11720021
032,112025,1324744,11720224,11720224
032,112025,1324744,11720227,11720227
032,112025,1324744,11720350,11720350
032,112025,1324744,11720379,11720379
032,112025,1324744,11720714,11720714
032,112025,1324744,11720721,11720721
032,112025,1324744,11720728,11720728
032,112025,1324744,11720735,11720735
032,112025,1324744,11720790,11720790
032,112025,1324744,11720795,11720795
032,112025,1324744,11720800,11720800
032,112025,1324744,11720803,11720803
032,112025,1324744,11720806,11720806
032,112025,1324744,11720809,11720809
032,112025,1324744,11720812,11720812
032,112025,1324744,11720817,11720817
032,112025,1324744,11720822,11720822
032,112025,1324744,11720827,11720827
032,112025,1324744,11720832,11720832
032,112025,1324744,11720839,11720839
032,112025,1324744,11720846,11720846
032,112025,1324744,11720849,11720849
032,112025,1324744,11720852,11720852
032,112025,1324744,108338174,108338174
032,112025,1324744,109021498,109021498
032,112025,1324744,109022626,109022626
032,112025,1324744,109022634,109022634
032,112025,1324744,109114727,109114727
032,112025,1324744,109133026,109133026
032,112025,1324744,109133033,109133033
032,112025,1324744,109167862,109167862
032,112025,1324744,109167877,109167877
032,112025,1324744,109848524,109848524
032,112025,1324744,109848527,109848527
032,112025,1324744,110006875,110006875
032,112025,1324744,110768488,110768488
032,112025,1324744,110768504,110768504
032,112025,1324744,112782890,112782890
032,112025,1324744,112782897,112782897
032,112025,1324744,112782935,112782935
032,112025,1324744,112782942,112782942
032,112025,1324744,112832512,112832512
032,112025,1324744,112832515,112832515
032,112025,1324744,112834367,112834367
032,112025,1324744,112834370,112834370
032,112025,1324744,112834385,112834385
032,112025,1324744,112834388,112834388
032,112025,1324744,112834473,112834473
032,112025,1324744,112834476,112834476
032,112025,1324744,112985667,112985667
032,112025,1324744,112985670,112985670
032,112025,1324744,113013549,113013549
032,112025,1324744,113013552,113013552
032,112025,1324744,113014664,113014664
032,112025,1324744,113014667,113014667
032,112025,1324744,113212076,113212076
032,112025,1324744,113260246,113260246
032,112025,1324744,113260249,113260249
032,112025,1324744,113580560,113580560
032,112025,1324744,113580564,113580564
032,112025,1324744,113580599,113580599
032,112025,1324744,113580618,113580618
032,112025,1324744,113584341,113584341
032,112025,1324744,113584344,113584344
032,112025,1324744,113851859,113851859
032,112025,1324744,113949982,113949982
032,112025,1324744,113949990,113949990
032,112025,1324744,114123615,114123615
032,112025,1324744,114130052,114130052
032,112025,1324744,114130055,114130055
032,112025,1324744,114395586,114395586
032,112025,1324744,11720855,11720855
032,112025,1324744,11720858,11720858
032,112025,1324744,11720861,11720861
032,112025,1324744,11720864,11720864
032,112025,1324744,11720871,11720871
032,112025,1324744,11720878,11720878
032,112025,1324744,11720881,11720881
032,112025,1324744,11720898,11720898
032,112025,1324744,11720901,11720901
032,112025,1324744,11720908,11720908
032,112025,1324744,11720913,11720913
032,112025,1324744,11720924,11720924
032,112025,1324744,11720927,11720927
032,112025,1324744,11720930,11720930
032,112025,1324744,11720933,11720933
032,112025,1324744,11720936,11720936
032,112025,1324744,11720941,11720941
032,112025,1324744,11720964,11720964
032,112025,1324744,11720971,11720971
032,112025,1324744,11722164,11722164
032,112025,1324744,11722167,11722167
032,112025,1324744,11722189,11722189
032,112025,1324744,11722192,11722192
032,112025,1324744,11722221,11722221
032,112025,1324744,11722224,11722224
032,112025,1324744,11722233,11722233
032,112025,1324744,11722236,11722236
032,112025,1324744,11722239,11722239
032,112025,1324744,11722242,11722242
032,112025,1324744,11722245,11722245
032,112025,1324744,11722248,11722248
032,112025,1324744,11729387,11729387
032,112025,1324744,11729390,11729390
032,112025,1324744,11729393,11729393
032,112025,1324744,11729396,11729396
032,112025,1324744,11729399,11729399
032,112025,1324744,11729402,11729402
032,112025,1324744,11729405,11729405
032,112025,1324744,11729410,11729410
032,112025,1324744,11729421,11729421
032,112025,1324744,11729428,11729428
032,112025,1324744,11729469,11729469
032,112025,1324744,11729559,11729559
032,112025,1324744,11729566,11729566
032,112025,1324744,11729569,11729569
032,112025,1324744,11729576,11729576
032,112025,1324744,11729583,11729583
032,112025,1324744,11729586,11729586
032,112025,1324744,11729721,11729721
032,112025,1324744,11729724,11729724
032,112025,1324744,11729828,11729828
032,112025,1324744,11729831,11729831
032,112025,1324744,11729988,11729988
032,112025,1324744,11729993,11729993
032,112025,1324744,11730086,11730086
032,112025,1324744,11730089,11730089
032,112025,1324744,11730937,11730937
032,112025,1324744,11730940,11730940
032,112025,1324744,11730943,11730943
032,112025,1324744,11730946,11730946
032,112025,1324744,11730983,11730983
032,112025,1324744,11730990,11730990
032,112025,1324744,11731237,11731237
032,112025,1324744,11731240,11731240
032,112025,1324744,11731320,11731320
032,112025,1324744,11731691,11731691
032,112025,1324744,11731694,11731694
032,112025,1334169,11519694,11519694
032,112025,1334169,11519701,11519701
032,112025,1334169,11520277,11520277
032,112025,1334169,11716918,11716918
032,112025,1334169,11716928,11716928
032,112025,1334169,11716931,11716931
032,112025,1334169,11716934,11716934
032,112025,1334169,11716937,11716937
032,112025,1334169,11719994,11719994
032,112025,1334169,11720021,11720021
032,112025,1334169,11720224,11720224
032,112025,1334169,11720227,11720227
032,112025,1334169,11720350,11720350
032,112025,1334169,11720379,11720379
032,112025,1334169,11720714,11720714
032,112025,1334169,11720721,11720721
032,112025,1334169,11720728,11720728
032,112025,1334169,11720735,11720735
032,112025,1334169,11720790,11720790
032,112025,1334169,11720795,11720795
032,112025,1334169,11720800,11720800
032,112025,1334169,11720803,11720803
032,112025,1334169,11720806,11720806
032,112025,1334169,11720809,11720809
032,112025,1334169,11720812,11720812
032,112025,1334169,11720817,11720817
032,112025,1334169,11720822,11720822
032,112025,1334169,11720827,11720827
032,112025,1334169,11720832,11720832
032,112025,1334169,11720839,11720839
032,112025,1334169,11720846,11720846
032,112025,1334169,11720849,11720849
032,112025,1334169,11720852,11720852
032,112025,1334169,11720855,11720855
032,112025,1334169,11720858,11720858
032,112025,1334169,11720861,11720861
032,112025,1334169,11720864,11720864
032,112025,1334169,11720871,11720871
032,112025,1334169,11720878,11720878
032,112025,1334169,11720881,11720881
032,112025,1334169,11720898,11720898
032,112025,1334169,11720901,11720901
032,112025,1334169,11720908,11720908
032,112025,1334169,11720913,11720913
032,112025,1334169,11720924,11720924
032,112025,1334169,11720927,11720927
032,112025,1334169,11720930,11720930
032,112025,1334169,11720933,11720933
032,112025,1334169,11720936,11720936
032,112025,1334169,11720941,11720941
032,112025,1334169,11720964,11720964
032,112025,1334169,11720971,11720971
032,112025,1334169,11722164,11722164
032,112025,1334169,11722167,11722167
032,112025,1334169,11722189,11722189
032,112025,1334169,11722192,11722192
032,112025,1334169,11722221,11722221
032,112025,1334169,11722224,11722224
032,112025,1334169,11722233,11722233
032,112025,1334169,11722236,11722236
032,112025,1334169,11722239,11722239
032,112025,1334169,11722242,11722242
032,112025,1334169,11722245,11722245
032,112025,1334169,11722248,11722248
032,112025,1334169,11729387,11729387
032,112025,1334169,11729390,11729390
032,112025,1334169,11729393,11729393
032,112025,1334169,11729396,11729396
032,112025,1334169,11729399,11729399
032,112025,1334169,11729402,11729402
032,112025,1334169,11729405,11729405
032,112025,1328312,11519715,11519715
032,112025,1328312,11716925,11716925
032,112025,1328312,11716998,11716998
032,112025,1328312,11717008,11717008
032,112025,1328312,11717011,11717011
032,112025,1328312,11717014,11717014
032,112025,1328312,11717017,11717017
032,112025,1328312,11717020,11717020
032,112025,1328312,11720290,11720290
032,112025,1328312,11720754,11720754
032,112025,1328312,11720757,11720757
032,112025,1328312,11720760,11720760
032,112025,1328312,11720763,11720763
032,112025,1328312,11720766,11720766
032,112025,1328312,11720769,11720769
032,112025,1328312,11720772,11720772
032,112025,1328312,11720775,11720775
032,112025,1328312,11720784,11720784
032,112025,1328312,11720787,11720787
032,112025,1328312,11721002,11721002
032,112025,1328312,11721005,11721005
032,112025,1328312,11721011,11721011
032,112025,1328312,112458846,112458846
032,112025,1328312,112458857,112458857
032,112025,1328312,113405718,113405718
032,112025,1328312,113446996,113446996
032,112025,1328312,114339759,114339759
032,112025,1328312,114467063,114467063
032,112025,1328312,114481611,114481611
032,112025,1329497,20396557,20396557
032,112025,1329497,112549235,112549235
032,112025,1329648,20396557,20396557
032,112025,1329648,112549235,112549235
032,112025,1332000,11519694,11519694
032,112025,1332000,11519701,11519701
032,112025,1332000,11520132,11520132
032,112025,1332000,11520214,11520214
032,112025,1332000,11520277,11520277
032,112025,1332000,11717001,11717001
032,112025,1332000,11719991,11719991
032,112025,1332000,11720708,11720708
032,112025,1332000,11720711,11720711
032,112025,1332000,11721074,11721074
032,112025,1332000,11721077,11721077
032,112025,1332000,11721080,11721080
032,112025,1332000,11721083,11721083
032,112025,1332000,11721086,11721086
032,112025,1332000,11721093,11721093
032,112025,1332000,11721100,11721100
032,112025,1332000,11721107,11721107
032,112025,1332000,11721117,11721117
032,112025,1332000,11721120,11721120
032,112025,1332000,11721123,11721123
032,112025,1332000,11721126,11721126
032,112025,1332000,11721133,11721133
032,112025,1332000,11721140,11721140
032,112025,1332000,11721143,11721143
032,112025,1332000,11721146,11721146
032,112025,1332000,11721149,11721149
032,112025,1332000,11721158,11721158
032,112025,1332000,11721161,11721161
032,112025,1332000,11721164,11721164
032,112025,1332000,11721167,11721167
032,112025,1332000,11721170,11721170
032,112025,1332000,11721173,11721173
032,112025,1332000,11721176,11721176
032,112025,1332000,11721179,11721179
032,112025,1332000,11721188,11721188
032,112025,1332000,11721191,11721191
032,112025,1332000,11721194,11721194
032,112025,1332000,11721197,11721197
032,112025,1332000,11722152,11722152
032,112025,1332000,11722155,11722155
032,112025,1332000,11722195,11722195
032,112025,1324744,11731827,11731827
032,112025,1324744,11731832,11731832
032,112025,1324744,11731837,11731837
032,112025,1324744,11731842,11731842
032,112025,1324744,11731847,11731847
032,112025,1324744,11731852,11731852
032,112025,1324744,11731857,11731857
032,112025,1324744,11731862,11731862
032,112025,1324744,11732103,11732103
032,112025,1324744,11732110,11732110
032,112025,1324744,11732115,11732115
032,112025,1324744,11732120,11732120
032,112025,1324744,11732125,11732125
032,112025,1324744,11732130,11732130
032,112025,1324744,11732135,11732135
032,112025,1324744,11732140,11732140
032,112025,1324744,11732145,11732145
032,112025,1324744,11732150,11732150
032,112025,1324744,11732155,11732155
032,112025,1324744,11732166,11732166
032,112025,1324744,11732171,11732171
032,112025,1324744,11732182,11732182
032,112025,1324744,11732189,11732189
032,112025,1324744,11732205,11732205
032,112025,1324744,11732210,11732210
032,112025,1324744,11732215,11732215
032,112025,1324744,11732220,11732220
032,112025,1324744,11732225,11732225
032,112025,1324744,11732230,11732230
032,112025,1324744,11732235,11732235
032,112025,1324744,11732240,11732240
032,112025,1324744,11732245,11732245
032,112025,1324744,11732250,11732250
032,112025,1324744,11732255,11732255
032,112025,1324744,11732260,11732260
032,112025,1324744,11732265,11732265
032,112025,1324744,11732270,11732270
032,112025,1324744,11732321,11732321
032,112025,1324744,11732324,11732324
032,112025,1324744,11732367,11732367
032,112025,1324744,11732370,11732370
032,112025,1324744,11732373,11732373
032,112025,1324744,11732392,11732392
032,112025,1324744,11732395,11732395
032,112025,1324744,11732398,11732398
032,112025,1324744,11732401,11732401
032,112025,1324744,11732404,11732404
032,112025,1324744,11732407,11732407
032,112025,1324744,11732511,11732511
032,112025,1324744,11732514,11732514
032,112025,1324744,19812582,19812582
032,112025,1324744,20469561,20469561
032,112025,1324744,20469568,20469568
032,112025,1324744,21131066,21131066
032,112025,1324744,21131094,21131094
032,112025,1324744,26275030,26275030
032,112025,1324744,26275716,26275716
032,112025,1324744,26755950,26755950
032,112025,1324744,26755957,26755957
032,112025,1324744,26756459,26756459
032,112025,1324744,26756467,26756467
032,112025,1324744,26756789,26756789
032,112025,1324744,26756796,26756796
032,112025,1324744,26756993,26756993
032,112025,1324744,26757005,26757005
032,112025,1324744,30002257,30002257
032,112025,1324744,30105635,30105635
032,112025,1324947,11722242,11722242
032,112025,1324947,11722245,11722245
032,112025,1324947,11722248,11722248
032,112025,1324947,11729387,11729387
032,112025,1324947,11729390,11729390
032,112025,1324947,11729393,11729393
032,112025,1324947,11729396,11729396
032,112025,1324947,11729399,11729399
032,112025,1324947,11729402,11729402
032,112025,1324947,11729405,11729405
032,112025,1324947,11729410,11729410
032,112025,1324947,11729421,11729421
032,112025,1324947,11729428,11729428
032,112025,1324947,11729469,11729469
032,112025,1324947,11729559,11729559
032,112025,1324947,11729566,11729566
032,112025,1324947,11729569,11729569
032,112025,1324947,11729576,11729576
032,112025,1324947,11729583,11729583
032,112025,1324947,11729586,11729586
032,112025,1324947,11729721,11729721
032,112025,1324947,11729724,11729724
032,112025,1324947,11729828,11729828
032,112025,1324947,11729831,11729831
032,112025,1324947,11729988,11729988
032,112025,1324947,11729993,11729993
032,112025,1324947,11730086,11730086
032,112025,1324947,11730089,11730089
032,112025,1324947,11730937,11730937
032,112025,1324947,11730940,11730940
032,112025,1324947,11730943,11730943
032,112025,1324947,11730946,11730946
032,112025,1324947,11730983,11730983
032,112025,1324947,11730990,11730990
032,112025,1324947,11731237,11731237
032,112025,1324947,11731240,11731240
032,112025,1324947,11731320,11731320
032,112025,1324947,11731691,11731691
032,112025,1324947,11731694,11731694
032,112025,1324947,11731827,11731827
032,112025,1324947,11731832,11731832
032,112025,1324947,11731837,11731837
032,112025,1324947,11731842,11731842
032,112025,1324947,11731847,11731847
032,112025,1324947,11731852,11731852
032,112025,1324947,11731857,11731857
032,112025,1324947,11731862,11731862
032,112025,1324947,11732103,11732103
032,112025,1324947,11732110,11732110
032,112025,1324947,11732115,11732115
032,112025,1324947,11732120,11732120
032,112025,1324947,11732125,11732125
032,112025,1324947,11732130,11732130
032,112025,1324947,11732135,11732135
032,112025,1324947,11732140,11732140
032,112025,1324947,11732145,11732145
032,112025,1324947,11732150,11732150
032,112025,1324947,11732155,11732155
032,112025,1324947,11732166,11732166
032,112025,1324947,11732171,11732171
032,112025,1324947,11732182,11732182
032,112025,1324947,11732189,11732189
032,112025,1324947,11732205,11732205
032,112025,1324947,11732210,11732210
032,112025,1324947,11732215,11732215
032,112025,1324947,11732220,11732220
032,112025,1324947,11732225,11732225
032,112025,1324947,11732230,11732230
032,112025,1324947,11732235,11732235
032,112025,1324947,11732240,11732240
032,112025,1324947,11732245,11732245
032,112025,1324947,11732250,11732250
032,112025,1324947,11732255,11732255
032,112025,1324947,11732260,11732260
032,112025,1324947,11732265,11732265
032,112025,1324947,11732270,11732270
032,112025,1324947,11732321,11732321
032,112025,1324947,11732324,11732324
032,112025,1331311,11720711,11720711
032,112025,1331311,11721074,11721074
032,112025,1331311,11721077,11721077
032,112025,1331311,11721080,11721080
032,112025,1331311,11721083,11721083
032,112025,1331311,11721086,11721086
032,112025,1331311,11721093,11721093
032,112025,1331311,11721100,11721100
032,112025,1331311,11721107,11721107
032,112025,1331311,11721117,11721117
032,112025,1331311,11721120,11721120
032,112025,1331311,11721123,11721123
032,112025,1331311,11721126,11721126
032,112025,1331311,11721133,11721133
032,112025,1331311,11721140,11721140
032,112025,1331311,11721143,11721143
032,112025,1331311,11721146,11721146
032,112025,1331311,11721149,11721149
032,112025,1331311,11721158,11721158
032,112025,1331311,11721161,11721161
032,112025,1331311,11721164,11721164
032,112025,1331311,11721167,11721167
032,112025,1331311,11721170,11721170
032,112025,1331311,11721173,11721173
032,112025,1331311,11721176,11721176
032,112025,1331311,11721179,11721179
032,112025,1331311,11721188,11721188
032,112025,1331311,11721191,11721191
032,112025,1331311,11721194,11721194
032,112025,1331311,11721197,11721197
032,112025,1331311,11722152,11722152
032,112025,1331311,11722155,11722155
032,112025,1331311,11722195,11722195
032,112025,1331311,11722198,11722198
032,112025,1331311,11722211,11722211
032,112025,1331311,11729305,11729305
032,112025,1331311,11729308,11729308
032,112025,1331311,11729311,11729311
032,112025,1331311,11729318,11729318
032,112025,1331311,11730355,11730355
032,112025,1331311,11730362,11730362
032,112025,1331311,11730407,11730407
032,112025,1331311,11730410,11730410
032,112025,1331311,11730883,11730883
032,112025,1331311,11730886,11730886
032,112025,1331311,11730917,11730917
032,112025,1331311,11730920,11730920
032,112025,1331311,11730923,11730923
032,112025,1331311,11730928,11730928
032,112025,1331311,11731099,11731099
032,112025,1331311,11731104,11731104
032,112025,1331311,11731739,11731739
032,112025,1331311,11731742,11731742
032,112025,1331311,11731815,11731815
032,112025,1331311,11731822,11731822
032,112025,1331311,11732517,11732517
032,112025,1331311,18473388,18473388
032,112025,1331311,18473498,18473498
032,112025,1331311,25210161,25210161
032,112025,1331311,25210168,25210168
032,112025,1331311,25417017,25417017
032,112025,1331311,25417050,25417050
032,112025,1331311,25417355,25417355
032,112025,1331311,25417363,25417363
032,112025,1331311,34025807,34025807
032,112025,1331311,74127322,74127322
032,112025,1331311,109595686,109595686
032,112025,1331311,109610089,109610089
032,112025,1331311,109620237,109620237
032,112025,1331311,109620249,109620249
032,112025,1331311,109839136,109839136
032,112025,1331311,111821178,111821178
032,112025,1331311,111821181,111821181
032,112025,1331311,112304376,112304376
032,112025,1331311,112304388,112304388
032,112025,1331311,112399012,112399012
032,112025,1331311,112882456,112882456
032,112025,1331311,112883757,112883757
032,112025,1331311,112884811,112884811
032,112025,1331311,112884814,112884814
032,112025,1331311,113081500,113081500
032,112025,1331311,113081503,113081503
032,112025,1331311,113098165,113098165
032,112025,1331311,113251166,113251166
032,112025,1331311,113257718,113257718
032,112025,1331311,113257721,113257721
032,112025,1331311,113478984,113478984
032,112025,1331311,113950752,113950752
032,112025,1331494,11519708,11519708
032,112025,1331494,11520312,11520312
032,112025,1331494,11520326,11520326
032,112025,1331494,11722201,11722201
032,112025,1331494,11722204,11722204
032,112025,1331494,20396564,20396564
032,112025,1331494,113423352,113423352
032,112025,1331494,113629174,113629174
032,112025,1331494,113629178,113629178
032,112025,1331494,113630698,113630698
032,112025,1331494,113630701,113630701
032,112025,1334319,11520132,11520132
032,112025,1334319,11520214,11520214
032,112025,1334319,11717001,11717001
032,112025,1334319,11719991,11719991
032,112025,1334319,11720708,11720708
032,112025,1334319,11720711,11720711
032,112025,1334319,11721074,11721074
032,112025,1334319,11721077,11721077
032,112025,1334319,11721080,11721080
032,112025,1334319,11721083,11721083
032,112025,1334319,11721086,11721086
032,112025,1334319,11721093,11721093
032,112025,1334319,11721100,11721100
032,112025,1334319,11721107,11721107
032,112025,1334319,11721117,11721117
032,112025,1334319,11721120,11721120
032,112025,1334319,11721123,11721123
032,112025,1334319,11721126,11721126
032,112025,1334319,11721133,11721133
032,112025,1334319,11721140,11721140
032,112025,1334319,11721143,11721143
032,112025,1334319,11721146,11721146
032,112025,1334319,11721149,11721149
032,112025,1334319,11721158,11721158
032,112025,1334319,11721161,11721161
032,112025,1334319,11721164,11721164
032,112025,1334319,11721167,11721167
032,112025,1334319,11721170,11721170
032,112025,1334319,11721173,11721173
032,112025,1334319,11721176,11721176
032,112025,1334319,11721179,11721179
032,112025,1334319,11721188,11721188
032,112025,1334319,11721191,11721191
032,112025,1334319,11721194,11721194
032,112025,1334319,11721197,11721197
032,112025,1334319,11722152,11722152
032,112025,1334319,11722155,11722155
032,112025,1334319,11722195,11722195
032,112025,1334319,11722198,11722198
032,112025,1334319,11722211,11722211
032,112025,1334319,11729305,11729305
032,112025,1334319,11729308,11729308
032,112025,1334319,11729311,11729311
032,112025,1334319,11729318,11729318
032,112025,1334319,11730355,11730355
032,112025,1334319,11730362,11730362
032,112025,1329357,11720827,11720827
032,112025,1329357,11720832,11720832
032,112025,1329357,11720839,11720839
032,112025,1329357,11720846,11720846
032,112025,1329357,11720849,11720849
032,112025,1329357,11720852,11720852
032,112025,1329357,11720855,11720855
032,112025,1329357,11720858,11720858
032,112025,1329357,11720861,11720861
032,112025,1329357,11720864,11720864
032,112025,1329357,11720871,11720871
032,112025,1329357,11720878,11720878
032,112025,1329357,11720881,11720881
032,112025,1329357,11720898,11720898
032,112025,1329357,11720901,11720901
032,112025,1329357,11720908,11720908
032,112025,1329357,11720913,11720913
032,112025,1329357,11720924,11720924
032,112025,1329357,11720927,11720927
032,112025,1329357,11720930,11720930
032,112025,1329357,11720933,11720933
032,112025,1329357,11720936,11720936
032,112025,1329357,11720941,11720941
032,112025,1329357,11720964,11720964
032,112025,1329357,11720971,11720971
032,112025,1329357,11722164,11722164
032,112025,1329357,11722167,11722167
032,112025,1329357,11722189,11722189
032,112025,1329357,11722192,11722192
032,112025,1329357,11722221,11722221
032,112025,1329357,11722224,11722224
032,112025,1329357,11722233,11722233
032,112025,1329357,11722236,11722236
032,112025,1329357,11722239,11722239
032,112025,1329357,11722242,11722242
032,112025,1329357,11722245,11722245
032,112025,1329357,11722248,11722248
032,112025,1329357,11729387,11729387
032,112025,1329357,11729390,11729390
032,112025,1329357,11729393,11729393
032,112025,1329357,11729396,11729396
032,112025,1329357,11729399,11729399
032,112025,1329357,11729402,11729402
032,112025,1329357,11729405,11729405
032,112025,1329357,11729410,11729410
032,112025,1329357,11729421,11729421
032,112025,1329357,11729428,11729428
032,112025,1329357,11729469,11729469
032,112025,1329357,11729559,11729559
032,112025,1329357,11729566,11729566
032,112025,1329357,11729569,11729569
032,112025,1329357,11729576,11729576
032,112025,1329357,11729583,11729583
032,112025,1329357,11729586,11729586
032,112025,1329357,11729721,11729721
032,112025,1329357,11729724,11729724
032,112025,1329357,11729828,11729828
032,112025,1329357,11729831,11729831
032,112025,1329357,11729988,11729988
032,112025,1329357,11729993,11729993
032,112025,1329357,11730086,11730086
032,112025,1329357,11730089,11730089
032,112025,1329357,11730937,11730937
032,112025,1329357,11730940,11730940
032,112025,1329357,11730943,11730943
032,112025,1329357,11730946,11730946
032,112025,1329357,11730983,11730983
032,112025,1329357,11730990,11730990
032,112025,1329357,11731237,11731237
032,112025,1329357,11731240,11731240
032,112025,1329357,11731320,11731320
032,112025,1329357,11731691,11731691
032,112025,1329357,11731694,11731694
032,112025,1329357,11731827,11731827
032,112025,1329357,11731832,11731832
032,112025,1329357,11731837,11731837
032,112025,1329357,11731842,11731842
032,112025,1329357,11731847,11731847
032,112025,1329357,11731852,11731852
032,112025,1329357,11731857,11731857
032,112025,1329357,11731862,11731862
032,112025,1329357,11732103,11732103
032,112025,1329357,11732110,11732110
032,112025,1329357,11732115,11732115
032,112025,1329357,11732120,11732120
032,112025,1329357,11732125,11732125
032,112025,1329357,11732130,11732130
032,112025,1329357,11732135,11732135
032,112025,1329357,11732140,11732140
032,112025,1329357,11732145,11732145
032,112025,1329357,11732150,11732150
032,112025,1329357,11732155,11732155
032,112025,1329357,11732166,11732166
032,112025,1329357,11732171,11732171
032,112025,1329357,11732182,11732182
032,112025,1329357,11732189,11732189
032,112025,1329357,11732205,11732205
032,112025,1329357,11732210,11732210
032,112025,1329357,11732215,11732215
032,112025,1329357,11732220,11732220
032,112025,1329357,11732225,11732225
032,112025,1329357,11732230,11732230
032,112025,1329357,11732235,11732235
032,112025,1329357,11732240,11732240
032,112025,1329357,11732245,11732245
032,112025,1329357,11732250,11732250
032,112025,1329357,11732255,11732255
032,112025,1329357,11732260,11732260
032,112025,1329357,11732265,11732265
032,112025,1329357,11732270,11732270
032,112025,1329357,11732321,11732321
032,112025,1329357,11732324,11732324
032,112025,1329357,11732367,11732367
032,112025,1329357,11732370,11732370
032,112025,1329357,11732373,11732373
032,112025,1329357,11732392,11732392
032,112025,1329357,11732395,11732395
032,112025,1329357,11732398,11732398
032,112025,1329357,11732401,11732401
032,112025,1329357,11732404,11732404
032,112025,1329357,11732407,11732407
032,112025,1329357,11732511,11732511
032,112025,1329357,11732514,11732514
032,112025,1329357,19812582,19812582
032,112025,1329357,20469561,20469561
032,112025,1329357,20469568,20469568
032,112025,1329357,21131066,21131066
032,112025,1329357,21131094,21131094
032,112025,1329357,26275030,26275030
032,112025,1329357,26275716,26275716
032,112025,1329357,26755950,26755950
032,112025,1329357,26755957,26755957
032,112025,1329357,26756459,26756459
032,112025,1329357,26756467,26756467
032,112025,1329357,26756789,26756789
032,112025,1329357,26756796,26756796
032,112025,1329357,26756993,26756993
032,112025,1329357,26757005,26757005
032,112025,1329357,30002257,30002257
032,112025,1329357,30105635,30105635
032,112025,1331015,11731736,11731736
032,112025,1331015,11731739,11731739
032,112025,1331015,11731815,11731815
032,112025,1331015,11732160,11732160
032,112025,1331015,11732163,11732163
032,112025,1329243,11519694,11519694
032,112025,1329243,11519701,11519701
032,112025,1329243,11520277,11520277
032,112025,1329243,11716918,11716918
032,112025,1329243,11716928,11716928
032,112025,1329243,11716931,11716931
032,112025,1329243,11716934,11716934
032,112025,1329243,11716937,11716937
032,112025,1329243,11719994,11719994
032,112025,1329243,11720021,11720021
032,112025,1329243,11720224,11720224
032,112025,1329243,11720227,11720227
032,112025,1329243,11720350,11720350
032,112025,1329243,11720379,11720379
032,112025,1329243,11720714,11720714
032,112025,1329243,11720721,11720721
032,112025,1329243,11720728,11720728
032,112025,1329243,11720735,11720735
032,112025,1329243,11720790,11720790
032,112025,1329243,11720795,11720795
032,112025,1329243,11720800,11720800
032,112025,1329243,11720803,11720803
032,112025,1329243,11720806,11720806
032,112025,1329243,11720809,11720809
032,112025,1329243,11720812,11720812
032,112025,1329243,11720817,11720817
032,112025,1329243,11720822,11720822
032,112025,1329243,11720827,11720827
032,112025,1329243,11720832,11720832
032,112025,1329243,11720839,11720839
032,112025,1329243,11720846,11720846
032,112025,1329243,11720849,11720849
032,112025,1329243,11720852,11720852
032,112025,1329243,11720855,11720855
032,112025,1329243,11720858,11720858
032,112025,1329243,11720861,11720861
032,112025,1329243,11720864,11720864
032,112025,1329243,11720871,11720871
032,112025,1329243,11720878,11720878
032,112025,1329243,11720881,11720881
032,112025,1329243,11720898,11720898
032,112025,1329243,11720901,11720901
032,112025,1329243,11720908,11720908
032,112025,1329243,11720913,11720913
032,112025,1329243,11720924,11720924
032,112025,1329243,11720927,11720927
032,112025,1329243,11720930,11720930
032,112025,1329243,11720933,11720933
032,112025,1329243,11720936,11720936
032,112025,1329243,11720941,11720941
032,112025,1329243,11720964,11720964
032,112025,1329243,11720971,11720971
032,112025,1329243,11722164,11722164
032,112025,1329243,11722167,11722167
032,112025,1329243,11722189,11722189
032,112025,1329243,11722192,11722192
032,112025,1329243,11722221,11722221
032,112025,1329243,11722224,11722224
032,112025,1329243,11722233,11722233
032,112025,1329243,11722236,11722236
032,112025,1329243,11722239,11722239
032,112025,1329243,11722242,11722242
032,112025,1329243,11722245,11722245
032,112025,1329243,11722248,11722248
032,112025,1329243,11729387,11729387
032,112025,1329243,11729390,11729390
032,112025,1329243,11729393,11729393
032,112025,1329243,11729396,11729396
032,112025,1329243,11729399,11729399
032,112025,1329243,11729402,11729402
032,112025,1329243,11729405,11729405
032,112025,1329243,11729410,11729410
032,112025,1329243,11729421,11729421
032,112025,1329243,11729428,11729428
032,112025,1329243,11729469,11729469
032,112025,1329243,11729559,11729559
032,112025,1329243,11729566,11729566
032,112025,1329243,11729569,11729569
032,112025,1329243,11729576,11729576
032,112025,1329243,11729583,11729583
032,112025,1329243,11729586,11729586
032,112025,1329243,11729721,11729721
032,112025,1329243,11729724,11729724
032,112025,1329243,11729828,11729828
032,112025,1329243,11729831,11729831
032,112025,1329243,11729988,11729988
032,112025,1329243,11729993,11729993
032,112025,1329243,11730086,11730086
032,112025,1329243,11730089,11730089
032,112025,1329243,11730937,11730937
032,112025,1329243,11730940,11730940
032,112025,1329243,11730943,11730943
032,112025,1329243,11730946,11730946
032,112025,1329243,11730983,11730983
032,112025,1329243,11730990,11730990
032,112025,1329243,11731237,11731237
032,112025,1329243,11731240,11731240
032,112025,1329243,11731320,11731320
032,112025,1329243,11731691,11731691
032,112025,1329243,11731694,11731694
032,112025,1329243,11731827,11731827
032,112025,1329243,11731832,11731832
032,112025,1329243,11731837,11731837
032,112025,1329243,11731842,11731842
032,112025,1329243,11731847,11731847
032,112025,1329243,11731852,11731852
032,112025,1329243,11731857,11731857
032,112025,1329243,11731862,11731862
032,112025,1329243,11732103,11732103
032,112025,1329243,11732110,11732110
032,112025,1329243,11732115,11732115
032,112025,1329243,11732120,11732120
032,112025,1329243,11732125,11732125
032,112025,1329243,11732130,11732130
032,112025,1329243,11732135,11732135
032,112025,1329243,11732140,11732140
032,112025,1329243,11732145,11732145
032,112025,1329243,11732150,11732150
032,112025,1329243,11732155,11732155
032,112025,1329243,11732166,11732166
032,112025,1329243,11732171,11732171
032,112025,1329243,11732182,11732182
032,112025,1329243,11732189,11732189
032,112025,1329243,11732205,11732205
032,112025,1329243,11732210,11732210
032,112025,1329243,11732215,11732215
032,112025,1329243,11732220,11732220
032,112025,1329243,11732225,11732225
032,112025,1329243,11732230,11732230
032,112025,1329243,11732235,11732235
032,112025,1329243,11732240,11732240
032,112025,1329243,11732245,11732245
032,112025,1329243,11732250,11732250
032,112025,1329243,11732255,11732255
032,112025,1329243,11732260,11732260
032,112025,1329243,11732265,11732265
032,112025,1329243,11732270,11732270
032,112025,1329243,11732321,11732321
032,112025,1329243,11732324,11732324
032,112025,1329243,11732367,11732367
032,112025,1329243,11732370,11732370
032,112025,1329243,11732373,11732373
032,112025,1329243,11732392,11732392
032,112025,1329243,11732395,11732395
032,112025,1329243,11732398,11732398
032,112025,1327608,11722167,11722167
032,112025,1327608,11722189,11722189
032,112025,1327608,11722192,11722192
032,112025,1327608,11722221,11722221
032,112025,1327608,11722224,11722224
032,112025,1327608,11722233,11722233
032,112025,1327608,11722236,11722236
032,112025,1327608,11722239,11722239
032,112025,1327608,11722242,11722242
032,112025,1327608,11722245,11722245
032,112025,1327608,11722248,11722248
032,112025,1327608,11729387,11729387
032,112025,1327608,11729390,11729390
032,112025,1327608,11729393,11729393
032,112025,1327608,11729396,11729396
032,112025,1327608,11729399,11729399
032,112025,1327608,11729402,11729402
032,112025,1327608,11729405,11729405
032,112025,1327608,11729410,11729410
032,112025,1327608,11729421,11729421
032,112025,1327608,11729428,11729428
032,112025,1327608,11729469,11729469
032,112025,1327608,11729559,11729559
032,112025,1327608,11729566,11729566
032,112025,1327608,11729569,11729569
032,112025,1327608,11729576,11729576
032,112025,1327608,11729583,11729583
032,112025,1327608,11729586,11729586
032,112025,1327608,11729721,11729721
032,112025,1327608,11729724,11729724
032,112025,1327608,11729828,11729828
032,112025,1327608,11729831,11729831
032,112025,1327608,11729988,11729988
032,112025,1327608,11729993,11729993
032,112025,1327608,11730086,11730086
032,112025,1327608,11730089,11730089
032,112025,1327608,11730937,11730937
032,112025,1327608,108338174,108338174
032,112025,1327608,109021498,109021498
032,112025,1327608,109022626,109022626
032,112025,1327608,109022634,109022634
032,112025,1327608,109114727,109114727
032,112025,1327608,109133026,109133026
032,112025,1327608,109133033,109133033
032,112025,1327608,109167862,109167862
032,112025,1327608,109167877,109167877
032,112025,1327608,109848524,109848524
032,112025,1327608,109848527,109848527
032,112025,1327608,110006875,110006875
032,112025,1327608,110768488,110768488
032,112025,1327608,110768504,110768504
032,112025,1327608,112782890,112782890
032,112025,1327608,112782897,112782897
032,112025,1327608,112782935,112782935
032,112025,1327608,112782942,112782942
032,112025,1327608,112832512,112832512
032,112025,1327608,112832515,112832515
032,112025,1327608,112834367,112834367
032,112025,1327608,112834370,112834370
032,112025,1327608,112834385,112834385
032,112025,1327608,112834388,112834388
032,112025,1327608,112834473,112834473
032,112025,1327608,112834476,112834476
032,112025,1327608,112985667,112985667
032,112025,1327608,112985670,112985670
032,112025,1327608,113013549,113013549
032,112025,1327608,113013552,113013552
032,112025,1327608,113014664,113014664
032,112025,1327608,113014667,113014667
032,112025,1327608,113212076,113212076
032,112025,1327608,113260246,113260246
032,112025,1327608,113260249,113260249
032,112025,1327608,113580560,113580560
032,112025,1327608,113580564,113580564
032,112025,1327608,113580599,113580599
032,112025,1327608,113580618,113580618
032,112025,1327608,113584341,113584341
032,112025,1327608,113584344,113584344
032,112025,1327608,113851859,113851859
032,112025,1327608,113949982,113949982
032,112025,1327608,113949990,113949990
032,112025,1327608,114123615,114123615
032,112025,1327608,114130052,114130052
032,112025,1327608,114130055,114130055
032,112025,1327608,114395586,114395586
032,112025,1327945,11519694,11519694
032,112025,1327945,11519701,11519701
032,112025,1327945,11520277,11520277
032,112025,1327945,11716918,11716918
032,112025,1327945,11716928,11716928
032,112025,1327945,11716931,11716931
032,112025,1327945,11716934,11716934
032,112025,1327945,11716937,11716937
032,112025,1327945,11719994,11719994
032,112025,1327945,11720021,11720021
032,112025,1327945,11720224,11720224
032,112025,1327945,11720227,11720227
032,112025,1327945,11720350,11720350
032,112025,1327945,11720379,11720379
032,112025,1327945,11720714,11720714
032,112025,1327945,11720721,11720721
032,112025,1327945,11720728,11720728
032,112025,1327945,11720735,11720735
032,112025,1327945,11720790,11720790
032,112025,1327945,11720795,11720795
032,112025,1327945,11720800,11720800
032,112025,1327945,11720803,11720803
032,112025,1327945,11720806,11720806
032,112025,1327945,11720809,11720809
032,112025,1327945,11720812,11720812
032,112025,1327945,11720817,11720817
032,112025,1327945,11720822,11720822
032,112025,1327945,11720827,11720827
032,112025,1327945,11720832,11720832
032,112025,1327945,11720839,11720839
032,112025,1327945,11720846,11720846
032,112025,1327945,11720849,11720849
032,112025,1327945,11720852,11720852
032,112025,1327945,11720855,11720855
032,112025,1327945,11720858,11720858
032,112025,1327945,11720861,11720861
032,112025,1327945,11720864,11720864
032,112025,1327945,11720871,11720871
032,112025,1327945,11720878,11720878
032,112025,1327945,11720881,11720881
032,112025,1327945,11720898,11720898
032,112025,1327945,11720901,11720901
032,112025,1327945,11720908,11720908
032,112025,1327945,11720913,11720913
032,112025,1327945,11720924,11720924
032,112025,1327945,11720927,11720927
032,112025,1327945,11720930,11720930
032,112025,1327945,11720933,11720933
032,112025,1327945,11720936,11720936
032,112025,1327945,11720941,11720941
032,112025,1327945,11720964,11720964
032,112025,1327945,11720971,11720971
032,112025,1327945,11722164,11722164
032,112025,1327945,11722167,11722167
032,112025,1327945,11722189,11722189
032,112025,1327945,11722192,11722192
032,112025,1327945,11722221,11722221
032,112025,1327945,11722224,11722224
032,112025,1327945,11722233,11722233
032,112025,1327945,11722236,11722236
032,112025,1330839,20396557,20396557
032,112025,1330839,112549235,112549235
032,112025,1333252,21157649,21157649
032,112025,1333252,21157656,21157656
032,112025,1333252,21157680,21157680
032,112025,1333252,74453850,74453850
032,112025,1335395,11519708,11519708
032,112025,1335395,11520312,11520312
032,112025,1335395,11520326,11520326
032,112025,1335395,11722201,11722201
032,112025,1335395,11722204,11722204
032,112025,1335395,20396564,20396564
032,112025,1335395,113423352,113423352
032,112025,1335395,113629174,113629174
032,112025,1335395,113629178,113629178
032,112025,1335395,113630698,113630698
032,112025,1335395,113630701,113630701
032,112025,1331414,109595686,109595686
032,112025,1331414,109610089,109610089
032,112025,1331414,109620237,109620237
032,112025,1331414,109620249,109620249
032,112025,1331414,109839136,109839136
032,112025,1331414,111821178,111821178
032,112025,1331414,111821181,111821181
032,112025,1331414,112304376,112304376
032,112025,1331414,112304388,112304388
032,112025,1331414,112399012,112399012
032,112025,1331414,112882456,112882456
032,112025,1331414,112883757,112883757
032,112025,1331414,112884811,112884811
032,112025,1331414,112884814,112884814
032,112025,1331414,113081500,113081500
032,112025,1331414,113081503,113081503
032,112025,1331414,113098165,113098165
032,112025,1331414,113251166,113251166
032,112025,1331414,113257718,113257718
032,112025,1331414,113257721,113257721
032,112025,1331414,113478984,113478984
032,112025,1331414,113950752,113950752
032,112025,1331414,11520132,11520132
032,112025,1331414,11520214,11520214
032,112025,1331414,11717001,11717001
032,112025,1331414,11719991,11719991
032,112025,1331414,11720708,11720708
032,112025,1331414,11720711,11720711
032,112025,1331414,11721074,11721074
032,112025,1331414,11721077,11721077
032,112025,1331414,11721080,11721080
032,112025,1331414,11721083,11721083
032,112025,1331414,11721086,11721086
032,112025,1331414,11721093,11721093
032,112025,1331414,11721100,11721100
032,112025,1331414,11721107,11721107
032,112025,1331414,11721117,11721117
032,112025,1331414,11721120,11721120
032,112025,1331414,11721123,11721123
032,112025,1331414,11721126,11721126
032,112025,1331414,11721133,11721133
032,112025,1331414,11721140,11721140
032,112025,1331414,11721143,11721143
032,112025,1331414,11721146,11721146
032,112025,1331414,11721149,11721149
032,112025,1331414,11721158,11721158
032,112025,1331414,11721161,11721161
032,112025,1331414,11721164,11721164
032,112025,1331414,11721167,11721167
032,112025,1331414,11721170,11721170
032,112025,1331414,11721173,11721173
032,112025,1331414,11721176,11721176
032,112025,1331414,11721179,11721179
032,112025,1331414,11721188,11721188
032,112025,1331414,11721191,11721191
032,112025,1331414,11721194,11721194
032,112025,1331414,11721197,11721197
032,112025,1331414,11722152,11722152
032,112025,1331414,11722155,11722155
032,112025,1331414,11722195,11722195
032,112025,1331414,11722198,11722198
032,112025,1331414,11722211,11722211
032,112025,1331414,11729305,11729305
032,112025,1331414,11729308,11729308
032,112025,1331414,11729311,11729311
032,112025,1331414,11729318,11729318
032,112025,1331414,11730355,11730355
032,112025,1331414,11730362,11730362
032,112025,1331414,11730407,11730407
032,112025,1331414,11730410,11730410
032,112025,1331414,11730883,11730883
032,112025,1331414,11730886,11730886
032,112025,1331414,11730917,11730917
032,112025,1331414,11730920,11730920
032,112025,1331414,11730923,11730923
032,112025,1331414,11730928,11730928
032,112025,1331414,11731099,11731099
032,112025,1331414,11731104,11731104
032,112025,1331414,11731739,11731739
032,112025,1331414,11731742,11731742
032,112025,1331414,11731815,11731815
032,112025,1331414,11731822,11731822
032,112025,1331414,11732517,11732517
032,112025,1331414,18473388,18473388
032,112025,1331414,18473498,18473498
032,112025,1331414,25210161,25210161
032,112025,1331414,25210168,25210168
032,112025,1331414,25417017,25417017
032,112025,1331414,25417050,25417050
032,112025,1331414,25417355,25417355
032,112025,1331414,25417363,25417363
032,112025,1331414,34025807,34025807
032,112025,1331414,74127322,74127322
032,112025,1331510,11519694,11519694
032,112025,1331510,11519701,11519701
032,112025,1331510,11520277,11520277
032,112025,1331510,11716918,11716918
032,112025,1331510,11716928,11716928
032,112025,1331510,11716931,11716931
032,112025,1331510,11716934,11716934
032,112025,1331510,11716937,11716937
032,112025,1331510,11719994,11719994
032,112025,1331510,11720021,11720021
032,112025,1331510,11720224,11720224
032,112025,1331510,11720227,11720227
032,112025,1331510,11720350,11720350
032,112025,1331510,11720379,11720379
032,112025,1331510,11720714,11720714
032,112025,1331510,11720721,11720721
032,112025,1331510,11720728,11720728
032,112025,1331510,11720735,11720735
032,112025,1331510,11720790,11720790
032,112025,1331510,11720795,11720795
032,112025,1331510,11720800,11720800
032,112025,1331510,11720803,11720803
032,112025,1331510,11720806,11720806
032,112025,1331510,11720809,11720809
032,112025,1331510,11720812,11720812
032,112025,1331510,11720817,11720817
032,112025,1331510,11720822,11720822
032,112025,1331510,11720827,11720827
032,112025,1331510,11720832,11720832
032,112025,1331510,11720839,11720839
032,112025,1331510,11720846,11720846
032,112025,1331510,11720849,11720849
032,112025,1331510,11720852,11720852
032,112025,1331510,11720855,11720855
032,112025,1331510,11720858,11720858
032,112025,1332000,11722198,11722198
032,112025,1332000,11722211,11722211
032,112025,1332000,11729305,11729305
032,112025,1332000,11729308,11729308
032,112025,1332000,11729311,11729311
032,112025,1332000,11729318,11729318
032,112025,1332000,11730355,11730355
032,112025,1332000,11730362,11730362
032,112025,1332000,11730407,11730407
032,112025,1332000,11730410,11730410
032,112025,1332000,11730883,11730883
032,112025,1332000,11730886,11730886
032,112025,1332000,11730917,11730917
032,112025,1332000,11730920,11730920
032,112025,1332000,11730923,11730923
032,112025,1332000,11730928,11730928
032,112025,1332000,11731099,11731099
032,112025,1332000,11731104,11731104
032,112025,1332000,11731739,11731739
032,112025,1332000,11731742,11731742
032,112025,1332000,11731815,11731815
032,112025,1332000,11731822,11731822
032,112025,1332000,11732517,11732517
032,112025,1332000,18473388,18473388
032,112025,1332000,18473498,18473498
032,112025,1332000,20469561,20469561
032,112025,1332000,20469568,20469568
032,112025,1332000,21131066,21131066
032,112025,1332000,21131094,21131094
032,112025,1332000,25210161,25210161
032,112025,1332000,25210168,25210168
032,112025,1332000,25417017,25417017
032,112025,1332000,25417050,25417050
032,112025,1332000,25417355,25417355
032,112025,1332000,25417363,25417363
032,112025,1332000,26275030,26275030
032,112025,1332000,26275716,26275716
032,112025,1332000,30002257,30002257
032,112025,1332000,30105635,30105635
032,112025,1332000,34025807,34025807
032,112025,1332000,74127322,74127322
032,112025,1332000,109167877,109167877
032,112025,1332000,109595686,109595686
032,112025,1332000,109610089,109610089
032,112025,1332000,109620237,109620237
032,112025,1332000,109620249,109620249
032,112025,1332000,109839136,109839136
032,112025,1332000,110006875,110006875
032,112025,1332000,111821178,111821178
032,112025,1332000,111821181,111821181
032,112025,1332000,112304376,112304376
032,112025,1332000,112304388,112304388
032,112025,1332000,112399012,112399012
032,112025,1332000,112882456,112882456
032,112025,1332000,112883757,112883757
032,112025,1332000,112884811,112884811
032,112025,1332000,112884814,112884814
032,112025,1332000,113081500,113081500
032,112025,1332000,113081503,113081503
032,112025,1332000,113098165,113098165
032,112025,1332000,113212076,113212076
032,112025,1332000,113251166,113251166
032,112025,1332000,113257718,113257718
032,112025,1332000,113257721,113257721
032,112025,1332000,113478984,113478984
032,112025,1332000,113950752,113950752
032,112025,1332000,114395586,114395586
032,112025,1330760,11520132,11520132
032,112025,1330760,11520214,11520214
032,112025,1330760,11717001,11717001
032,112025,1330760,11719991,11719991
032,112025,1330760,11720708,11720708
032,112025,1330760,11720711,11720711
032,112025,1330760,11721074,11721074
032,112025,1330760,11721077,11721077
032,112025,1330760,11721080,11721080
032,112025,1330760,11721083,11721083
032,112025,1330760,11721086,11721086
032,112025,1330760,11721093,11721093
032,112025,1330760,11721100,11721100
032,112025,1330760,11721107,11721107
032,112025,1330760,11721117,11721117
032,112025,1330760,11721120,11721120
032,112025,1330760,11721123,11721123
032,112025,1330760,11721126,11721126
032,112025,1330760,11721133,11721133
032,112025,1330760,11721140,11721140
032,112025,1330760,11721143,11721143
032,112025,1330760,11721146,11721146
032,112025,1330760,11721149,11721149
032,112025,1330760,11721158,11721158
032,112025,1330760,11721161,11721161
032,112025,1330760,11721164,11721164
032,112025,1330760,11721167,11721167
032,112025,1330760,11721170,11721170
032,112025,1330760,11721173,11721173
032,112025,1330760,11721176,11721176
032,112025,1330760,11721179,11721179
032,112025,1330760,11721188,11721188
032,112025,1330760,11721191,11721191
032,112025,1330760,11721194,11721194
032,112025,1330760,11721197,11721197
032,112025,1330760,11722152,11722152
032,112025,1330760,11722155,11722155
032,112025,1330760,11722195,11722195
032,112025,1330760,11722198,11722198
032,112025,1330760,11722211,11722211
032,112025,1330760,11729305,11729305
032,112025,1330760,11729308,11729308
032,112025,1330760,11729311,11729311
032,112025,1330760,11729318,11729318
032,112025,1330760,11730355,11730355
032,112025,1330760,11730362,11730362
032,112025,1330760,11730407,11730407
032,112025,1330760,11730410,11730410
032,112025,1330760,11730883,11730883
032,112025,1330760,11730886,11730886
032,112025,1330760,109595686,109595686
032,112025,1330760,109610089,109610089
032,112025,1330760,109620237,109620237
032,112025,1330760,109620249,109620249
032,112025,1330760,109839136,109839136
032,112025,1330760,111821178,111821178
032,112025,1330760,111821181,111821181
032,112025,1330760,112304376,112304376
032,112025,1330760,112304388,112304388
032,112025,1330760,112399012,112399012
032,112025,1330760,112882456,112882456
032,112025,1330760,112883757,112883757
032,112025,1330760,112884811,112884811
032,112025,1330760,112884814,112884814
032,112025,1330760,113081500,113081500
032,112025,1330760,113081503,113081503
032,112025,1330760,113098165,113098165
032,112025,1330760,113251166,113251166
032,112025,1330760,113257718,113257718
032,112025,1330760,113257721,113257721
032,112025,1330760,113478984,113478984
032,112025,1330760,113950752,113950752
032,112025,1330760,11730917,11730917
032,112025,1330760,11730920,11730920
032,112025,1330760,11730923,11730923
032,112025,1330760,11730928,11730928
032,112025,1330760,11731099,11731099
032,112025,1330760,11731104,11731104
032,112025,1329243,11732401,11732401
032,112025,1329243,11732404,11732404
032,112025,1329243,11732407,11732407
032,112025,1329243,11732511,11732511
032,112025,1329243,11732514,11732514
032,112025,1329243,19812582,19812582
032,112025,1329243,20469561,20469561
032,112025,1329243,20469568,20469568
032,112025,1329243,21131066,21131066
032,112025,1329243,21131094,21131094
032,112025,1329243,26275030,26275030
032,112025,1329243,26275716,26275716
032,112025,1329243,26755950,26755950
032,112025,1329243,26755957,26755957
032,112025,1329243,26756459,26756459
032,112025,1329243,26756467,26756467
032,112025,1329243,26756789,26756789
032,112025,1329243,26756796,26756796
032,112025,1329243,26756993,26756993
032,112025,1329243,26757005,26757005
032,112025,1329243,30002257,30002257
032,112025,1329243,30105635,30105635
032,112025,1329243,113013552,113013552
032,112025,1329243,113014664,113014664
032,112025,1329243,113014667,113014667
032,112025,1329243,113212076,113212076
032,112025,1329243,113260246,113260246
032,112025,1329243,113260249,113260249
032,112025,1329243,113580560,113580560
032,112025,1329243,113580564,113580564
032,112025,1329243,113580599,113580599
032,112025,1329243,113580618,113580618
032,112025,1329243,113584341,113584341
032,112025,1329243,113584344,113584344
032,112025,1329243,113851859,113851859
032,112025,1329243,113949982,113949982
032,112025,1329243,113949990,113949990
032,112025,1329243,114123615,114123615
032,112025,1329243,114130052,114130052
032,112025,1329243,114130055,114130055
032,112025,1329243,114395586,114395586
032,112025,1329516,11720871,11720871
032,112025,1329516,11720878,11720878
032,112025,1329516,11720881,11720881
032,112025,1329516,11720898,11720898
032,112025,1329516,11720901,11720901
032,112025,1329516,11720908,11720908
032,112025,1329516,11720913,11720913
032,112025,1329516,11720924,11720924
032,112025,1329516,11720927,11720927
032,112025,1329516,11720930,11720930
032,112025,1329516,11720933,11720933
032,112025,1329516,11720936,11720936
032,112025,1329516,11720941,11720941
032,112025,1329516,11720964,11720964
032,112025,1329516,11720971,11720971
032,112025,1329516,11722164,11722164
032,112025,1329516,11722167,11722167
032,112025,1329516,11722189,11722189
032,112025,1329516,11722192,11722192
032,112025,1329516,11722221,11722221
032,112025,1329516,11722224,11722224
032,112025,1329516,11722233,11722233
032,112025,1329516,11722236,11722236
032,112025,1329516,11722239,11722239
032,112025,1329516,11722242,11722242
032,112025,1329516,11722245,11722245
032,112025,1329516,11722248,11722248
032,112025,1329516,11729387,11729387
032,112025,1329516,11729390,11729390
032,112025,1329516,11729393,11729393
032,112025,1329516,11729396,11729396
032,112025,1329516,11729399,11729399
032,112025,1329516,11729402,11729402
032,112025,1329516,11729405,11729405
032,112025,1329516,11729410,11729410
032,112025,1329516,11729421,11729421
032,112025,1329516,11729428,11729428
032,112025,1329516,11729469,11729469
032,112025,1329516,11729559,11729559
032,112025,1329516,11729566,11729566
032,112025,1329516,11729569,11729569
032,112025,1329516,11729576,11729576
032,112025,1329516,11729583,11729583
032,112025,1329516,11729586,11729586
032,112025,1329516,11729721,11729721
032,112025,1329516,11729724,11729724
032,112025,1329516,11729828,11729828
032,112025,1329516,11729831,11729831
032,112025,1329516,11729988,11729988
032,112025,1329516,11729993,11729993
032,112025,1329516,11730086,11730086
032,112025,1329516,11730089,11730089
032,112025,1329516,11730937,11730937
032,112025,1329516,11730940,11730940
032,112025,1329516,11730943,11730943
032,112025,1329516,11730946,11730946
032,112025,1329516,11730983,11730983
032,112025,1329516,11730990,11730990
032,112025,1329516,11731237,11731237
032,112025,1329516,11731240,11731240
032,112025,1329516,11731320,11731320
032,112025,1329516,11731691,11731691
032,112025,1329516,11731694,11731694
032,112025,1329516,11731827,11731827
032,112025,1329516,11731832,11731832
032,112025,1329516,11731837,11731837
032,112025,1329516,11731842,11731842
032,112025,1329516,11731847,11731847
032,112025,1329516,11731852,11731852
032,112025,1329516,11731857,11731857
032,112025,1329516,11731862,11731862
032,112025,1329516,11732103,11732103
032,112025,1329516,11732110,11732110
032,112025,1329516,11732115,11732115
032,112025,1329516,11732120,11732120
032,112025,1329516,11732125,11732125
032,112025,1329516,11732130,11732130
032,112025,1329516,11732135,11732135
032,112025,1329516,11732140,11732140
032,112025,1329516,11732145,11732145
032,112025,1329516,11732150,11732150
032,112025,1329516,11732155,11732155
032,112025,1329516,11732166,11732166
032,112025,1329516,11732171,11732171
032,112025,1329516,11732182,11732182
032,112025,1329516,11732189,11732189
032,112025,1329516,11732205,11732205
032,112025,1329516,11732210,11732210
032,112025,1329516,11732215,11732215
032,112025,1329516,11732220,11732220
032,112025,1329516,11732225,11732225
032,112025,1329516,11732230,11732230
032,112025,1329516,11732235,11732235
032,112025,1329516,11732240,11732240
032,112025,1329516,11732245,11732245
032,112025,1329516,11732250,11732250
032,112025,1329516,11732255,11732255
032,112025,1329516,11732260,11732260
032,112025,1329516,11732265,11732265
032,112025,1329516,11732270,11732270
032,112025,1329516,11732321,11732321
032,112025,1329516,11732324,11732324
032,112025,1329516,11732367,11732367
032,112025,1329516,11732370,11732370
032,112025,1327945,11722239,11722239
032,112025,1327945,11722242,11722242
032,112025,1327945,11722245,11722245
032,112025,1327945,11722248,11722248
032,112025,1327945,11729387,11729387
032,112025,1327945,11729390,11729390
032,112025,1327945,11729393,11729393
032,112025,1327945,11729396,11729396
032,112025,1327945,11729399,11729399
032,112025,1327945,11729402,11729402
032,112025,1327945,11729405,11729405
032,112025,1327945,11729410,11729410
032,112025,1327945,11729421,11729421
032,112025,1327945,11729428,11729428
032,112025,1327945,11729469,11729469
032,112025,1327945,11729559,11729559
032,112025,1327945,11729566,11729566
032,112025,1327945,11729569,11729569
032,112025,1327945,11729576,11729576
032,112025,1327945,11729583,11729583
032,112025,1327945,11729586,11729586
032,112025,1327945,11729721,11729721
032,112025,1327608,11730940,11730940
032,112025,1327608,11730943,11730943
032,112025,1327608,11730946,11730946
032,112025,1327608,11730983,11730983
032,112025,1327608,11730990,11730990
032,112025,1327608,11731237,11731237
032,112025,1327608,11731240,11731240
032,112025,1327608,11731320,11731320
032,112025,1327608,11731691,11731691
032,112025,1327608,11731694,11731694
032,112025,1327608,11731827,11731827
032,112025,1327608,11731832,11731832
032,112025,1327608,11731837,11731837
032,112025,1327608,11731842,11731842
032,112025,1327608,11731847,11731847
032,112025,1327608,11731852,11731852
032,112025,1327608,11731857,11731857
032,112025,1327608,11731862,11731862
032,112025,1327608,11732103,11732103
032,112025,1327608,11732110,11732110
032,112025,1327608,11732115,11732115
032,112025,1327608,11732120,11732120
032,112025,1327608,11732125,11732125
032,112025,1327608,11732130,11732130
032,112025,1327608,11732135,11732135
032,112025,1327608,11732140,11732140
032,112025,1327608,11732145,11732145
032,112025,1327608,11732150,11732150
032,112025,1327608,11732155,11732155
032,112025,1327608,11732166,11732166
032,112025,1327608,11732171,11732171
032,112025,1327608,11732182,11732182
032,112025,1327608,11732189,11732189
032,112025,1327608,11732205,11732205
032,112025,1327608,11732210,11732210
032,112025,1327608,11732215,11732215
032,112025,1327608,11732220,11732220
032,112025,1327608,11732225,11732225
032,112025,1327608,11732230,11732230
032,112025,1327608,11732235,11732235
032,112025,1327608,11732240,11732240
032,112025,1327608,11732245,11732245
032,112025,1327608,11732250,11732250
032,112025,1327608,11732255,11732255
032,112025,1327608,11732260,11732260
032,112025,1327608,11732265,11732265
032,112025,1327608,11732270,11732270
032,112025,1327608,11732321,11732321
032,112025,1327608,11732324,11732324
032,112025,1327608,11732367,11732367
032,112025,1327608,11732370,11732370
032,112025,1327608,11732373,11732373
032,112025,1327608,11732392,11732392
032,112025,1327608,11732395,11732395
032,112025,1327608,11732398,11732398
032,112025,1327608,11732401,11732401
032,112025,1327608,11732404,11732404
032,112025,1327608,11732407,11732407
032,112025,1327608,11732511,11732511
032,112025,1327608,11732514,11732514
032,112025,1327608,19812582,19812582
032,112025,1327608,20469561,20469561
032,112025,1327608,20469568,20469568
032,112025,1327608,21131066,21131066
032,112025,1327608,21131094,21131094
032,112025,1327608,26275030,26275030
032,112025,1327608,26275716,26275716
032,112025,1327608,26755950,26755950
032,112025,1327608,26755957,26755957
032,112025,1327608,26756459,26756459
032,112025,1327608,26756467,26756467
032,112025,1327608,26756789,26756789
032,112025,1327608,26756796,26756796
032,112025,1327608,26756993,26756993
032,112025,1327608,26757005,26757005
032,112025,1327608,30002257,30002257
032,112025,1327608,30105635,30105635
032,112025,1327945,108338174,108338174
032,112025,1327945,109021498,109021498
032,112025,1327945,109022626,109022626
032,112025,1327945,109022634,109022634
032,112025,1327945,109114727,109114727
032,112025,1327945,109133026,109133026
032,112025,1327945,109133033,109133033
032,112025,1327945,109167862,109167862
032,112025,1327945,109167877,109167877
032,112025,1327945,109848524,109848524
032,112025,1327945,109848527,109848527
032,112025,1327945,110006875,110006875
032,112025,1327945,110768488,110768488
032,112025,1327945,110768504,110768504
032,112025,1327945,112782890,112782890
032,112025,1327945,112782897,112782897
032,112025,1327945,112782935,112782935
032,112025,1327945,112782942,112782942
032,112025,1327945,112832512,112832512
032,112025,1327945,112832515,112832515
032,112025,1327945,112834367,112834367
032,112025,1327945,112834370,112834370
032,112025,1327945,112834385,112834385
032,112025,1327945,112834388,112834388
032,112025,1327945,112834473,112834473
032,112025,1327945,112834476,112834476
032,112025,1327945,112985667,112985667
032,112025,1327945,112985670,112985670
032,112025,1327945,113013549,113013549
032,112025,1327945,113013552,113013552
032,112025,1327945,113014664,113014664
032,112025,1327945,113014667,113014667
032,112025,1327945,113212076,113212076
032,112025,1327945,113260246,113260246
032,112025,1327945,113260249,113260249
032,112025,1327945,113580560,113580560
032,112025,1327945,113580564,113580564
032,112025,1327945,113580599,113580599
032,112025,1327945,113580618,113580618
032,112025,1327945,113584341,113584341
032,112025,1327945,113584344,113584344
032,112025,1327945,113851859,113851859
032,112025,1327945,113949982,113949982
032,112025,1327945,113949990,113949990
032,112025,1327945,114123615,114123615
032,112025,1327945,114130052,114130052
032,112025,1331510,11720861,11720861
032,112025,1331510,11720864,11720864
032,112025,1331510,11720871,11720871
032,112025,1331510,11720878,11720878
032,112025,1331510,11720881,11720881
032,112025,1331510,11720898,11720898
032,112025,1331510,11720901,11720901
032,112025,1331510,11720908,11720908
032,112025,1331510,11720913,11720913
032,112025,1331510,11720924,11720924
032,112025,1331510,11720927,11720927
032,112025,1331510,11720930,11720930
032,112025,1331510,11720933,11720933
032,112025,1331510,11720936,11720936
032,112025,1331510,11720941,11720941
032,112025,1331510,11720964,11720964
032,112025,1331510,11720971,11720971
032,112025,1331510,11722164,11722164
032,112025,1331510,11722167,11722167
032,112025,1331510,11722189,11722189
032,112025,1331510,11722192,11722192
032,112025,1331510,11722221,11722221
032,112025,1331510,11722224,11722224
032,112025,1331510,11722233,11722233
032,112025,1331510,11722236,11722236
032,112025,1331510,11722239,11722239
032,112025,1331510,11722242,11722242
032,112025,1331510,11722245,11722245
032,112025,1331510,11722248,11722248
032,112025,1331510,11729387,11729387
032,112025,1331510,11729390,11729390
032,112025,1331510,11729393,11729393
032,112025,1331510,11729396,11729396
032,112025,1331510,11729399,11729399
032,112025,1331510,11729402,11729402
032,112025,1331510,11729405,11729405
032,112025,1331510,11729410,11729410
032,112025,1331510,11729421,11729421
032,112025,1331510,11729428,11729428
032,112025,1331510,11729469,11729469
032,112025,1331510,11729559,11729559
032,112025,1331510,11729566,11729566
032,112025,1331510,11729569,11729569
032,112025,1331510,11729576,11729576
032,112025,1331510,11729583,11729583
032,112025,1331510,11729586,11729586
032,112025,1331510,11729721,11729721
032,112025,1331510,11729724,11729724
032,112025,1331510,11729828,11729828
032,112025,1331510,11729831,11729831
032,112025,1331510,11729988,11729988
032,112025,1331510,11729993,11729993
032,112025,1331510,11730086,11730086
032,112025,1331510,11730089,11730089
032,112025,1331510,11730937,11730937
032,112025,1331510,11730940,11730940
032,112025,1331510,11730943,11730943
032,112025,1331510,11730946,11730946
032,112025,1331510,11730983,11730983
032,112025,1331510,11730990,11730990
032,112025,1331510,11731237,11731237
032,112025,1331510,11731240,11731240
032,112025,1331510,11731320,11731320
032,112025,1331510,11731691,11731691
032,112025,1331510,11731694,11731694
032,112025,1331510,11731827,11731827
032,112025,1331510,11731832,11731832
032,112025,1331510,11731837,11731837
032,112025,1331510,11731842,11731842
032,112025,1331510,11731847,11731847
032,112025,1331510,11731852,11731852
032,112025,1331510,11731857,11731857
032,112025,1331510,11731862,11731862
032,112025,1331510,11732103,11732103
032,112025,1331510,11732110,11732110
032,112025,1331510,11732115,11732115
032,112025,1331510,11732120,11732120
032,112025,1331510,11732125,11732125
032,112025,1331510,11732130,11732130
032,112025,1331510,11732135,11732135
032,112025,1331510,11732140,11732140
032,112025,1331510,11732145,11732145
032,112025,1331510,11732150,11732150
032,112025,1331510,11732155,11732155
032,112025,1331510,11732166,11732166
032,112025,1331510,11732171,11732171
032,112025,1331510,11732182,11732182
032,112025,1331510,11732189,11732189
032,112025,1331510,11732205,11732205
032,112025,1331510,11732210,11732210
032,112025,1331510,11732215,11732215
032,112025,1331510,11732220,11732220
032,112025,1331510,11732225,11732225
032,112025,1331510,11732230,11732230
032,112025,1331510,11732235,11732235
032,112025,1331510,11732240,11732240
032,112025,1331510,11732245,11732245
032,112025,1331510,11732250,11732250
032,112025,1331510,11732255,11732255
032,112025,1331510,11732260,11732260
032,112025,1331510,11732265,11732265
032,112025,1331510,11732270,11732270
032,112025,1331510,11732321,11732321
032,112025,1331510,11732324,11732324
032,112025,1331510,11732367,11732367
032,112025,1331510,11732370,11732370
032,112025,1331510,11732373,11732373
032,112025,1331510,11732392,11732392
032,112025,1331510,11732395,11732395
032,112025,1331510,11732398,11732398
032,112025,1331510,11732401,11732401
032,112025,1331510,11732404,11732404
032,112025,1331510,11732407,11732407
032,112025,1331510,11732511,11732511
032,112025,1331510,11732514,11732514
032,112025,1331510,19812582,19812582
032,112025,1331510,20469561,20469561
032,112025,1331510,20469568,20469568
032,112025,1331510,21131066,21131066
032,112025,1331510,21131094,21131094
032,112025,1331510,26275030,26275030
032,112025,1331510,26275716,26275716
032,112025,1331510,26755950,26755950
032,112025,1331510,26755957,26755957
032,112025,1331510,108338174,108338174
032,112025,1331510,109021498,109021498
032,112025,1331510,109022626,109022626
032,112025,1331510,109022634,109022634
032,112025,1331510,109114727,109114727
032,112025,1331510,109133026,109133026
032,112025,1331510,109133033,109133033
032,112025,1331510,109167862,109167862
032,112025,1331510,109167877,109167877
032,112025,1331510,109848524,109848524
032,112025,1331510,109848527,109848527
032,112025,1331510,110006875,110006875
032,112025,1331510,110768488,110768488
032,112025,1331510,110768504,110768504
032,112025,1331510,112782890,112782890
032,112025,1331510,112782897,112782897
032,112025,1331510,112782935,112782935
032,112025,1331510,112782942,112782942
032,112025,1331510,112832512,112832512
032,112025,1331510,112832515,112832515
032,112025,1331510,112834367,112834367
032,112025,1330760,11731739,11731739
032,112025,1330760,11731742,11731742
032,112025,1330760,11731815,11731815
032,112025,1330760,11731822,11731822
032,112025,1330760,11732517,11732517
032,112025,1330760,18473388,18473388
032,112025,1330760,18473498,18473498
032,112025,1330760,25210161,25210161
032,112025,1330760,25210168,25210168
032,112025,1330760,25417017,25417017
032,112025,1330760,25417050,25417050
032,112025,1330760,25417355,25417355
032,112025,1330760,25417363,25417363
032,112025,1330760,34025807,34025807
032,112025,1330760,74127322,74127322
032,112025,1332868,11520132,11520132
032,112025,1332868,11520214,11520214
032,112025,1332868,11717001,11717001
032,112025,1332868,11719991,11719991
032,112025,1332868,11720708,11720708
032,112025,1332868,11720711,11720711
032,112025,1332868,11721074,11721074
032,112025,1332868,11721077,11721077
032,112025,1332868,11721080,11721080
032,112025,1332868,11721083,11721083
032,112025,1332868,11721086,11721086
032,112025,1332868,11721093,11721093
032,112025,1332868,11721100,11721100
032,112025,1332868,11721107,11721107
032,112025,1332868,11721117,11721117
032,112025,1332868,11721120,11721120
032,112025,1332868,11721123,11721123
032,112025,1332868,11721126,11721126
032,112025,1332868,11721133,11721133
032,112025,1332868,11721140,11721140
032,112025,1332868,11721143,11721143
032,112025,1332868,11721146,11721146
032,112025,1332868,11721149,11721149
032,112025,1332868,11721158,11721158
032,112025,1332868,11721161,11721161
032,112025,1332868,11721164,11721164
032,112025,1332868,11721167,11721167
032,112025,1332868,11721170,11721170
032,112025,1332868,11721173,11721173
032,112025,1332868,11721176,11721176
032,112025,1332868,11721179,11721179
032,112025,1332868,11721188,11721188
032,112025,1332868,11721191,11721191
032,112025,1332868,11721194,11721194
032,112025,1332868,11721197,11721197
032,112025,1332868,11722152,11722152
032,112025,1332868,11722155,11722155
032,112025,1332868,11722195,11722195
032,112025,1332868,11722198,11722198
032,112025,1332868,11722211,11722211
032,112025,1332868,11729305,11729305
032,112025,1332868,11729308,11729308
032,112025,1332868,11729311,11729311
032,112025,1332868,11729318,11729318
032,112025,1332868,11730355,11730355
032,112025,1332868,11730362,11730362
032,112025,1332868,11730407,11730407
032,112025,1332868,11730410,11730410
032,112025,1332868,11730883,11730883
032,112025,1332868,11730886,11730886
032,112025,1332868,11730917,11730917
032,112025,1332868,11730920,11730920
032,112025,1332868,11730923,11730923
032,112025,1332868,11730928,11730928
032,112025,1332868,11731099,11731099
032,112025,1332868,11731104,11731104
032,112025,1332868,11731739,11731739
032,112025,1332868,11731742,11731742
032,112025,1332868,11731815,11731815
032,112025,1332868,11731822,11731822
032,112025,1332868,11732517,11732517
032,112025,1332868,18473388,18473388
032,112025,1332868,18473498,18473498
032,112025,1332868,25210161,25210161
032,112025,1332868,25210168,25210168
032,112025,1332868,25417017,25417017
032,112025,1332868,25417050,25417050
032,112025,1332868,25417355,25417355
032,112025,1332868,25417363,25417363
032,112025,1332868,34025807,34025807
032,112025,1332868,74127322,74127322
032,112025,1332868,109595686,109595686
032,112025,1332868,109610089,109610089
032,112025,1332868,109620237,109620237
032,112025,1332868,109620249,109620249
032,112025,1332868,109839136,109839136
032,112025,1332868,111821178,111821178
032,112025,1332868,111821181,111821181
032,112025,1332868,112304376,112304376
032,112025,1332868,112304388,112304388
032,112025,1332868,112399012,112399012
032,112025,1332868,112882456,112882456
032,112025,1332868,112883757,112883757
032,112025,1332868,112884811,112884811
032,112025,1332868,112884814,112884814
032,112025,1332868,113081500,113081500
032,112025,1332868,113081503,113081503
032,112025,1332868,113098165,113098165
032,112025,1332868,113251166,113251166
032,112025,1332868,113257718,113257718
032,112025,1332868,113257721,113257721
032,112025,1332868,113478984,113478984
032,112025,1332868,113950752,113950752
032,112025,1333899,11519694,11519694
032,112025,1333899,11519701,11519701
032,112025,1333899,11520277,11520277
032,112025,1333899,11716918,11716918
032,112025,1333899,11716928,11716928
032,112025,1333899,11716931,11716931
032,112025,1333899,11716934,11716934
032,112025,1333899,11716937,11716937
032,112025,1333899,11719994,11719994
032,112025,1333899,11720021,11720021
032,112025,1333899,11720224,11720224
032,112025,1333899,11720227,11720227
032,112025,1333899,11720350,11720350
032,112025,1333899,11720379,11720379
032,112025,1333899,11720714,11720714
032,112025,1333899,11720721,11720721
032,112025,1333899,11720728,11720728
032,112025,1333899,11720735,11720735
032,112025,1333899,11720790,11720790
032,112025,1333899,11720795,11720795
032,112025,1333899,11720800,11720800
032,112025,1333899,11720803,11720803
032,112025,1333899,11720806,11720806
032,112025,1333899,11720809,11720809
032,112025,1333899,11720812,11720812
032,112025,1333899,11720817,11720817
032,112025,1333899,11720822,11720822
032,112025,1333899,11720827,11720827
032,112025,1333899,11720832,11720832
032,112025,1333899,11720839,11720839
032,112025,1333899,11720846,11720846
032,112025,1333899,11720849,11720849
032,112025,1333899,11720852,11720852
032,112025,1333899,11720855,11720855
032,112025,1333899,11720858,11720858
032,112025,1333899,11720861,11720861
032,112025,1333899,11720864,11720864
032,112025,1334925,113257718,113257718
032,112025,1334925,113257721,113257721
032,112025,1334925,113478984,113478984
032,112025,1334925,113950752,113950752
032,112025,1334925,11720711,11720711
032,112025,1334925,11721074,11721074
032,112025,1334925,11721077,11721077
032,112025,1334925,11721080,11721080
032,112025,1334925,11721083,11721083
032,112025,1334925,11721086,11721086
032,112025,1334925,11721093,11721093
032,112025,1334925,11721100,11721100
032,112025,1334925,11721107,11721107
032,112025,1334925,11721117,11721117
032,112025,1334925,11721120,11721120
032,112025,1334925,11721123,11721123
032,112025,1334925,11721126,11721126
032,112025,1334925,11721133,11721133
032,112025,1334925,11721140,11721140
032,112025,1334925,11721143,11721143
032,112025,1334925,11721146,11721146
032,112025,1334925,11721149,11721149
032,112025,1334925,11721158,11721158
032,112025,1334925,11721161,11721161
032,112025,1334925,11721164,11721164
032,112025,1334925,11721167,11721167
032,112025,1334925,11721170,11721170
032,112025,1334925,11721173,11721173
032,112025,1334925,11721176,11721176
032,112025,1334925,11721179,11721179
032,112025,1334925,11721188,11721188
032,112025,1334925,11721191,11721191
032,112025,1334925,11721194,11721194
032,112025,1334925,11721197,11721197
032,112025,1334925,11722152,11722152
032,112025,1334925,11722155,11722155
032,112025,1334925,11722195,11722195
032,112025,1334925,11722198,11722198
032,112025,1334925,11722211,11722211
032,112025,1334925,11729305,11729305
032,112025,1334925,11729308,11729308
032,112025,1334925,11729311,11729311
032,112025,1334925,11729318,11729318
032,112025,1334925,11730355,11730355
032,112025,1334925,11730362,11730362
032,112025,1334925,11730407,11730407
032,112025,1334925,11730410,11730410
032,112025,1334925,11730883,11730883
032,112025,1334925,11730886,11730886
032,112025,1334925,11730917,11730917
032,112025,1334925,11730920,11730920
032,112025,1334925,11730923,11730923
032,112025,1334925,11730928,11730928
032,112025,1334925,11731099,11731099
032,112025,1334925,11731104,11731104
032,112025,1334925,11731739,11731739
032,112025,1334925,11731742,11731742
032,112025,1334925,11731815,11731815
032,112025,1334925,11731822,11731822
032,112025,1334925,11732517,11732517
032,112025,1334925,18473388,18473388
032,112025,1334925,18473498,18473498
032,112025,1334925,25210161,25210161
032,112025,1334925,25210168,25210168
032,112025,1334925,25417017,25417017
032,112025,1334925,25417050,25417050
032,112025,1334925,25417355,25417355
032,112025,1334925,25417363,25417363
032,112025,1334925,34025807,34025807
032,112025,1334925,74127322,74127322
032,112025,1335285,108338174,108338174
032,112025,1335285,109021498,109021498
032,112025,1335285,109022626,109022626
032,112025,1335285,109022634,109022634
032,112025,1335285,109114727,109114727
032,112025,1335285,109133033,109133033
032,112025,1335285,109167862,109167862
032,112025,1335285,109167877,109167877
032,112025,1335285,109848524,109848524
032,112025,1335285,109848527,109848527
032,112025,1335285,110006875,110006875
032,112025,1335285,110768488,110768488
032,112025,1335285,110768504,110768504
032,112025,1335285,112782890,112782890
032,112025,1335285,112782897,112782897
032,112025,1335285,112782935,112782935
032,112025,1335285,112782942,112782942
032,112025,1335285,112832512,112832512
032,112025,1335285,112832515,112832515
032,112025,1335285,112834367,112834367
032,112025,1335285,112834370,112834370
032,112025,1335285,112834385,112834385
032,112025,1335285,112834388,112834388
032,112025,1335285,112834473,112834473
032,112025,1335285,112834476,112834476
032,112025,1335285,112985667,112985667
032,112025,1335285,112985670,112985670
032,112025,1335285,113013549,113013549
032,112025,1335285,113013552,113013552
032,112025,1335285,113014664,113014664
032,112025,1335285,113014667,113014667
032,112025,1335285,113212076,113212076
032,112025,1335285,113260246,113260246
032,112025,1335285,113260249,113260249
032,112025,1335285,113580560,113580560
032,112025,1335285,113580564,113580564
032,112025,1335285,113580599,113580599
032,112025,1335285,113580618,113580618
032,112025,1335285,113584341,113584341
032,112025,1335285,113584344,113584344
032,112025,1335285,113851859,113851859
032,112025,1335285,113949982,113949982
032,112025,1335285,113949990,113949990
032,112025,1335285,114123615,114123615
032,112025,1335285,114130052,114130052
032,112025,1335285,114130055,114130055
032,112025,1335285,114395586,114395586
032,112025,1335285,11519694,11519694
032,112025,1335285,11519701,11519701
032,112025,1335285,11520277,11520277
032,112025,1335285,11716918,11716918
032,112025,1335285,11716928,11716928
032,112025,1335285,11716931,11716931
032,112025,1335285,11716937,11716937
032,112025,1335285,11719994,11719994
032,112025,1335285,11720021,11720021
032,112025,1335285,11720224,11720224
032,112025,1335285,11720227,11720227
032,112025,1335285,11720350,11720350
032,112025,1335285,11720379,11720379
032,112025,1335285,11720714,11720714
032,112025,1335285,11720721,11720721
032,112025,1335285,11720728,11720728
032,112025,1335285,11720735,11720735
032,112025,1335285,11720790,11720790
032,112025,1335285,11720795,11720795
032,112025,1335285,11720800,11720800
032,112025,1335285,11720803,11720803
032,112025,1335285,11720806,11720806
032,112025,1335285,11720809,11720809
032,112025,1335285,11720812,11720812
032,112025,1335285,11720817,11720817
032,112025,1335285,11720822,11720822
032,112025,1335285,11720827,11720827
032,112025,1335285,11720832,11720832
032,112025,1329516,11732373,11732373
032,112025,1329516,11732392,11732392
032,112025,1329516,11732395,11732395
032,112025,1329516,11732398,11732398
032,112025,1329516,11732401,11732401
032,112025,1329516,11732404,11732404
032,112025,1329516,11732407,11732407
032,112025,1329516,11732511,11732511
032,112025,1329516,11732514,11732514
032,112025,1329516,19812582,19812582
032,112025,1329516,20469561,20469561
032,112025,1329516,20469568,20469568
032,112025,1329516,21131066,21131066
032,112025,1329516,21131094,21131094
032,112025,1329516,26275030,26275030
032,112025,1329516,26275716,26275716
032,112025,1329516,26755950,26755950
032,112025,1329516,26755957,26755957
032,112025,1329516,26756459,26756459
032,112025,1329516,26756467,26756467
032,112025,1329516,26756789,26756789
032,112025,1329516,26756796,26756796
032,112025,1329516,26756993,26756993
032,112025,1329516,26757005,26757005
032,112025,1329516,30002257,30002257
032,112025,1329516,30105635,30105635
032,112025,1331755,11729405,11729405
032,112025,1331755,11729410,11729410
032,112025,1331755,11729421,11729421
032,112025,1331755,11729428,11729428
032,112025,1331755,11729469,11729469
032,112025,1331755,11729559,11729559
032,112025,1331755,11729566,11729566
032,112025,1331755,11729569,11729569
032,112025,1331755,11729576,11729576
032,112025,1331755,11729583,11729583
032,112025,1331755,11729586,11729586
032,112025,1331755,11729721,11729721
032,112025,1331755,11729724,11729724
032,112025,1331755,11729828,11729828
032,112025,1331755,11729831,11729831
032,112025,1331755,11729988,11729988
032,112025,1331755,11729993,11729993
032,112025,1331755,11730086,11730086
032,112025,1331755,11730089,11730089
032,112025,1331755,11730937,11730937
032,112025,1331755,11730940,11730940
032,112025,1331755,11730943,11730943
032,112025,1331755,11730946,11730946
032,112025,1331755,11730983,11730983
032,112025,1331755,11730990,11730990
032,112025,1331755,11731237,11731237
032,112025,1331755,11731240,11731240
032,112025,1331755,11731320,11731320
032,112025,1331755,11731691,11731691
032,112025,1331755,11731694,11731694
032,112025,1331755,11731827,11731827
032,112025,1331755,11731832,11731832
032,112025,1331755,11731837,11731837
032,112025,1331755,11731842,11731842
032,112025,1331755,11731847,11731847
032,112025,1331755,11731852,11731852
032,112025,1331755,11731857,11731857
032,112025,1331755,11731862,11731862
032,112025,1331755,11732103,11732103
032,112025,1331755,11732110,11732110
032,112025,1331755,11732115,11732115
032,112025,1331755,11732120,11732120
032,112025,1331755,11732125,11732125
032,112025,1331755,11732130,11732130
032,112025,1331755,11732135,11732135
032,112025,1331755,11732140,11732140
032,112025,1331755,11732145,11732145
032,112025,1331755,11732150,11732150
032,112025,1331755,11732155,11732155
032,112025,1331755,11732166,11732166
032,112025,1331755,11732171,11732171
032,112025,1331755,11732182,11732182
032,112025,1331755,11732189,11732189
032,112025,1331755,11732205,11732205
032,112025,1331755,11732210,11732210
032,112025,1331755,11732215,11732215
032,112025,1331755,11732220,11732220
032,112025,1331755,11732225,11732225
032,112025,1331755,11732230,11732230
032,112025,1331755,11732235,11732235
032,112025,1331755,11732240,11732240
032,112025,1331755,11732245,11732245
032,112025,1331755,11732250,11732250
032,112025,1331755,11732255,11732255
032,112025,1331755,11732260,11732260
032,112025,1331755,11732265,11732265
032,112025,1331755,11732270,11732270
032,112025,1331755,11732321,11732321
032,112025,1331755,11732324,11732324
032,112025,1331755,11732367,11732367
032,112025,1331755,11732370,11732370
032,112025,1331755,11732373,11732373
032,112025,1331755,11732392,11732392
032,112025,1331755,11732395,11732395
032,112025,1331755,11732398,11732398
032,112025,1331755,11732401,11732401
032,112025,1331755,11732404,11732404
032,112025,1331755,11732407,11732407
032,112025,1331755,11732511,11732511
032,112025,1331755,11732514,11732514
032,112025,1331755,19812582,19812582
032,112025,1331755,20469561,20469561
032,112025,1331755,20469568,20469568
032,112025,1331755,21131066,21131066
032,112025,1331755,21131094,21131094
032,112025,1331755,26275030,26275030
032,112025,1331755,26275716,26275716
032,112025,1331755,26755950,26755950
032,112025,1331755,26755957,26755957
032,112025,1331755,26756459,26756459
032,112025,1331755,26756467,26756467
032,112025,1331755,26756789,26756789
032,112025,1331755,26756796,26756796
032,112025,1331755,26756993,26756993
032,112025,1331755,26757005,26757005
032,112025,1331755,30002257,30002257
032,112025,1331755,30105635,30105635
032,112025,1331871,11722189,11722189
032,112025,1331871,11722192,11722192
032,112025,1331871,11722221,11722221
032,112025,1331871,11722224,11722224
032,112025,1331871,11722233,11722233
032,112025,1331871,11722236,11722236
032,112025,1331871,11722239,11722239
032,112025,1331871,11722242,11722242
032,112025,1331871,11722245,11722245
032,112025,1331871,11722248,11722248
032,112025,1331871,11729387,11729387
032,112025,1331871,11729390,11729390
032,112025,1331871,11729393,11729393
032,112025,1331871,11729396,11729396
032,112025,1331871,11729399,11729399
032,112025,1331871,11729402,11729402
032,112025,1331871,11729405,11729405
032,112025,1331871,11729410,11729410
032,112025,1331871,11729421,11729421
032,112025,1331871,11729428,11729428
032,112025,1331871,11729469,11729469
032,112025,1331871,11729559,11729559
032,112025,1331510,112834370,112834370
032,112025,1331510,112834385,112834385
032,112025,1331510,112834388,112834388
032,112025,1331510,112834473,112834473
032,112025,1331510,112834476,112834476
032,112025,1331510,112985667,112985667
032,112025,1331510,112985670,112985670
032,112025,1331510,113013549,113013549
032,112025,1331510,113013552,113013552
032,112025,1331510,113014664,113014664
032,112025,1331510,113014667,113014667
032,112025,1331510,113212076,113212076
032,112025,1331510,113260246,113260246
032,112025,1331510,113260249,113260249
032,112025,1331510,113580560,113580560
032,112025,1331510,113580564,113580564
032,112025,1331510,113580599,113580599
032,112025,1331510,113580618,113580618
032,112025,1331510,113584341,113584341
032,112025,1331510,113584344,113584344
032,112025,1331510,113851859,113851859
032,112025,1331510,113949982,113949982
032,112025,1331510,113949990,113949990
032,112025,1331510,114123615,114123615
032,112025,1331510,114130052,114130052
032,112025,1331510,114130055,114130055
032,112025,1331510,114395586,114395586
032,112025,1331510,26756459,26756459
032,112025,1331510,26756467,26756467
032,112025,1331510,26756789,26756789
032,112025,1331510,26756796,26756796
032,112025,1331510,26756993,26756993
032,112025,1331510,26757005,26757005
032,112025,1331510,30002257,30002257
032,112025,1331510,30105635,30105635
032,112025,1331533,11519694,11519694
032,112025,1331533,11519701,11519701
032,112025,1331533,11520277,11520277
032,112025,1331533,11716918,11716918
032,112025,1331533,11716928,11716928
032,112025,1331533,11716931,11716931
032,112025,1331533,11716934,11716934
032,112025,1331533,11716937,11716937
032,112025,1331533,11719994,11719994
032,112025,1331533,11720021,11720021
032,112025,1331533,11720224,11720224
032,112025,1331533,11720227,11720227
032,112025,1331533,11720350,11720350
032,112025,1331533,11720379,11720379
032,112025,1331533,11720714,11720714
032,112025,1331533,11720721,11720721
032,112025,1331533,11720728,11720728
032,112025,1331533,11720735,11720735
032,112025,1331533,11720790,11720790
032,112025,1331533,11720795,11720795
032,112025,1331533,11720800,11720800
032,112025,1331533,11720803,11720803
032,112025,1331533,11720806,11720806
032,112025,1331533,11720809,11720809
032,112025,1331533,11720812,11720812
032,112025,1331533,11720817,11720817
032,112025,1331533,11720822,11720822
032,112025,1331533,11720827,11720827
032,112025,1331533,11720832,11720832
032,112025,1331533,11720839,11720839
032,112025,1331533,11720846,11720846
032,112025,1331533,11720849,11720849
032,112025,1331533,11720852,11720852
032,112025,1331533,11720855,11720855
032,112025,1331533,11720858,11720858
032,112025,1331533,11720861,11720861
032,112025,1331533,11720864,11720864
032,112025,1331533,11720871,11720871
032,112025,1331533,11720878,11720878
032,112025,1331533,11720881,11720881
032,112025,1331533,11720898,11720898
032,112025,1331533,11720901,11720901
032,112025,1331533,11720908,11720908
032,112025,1331533,11720913,11720913
032,112025,1331533,11720924,11720924
032,112025,1331533,11720927,11720927
032,112025,1331533,11720930,11720930
032,112025,1331533,11720933,11720933
032,112025,1331533,11720936,11720936
032,112025,1331533,11720941,11720941
032,112025,1331533,11720964,11720964
032,112025,1331533,11720971,11720971
032,112025,1331533,11722164,11722164
032,112025,1331533,11722167,11722167
032,112025,1331533,11722189,11722189
032,112025,1331533,11722192,11722192
032,112025,1331533,11722221,11722221
032,112025,1331533,11722224,11722224
032,112025,1331533,11722233,11722233
032,112025,1331533,11722236,11722236
032,112025,1331533,11722239,11722239
032,112025,1331533,11722242,11722242
032,112025,1331533,11722245,11722245
032,112025,1331533,11722248,11722248
032,112025,1331533,11729387,11729387
032,112025,1331533,11729390,11729390
032,112025,1331533,11729393,11729393
032,112025,1331533,11729396,11729396
032,112025,1331533,11729399,11729399
032,112025,1331533,11729402,11729402
032,112025,1331533,11729405,11729405
032,112025,1331533,11729410,11729410
032,112025,1331533,11729421,11729421
032,112025,1331533,11729428,11729428
032,112025,1331533,11729469,11729469
032,112025,1331533,11729559,11729559
032,112025,1331533,11729566,11729566
032,112025,1331533,11729569,11729569
032,112025,1331533,11729576,11729576
032,112025,1331533,11729583,11729583
032,112025,1331533,11729586,11729586
032,112025,1331533,11729721,11729721
032,112025,1331533,11729724,11729724
032,112025,1331533,11729828,11729828
032,112025,1331533,11729831,11729831
032,112025,1331533,11729988,11729988
032,112025,1331533,11729993,11729993
032,112025,1331533,11730086,11730086
032,112025,1331533,11730089,11730089
032,112025,1331533,11730937,11730937
032,112025,1331533,11730940,11730940
032,112025,1331533,11730943,11730943
032,112025,1331533,11730946,11730946
032,112025,1331533,11730983,11730983
032,112025,1331533,11730990,11730990
032,112025,1331533,11731237,11731237
032,112025,1331533,11731240,11731240
032,112025,1331533,11731320,11731320
032,112025,1331533,11731691,11731691
032,112025,1331533,11731694,11731694
032,112025,1331533,11731827,11731827
032,112025,1331533,11731832,11731832
032,112025,1331533,11731837,11731837
032,112025,1331533,11731842,11731842
032,112025,1331533,11731847,11731847
032,112025,1331533,11731852,11731852
032,112025,1331533,11731857,11731857
032,112025,1331533,11731862,11731862
032,112025,1331533,11732103,11732103
032,112025,1331533,11732110,11732110
032,112025,1333899,11720871,11720871
032,112025,1333899,11720878,11720878
032,112025,1333899,11720881,11720881
032,112025,1333899,11720898,11720898
032,112025,1333899,11720901,11720901
032,112025,1333899,11720908,11720908
032,112025,1333899,11720913,11720913
032,112025,1333899,11720924,11720924
032,112025,1333899,11720927,11720927
032,112025,1333899,11720930,11720930
032,112025,1333899,11720933,11720933
032,112025,1333899,11720936,11720936
032,112025,1333899,11720941,11720941
032,112025,1333899,11720964,11720964
032,112025,1333899,11720971,11720971
032,112025,1333899,11722164,11722164
032,112025,1333899,11722167,11722167
032,112025,1333899,11722189,11722189
032,112025,1333899,11722192,11722192
032,112025,1333899,11722221,11722221
032,112025,1333899,11722224,11722224
032,112025,1333899,11722233,11722233
032,112025,1333899,11722236,11722236
032,112025,1333899,11722239,11722239
032,112025,1333899,11722242,11722242
032,112025,1333899,11722245,11722245
032,112025,1333899,11722248,11722248
032,112025,1333899,11729387,11729387
032,112025,1333899,11729390,11729390
032,112025,1333899,11729393,11729393
032,112025,1333899,11729396,11729396
032,112025,1333899,11729399,11729399
032,112025,1333899,11729402,11729402
032,112025,1333899,11729405,11729405
032,112025,1333899,11729410,11729410
032,112025,1333899,11729421,11729421
032,112025,1333899,11729428,11729428
032,112025,1333899,11729469,11729469
032,112025,1333899,11729559,11729559
032,112025,1333899,11729566,11729566
032,112025,1333899,11729569,11729569
032,112025,1333899,11729576,11729576
032,112025,1333899,11729583,11729583
032,112025,1333899,11729586,11729586
032,112025,1333899,11729721,11729721
032,112025,1333899,11729724,11729724
032,112025,1333899,11729828,11729828
032,112025,1333899,11729831,11729831
032,112025,1333899,11729988,11729988
032,112025,1333899,11729993,11729993
032,112025,1333899,11730086,11730086
032,112025,1333899,11730089,11730089
032,112025,1333899,11730937,11730937
032,112025,1333899,11730940,11730940
032,112025,1333899,11730943,11730943
032,112025,1333899,11730946,11730946
032,112025,1333899,11730983,11730983
032,112025,1333899,11730990,11730990
032,112025,1333899,11731237,11731237
032,112025,1333899,11731240,11731240
032,112025,1333899,11731320,11731320
032,112025,1333899,11731691,11731691
032,112025,1333899,11731694,11731694
032,112025,1333899,11731827,11731827
032,112025,1333899,11731832,11731832
032,112025,1333899,11731837,11731837
032,112025,1333899,11731842,11731842
032,112025,1333899,11731847,11731847
032,112025,1333899,11731852,11731852
032,112025,1333899,11731857,11731857
032,112025,1333899,11731862,11731862
032,112025,1333899,11732103,11732103
032,112025,1333899,11732110,11732110
032,112025,1333899,11732115,11732115
032,112025,1333899,11732120,11732120
032,112025,1333899,11732125,11732125
032,112025,1333899,11732130,11732130
032,112025,1333899,11732135,11732135
032,112025,1333899,11732140,11732140
032,112025,1333899,11732145,11732145
032,112025,1333899,11732150,11732150
032,112025,1333899,11732155,11732155
032,112025,1333899,11732166,11732166
032,112025,1333899,11732171,11732171
032,112025,1333899,11732182,11732182
032,112025,1333899,11732189,11732189
032,112025,1333899,11732205,11732205
032,112025,1333899,11732210,11732210
032,112025,1333899,11732215,11732215
032,112025,1333899,11732220,11732220
032,112025,1333899,11732225,11732225
032,112025,1333899,11732230,11732230
032,112025,1333899,11732235,11732235
032,112025,1333899,11732240,11732240
032,112025,1333899,11732245,11732245
032,112025,1333899,11732250,11732250
032,112025,1333899,11732255,11732255
032,112025,1333899,108338174,108338174
032,112025,1333899,109021498,109021498
032,112025,1333899,109022626,109022626
032,112025,1333899,109022634,109022634
032,112025,1333899,109114727,109114727
032,112025,1333899,109133026,109133026
032,112025,1333899,109133033,109133033
032,112025,1333899,109167862,109167862
032,112025,1333899,109167877,109167877
032,112025,1333899,109848524,109848524
032,112025,1333899,109848527,109848527
032,112025,1333899,110006875,110006875
032,112025,1333899,110768488,110768488
032,112025,1333899,110768504,110768504
032,112025,1333899,112782890,112782890
032,112025,1333899,112782897,112782897
032,112025,1333899,112782935,112782935
032,112025,1333899,112782942,112782942
032,112025,1333899,112832512,112832512
032,112025,1333899,112832515,112832515
032,112025,1333899,112834367,112834367
032,112025,1333899,112834370,112834370
032,112025,1333899,112834385,112834385
032,112025,1333899,112834388,112834388
032,112025,1333899,112834473,112834473
032,112025,1333899,112834476,112834476
032,112025,1333899,112985667,112985667
032,112025,1333899,112985670,112985670
032,112025,1333899,113013549,113013549
032,112025,1333899,113013552,113013552
032,112025,1333899,113014664,113014664
032,112025,1333899,113014667,113014667
032,112025,1333899,113212076,113212076
032,112025,1333899,113260246,113260246
032,112025,1333899,113260249,113260249
032,112025,1333899,113580560,113580560
032,112025,1333899,113580564,113580564
032,112025,1333899,113580599,113580599
032,112025,1333899,113580618,113580618
032,112025,1333899,113584341,113584341
032,112025,1333899,113584344,113584344
032,112025,1333899,113851859,113851859
032,112025,1333899,113949982,113949982
032,112025,1333899,113949990,113949990
032,112025,1333899,114123615,114123615
032,112025,1333899,114130052,114130052
032,112025,1333899,114130055,114130055
032,112025,1333899,114395586,114395586
032,112025,1335285,11720839,11720839
032,112025,1335285,11720846,11720846
032,112025,1335285,11720849,11720849
032,112025,1335285,11720852,11720852
032,112025,1335285,11720855,11720855
032,112025,1335285,11720858,11720858
032,112025,1335285,11720861,11720861
032,112025,1335285,11720864,11720864
032,112025,1335285,11720871,11720871
032,112025,1335285,11720878,11720878
032,112025,1335285,11720881,11720881
032,112025,1335285,11720898,11720898
032,112025,1335285,11720901,11720901
032,112025,1335285,11720908,11720908
032,112025,1335285,11720913,11720913
032,112025,1335285,11720924,11720924
032,112025,1335285,11720927,11720927
032,112025,1335285,11720930,11720930
032,112025,1335285,11720933,11720933
032,112025,1335285,11720936,11720936
032,112025,1335285,11720941,11720941
032,112025,1335285,11720964,11720964
032,112025,1335285,11720971,11720971
032,112025,1335285,11722164,11722164
032,112025,1335285,11722167,11722167
032,112025,1335285,11722189,11722189
032,112025,1335285,11722192,11722192
032,112025,1335285,11722221,11722221
032,112025,1335285,11722224,11722224
032,112025,1335285,11722233,11722233
032,112025,1335285,11722236,11722236
032,112025,1335285,11722239,11722239
032,112025,1335285,11722242,11722242
032,112025,1335285,11722245,11722245
032,112025,1335285,11722248,11722248
032,112025,1335285,11729387,11729387
032,112025,1335285,11729390,11729390
032,112025,1335285,11729393,11729393
032,112025,1335285,11729396,11729396
032,112025,1335285,11729399,11729399
032,112025,1335285,11729402,11729402
032,112025,1335285,11729405,11729405
032,112025,1335285,11729410,11729410
032,112025,1335285,11729421,11729421
032,112025,1335285,11729428,11729428
032,112025,1335285,11729469,11729469
032,112025,1335285,11729559,11729559
032,112025,1335285,11729566,11729566
032,112025,1335285,11729569,11729569
032,112025,1335285,11729576,11729576
032,112025,1335285,11729583,11729583
032,112025,1335285,11729586,11729586
032,112025,1335285,11729721,11729721
032,112025,1335285,11729724,11729724
032,112025,1335285,11729828,11729828
032,112025,1335285,11729831,11729831
032,112025,1335285,11729988,11729988
032,112025,1335285,11729993,11729993
032,112025,1335285,11730086,11730086
032,112025,1335285,11730089,11730089
032,112025,1335285,11730937,11730937
032,112025,1335285,11730940,11730940
032,112025,1335285,11730943,11730943
032,112025,1335285,11730946,11730946
032,112025,1335285,11730983,11730983
032,112025,1335285,11730990,11730990
032,112025,1335285,11731237,11731237
032,112025,1335285,11731240,11731240
032,112025,1335285,11731320,11731320
032,112025,1335285,11731691,11731691
032,112025,1335285,11731694,11731694
032,112025,1335285,11731827,11731827
032,112025,1335285,11731832,11731832
032,112025,1335285,11731837,11731837
032,112025,1335285,11731842,11731842
032,112025,1335285,11731847,11731847
032,112025,1335285,11731852,11731852
032,112025,1335285,11731857,11731857
032,112025,1335285,11731862,11731862
032,112025,1335285,11732103,11732103
032,112025,1335285,11732110,11732110
032,112025,1335285,11732115,11732115
032,112025,1335285,11732120,11732120
032,112025,1335285,11732125,11732125
032,112025,1335285,11732130,11732130
032,112025,1335285,11732135,11732135
032,112025,1335285,11732140,11732140
032,112025,1335285,11732145,11732145
032,112025,1335285,11732150,11732150
032,112025,1335285,11732155,11732155
032,112025,1335285,11732182,11732182
032,112025,1335285,11732189,11732189
032,112025,1335285,11732205,11732205
032,112025,1335285,11732210,11732210
032,112025,1335285,11732215,11732215
032,112025,1335285,11732220,11732220
032,112025,1335285,11732225,11732225
032,112025,1335285,11732230,11732230
032,112025,1335285,11732235,11732235
032,112025,1335285,11732240,11732240
032,112025,1335285,11732245,11732245
032,112025,1335285,11732250,11732250
032,112025,1335285,11732255,11732255
032,112025,1335285,11732260,11732260
032,112025,1335285,11732265,11732265
032,112025,1335285,11732270,11732270
032,112025,1335285,11732321,11732321
032,112025,1335285,11732324,11732324
032,112025,1335285,11732367,11732367
032,112025,1335285,11732370,11732370
032,112025,1335285,11732373,11732373
032,112025,1335285,11732392,11732392
032,112025,1335285,11732395,11732395
032,112025,1335285,11732398,11732398
032,112025,1335285,11732401,11732401
032,112025,1335285,11732404,11732404
032,112025,1335285,11732407,11732407
032,112025,1335285,11732511,11732511
032,112025,1335285,11732514,11732514
032,112025,1335285,19812582,19812582
032,112025,1335285,20469561,20469561
032,112025,1335285,20469568,20469568
032,112025,1335285,21131066,21131066
032,112025,1335285,21131094,21131094
032,112025,1335285,26275030,26275030
032,112025,1335285,26275716,26275716
032,112025,1335285,26755950,26755950
032,112025,1335285,26755957,26755957
032,112025,1335285,26756459,26756459
032,112025,1335285,26756467,26756467
032,112025,1335285,26756789,26756789
032,112025,1335285,26756796,26756796
032,112025,1335285,26756993,26756993
032,112025,1335285,26757005,26757005
032,112025,1335285,30002257,30002257
032,112025,1335285,30105635,30105635
032,112025,1323374,11519715,11519715
032,112025,1323374,11716925,11716925
032,112025,1323374,11716998,11716998
032,112025,1323374,11717008,11717008
032,112025,1323374,11717011,11717011
032,112025,1323374,11717014,11717014
032,112025,1323374,11717017,11717017
032,112025,1323374,11717020,11717020
032,112025,1323374,11720290,11720290
032,112025,1331871,11729566,11729566
032,112025,1331871,11729569,11729569
032,112025,1331871,11729576,11729576
032,112025,1331871,11729583,11729583
032,112025,1331871,11729586,11729586
032,112025,1331871,11729721,11729721
032,112025,1331871,11729724,11729724
032,112025,1331871,11729828,11729828
032,112025,1331871,11729831,11729831
032,112025,1331871,11729988,11729988
032,112025,1331871,11729993,11729993
032,112025,1331871,11730086,11730086
032,112025,1331871,11730089,11730089
032,112025,1331871,11730937,11730937
032,112025,1331871,11730940,11730940
032,112025,1331871,11730943,11730943
032,112025,1331871,11730946,11730946
032,112025,1331871,11730983,11730983
032,112025,1331871,11730990,11730990
032,112025,1331871,11731237,11731237
032,112025,1331871,11731240,11731240
032,112025,1331871,11731320,11731320
032,112025,1331871,11731691,11731691
032,112025,1331871,11731694,11731694
032,112025,1331871,11731827,11731827
032,112025,1331871,11731832,11731832
032,112025,1331871,11731837,11731837
032,112025,1331871,11731842,11731842
032,112025,1331871,11731847,11731847
032,112025,1331871,11731852,11731852
032,112025,1331871,11731857,11731857
032,112025,1331871,11731862,11731862
032,112025,1331871,11732103,11732103
032,112025,1331871,11732110,11732110
032,112025,1331871,11732115,11732115
032,112025,1331871,11732120,11732120
032,112025,1331871,11732125,11732125
032,112025,1331871,11732130,11732130
032,112025,1331871,11732135,11732135
032,112025,1331871,11732140,11732140
032,112025,1331871,11732145,11732145
032,112025,1331871,11732150,11732150
032,112025,1331871,11732155,11732155
032,112025,1331871,11732166,11732166
032,112025,1331871,11732171,11732171
032,112025,1331871,11732182,11732182
032,112025,1331871,11732189,11732189
032,112025,1331871,11732205,11732205
032,112025,1331871,11732210,11732210
032,112025,1331871,11732215,11732215
032,112025,1331871,11732220,11732220
032,112025,1331871,11732225,11732225
032,112025,1331871,11732230,11732230
032,112025,1331871,11732235,11732235
032,112025,1331871,11732240,11732240
032,112025,1331871,11732245,11732245
032,112025,1331871,11732250,11732250
032,112025,1331871,11732255,11732255
032,112025,1331871,11732260,11732260
032,112025,1331871,11732265,11732265
032,112025,1331871,11732270,11732270
032,112025,1331871,11732321,11732321
032,112025,1331871,11732324,11732324
032,112025,1331871,11732367,11732367
032,112025,1331871,11732370,11732370
032,112025,1331871,11732373,11732373
032,112025,1331871,11732392,11732392
032,112025,1331871,11732395,11732395
032,112025,1331871,11732398,11732398
032,112025,1331871,11732401,11732401
032,112025,1331871,11732404,11732404
032,112025,1331871,11732407,11732407
032,112025,1331871,11732511,11732511
032,112025,1331871,11732514,11732514
032,112025,1331871,19812582,19812582
032,112025,1331871,20469561,20469561
032,112025,1331871,20469568,20469568
032,112025,1331871,21131066,21131066
032,112025,1331871,21131094,21131094
032,112025,1331871,26275030,26275030
032,112025,1331871,26275716,26275716
032,112025,1331871,26755950,26755950
032,112025,1331871,26755957,26755957
032,112025,1331871,26756459,26756459
032,112025,1331871,26756467,26756467
032,112025,1331871,26756789,26756789
032,112025,1331871,26756796,26756796
032,112025,1331871,26756993,26756993
032,112025,1331871,26757005,26757005
032,112025,1331871,30002257,30002257
032,112025,1331871,30105635,30105635
032,112025,1331926,11519715,11519715
032,112025,1331926,11716925,11716925
032,112025,1331926,11716998,11716998
032,112025,1331926,11717008,11717008
032,112025,1331926,11717011,11717011
032,112025,1331926,11717014,11717014
032,112025,1331926,11717017,11717017
032,112025,1331926,11717020,11717020
032,112025,1331926,11720290,11720290
032,112025,1331926,11720754,11720754
032,112025,1331926,11720757,11720757
032,112025,1331926,11720760,11720760
032,112025,1331926,11720763,11720763
032,112025,1331926,11720766,11720766
032,112025,1331926,11720769,11720769
032,112025,1331926,11720772,11720772
032,112025,1331926,11720775,11720775
032,112025,1331926,11720784,11720784
032,112025,1331926,11720787,11720787
032,112025,1331926,11721002,11721002
032,112025,1331926,11721005,11721005
032,112025,1331926,11721011,11721011
032,112025,1331926,11721026,11721026
032,112025,1331926,11721029,11721029
032,112025,1331926,11721032,11721032
032,112025,1331926,11721035,11721035
032,112025,1331926,11721038,11721038
032,112025,1331926,11721041,11721041
032,112025,1331926,11721044,11721044
032,112025,1331926,11721047,11721047
032,112025,1331926,11721050,11721050
032,112025,1331926,11721053,11721053
032,112025,1331926,11721056,11721056
032,112025,1331926,11721059,11721059
032,112025,1331926,11721062,11721062
032,112025,1331926,11721065,11721065
032,112025,1331926,11721068,11721068
032,112025,1331926,11721071,11721071
032,112025,1331926,11721969,11721969
032,112025,1331926,11721976,11721976
032,112025,1331926,11722170,11722170
032,112025,1331926,11722173,11722173
032,112025,1331926,11722227,11722227
032,112025,1331926,11722230,11722230
032,112025,1331926,11729211,11729211
032,112025,1331926,11729214,11729214
032,112025,1331926,11729331,11729331
032,112025,1331926,11729334,11729334
032,112025,1331926,11729968,11729968
032,112025,1331926,11729971,11729971
032,112025,1331926,11730397,11730397
032,112025,1331926,11730400,11730400
032,112025,1331926,11730541,11730541
032,112025,1331926,11730548,11730548
032,112025,1331015,11732176,11732176
032,112025,1331015,11732179,11732179
032,112025,1331015,12639616,12639616
032,112025,1331015,19701101,19701101
032,112025,1331015,21157635,21157635
032,112025,1331015,21157642,21157642
032,112025,1331015,21157649,21157649
032,112025,1331015,21157656,21157656
032,112025,1331015,21157680,21157680
032,112025,1331015,25417017,25417017
032,112025,1331015,25417050,25417050
032,112025,1331015,25417355,25417355
032,112025,1331015,25417363,25417363
032,112025,1331015,34025807,34025807
032,112025,1331015,74127322,74127322
032,112025,1331015,74453850,74453850
032,112025,1332592,108338174,108338174
032,112025,1332592,109021498,109021498
032,112025,1332592,109022626,109022626
032,112025,1332592,109022634,109022634
032,112025,1332592,109114727,109114727
032,112025,1332592,109133026,109133026
032,112025,1332592,109133033,109133033
032,112025,1332592,109167862,109167862
032,112025,1332592,109167877,109167877
032,112025,1332592,109848524,109848524
032,112025,1332592,109848527,109848527
032,112025,1332592,110006875,110006875
032,112025,1332592,110768488,110768488
032,112025,1332592,110768504,110768504
032,112025,1332592,112782890,112782890
032,112025,1332592,112782897,112782897
032,112025,1332592,112782935,112782935
032,112025,1332592,112782942,112782942
032,112025,1332592,112832512,112832512
032,112025,1332592,112832515,112832515
032,112025,1332592,112834367,112834367
032,112025,1332592,112834370,112834370
032,112025,1332592,112834385,112834385
032,112025,1332592,112834388,112834388
032,112025,1332592,112834473,112834473
032,112025,1332592,112834476,112834476
032,112025,1332592,112985667,112985667
032,112025,1332592,112985670,112985670
032,112025,1332592,113013549,113013549
032,112025,1332592,113013552,113013552
032,112025,1332592,113014664,113014664
032,112025,1332592,113014667,113014667
032,112025,1332592,113212076,113212076
032,112025,1332592,113260246,113260246
032,112025,1332592,113260249,113260249
032,112025,1332592,113580560,113580560
032,112025,1332592,113580564,113580564
032,112025,1332592,113580599,113580599
032,112025,1332592,113580618,113580618
032,112025,1332592,113584341,113584341
032,112025,1332592,113584344,113584344
032,112025,1332592,113851859,113851859
032,112025,1332592,113949982,113949982
032,112025,1332592,113949990,113949990
032,112025,1332592,114123615,114123615
032,112025,1332592,114130052,114130052
032,112025,1332592,114130055,114130055
032,112025,1332592,114395586,114395586
032,112025,1332592,11519694,11519694
032,112025,1332592,11519701,11519701
032,112025,1332592,11520277,11520277
032,112025,1332592,11716918,11716918
032,112025,1332592,11716928,11716928
032,112025,1332592,11716931,11716931
032,112025,1332592,11716934,11716934
032,112025,1332592,11716937,11716937
032,112025,1332592,11719994,11719994
032,112025,1332592,11720021,11720021
032,112025,1332592,11720224,11720224
032,112025,1332592,11720227,11720227
032,112025,1332592,11720350,11720350
032,112025,1332592,11720379,11720379
032,112025,1332592,11720714,11720714
032,112025,1332592,11720721,11720721
032,112025,1332592,11720728,11720728
032,112025,1332592,11720735,11720735
032,112025,1332592,11720790,11720790
032,112025,1332592,11720795,11720795
032,112025,1332592,11720800,11720800
032,112025,1332592,11720803,11720803
032,112025,1332592,11720806,11720806
032,112025,1332592,11720809,11720809
032,112025,1332592,11720812,11720812
032,112025,1332592,11720817,11720817
032,112025,1332592,11720822,11720822
032,112025,1332592,11720827,11720827
032,112025,1332592,11720832,11720832
032,112025,1332592,11720839,11720839
032,112025,1332592,11720846,11720846
032,112025,1332592,11720849,11720849
032,112025,1332592,11720852,11720852
032,112025,1332592,11720855,11720855
032,112025,1332592,11720858,11720858
032,112025,1332592,11720861,11720861
032,112025,1332592,11720864,11720864
032,112025,1332592,11720871,11720871
032,112025,1332592,11720878,11720878
032,112025,1332592,11720881,11720881
032,112025,1332592,11720898,11720898
032,112025,1332592,11720901,11720901
032,112025,1332592,11720908,11720908
032,112025,1332592,11720913,11720913
032,112025,1332592,11720924,11720924
032,112025,1332592,11720927,11720927
032,112025,1332592,11720930,11720930
032,112025,1332592,11720933,11720933
032,112025,1332592,11720936,11720936
032,112025,1332592,11720941,11720941
032,112025,1332592,11720964,11720964
032,112025,1332592,11720971,11720971
032,112025,1332592,11722164,11722164
032,112025,1332592,11722167,11722167
032,112025,1332592,11722189,11722189
032,112025,1332592,11722192,11722192
032,112025,1332592,11722221,11722221
032,112025,1332592,11722224,11722224
032,112025,1332592,11722233,11722233
032,112025,1332592,11722236,11722236
032,112025,1332592,11722239,11722239
032,112025,1332592,11722242,11722242
032,112025,1332592,11722245,11722245
032,112025,1332592,11722248,11722248
032,112025,1332592,11729387,11729387
032,112025,1332592,11729390,11729390
032,112025,1332592,11729393,11729393
032,112025,1332592,11729396,11729396
032,112025,1332592,11729399,11729399
032,112025,1332592,11729402,11729402
032,112025,1332592,11729405,11729405
032,112025,1332592,11729410,11729410
032,112025,1332592,11729421,11729421
032,112025,1332592,11729428,11729428
032,112025,1332592,11729469,11729469
032,112025,1332592,11729559,11729559
032,112025,1332592,11729566,11729566
032,112025,1332592,11729569,11729569
032,112025,1332592,11729576,11729576
032,112025,1332592,11729583,11729583
032,112025,1332592,11729586,11729586
032,112025,1334319,11730407,11730407
032,112025,1334319,11730410,11730410
032,112025,1334319,11730883,11730883
032,112025,1334319,11730886,11730886
032,112025,1334319,11730917,11730917
032,112025,1334319,11730920,11730920
032,112025,1334319,11730923,11730923
032,112025,1334319,11730928,11730928
032,112025,1334319,11731099,11731099
032,112025,1334319,11731104,11731104
032,112025,1334319,11731739,11731739
032,112025,1334319,11731742,11731742
032,112025,1334319,11731815,11731815
032,112025,1334319,11731822,11731822
032,112025,1334319,11732517,11732517
032,112025,1334319,18473388,18473388
032,112025,1334319,18473498,18473498
032,112025,1334319,25210161,25210161
032,112025,1334319,25210168,25210168
032,112025,1334319,25417017,25417017
032,112025,1334319,25417050,25417050
032,112025,1334319,25417355,25417355
032,112025,1334319,25417363,25417363
032,112025,1334319,34025807,34025807
032,112025,1334319,74127322,74127322
032,112025,1334319,109595686,109595686
032,112025,1334319,109610089,109610089
032,112025,1334319,109620237,109620237
032,112025,1334319,109620249,109620249
032,112025,1334319,109839136,109839136
032,112025,1334319,111821178,111821178
032,112025,1334319,111821181,111821181
032,112025,1334319,112304376,112304376
032,112025,1334319,112304388,112304388
032,112025,1334319,112399012,112399012
032,112025,1334319,112882456,112882456
032,112025,1334319,112883757,112883757
032,112025,1334319,112884811,112884811
032,112025,1334319,112884814,112884814
032,112025,1334319,113081500,113081500
032,112025,1334319,113081503,113081503
032,112025,1334319,113098165,113098165
032,112025,1334319,113251166,113251166
032,112025,1334319,113257718,113257718
032,112025,1334319,113257721,113257721
032,112025,1334319,113478984,113478984
032,112025,1334319,113950752,113950752
032,112025,1330550,11519708,11519708
032,112025,1330550,11520312,11520312
032,112025,1330550,11520326,11520326
032,112025,1330550,11722201,11722201
032,112025,1330550,11722204,11722204
032,112025,1330550,20396564,20396564
032,112025,1330550,113423352,113423352
032,112025,1330550,113629174,113629174
032,112025,1330550,113629178,113629178
032,112025,1330550,113630698,113630698
032,112025,1330550,113630701,113630701
032,112025,1331093,11519708,11519708
032,112025,1331093,11520312,11520312
032,112025,1331093,11520326,11520326
032,112025,1331093,11722201,11722201
032,112025,1331093,11722204,11722204
032,112025,1331093,20396564,20396564
032,112025,1331093,113423352,113423352
032,112025,1331093,113629174,113629174
032,112025,1331093,113629178,113629178
032,112025,1331093,113630698,113630698
032,112025,1331093,113630701,113630701
032,112025,1336069,11519694,11519694
032,112025,1336069,11519701,11519701
032,112025,1336069,11520277,11520277
032,112025,1336069,11716918,11716918
032,112025,1336069,11716928,11716928
032,112025,1336069,11716931,11716931
032,112025,1336069,11716937,11716937
032,112025,1336069,11719994,11719994
032,112025,1336069,11720021,11720021
032,112025,1336069,11720224,11720224
032,112025,1336069,11720227,11720227
032,112025,1336069,11720350,11720350
032,112025,1336069,11720379,11720379
032,112025,1336069,11720714,11720714
032,112025,1336069,11720721,11720721
032,112025,1336069,11720728,11720728
032,112025,1336069,11720735,11720735
032,112025,1336069,11720790,11720790
032,112025,1336069,11720795,11720795
032,112025,1336069,11720800,11720800
032,112025,1336069,11720803,11720803
032,112025,1336069,11720806,11720806
032,112025,1336069,11720809,11720809
032,112025,1336069,11720812,11720812
032,112025,1336069,11720817,11720817
032,112025,1336069,11720822,11720822
032,112025,1336069,11720827,11720827
032,112025,1336069,11720832,11720832
032,112025,1336069,11720839,11720839
032,112025,1336069,11720846,11720846
032,112025,1336069,11720849,11720849
032,112025,1336069,11720852,11720852
032,112025,1336069,11720855,11720855
032,112025,1336069,11720858,11720858
032,112025,1336069,11720861,11720861
032,112025,1336069,11720864,11720864
032,112025,1336069,11720871,11720871
032,112025,1336069,11720878,11720878
032,112025,1336069,11720881,11720881
032,112025,1336069,11720898,11720898
032,112025,1336069,11720901,11720901
032,112025,1336069,11720908,11720908
032,112025,1336069,11720913,11720913
032,112025,1336069,11720924,11720924
032,112025,1336069,11720927,11720927
032,112025,1336069,11720930,11720930
032,112025,1336069,11720933,11720933
032,112025,1336069,11720936,11720936
032,112025,1336069,11720941,11720941
032,112025,1336069,11720964,11720964
032,112025,1336069,11720971,11720971
032,112025,1336069,11722164,11722164
032,112025,1336069,11722167,11722167
032,112025,1336069,11722189,11722189
032,112025,1336069,11722192,11722192
032,112025,1336069,11722221,11722221
032,112025,1336069,11722224,11722224
032,112025,1336069,11722233,11722233
032,112025,1336069,11722236,11722236
032,112025,1336069,11722239,11722239
032,112025,1336069,11722242,11722242
032,112025,1336069,11722245,11722245
032,112025,1336069,11722248,11722248
032,112025,1336069,11729387,11729387
032,112025,1336069,11729390,11729390
032,112025,1336069,11729393,11729393
032,112025,1336069,11729396,11729396
032,112025,1336069,11729399,11729399
032,112025,1336069,11729402,11729402
032,112025,1336069,11729405,11729405
032,112025,1336069,11729410,11729410
032,112025,1336069,11729421,11729421
032,112025,1336069,11729428,11729428
032,112025,1336069,11729469,11729469
032,112025,1336069,11729559,11729559
032,112025,1336069,11729566,11729566
032,112025,1331533,11732115,11732115
032,112025,1331533,11732120,11732120
032,112025,1331533,11732125,11732125
032,112025,1331533,11732130,11732130
032,112025,1331533,11732135,11732135
032,112025,1331533,11732140,11732140
032,112025,1331533,11732145,11732145
032,112025,1331533,108338174,108338174
032,112025,1331533,109021498,109021498
032,112025,1331533,109022626,109022626
032,112025,1331533,109022634,109022634
032,112025,1331533,109114727,109114727
032,112025,1331533,109133026,109133026
032,112025,1331533,109133033,109133033
032,112025,1331533,109167862,109167862
032,112025,1331533,109167877,109167877
032,112025,1331533,109848524,109848524
032,112025,1331533,109848527,109848527
032,112025,1331533,110006875,110006875
032,112025,1331533,110768488,110768488
032,112025,1331533,110768504,110768504
032,112025,1331533,112782890,112782890
032,112025,1331533,112782897,112782897
032,112025,1331533,112782935,112782935
032,112025,1331533,112782942,112782942
032,112025,1331533,112832512,112832512
032,112025,1331533,112832515,112832515
032,112025,1331533,112834367,112834367
032,112025,1331533,112834370,112834370
032,112025,1331533,112834385,112834385
032,112025,1331533,112834388,112834388
032,112025,1331533,112834473,112834473
032,112025,1331533,112834476,112834476
032,112025,1331533,112985667,112985667
032,112025,1331533,112985670,112985670
032,112025,1331533,113013549,113013549
032,112025,1331533,113013552,113013552
032,112025,1331533,113014664,113014664
032,112025,1331533,113014667,113014667
032,112025,1331533,113212076,113212076
032,112025,1331533,113260246,113260246
032,112025,1331533,113260249,113260249
032,112025,1331533,113580560,113580560
032,112025,1331533,113580564,113580564
032,112025,1331533,113580599,113580599
032,112025,1331533,113580618,113580618
032,112025,1331533,113584341,113584341
032,112025,1331533,113584344,113584344
032,112025,1331533,113851859,113851859
032,112025,1331533,113949982,113949982
032,112025,1331533,113949990,113949990
032,112025,1331533,114123615,114123615
032,112025,1331533,114130052,114130052
032,112025,1331533,114130055,114130055
032,112025,1331533,114395586,114395586
032,112025,1331533,11732150,11732150
032,112025,1331533,11732155,11732155
032,112025,1331533,11732166,11732166
032,112025,1331533,11732171,11732171
032,112025,1331533,11732182,11732182
032,112025,1331533,11732189,11732189
032,112025,1331533,11732205,11732205
032,112025,1331533,11732210,11732210
032,112025,1331533,11732215,11732215
032,112025,1331533,11732220,11732220
032,112025,1331533,11732225,11732225
032,112025,1331533,11732230,11732230
032,112025,1331533,11732235,11732235
032,112025,1331533,11732240,11732240
032,112025,1331533,11732245,11732245
032,112025,1331533,11732250,11732250
032,112025,1331533,11732255,11732255
032,112025,1331533,11732260,11732260
032,112025,1331533,11732265,11732265
032,112025,1331533,11732270,11732270
032,112025,1331533,11732321,11732321
032,112025,1331533,11732324,11732324
032,112025,1331533,11732367,11732367
032,112025,1331533,11732370,11732370
032,112025,1331533,11732373,11732373
032,112025,1331533,11732392,11732392
032,112025,1331533,11732395,11732395
032,112025,1331533,11732398,11732398
032,112025,1331533,11732401,11732401
032,112025,1331533,11732404,11732404
032,112025,1331533,11732407,11732407
032,112025,1331533,11732511,11732511
032,112025,1331533,11732514,11732514
032,112025,1331533,19812582,19812582
032,112025,1331533,20469561,20469561
032,112025,1331533,20469568,20469568
032,112025,1331533,21131066,21131066
032,112025,1331533,21131094,21131094
032,112025,1331533,26275030,26275030
032,112025,1331533,26275716,26275716
032,112025,1331533,26755950,26755950
032,112025,1331533,26755957,26755957
032,112025,1331533,26756459,26756459
032,112025,1331533,26756467,26756467
032,112025,1331533,26756789,26756789
032,112025,1331533,26756796,26756796
032,112025,1331533,26756993,26756993
032,112025,1331533,26757005,26757005
032,112025,1331533,30002257,30002257
032,112025,1331533,30105635,30105635
032,112025,1335877,11520132,11520132
032,112025,1335877,11520214,11520214
032,112025,1335877,11717001,11717001
032,112025,1335877,11719991,11719991
032,112025,1335877,11720708,11720708
032,112025,1335877,11720711,11720711
032,112025,1335877,11721074,11721074
032,112025,1335877,11721077,11721077
032,112025,1335877,11721080,11721080
032,112025,1335877,11721083,11721083
032,112025,1335877,11721086,11721086
032,112025,1335877,11721093,11721093
032,112025,1335877,11721100,11721100
032,112025,1335877,11721107,11721107
032,112025,1335877,11721117,11721117
032,112025,1335877,11721120,11721120
032,112025,1335877,11721123,11721123
032,112025,1335877,11721126,11721126
032,112025,1335877,11721133,11721133
032,112025,1335877,11721140,11721140
032,112025,1335877,11721143,11721143
032,112025,1335877,11721146,11721146
032,112025,1335877,11721149,11721149
032,112025,1335877,11721158,11721158
032,112025,1335877,11721161,11721161
032,112025,1335877,11721164,11721164
032,112025,1335877,11721167,11721167
032,112025,1335877,11721170,11721170
032,112025,1335877,11721173,11721173
032,112025,1335877,11721176,11721176
032,112025,1335877,11721179,11721179
032,112025,1335877,11721188,11721188
032,112025,1335877,11721191,11721191
032,112025,1335877,11721194,11721194
032,112025,1335877,11721197,11721197
032,112025,1335877,11722152,11722152
032,112025,1335877,11722155,11722155
032,112025,1335877,11722195,11722195
032,112025,1335877,11722198,11722198
032,112025,1335877,11722211,11722211
032,112025,1333899,11732260,11732260
032,112025,1333899,11732265,11732265
032,112025,1333899,11732270,11732270
032,112025,1333899,11732321,11732321
032,112025,1333899,11732324,11732324
032,112025,1333899,11732367,11732367
032,112025,1333899,11732370,11732370
032,112025,1333899,11732373,11732373
032,112025,1333899,11732392,11732392
032,112025,1333899,11732395,11732395
032,112025,1333899,11732398,11732398
032,112025,1333899,11732401,11732401
032,112025,1333899,11732404,11732404
032,112025,1333899,11732407,11732407
032,112025,1333899,11732511,11732511
032,112025,1333899,11732514,11732514
032,112025,1333899,19812582,19812582
032,112025,1333899,20469561,20469561
032,112025,1333899,20469568,20469568
032,112025,1333899,21131066,21131066
032,112025,1333899,21131094,21131094
032,112025,1333899,26275030,26275030
032,112025,1333899,26275716,26275716
032,112025,1333899,26755950,26755950
032,112025,1333899,26755957,26755957
032,112025,1333899,26756459,26756459
032,112025,1333899,26756467,26756467
032,112025,1333899,26756789,26756789
032,112025,1333899,26756796,26756796
032,112025,1333899,26756993,26756993
032,112025,1333899,26757005,26757005
032,112025,1333899,30002257,30002257
032,112025,1333899,30105635,30105635
032,112025,1333919,11519715,11519715
032,112025,1333919,11716925,11716925
032,112025,1333919,11716998,11716998
032,112025,1333919,11717008,11717008
032,112025,1333919,11717011,11717011
032,112025,1333919,11717014,11717014
032,112025,1333919,11717017,11717017
032,112025,1333919,11717020,11717020
032,112025,1333919,11720290,11720290
032,112025,1333919,11720754,11720754
032,112025,1333919,11720757,11720757
032,112025,1333919,11720760,11720760
032,112025,1333919,11720763,11720763
032,112025,1333919,11720766,11720766
032,112025,1333919,11720769,11720769
032,112025,1333919,11720772,11720772
032,112025,1333919,11720775,11720775
032,112025,1333919,11720784,11720784
032,112025,1333919,11720787,11720787
032,112025,1333919,11721002,11721002
032,112025,1333919,11721005,11721005
032,112025,1333919,11721011,11721011
032,112025,1333919,11721026,11721026
032,112025,1333919,11721029,11721029
032,112025,1333919,11721032,11721032
032,112025,1333919,11721035,11721035
032,112025,1333919,11721038,11721038
032,112025,1333919,11721041,11721041
032,112025,1333919,11721044,11721044
032,112025,1333919,11721047,11721047
032,112025,1333919,11721050,11721050
032,112025,1333919,11721053,11721053
032,112025,1333919,11721056,11721056
032,112025,1333919,11721059,11721059
032,112025,1333919,11721062,11721062
032,112025,1333919,11721065,11721065
032,112025,1333919,11721068,11721068
032,112025,1333919,11721071,11721071
032,112025,1333919,11721969,11721969
032,112025,1333919,11721976,11721976
032,112025,1333919,11722170,11722170
032,112025,1333919,11722173,11722173
032,112025,1333919,11722227,11722227
032,112025,1333919,11722230,11722230
032,112025,1333919,11729211,11729211
032,112025,1333919,11729214,11729214
032,112025,1333919,11729331,11729331
032,112025,1333919,11729334,11729334
032,112025,1333919,11729968,11729968
032,112025,1333919,11729971,11729971
032,112025,1333919,11730397,11730397
032,112025,1333919,11730400,11730400
032,112025,1333919,11730541,11730541
032,112025,1333919,11730548,11730548
032,112025,1333919,11730551,11730551
032,112025,1333919,11730554,11730554
032,112025,1333919,11730961,11730961
032,112025,1333919,11730964,11730964
032,112025,1333919,11730967,11730967
032,112025,1333919,11730970,11730970
032,112025,1333919,11731069,11731069
032,112025,1333919,11731076,11731076
032,112025,1333919,11731083,11731083
032,112025,1333919,11731086,11731086
032,112025,1333919,11731109,11731109
032,112025,1333919,11731112,11731112
032,112025,1333919,11731263,11731263
032,112025,1333919,11731266,11731266
032,112025,1333919,11731269,11731269
032,112025,1333919,11731272,11731272
032,112025,1333919,12868911,12868911
032,112025,1333919,17751939,17751939
032,112025,1333919,32290945,32290945
032,112025,1333919,112458846,112458846
032,112025,1333919,112458857,112458857
032,112025,1333919,113405718,113405718
032,112025,1333919,113446996,113446996
032,112025,1333919,114339759,114339759
032,112025,1333919,114467063,114467063
032,112025,1333919,114481611,114481611
032,112025,1333919,114573180,114573180
032,112025,1333919,114573193,114573193
032,112025,1329253,112458846,112458846
032,112025,1329253,112458857,112458857
032,112025,1329253,113405718,113405718
032,112025,1329253,113446996,113446996
032,112025,1329253,114339759,114339759
032,112025,1329253,114467063,114467063
032,112025,1329253,114481611,114481611
032,112025,1329253,114573180,114573180
032,112025,1329253,114573193,114573193
032,112025,1329253,11519715,11519715
032,112025,1329253,11716925,11716925
032,112025,1329253,11716998,11716998
032,112025,1329253,11717008,11717008
032,112025,1329253,11717011,11717011
032,112025,1329253,11717014,11717014
032,112025,1329253,11717017,11717017
032,112025,1329253,11717020,11717020
032,112025,1329253,11720290,11720290
032,112025,1329253,11720754,11720754
032,112025,1329253,11720757,11720757
032,112025,1329253,11720760,11720760
032,112025,1329253,11720763,11720763
032,112025,1329253,11720766,11720766
032,112025,1329253,11720769,11720769
032,112025,1329253,11720772,11720772
032,112025,1329253,11720775,11720775
032,112025,1329253,11720784,11720784
032,112025,1329253,11720787,11720787
032,112025,1329253,11721002,11721002
032,112025,1329253,11721005,11721005
032,112025,1331926,11730551,11730551
032,112025,1331926,11730554,11730554
032,112025,1331926,11730961,11730961
032,112025,1331926,11730964,11730964
032,112025,1331926,11730967,11730967
032,112025,1331926,11730970,11730970
032,112025,1331926,11731069,11731069
032,112025,1331926,11731076,11731076
032,112025,1331926,11731083,11731083
032,112025,1331926,11731086,11731086
032,112025,1331926,11731109,11731109
032,112025,1331926,11731112,11731112
032,112025,1331926,11731263,11731263
032,112025,1331926,11731266,11731266
032,112025,1331926,11731269,11731269
032,112025,1331926,11731272,11731272
032,112025,1331926,12868911,12868911
032,112025,1331926,17751939,17751939
032,112025,1331926,32290945,32290945
032,112025,1331926,112458846,112458846
032,112025,1331926,112458857,112458857
032,112025,1331926,113405718,113405718
032,112025,1331926,113446996,113446996
032,112025,1331926,114339759,114339759
032,112025,1331926,114467063,114467063
032,112025,1331926,114481611,114481611
032,112025,1331926,114573180,114573180
032,112025,1331926,114573193,114573193
032,112025,1329789,11732171,11732171
032,112025,1329789,11732182,11732182
032,112025,1329789,11732189,11732189
032,112025,1329789,11732205,11732205
032,112025,1329789,11732210,11732210
032,112025,1329789,11732215,11732215
032,112025,1329789,11732220,11732220
032,112025,1329789,11732225,11732225
032,112025,1329789,11732230,11732230
032,112025,1329789,11732235,11732235
032,112025,1329789,11732240,11732240
032,112025,1329789,11732245,11732245
032,112025,1329789,11732250,11732250
032,112025,1329789,11732255,11732255
032,112025,1329789,11732260,11732260
032,112025,1329789,11732265,11732265
032,112025,1329789,11732270,11732270
032,112025,1329789,11732321,11732321
032,112025,1329789,11732324,11732324
032,112025,1329789,11732367,11732367
032,112025,1329789,11732370,11732370
032,112025,1329789,11732373,11732373
032,112025,1329789,11732392,11732392
032,112025,1329789,11732395,11732395
032,112025,1329789,11732398,11732398
032,112025,1329789,11732401,11732401
032,112025,1329789,11732404,11732404
032,112025,1329789,11732407,11732407
032,112025,1329789,11732511,11732511
032,112025,1329789,11732514,11732514
032,112025,1329789,19812582,19812582
032,112025,1329789,20469561,20469561
032,112025,1329789,20469568,20469568
032,112025,1329789,21131066,21131066
032,112025,1329789,21131094,21131094
032,112025,1329789,26275030,26275030
032,112025,1329789,26275716,26275716
032,112025,1329789,26755950,26755950
032,112025,1329789,26755957,26755957
032,112025,1329789,26756459,26756459
032,112025,1329789,26756467,26756467
032,112025,1329789,26756789,26756789
032,112025,1329789,26756796,26756796
032,112025,1329789,26756993,26756993
032,112025,1329789,26757005,26757005
032,112025,1329789,30002257,30002257
032,112025,1329789,30105635,30105635
032,112025,1331023,11519708,11519708
032,112025,1331023,11520312,11520312
032,112025,1331023,11520326,11520326
032,112025,1331023,11722201,11722201
032,112025,1331023,11722204,11722204
032,112025,1331023,20396564,20396564
032,112025,1331023,113423352,113423352
032,112025,1331023,113629174,113629174
032,112025,1331023,113629178,113629178
032,112025,1331023,113630698,113630698
032,112025,1331023,113630701,113630701
032,112025,1333863,11519715,11519715
032,112025,1333863,11716925,11716925
032,112025,1333863,11716998,11716998
032,112025,1333863,11717008,11717008
032,112025,1333863,11717011,11717011
032,112025,1333863,11717014,11717014
032,112025,1333863,11717017,11717017
032,112025,1333863,11717020,11717020
032,112025,1333863,11720290,11720290
032,112025,1333863,11720754,11720754
032,112025,1333863,11720757,11720757
032,112025,1333863,11720760,11720760
032,112025,1333863,11720763,11720763
032,112025,1333863,11720766,11720766
032,112025,1333863,11720769,11720769
032,112025,1333863,11720772,11720772
032,112025,1333863,11720775,11720775
032,112025,1333863,11720784,11720784
032,112025,1333863,11720787,11720787
032,112025,1333863,11721002,11721002
032,112025,1333863,11721005,11721005
032,112025,1333863,11721011,11721011
032,112025,1333863,11721026,11721026
032,112025,1333863,11721029,11721029
032,112025,1333863,11721032,11721032
032,112025,1333863,11721035,11721035
032,112025,1333863,11721038,11721038
032,112025,1333863,11721041,11721041
032,112025,1333863,11721044,11721044
032,112025,1333863,11721047,11721047
032,112025,1333863,11721050,11721050
032,112025,1333863,11721053,11721053
032,112025,1333863,11721056,11721056
032,112025,1333863,11721059,11721059
032,112025,1333863,11721062,11721062
032,112025,1333863,11721065,11721065
032,112025,1333863,11721068,11721068
032,112025,1333863,11721071,11721071
032,112025,1333863,11721969,11721969
032,112025,1333863,11721976,11721976
032,112025,1333863,11722170,11722170
032,112025,1333863,11722173,11722173
032,112025,1333863,11722227,11722227
032,112025,1333863,11722230,11722230
032,112025,1333863,11729211,11729211
032,112025,1333863,11729214,11729214
032,112025,1333863,11729331,11729331
032,112025,1333863,11729334,11729334
032,112025,1333863,11729968,11729968
032,112025,1333863,11729971,11729971
032,112025,1333863,11730397,11730397
032,112025,1333863,11730400,11730400
032,112025,1333863,11730541,11730541
032,112025,1333863,11730548,11730548
032,112025,1333863,11730551,11730551
032,112025,1333863,11730554,11730554
032,112025,1333863,11730961,11730961
032,112025,1333863,11730964,11730964
032,112025,1333863,11730967,11730967
032,112025,1332592,11729721,11729721
032,112025,1332592,11729724,11729724
032,112025,1332592,11729828,11729828
032,112025,1332592,11729831,11729831
032,112025,1332592,11729988,11729988
032,112025,1332592,11729993,11729993
032,112025,1332592,11730086,11730086
032,112025,1332592,11730089,11730089
032,112025,1332592,11730937,11730937
032,112025,1332592,11730940,11730940
032,112025,1332592,11730943,11730943
032,112025,1332592,11730946,11730946
032,112025,1332592,11730983,11730983
032,112025,1332592,11730990,11730990
032,112025,1332592,11731237,11731237
032,112025,1332592,11731240,11731240
032,112025,1332592,11731320,11731320
032,112025,1332592,11731691,11731691
032,112025,1332592,11731694,11731694
032,112025,1332592,11731827,11731827
032,112025,1332592,11731832,11731832
032,112025,1332592,11731837,11731837
032,112025,1332592,11731842,11731842
032,112025,1332592,11731847,11731847
032,112025,1332592,11731852,11731852
032,112025,1332592,11731857,11731857
032,112025,1332592,11731862,11731862
032,112025,1332592,11732103,11732103
032,112025,1332592,11732110,11732110
032,112025,1332592,11732115,11732115
032,112025,1332592,11732120,11732120
032,112025,1332592,11732125,11732125
032,112025,1332592,11732130,11732130
032,112025,1332592,11732135,11732135
032,112025,1332592,11732140,11732140
032,112025,1332592,11732145,11732145
032,112025,1332592,11732150,11732150
032,112025,1332592,11732155,11732155
032,112025,1332592,11732166,11732166
032,112025,1332592,11732171,11732171
032,112025,1332592,11732182,11732182
032,112025,1332592,11732189,11732189
032,112025,1332592,11732205,11732205
032,112025,1332592,11732210,11732210
032,112025,1332592,11732215,11732215
032,112025,1332592,11732220,11732220
032,112025,1332592,11732225,11732225
032,112025,1332592,11732230,11732230
032,112025,1332592,11732235,11732235
032,112025,1332592,11732240,11732240
032,112025,1332592,11732245,11732245
032,112025,1332592,11732250,11732250
032,112025,1332592,11732255,11732255
032,112025,1332592,11732260,11732260
032,112025,1332592,11732265,11732265
032,112025,1332592,11732270,11732270
032,112025,1332592,11732321,11732321
032,112025,1332592,11732324,11732324
032,112025,1332592,11732367,11732367
032,112025,1332592,11732370,11732370
032,112025,1332592,11732373,11732373
032,112025,1332592,11732392,11732392
032,112025,1332592,11732395,11732395
032,112025,1332592,11732398,11732398
032,112025,1332592,11732401,11732401
032,112025,1332592,11732404,11732404
032,112025,1332592,11732407,11732407
032,112025,1332592,11732511,11732511
032,112025,1332592,11732514,11732514
032,112025,1332592,19812582,19812582
032,112025,1332592,20469561,20469561
032,112025,1332592,20469568,20469568
032,112025,1332592,21131066,21131066
032,112025,1332592,21131094,21131094
032,112025,1332592,26275030,26275030
032,112025,1332592,26275716,26275716
032,112025,1332592,26755950,26755950
032,112025,1332592,26755957,26755957
032,112025,1332592,26756459,26756459
032,112025,1332592,26756467,26756467
032,112025,1332592,26756789,26756789
032,112025,1332592,26756796,26756796
032,112025,1332592,26756993,26756993
032,112025,1332592,26757005,26757005
032,112025,1332592,30002257,30002257
032,112025,1332592,30105635,30105635
032,112025,1330658,20396557,20396557
032,112025,1330658,112549235,112549235
032,112025,1332380,11519715,11519715
032,112025,1332380,11716925,11716925
032,112025,1332380,11716998,11716998
032,112025,1332380,11717008,11717008
032,112025,1332380,11717011,11717011
032,112025,1332380,11717014,11717014
032,112025,1332380,11717017,11717017
032,112025,1332380,11717020,11717020
032,112025,1332380,11720290,11720290
032,112025,1332380,11720754,11720754
032,112025,1332380,11720757,11720757
032,112025,1332380,11720760,11720760
032,112025,1332380,11720763,11720763
032,112025,1332380,11720766,11720766
032,112025,1332380,11720769,11720769
032,112025,1332380,11720772,11720772
032,112025,1332380,11720775,11720775
032,112025,1332380,11720784,11720784
032,112025,1332380,11720787,11720787
032,112025,1332380,11721002,11721002
032,112025,1332380,11721005,11721005
032,112025,1332380,11721011,11721011
032,112025,1332380,11721026,11721026
032,112025,1332380,11721029,11721029
032,112025,1332380,11721032,11721032
032,112025,1332380,11721035,11721035
032,112025,1332380,11721038,11721038
032,112025,1332380,11721041,11721041
032,112025,1332380,11721044,11721044
032,112025,1332380,11721047,11721047
032,112025,1332380,11721050,11721050
032,112025,1332380,11721053,11721053
032,112025,1332380,11721056,11721056
032,112025,1332380,11721059,11721059
032,112025,1332380,11721062,11721062
032,112025,1332380,11721065,11721065
032,112025,1332380,11721068,11721068
032,112025,1332380,11721071,11721071
032,112025,1332380,11721969,11721969
032,112025,1332380,11721976,11721976
032,112025,1332380,11722170,11722170
032,112025,1332380,11722173,11722173
032,112025,1332380,11722227,11722227
032,112025,1332380,11722230,11722230
032,112025,1332380,11729211,11729211
032,112025,1332380,11729214,11729214
032,112025,1332380,11729331,11729331
032,112025,1332380,11729334,11729334
032,112025,1332380,11729968,11729968
032,112025,1332380,11729971,11729971
032,112025,1332380,11730397,11730397
032,112025,1332380,11730400,11730400
032,112025,1332380,11730541,11730541
032,112025,1332380,11730548,11730548
032,112025,1332380,11730551,11730551
032,112025,1332380,11730554,11730554
032,112025,1332380,11730961,11730961
032,112025,1335877,11729305,11729305
032,112025,1335877,11729308,11729308
032,112025,1335877,11729311,11729311
032,112025,1335877,11729318,11729318
032,112025,1335877,11730355,11730355
032,112025,1335877,11730362,11730362
032,112025,1335877,11730407,11730407
032,112025,1335877,11730410,11730410
032,112025,1335877,11730883,11730883
032,112025,1335877,11730886,11730886
032,112025,1335877,11730917,11730917
032,112025,1335877,11730920,11730920
032,112025,1335877,11730923,11730923
032,112025,1335877,11730928,11730928
032,112025,1335877,11731099,11731099
032,112025,1335877,11731104,11731104
032,112025,1335877,11731739,11731739
032,112025,1335877,11731742,11731742
032,112025,1335877,11731815,11731815
032,112025,1335877,11731822,11731822
032,112025,1335877,11732517,11732517
032,112025,1335877,18473388,18473388
032,112025,1335877,18473498,18473498
032,112025,1335877,25210161,25210161
032,112025,1335877,25210168,25210168
032,112025,1335877,25417017,25417017
032,112025,1335877,25417050,25417050
032,112025,1335877,25417355,25417355
032,112025,1335877,25417363,25417363
032,112025,1335877,34025807,34025807
032,112025,1335877,74127322,74127322
032,112025,1335877,109595686,109595686
032,112025,1335877,109610089,109610089
032,112025,1335877,109620237,109620237
032,112025,1335877,109620249,109620249
032,112025,1335877,109839136,109839136
032,112025,1335877,111821178,111821178
032,112025,1335877,111821181,111821181
032,112025,1335877,112304376,112304376
032,112025,1335877,112304388,112304388
032,112025,1335877,112399012,112399012
032,112025,1335877,112882456,112882456
032,112025,1335877,112883757,112883757
032,112025,1335877,112884811,112884811
032,112025,1335877,112884814,112884814
032,112025,1335877,113081500,113081500
032,112025,1335877,113081503,113081503
032,112025,1335877,113098165,113098165
032,112025,1335877,113251166,113251166
032,112025,1335877,113257718,113257718
032,112025,1335877,113257721,113257721
032,112025,1335877,113478984,113478984
032,112025,1335877,113950752,113950752
032,112025,1330270,11520132,11520132
032,112025,1330270,11520214,11520214
032,112025,1330270,11717001,11717001
032,112025,1330270,11719991,11719991
032,112025,1330270,11720708,11720708
032,112025,1330270,11720711,11720711
032,112025,1330270,11721074,11721074
032,112025,1330270,11721077,11721077
032,112025,1330270,11721080,11721080
032,112025,1330270,11721083,11721083
032,112025,1330270,11721086,11721086
032,112025,1330270,11721093,11721093
032,112025,1330270,11721100,11721100
032,112025,1330270,11721107,11721107
032,112025,1330270,11721117,11721117
032,112025,1330270,11721120,11721120
032,112025,1330270,11721123,11721123
032,112025,1330270,11721126,11721126
032,112025,1330270,11721133,11721133
032,112025,1330270,11721140,11721140
032,112025,1330270,11721143,11721143
032,112025,1330270,11721146,11721146
032,112025,1330270,11721149,11721149
032,112025,1330270,11721158,11721158
032,112025,1330270,11721161,11721161
032,112025,1330270,11721164,11721164
032,112025,1330270,11721167,11721167
032,112025,1330270,11721170,11721170
032,112025,1330270,11721173,11721173
032,112025,1330270,11721176,11721176
032,112025,1330270,11721179,11721179
032,112025,1330270,11721188,11721188
032,112025,1330270,11721191,11721191
032,112025,1330270,11721194,11721194
032,112025,1330270,11721197,11721197
032,112025,1330270,11722152,11722152
032,112025,1330270,11722155,11722155
032,112025,1330270,11722195,11722195
032,112025,1330270,11722198,11722198
032,112025,1330270,11722211,11722211
032,112025,1330270,11729305,11729305
032,112025,1330270,11729308,11729308
032,112025,1330270,11729311,11729311
032,112025,1330270,11729318,11729318
032,112025,1330270,11730355,11730355
032,112025,1330270,11730362,11730362
032,112025,1330270,11730407,11730407
032,112025,1330270,11730410,11730410
032,112025,1330270,11730883,11730883
032,112025,1330270,11730886,11730886
032,112025,1330270,11730917,11730917
032,112025,1330270,11730920,11730920
032,112025,1330270,11730923,11730923
032,112025,1330270,11730928,11730928
032,112025,1330270,11731099,11731099
032,112025,1330270,11731104,11731104
032,112025,1330270,11731739,11731739
032,112025,1330270,11731742,11731742
032,112025,1330270,11731815,11731815
032,112025,1330270,11731822,11731822
032,112025,1330270,11732517,11732517
032,112025,1330270,18473388,18473388
032,112025,1330270,18473498,18473498
032,112025,1330270,25210161,25210161
032,112025,1330270,25210168,25210168
032,112025,1330270,25417017,25417017
032,112025,1330270,25417050,25417050
032,112025,1330270,25417355,25417355
032,112025,1330270,25417363,25417363
032,112025,1330270,34025807,34025807
032,112025,1330270,74127322,74127322
032,112025,1330270,109595686,109595686
032,112025,1330270,109610089,109610089
032,112025,1330270,109620237,109620237
032,112025,1330270,109620249,109620249
032,112025,1330270,109839136,109839136
032,112025,1330270,111821178,111821178
032,112025,1330270,111821181,111821181
032,112025,1330270,112304376,112304376
032,112025,1330270,112304388,112304388
032,112025,1330270,112399012,112399012
032,112025,1330270,112882456,112882456
032,112025,1330270,112883757,112883757
032,112025,1330270,112884811,112884811
032,112025,1330270,112884814,112884814
032,112025,1330270,113081500,113081500
032,112025,1330270,113081503,113081503
032,112025,1330270,113098165,113098165
032,112025,1330270,113251166,113251166
032,112025,1330270,113257718,113257718
032,112025,1330270,113257721,113257721
032,112025,1330270,113478984,113478984
032,112025,1327945,114130055,114130055
032,112025,1327945,114395586,114395586
032,112025,1327945,11729724,11729724
032,112025,1327945,11729828,11729828
032,112025,1327945,11729831,11729831
032,112025,1327945,11729988,11729988
032,112025,1327945,11729993,11729993
032,112025,1327945,11730086,11730086
032,112025,1327945,11730089,11730089
032,112025,1327945,11730937,11730937
032,112025,1327945,11730940,11730940
032,112025,1327945,11730943,11730943
032,112025,1327945,11730946,11730946
032,112025,1327945,11730983,11730983
032,112025,1327945,11730990,11730990
032,112025,1327945,11731237,11731237
032,112025,1327945,11731240,11731240
032,112025,1327945,11731320,11731320
032,112025,1327945,11731691,11731691
032,112025,1327945,11731694,11731694
032,112025,1327945,11731827,11731827
032,112025,1327945,11731832,11731832
032,112025,1327945,11731837,11731837
032,112025,1327945,11731842,11731842
032,112025,1327945,11731847,11731847
032,112025,1327945,11731852,11731852
032,112025,1327945,11731857,11731857
032,112025,1327945,11731862,11731862
032,112025,1327945,11732103,11732103
032,112025,1327945,11732110,11732110
032,112025,1327945,11732115,11732115
032,112025,1327945,11732120,11732120
032,112025,1327945,11732125,11732125
032,112025,1327945,11732130,11732130
032,112025,1327945,11732135,11732135
032,112025,1327945,11732140,11732140
032,112025,1327945,11732145,11732145
032,112025,1327945,11732150,11732150
032,112025,1327945,11732155,11732155
032,112025,1327945,11732166,11732166
032,112025,1327945,11732171,11732171
032,112025,1327945,11732182,11732182
032,112025,1327945,11732189,11732189
032,112025,1327945,11732205,11732205
032,112025,1327945,11732210,11732210
032,112025,1327945,11732215,11732215
032,112025,1327945,11732220,11732220
032,112025,1327945,11732225,11732225
032,112025,1327945,11732230,11732230
032,112025,1327945,11732235,11732235
032,112025,1327945,11732240,11732240
032,112025,1327945,11732245,11732245
032,112025,1327945,11732250,11732250
032,112025,1327945,11732255,11732255
032,112025,1327945,11732260,11732260
032,112025,1327945,11732265,11732265
032,112025,1327945,11732270,11732270
032,112025,1327945,11732321,11732321
032,112025,1327945,11732324,11732324
032,112025,1327945,11732367,11732367
032,112025,1327945,11732370,11732370
032,112025,1327945,11732373,11732373
032,112025,1327945,11732392,11732392
032,112025,1327945,11732395,11732395
032,112025,1327945,11732398,11732398
032,112025,1327945,11732401,11732401
032,112025,1327945,11732404,11732404
032,112025,1327945,11732407,11732407
032,112025,1327945,11732511,11732511
032,112025,1327945,11732514,11732514
032,112025,1327945,19812582,19812582
032,112025,1327945,20469561,20469561
032,112025,1327945,20469568,20469568
032,112025,1327945,21131066,21131066
032,112025,1327945,21131094,21131094
032,112025,1327945,26275030,26275030
032,112025,1327945,26275716,26275716
032,112025,1327945,26755950,26755950
032,112025,1327945,26755957,26755957
032,112025,1327945,26756459,26756459
032,112025,1327945,26756467,26756467
032,112025,1327945,26756789,26756789
032,112025,1327945,26756796,26756796
032,112025,1327945,26756993,26756993
032,112025,1327945,26757005,26757005
032,112025,1327945,30002257,30002257
032,112025,1327945,30105635,30105635
032,112025,1329051,11519715,11519715
032,112025,1329051,11716925,11716925
032,112025,1329051,11716998,11716998
032,112025,1329051,11717008,11717008
032,112025,1329051,11717011,11717011
032,112025,1329051,11717014,11717014
032,112025,1329051,11717017,11717017
032,112025,1329051,11717020,11717020
032,112025,1329051,11720290,11720290
032,112025,1329051,11720754,11720754
032,112025,1329051,11720757,11720757
032,112025,1329051,11720760,11720760
032,112025,1329051,11720763,11720763
032,112025,1329051,11720766,11720766
032,112025,1329051,11720769,11720769
032,112025,1329051,11720772,11720772
032,112025,1329051,11720775,11720775
032,112025,1329051,11720784,11720784
032,112025,1329051,11720787,11720787
032,112025,1329051,11721002,11721002
032,112025,1329051,11721005,11721005
032,112025,1329051,11721011,11721011
032,112025,1329051,11721026,11721026
032,112025,1329051,11721029,11721029
032,112025,1329051,11721032,11721032
032,112025,1329051,11721035,11721035
032,112025,1329051,11721038,11721038
032,112025,1329051,11721041,11721041
032,112025,1329051,11721044,11721044
032,112025,1329051,11721047,11721047
032,112025,1329051,11721050,11721050
032,112025,1329051,11721053,11721053
032,112025,1329051,11721056,11721056
032,112025,1329051,11721059,11721059
032,112025,1329051,11721062,11721062
032,112025,1329051,11721065,11721065
032,112025,1329051,11721068,11721068
032,112025,1329051,11721071,11721071
032,112025,1329051,11721969,11721969
032,112025,1329051,11721976,11721976
032,112025,1329051,11722170,11722170
032,112025,1329051,11722173,11722173
032,112025,1329051,11722227,11722227
032,112025,1329051,11722230,11722230
032,112025,1329051,11729211,11729211
032,112025,1329051,11729214,11729214
032,112025,1329051,11729331,11729331
032,112025,1329051,11729334,11729334
032,112025,1329051,11729968,11729968
032,112025,1329051,11729971,11729971
032,112025,1329051,11730397,11730397
032,112025,1329051,11730400,11730400
032,112025,1329051,11730541,11730541
032,112025,1329051,11730548,11730548
032,112025,1329051,11730551,11730551
032,112025,1329051,11730554,11730554
032,112025,1329051,11730961,11730961
032,112025,1329051,11730964,11730964
032,112025,1336069,11729569,11729569
032,112025,1336069,11729576,11729576
032,112025,1336069,11729583,11729583
032,112025,1336069,11729586,11729586
032,112025,1336069,11729721,11729721
032,112025,1336069,11729724,11729724
032,112025,1336069,11729828,11729828
032,112025,1336069,11729831,11729831
032,112025,1336069,11729988,11729988
032,112025,1336069,11729993,11729993
032,112025,1336069,11730086,11730086
032,112025,1336069,11730089,11730089
032,112025,1336069,11730937,11730937
032,112025,1336069,11730940,11730940
032,112025,1336069,11730943,11730943
032,112025,1336069,11730946,11730946
032,112025,1336069,11730983,11730983
032,112025,1336069,11730990,11730990
032,112025,1336069,11731237,11731237
032,112025,1336069,11731240,11731240
032,112025,1336069,11731320,11731320
032,112025,1336069,11731691,11731691
032,112025,1336069,11731694,11731694
032,112025,1336069,11731827,11731827
032,112025,1336069,11731832,11731832
032,112025,1336069,11731837,11731837
032,112025,1336069,11731842,11731842
032,112025,1336069,11731847,11731847
032,112025,1336069,11731852,11731852
032,112025,1336069,11731857,11731857
032,112025,1336069,11731862,11731862
032,112025,1336069,11732103,11732103
032,112025,1333904,11519708,11519708
032,112025,1333904,11520312,11520312
032,112025,1333904,11520326,11520326
032,112025,1333904,11722201,11722201
032,112025,1333904,11722204,11722204
032,112025,1333904,20396564,20396564
032,112025,1333904,113423352,113423352
032,112025,1333904,113629174,113629174
032,112025,1333904,113629178,113629178
032,112025,1333904,113630698,113630698
032,112025,1333904,113630701,113630701
032,112025,1333959,11520263,11520263
032,112025,1333959,11520331,11520331
032,112025,1333959,11720126,11720126
032,112025,1333959,11720133,11720133
032,112025,1333959,11720140,11720140
032,112025,1333959,11720147,11720147
032,112025,1333959,11720230,11720230
032,112025,1333959,11720702,11720702
032,112025,1333959,11720705,11720705
032,112025,1333959,11720742,11720742
032,112025,1333959,11720745,11720745
032,112025,1333959,11720778,11720778
032,112025,1333959,11720781,11720781
032,112025,1333959,11720918,11720918
032,112025,1333959,11720921,11720921
032,112025,1333959,11720946,11720946
032,112025,1333959,11720949,11720949
032,112025,1333959,11720952,11720952
032,112025,1333959,11720955,11720955
032,112025,1333959,11720958,11720958
032,112025,1333959,11720961,11720961
032,112025,1333959,11720984,11720984
032,112025,1333959,11720987,11720987
032,112025,1333959,11720990,11720990
032,112025,1333959,11720993,11720993
032,112025,1333959,11720996,11720996
032,112025,1333959,11720999,11720999
032,112025,1333959,11722180,11722180
032,112025,1333959,11722183,11722183
032,112025,1333959,11722186,11722186
032,112025,1333959,11729283,11729283
032,112025,1333959,11729290,11729290
032,112025,1333959,11729474,11729474
032,112025,1333959,11729749,11729749
032,112025,1333959,11729901,11729901
032,112025,1333959,11729904,11729904
032,112025,1333959,11729907,11729907
032,112025,1333959,11729914,11729914
032,112025,1333959,11731552,11731552
032,112025,1333959,11731557,11731557
032,112025,1333959,11731562,11731562
032,112025,1333959,11731567,11731567
032,112025,1333959,11731572,11731572
032,112025,1333959,11731577,11731577
032,112025,1333959,11731582,11731582
032,112025,1333959,11731587,11731587
032,112025,1333959,11731592,11731592
032,112025,1333959,11731597,11731597
032,112025,1333959,11731733,11731733
032,112025,1333959,11731736,11731736
032,112025,1333959,11732097,11732097
032,112025,1333959,11732100,11732100
032,112025,1333959,11732160,11732160
032,112025,1333959,11732163,11732163
032,112025,1333959,11732176,11732176
032,112025,1333959,11732179,11732179
032,112025,1333959,12639616,12639616
032,112025,1333959,19701101,19701101
032,112025,1333959,21157635,21157635
032,112025,1333959,21157642,21157642
032,112025,1333959,21157649,21157649
032,112025,1333959,21157656,21157656
032,112025,1333959,21157680,21157680
032,112025,1333959,74453850,74453850
032,112025,1333959,109694570,109694570
032,112025,1333959,109694584,109694584
032,112025,1333959,114267355,114267355
032,112025,1333959,114267363,114267363
032,112025,1333959,114267396,114267396
032,112025,1333959,114271659,114271659
032,112025,1333959,114338696,114338696
032,112025,1333959,114392051,114392051
032,112025,1334357,108338174,108338174
032,112025,1334357,109021498,109021498
032,112025,1334357,109022626,109022626
032,112025,1334357,109022634,109022634
032,112025,1334357,109114727,109114727
032,112025,1334357,109133026,109133026
032,112025,1334357,109133033,109133033
032,112025,1334357,109167862,109167862
032,112025,1334357,109167877,109167877
032,112025,1334357,109848524,109848524
032,112025,1334357,109848527,109848527
032,112025,1334357,110006875,110006875
032,112025,1334357,110768488,110768488
032,112025,1334357,110768504,110768504
032,112025,1334357,112782890,112782890
032,112025,1334357,112782897,112782897
032,112025,1334357,112782935,112782935
032,112025,1334357,112782942,112782942
032,112025,1334357,112832512,112832512
032,112025,1334357,112832515,112832515
032,112025,1334357,112834367,112834367
032,112025,1334357,112834370,112834370
032,112025,1334357,112834385,112834385
032,112025,1334357,112834388,112834388
032,112025,1334357,112834473,112834473
032,112025,1334357,112834476,112834476
032,112025,1334357,112985667,112985667
032,112025,1334357,112985670,112985670
032,112025,1334357,113013549,113013549
032,112025,1334357,113013552,113013552
032,112025,1330270,113950752,113950752
032,112025,1332465,11520263,11520263
032,112025,1332465,11520331,11520331
032,112025,1332465,11720126,11720126
032,112025,1332465,11720133,11720133
032,112025,1332465,11720140,11720140
032,112025,1332465,11720147,11720147
032,112025,1332465,11720230,11720230
032,112025,1332465,11720702,11720702
032,112025,1332465,11720705,11720705
032,112025,1332465,11720742,11720742
032,112025,1332465,11720745,11720745
032,112025,1332465,11720778,11720778
032,112025,1332465,11720781,11720781
032,112025,1332465,11720918,11720918
032,112025,1332465,11720921,11720921
032,112025,1332465,11720946,11720946
032,112025,1332465,11720949,11720949
032,112025,1332465,11720952,11720952
032,112025,1332465,11720955,11720955
032,112025,1332465,11720958,11720958
032,112025,1332465,11720961,11720961
032,112025,1332465,11720984,11720984
032,112025,1332465,11720987,11720987
032,112025,1332465,11720990,11720990
032,112025,1332465,11720993,11720993
032,112025,1332465,11720996,11720996
032,112025,1332465,11720999,11720999
032,112025,1332465,11722180,11722180
032,112025,1332465,11722183,11722183
032,112025,1332465,11722186,11722186
032,112025,1332465,11729283,11729283
032,112025,1332465,11729290,11729290
032,112025,1332465,11729474,11729474
032,112025,1332465,11729749,11729749
032,112025,1332465,11729901,11729901
032,112025,1332465,11729904,11729904
032,112025,1332465,11729907,11729907
032,112025,1332465,11729914,11729914
032,112025,1332465,11731552,11731552
032,112025,1332465,11731557,11731557
032,112025,1332465,11731562,11731562
032,112025,1332465,11731567,11731567
032,112025,1332465,11731572,11731572
032,112025,1332465,11731577,11731577
032,112025,1332465,11731582,11731582
032,112025,1332465,11731587,11731587
032,112025,1332465,11731592,11731592
032,112025,1332465,11731597,11731597
032,112025,1332465,11731733,11731733
032,112025,1332465,11731736,11731736
032,112025,1332465,11732097,11732097
032,112025,1332465,11732100,11732100
032,112025,1332465,11732160,11732160
032,112025,1332465,11732163,11732163
032,112025,1332465,11732176,11732176
032,112025,1332465,11732179,11732179
032,112025,1332465,12639616,12639616
032,112025,1332465,19701101,19701101
032,112025,1332465,21157635,21157635
032,112025,1332465,21157642,21157642
032,112025,1332465,21157649,21157649
032,112025,1332465,21157656,21157656
032,112025,1332465,21157680,21157680
032,112025,1332465,74453850,74453850
032,112025,1332465,109694570,109694570
032,112025,1332465,109694584,109694584
032,112025,1332465,114267355,114267355
032,112025,1332465,114267363,114267363
032,112025,1332465,114267396,114267396
032,112025,1332465,114271659,114271659
032,112025,1332465,114338696,114338696
032,112025,1332465,114392051,114392051
032,112025,1333252,109694570,109694570
032,112025,1333252,109694584,109694584
032,112025,1333252,114267355,114267355
032,112025,1333252,114267363,114267363
032,112025,1333252,114267396,114267396
032,112025,1333252,114271659,114271659
032,112025,1333252,114338696,114338696
032,112025,1333252,114392051,114392051
032,112025,1333252,11520263,11520263
032,112025,1333252,11520331,11520331
032,112025,1333252,11720126,11720126
032,112025,1333252,11720133,11720133
032,112025,1333252,11720140,11720140
032,112025,1333252,11720147,11720147
032,112025,1333252,11720230,11720230
032,112025,1333252,11720702,11720702
032,112025,1333252,11720705,11720705
032,112025,1333252,11720742,11720742
032,112025,1333252,11720745,11720745
032,112025,1333252,11720778,11720778
032,112025,1333252,11720781,11720781
032,112025,1333252,11720918,11720918
032,112025,1333252,11720921,11720921
032,112025,1333252,11720946,11720946
032,112025,1333252,11720949,11720949
032,112025,1333252,11720952,11720952
032,112025,1333252,11720955,11720955
032,112025,1333252,11720958,11720958
032,112025,1333252,11720961,11720961
032,112025,1333252,11720984,11720984
032,112025,1333252,11720987,11720987
032,112025,1333252,11720990,11720990
032,112025,1333252,11720993,11720993
032,112025,1333252,11720996,11720996
032,112025,1333252,11720999,11720999
032,112025,1333252,11722180,11722180
032,112025,1333252,11722183,11722183
032,112025,1333252,11722186,11722186
032,112025,1333252,11729283,11729283
032,112025,1333252,11729290,11729290
032,112025,1333252,11729474,11729474
032,112025,1333252,11729749,11729749
032,112025,1333252,11729901,11729901
032,112025,1333252,11729904,11729904
032,112025,1333252,11729907,11729907
032,112025,1333252,11729914,11729914
032,112025,1333252,11731552,11731552
032,112025,1333252,11731557,11731557
032,112025,1333252,11731562,11731562
032,112025,1333252,11731567,11731567
032,112025,1333252,11731572,11731572
032,112025,1333252,11731577,11731577
032,112025,1333252,11731582,11731582
032,112025,1333252,11731587,11731587
032,112025,1333252,11731592,11731592
032,112025,1333252,11731597,11731597
032,112025,1333252,11731733,11731733
032,112025,1333252,11731736,11731736
032,112025,1333252,11732097,11732097
032,112025,1333252,11732100,11732100
032,112025,1333252,11732160,11732160
032,112025,1333252,11732163,11732163
032,112025,1333252,11732176,11732176
032,112025,1333252,11732179,11732179
032,112025,1333252,12639616,12639616
032,112025,1333252,19701101,19701101
032,112025,1333252,21157635,21157635
032,112025,1333252,21157642,21157642
032,112025,1333644,11519715,11519715
032,112025,1333644,11720290,11720290
032,112025,1333644,11720754,11720754
032,112025,1333644,11720757,11720757
032,112025,1323374,11720754,11720754
032,112025,1323374,11720757,11720757
032,112025,1323374,11720760,11720760
032,112025,1323374,11720763,11720763
032,112025,1323374,11720766,11720766
032,112025,1323374,11720769,11720769
032,112025,1323374,11720772,11720772
032,112025,1323374,11720775,11720775
032,112025,1323374,11720784,11720784
032,112025,1323374,11720787,11720787
032,112025,1323374,11721002,11721002
032,112025,1323374,11721005,11721005
032,112025,1323374,11721011,11721011
032,112025,1323374,11721026,11721026
032,112025,1323374,11721029,11721029
032,112025,1323374,11721032,11721032
032,112025,1323374,11721035,11721035
032,112025,1323374,11721038,11721038
032,112025,1323374,11721041,11721041
032,112025,1323374,11721044,11721044
032,112025,1323374,11721047,11721047
032,112025,1323374,11721050,11721050
032,112025,1323374,11721053,11721053
032,112025,1323374,11721056,11721056
032,112025,1323374,11721059,11721059
032,112025,1323374,11721062,11721062
032,112025,1323374,11721065,11721065
032,112025,1323374,11721068,11721068
032,112025,1323374,11721071,11721071
032,112025,1323374,11721969,11721969
032,112025,1323374,11721976,11721976
032,112025,1323374,11722170,11722170
032,112025,1323374,11722173,11722173
032,112025,1323374,11722227,11722227
032,112025,1323374,11722230,11722230
032,112025,1323374,11729211,11729211
032,112025,1323374,11729214,11729214
032,112025,1323374,11729331,11729331
032,112025,1323374,11729334,11729334
032,112025,1323374,11729968,11729968
032,112025,1323374,11729971,11729971
032,112025,1323374,11730397,11730397
032,112025,1323374,11730400,11730400
032,112025,1323374,11730541,11730541
032,112025,1323374,11730548,11730548
032,112025,1323374,11730551,11730551
032,112025,1323374,11730554,11730554
032,112025,1323374,11730961,11730961
032,112025,1323374,11730964,11730964
032,112025,1323374,11730967,11730967
032,112025,1323374,11730970,11730970
032,112025,1323374,11731069,11731069
032,112025,1323374,11731076,11731076
032,112025,1323374,11731083,11731083
032,112025,1323374,11731086,11731086
032,112025,1323374,11731109,11731109
032,112025,1323374,11731112,11731112
032,112025,1323374,11731263,11731263
032,112025,1323374,11731266,11731266
032,112025,1323374,11731269,11731269
032,112025,1323374,11731272,11731272
032,112025,1323374,12868911,12868911
032,112025,1323374,17751939,17751939
032,112025,1323374,32290945,32290945
032,112025,1323374,112458846,112458846
032,112025,1323374,112458857,112458857
032,112025,1323374,113405718,113405718
032,112025,1323374,113446996,113446996
032,112025,1323374,114339759,114339759
032,112025,1323374,114467063,114467063
032,112025,1323374,114481611,114481611
032,112025,1331571,11730928,11730928
032,112025,1331571,11731099,11731099
032,112025,1331571,11731104,11731104
032,112025,1331571,11731739,11731739
032,112025,1331571,11731742,11731742
032,112025,1331571,11731815,11731815
032,112025,1331571,11731822,11731822
032,112025,1331571,11732517,11732517
032,112025,1331571,18473388,18473388
032,112025,1331571,18473498,18473498
032,112025,1331571,25210161,25210161
032,112025,1331571,25210168,25210168
032,112025,1331571,25417017,25417017
032,112025,1331571,25417050,25417050
032,112025,1331571,25417355,25417355
032,112025,1331571,25417363,25417363
032,112025,1331571,34025807,34025807
032,112025,1331571,74127322,74127322
032,112025,1329495,20396557,20396557
032,112025,1329495,112549235,112549235
032,112025,1331571,109595686,109595686
032,112025,1331571,109610089,109610089
032,112025,1331571,109620237,109620237
032,112025,1331571,109620249,109620249
032,112025,1331571,109839136,109839136
032,112025,1331571,111821178,111821178
032,112025,1331571,111821181,111821181
032,112025,1331571,112304376,112304376
032,112025,1331571,112304388,112304388
032,112025,1331571,112399012,112399012
032,112025,1331571,112882456,112882456
032,112025,1331571,112883757,112883757
032,112025,1331571,112884811,112884811
032,112025,1331571,112884814,112884814
032,112025,1331571,113081500,113081500
032,112025,1331571,113081503,113081503
032,112025,1331571,113098165,113098165
032,112025,1331571,113251166,113251166
032,112025,1331571,113257718,113257718
032,112025,1331571,113257721,113257721
032,112025,1331571,113478984,113478984
032,112025,1331571,113950752,113950752
032,112025,1331571,11520132,11520132
032,112025,1331571,11520214,11520214
032,112025,1331571,11717001,11717001
032,112025,1331571,11719991,11719991
032,112025,1331571,11720708,11720708
032,112025,1331571,11720711,11720711
032,112025,1331571,11721074,11721074
032,112025,1331571,11721077,11721077
032,112025,1331571,11721080,11721080
032,112025,1331571,11721083,11721083
032,112025,1331571,11721086,11721086
032,112025,1331571,11721093,11721093
032,112025,1331571,11721100,11721100
032,112025,1331571,11721107,11721107
032,112025,1331571,11721117,11721117
032,112025,1331571,11721120,11721120
032,112025,1331571,11721123,11721123
032,112025,1331571,11721126,11721126
032,112025,1331571,11721133,11721133
032,112025,1331571,11721140,11721140
032,112025,1331571,11721143,11721143
032,112025,1331571,11721146,11721146
032,112025,1331571,11721149,11721149
032,112025,1331571,11721158,11721158
032,112025,1331571,11721161,11721161
032,112025,1331571,11721164,11721164
032,112025,1331571,11721167,11721167
032,112025,1331571,11721170,11721170
032,112025,1331571,11721173,11721173
032,112025,1331571,11721176,11721176
032,112025,1331571,11721179,11721179
032,112025,1331571,11721188,11721188
032,112025,1329253,11721011,11721011
032,112025,1329253,11721026,11721026
032,112025,1329253,11721029,11721029
032,112025,1329253,11721032,11721032
032,112025,1329253,11721035,11721035
032,112025,1329253,11721038,11721038
032,112025,1329253,11721041,11721041
032,112025,1329253,11721044,11721044
032,112025,1329253,11721047,11721047
032,112025,1329253,11721050,11721050
032,112025,1329253,11721053,11721053
032,112025,1329253,11721056,11721056
032,112025,1329253,11721059,11721059
032,112025,1329253,11721062,11721062
032,112025,1329253,11721065,11721065
032,112025,1329253,11721068,11721068
032,112025,1329253,11721071,11721071
032,112025,1329253,11721969,11721969
032,112025,1329253,11721976,11721976
032,112025,1329253,11722170,11722170
032,112025,1329253,11722173,11722173
032,112025,1329253,11722227,11722227
032,112025,1329253,11722230,11722230
032,112025,1329253,11729211,11729211
032,112025,1329253,11729214,11729214
032,112025,1329253,11729331,11729331
032,112025,1329253,11729334,11729334
032,112025,1329253,11729968,11729968
032,112025,1329253,11729971,11729971
032,112025,1329253,11730397,11730397
032,112025,1329253,11730400,11730400
032,112025,1329253,11730541,11730541
032,112025,1329253,11730548,11730548
032,112025,1329253,11730551,11730551
032,112025,1329253,11730554,11730554
032,112025,1329253,11730961,11730961
032,112025,1329253,11730964,11730964
032,112025,1329253,11730967,11730967
032,112025,1329253,11730970,11730970
032,112025,1329253,11731069,11731069
032,112025,1329253,11731076,11731076
032,112025,1329253,11731083,11731083
032,112025,1329253,11731086,11731086
032,112025,1329253,11731109,11731109
032,112025,1329253,11731112,11731112
032,112025,1329253,11731263,11731263
032,112025,1329253,11731266,11731266
032,112025,1329253,11731269,11731269
032,112025,1329253,11731272,11731272
032,112025,1329253,12868911,12868911
032,112025,1329253,17751939,17751939
032,112025,1329253,32290945,32290945
032,112025,1324796,11720778,11720778
032,112025,1324796,11720781,11720781
032,112025,1324796,11720918,11720918
032,112025,1324796,11720921,11720921
032,112025,1324796,11720946,11720946
032,112025,1324796,11720949,11720949
032,112025,1324796,11720952,11720952
032,112025,1324796,11720955,11720955
032,112025,1324796,11720958,11720958
032,112025,1324796,11720961,11720961
032,112025,1324796,11720984,11720984
032,112025,1324796,11720987,11720987
032,112025,1324796,11720990,11720990
032,112025,1324796,11720993,11720993
032,112025,1324796,11720996,11720996
032,112025,1324796,11720999,11720999
032,112025,1324796,11722180,11722180
032,112025,1324796,11722183,11722183
032,112025,1324796,11722186,11722186
032,112025,1324796,11729283,11729283
032,112025,1324796,11729290,11729290
032,112025,1324796,11729474,11729474
032,112025,1324796,11729749,11729749
032,112025,1324796,11729901,11729901
032,112025,1324796,11729904,11729904
032,112025,1324796,11729907,11729907
032,112025,1324796,11729914,11729914
032,112025,1324796,11731552,11731552
032,112025,1324796,11731557,11731557
032,112025,1324796,11731562,11731562
032,112025,1324796,11731567,11731567
032,112025,1324796,11731572,11731572
032,112025,1324796,11731577,11731577
032,112025,1324796,11731582,11731582
032,112025,1324796,11731587,11731587
032,112025,1324796,11731592,11731592
032,112025,1324796,11731597,11731597
032,112025,1324796,11731733,11731733
032,112025,1324796,11731736,11731736
032,112025,1324796,11732097,11732097
032,112025,1324796,11732100,11732100
032,112025,1324796,11732160,11732160
032,112025,1324796,11732163,11732163
032,112025,1324796,11732176,11732176
032,112025,1324796,11732179,11732179
032,112025,1324796,12639616,12639616
032,112025,1324796,19701101,19701101
032,112025,1324796,21157635,21157635
032,112025,1324796,21157642,21157642
032,112025,1324796,21157649,21157649
032,112025,1324796,21157656,21157656
032,112025,1324796,21157680,21157680
032,112025,1324796,74453850,74453850
032,112025,1324488,11519708,11519708
032,112025,1324488,11520312,11520312
032,112025,1324488,11520326,11520326
032,112025,1324488,11722201,11722201
032,112025,1324488,11722204,11722204
032,112025,1324488,20396564,20396564
032,112025,1324488,113423352,113423352
032,112025,1324488,113629174,113629174
032,112025,1324488,113629178,113629178
032,112025,1324488,113630698,113630698
032,112025,1324488,113630701,113630701
032,112025,1324395,11519694,11519694
032,112025,1324395,11519701,11519701
032,112025,1324395,11520277,11520277
032,112025,1324395,11716918,11716918
032,112025,1324395,11716928,11716928
032,112025,1324395,11716931,11716931
032,112025,1324395,11716934,11716934
032,112025,1324395,11716937,11716937
032,112025,1324395,11719994,11719994
032,112025,1324395,11720021,11720021
032,112025,1324395,11720224,11720224
032,112025,1324395,11720227,11720227
032,112025,1324395,11720350,11720350
032,112025,1324395,11720379,11720379
032,112025,1324395,11720714,11720714
032,112025,1324395,11720721,11720721
032,112025,1324395,11720728,11720728
032,112025,1324395,11720735,11720735
032,112025,1324395,11720790,11720790
032,112025,1324395,11720795,11720795
032,112025,1324395,11720800,11720800
032,112025,1324395,11720803,11720803
032,112025,1324395,11720806,11720806
032,112025,1324395,11720809,11720809
032,112025,1324395,11720812,11720812
032,112025,1324395,11720817,11720817
032,112025,1324395,11720822,11720822
032,112025,1324395,11720827,11720827
032,112025,1324395,11720832,11720832
032,112025,1333644,11720772,11720772
032,112025,1333644,11720775,11720775
032,112025,1333644,11720784,11720784
032,112025,1333644,11720787,11720787
032,112025,1333644,11721002,11721002
032,112025,1333644,11721005,11721005
032,112025,1333644,11721026,11721026
032,112025,1333644,11721029,11721029
032,112025,1333644,11721032,11721032
032,112025,1333644,11721035,11721035
032,112025,1333644,11721038,11721038
032,112025,1333644,11721041,11721041
032,112025,1333644,11721044,11721044
032,112025,1333644,11721047,11721047
032,112025,1333644,11721050,11721050
032,112025,1333644,11721053,11721053
032,112025,1333644,11721056,11721056
032,112025,1333644,11721059,11721059
032,112025,1333644,11721062,11721062
032,112025,1333644,11721065,11721065
032,112025,1333644,11721068,11721068
032,112025,1333644,11721071,11721071
032,112025,1333644,11721969,11721969
032,112025,1333644,11721976,11721976
032,112025,1333644,11722170,11722170
032,112025,1333644,11722173,11722173
032,112025,1333644,11722227,11722227
032,112025,1333644,11722230,11722230
032,112025,1333644,11729211,11729211
032,112025,1333644,11729214,11729214
032,112025,1333644,11729331,11729331
032,112025,1333644,11729334,11729334
032,112025,1333644,11729968,11729968
032,112025,1333644,11729971,11729971
032,112025,1333644,11730397,11730397
032,112025,1333644,11730400,11730400
032,112025,1333644,11730541,11730541
032,112025,1333644,11730548,11730548
032,112025,1333644,11730551,11730551
032,112025,1333644,11730554,11730554
032,112025,1333644,11730961,11730961
032,112025,1333644,11730964,11730964
032,112025,1333644,11730967,11730967
032,112025,1333644,11730970,11730970
032,112025,1333644,11731069,11731069
032,112025,1333644,11731076,11731076
032,112025,1333644,11731083,11731083
032,112025,1333644,11731086,11731086
032,112025,1333644,11731109,11731109
032,112025,1333644,11731112,11731112
032,112025,1333644,11731263,11731263
032,112025,1333644,11731266,11731266
032,112025,1333644,11731269,11731269
032,112025,1333644,11731272,11731272
032,112025,1333644,12868911,12868911
032,112025,1333644,17751939,17751939
032,112025,1333644,112458846,112458846
032,112025,1333644,112458857,112458857
032,112025,1333644,113405718,113405718
032,112025,1333644,113446996,113446996
032,112025,1333644,114339759,114339759
032,112025,1333644,114467063,114467063
032,112025,1333644,114481611,114481611
032,112025,1333644,114573180,114573180
032,112025,1333644,114573193,114573193
032,112025,1334251,11520132,11520132
032,112025,1334251,11520214,11520214
032,112025,1334251,11717001,11717001
032,112025,1334251,11719991,11719991
032,112025,1334251,11720708,11720708
032,112025,1334251,11720711,11720711
032,112025,1334251,11721074,11721074
032,112025,1334251,11721077,11721077
032,112025,1334251,11721080,11721080
032,112025,1334251,11721083,11721083
032,112025,1334251,11721086,11721086
032,112025,1334251,11721093,11721093
032,112025,1334251,11721100,11721100
032,112025,1334251,11721107,11721107
032,112025,1334251,11721117,11721117
032,112025,1334251,11721120,11721120
032,112025,1334251,11721123,11721123
032,112025,1334251,11721126,11721126
032,112025,1334251,11721133,11721133
032,112025,1334251,11721140,11721140
032,112025,1334251,11721143,11721143
032,112025,1334251,11721146,11721146
032,112025,1334251,11721149,11721149
032,112025,1334251,11721158,11721158
032,112025,1334251,11721161,11721161
032,112025,1334251,11721164,11721164
032,112025,1334251,11721167,11721167
032,112025,1334251,11721170,11721170
032,112025,1334251,11721173,11721173
032,112025,1334251,11721176,11721176
032,112025,1334251,11721179,11721179
032,112025,1334251,11721188,11721188
032,112025,1334251,11721191,11721191
032,112025,1334251,11721194,11721194
032,112025,1334251,11721197,11721197
032,112025,1334251,11722152,11722152
032,112025,1334251,11722155,11722155
032,112025,1334251,11722195,11722195
032,112025,1334251,11722198,11722198
032,112025,1334251,11722211,11722211
032,112025,1334251,11729305,11729305
032,112025,1334251,11729308,11729308
032,112025,1334251,11729311,11729311
032,112025,1334251,11729318,11729318
032,112025,1334251,11730355,11730355
032,112025,1334251,11730362,11730362
032,112025,1334251,11730407,11730407
032,112025,1334251,11730410,11730410
032,112025,1334251,11730883,11730883
032,112025,1334251,11730886,11730886
032,112025,1334251,11730917,11730917
032,112025,1334251,11730920,11730920
032,112025,1334251,11730923,11730923
032,112025,1334251,11730928,11730928
032,112025,1334251,11731099,11731099
032,112025,1334251,11731104,11731104
032,112025,1334251,11731739,11731739
032,112025,1334251,11731742,11731742
032,112025,1334251,11731815,11731815
032,112025,1334251,11731822,11731822
032,112025,1334251,11732517,11732517
032,112025,1334251,18473388,18473388
032,112025,1334251,18473498,18473498
032,112025,1334251,25210161,25210161
032,112025,1334251,25210168,25210168
032,112025,1334251,25417017,25417017
032,112025,1334251,25417050,25417050
032,112025,1334251,25417355,25417355
032,112025,1334251,25417363,25417363
032,112025,1334251,34025807,34025807
032,112025,1334251,74127322,74127322
032,112025,1334251,109595686,109595686
032,112025,1334251,109610089,109610089
032,112025,1334251,109620237,109620237
032,112025,1334251,109620249,109620249
032,112025,1334251,109839136,109839136
032,112025,1334251,111821178,111821178
032,112025,1334251,111821181,111821181
032,112025,1334251,112304376,112304376
032,112025,1334251,112304388,112304388
032,112025,1334357,113014664,113014664
032,112025,1334357,113014667,113014667
032,112025,1334357,113212076,113212076
032,112025,1334357,113260246,113260246
032,112025,1334357,113260249,113260249
032,112025,1334357,113580560,113580560
032,112025,1334357,113580564,113580564
032,112025,1334357,113580599,113580599
032,112025,1334357,113580618,113580618
032,112025,1334357,113584341,113584341
032,112025,1334357,113584344,113584344
032,112025,1334357,113851859,113851859
032,112025,1334357,113949982,113949982
032,112025,1334357,113949990,113949990
032,112025,1334357,114123615,114123615
032,112025,1334357,114130052,114130052
032,112025,1334357,114130055,114130055
032,112025,1334357,114395586,114395586
032,112025,1334357,11519694,11519694
032,112025,1334357,11519701,11519701
032,112025,1334357,11520277,11520277
032,112025,1334357,11716918,11716918
032,112025,1334357,11716928,11716928
032,112025,1334357,11716931,11716931
032,112025,1334357,11716934,11716934
032,112025,1334357,11716937,11716937
032,112025,1334357,11719994,11719994
032,112025,1334357,11720021,11720021
032,112025,1334357,11720224,11720224
032,112025,1334357,11720227,11720227
032,112025,1334357,11720350,11720350
032,112025,1334357,11720379,11720379
032,112025,1334357,11720714,11720714
032,112025,1334357,11720721,11720721
032,112025,1334357,11720728,11720728
032,112025,1334357,11720735,11720735
032,112025,1334357,11720790,11720790
032,112025,1334357,11720795,11720795
032,112025,1334357,11720800,11720800
032,112025,1334357,11720803,11720803
032,112025,1334357,11720806,11720806
032,112025,1334357,11720809,11720809
032,112025,1334357,11720812,11720812
032,112025,1334357,11720817,11720817
032,112025,1334357,11720822,11720822
032,112025,1334357,11720827,11720827
032,112025,1334357,11720832,11720832
032,112025,1334357,11720839,11720839
032,112025,1334357,11720846,11720846
032,112025,1334357,11720849,11720849
032,112025,1334357,11720852,11720852
032,112025,1334357,11720855,11720855
032,112025,1334357,11720858,11720858
032,112025,1334357,11720861,11720861
032,112025,1334357,11720864,11720864
032,112025,1334357,11720871,11720871
032,112025,1334357,11720878,11720878
032,112025,1334357,11720881,11720881
032,112025,1334357,11720898,11720898
032,112025,1334357,11720901,11720901
032,112025,1334357,11720908,11720908
032,112025,1334357,11720913,11720913
032,112025,1334357,11720924,11720924
032,112025,1334357,11720927,11720927
032,112025,1334357,11720930,11720930
032,112025,1334357,11720933,11720933
032,112025,1334357,11720936,11720936
032,112025,1334357,11720941,11720941
032,112025,1334357,11720964,11720964
032,112025,1334357,11720971,11720971
032,112025,1334357,11722164,11722164
032,112025,1334357,11722167,11722167
032,112025,1334357,11722189,11722189
032,112025,1334357,11722192,11722192
032,112025,1334357,11722221,11722221
032,112025,1334357,11722224,11722224
032,112025,1334357,11722233,11722233
032,112025,1334357,11722236,11722236
032,112025,1334357,11722239,11722239
032,112025,1334357,11722242,11722242
032,112025,1334357,11722245,11722245
032,112025,1334357,11722248,11722248
032,112025,1334357,11729387,11729387
032,112025,1334357,11729390,11729390
032,112025,1334357,11729393,11729393
032,112025,1334357,11729396,11729396
032,112025,1334357,11729399,11729399
032,112025,1334357,11729402,11729402
032,112025,1334357,11729405,11729405
032,112025,1334357,11729410,11729410
032,112025,1334357,11729421,11729421
032,112025,1334357,11729428,11729428
032,112025,1334357,11729469,11729469
032,112025,1334357,11729559,11729559
032,112025,1334357,11729566,11729566
032,112025,1334357,11729569,11729569
032,112025,1334357,11729576,11729576
032,112025,1334357,11729583,11729583
032,112025,1334357,11729586,11729586
032,112025,1334357,11729721,11729721
032,112025,1334357,11729724,11729724
032,112025,1334357,11729828,11729828
032,112025,1334357,11729831,11729831
032,112025,1334357,11729988,11729988
032,112025,1334357,11729993,11729993
032,112025,1334357,11730086,11730086
032,112025,1334357,11730089,11730089
032,112025,1334357,11730937,11730937
032,112025,1334357,11730940,11730940
032,112025,1334357,11730943,11730943
032,112025,1334357,11730946,11730946
032,112025,1334357,11730983,11730983
032,112025,1334357,11730990,11730990
032,112025,1334357,11731237,11731237
032,112025,1334357,11731240,11731240
032,112025,1334357,11731320,11731320
032,112025,1334357,11731691,11731691
032,112025,1334357,11731694,11731694
032,112025,1334357,11731827,11731827
032,112025,1334357,11731832,11731832
032,112025,1334357,11731837,11731837
032,112025,1334357,11731842,11731842
032,112025,1334357,11731847,11731847
032,112025,1334357,11731852,11731852
032,112025,1334357,11731857,11731857
032,112025,1334357,11731862,11731862
032,112025,1334357,11732103,11732103
032,112025,1334357,11732110,11732110
032,112025,1334357,11732115,11732115
032,112025,1334357,11732120,11732120
032,112025,1334357,11732125,11732125
032,112025,1334357,11732130,11732130
032,112025,1334357,11732135,11732135
032,112025,1334357,11732140,11732140
032,112025,1334357,11732145,11732145
032,112025,1334357,11732150,11732150
032,112025,1334357,11732155,11732155
032,112025,1334357,11732166,11732166
032,112025,1334357,11732171,11732171
032,112025,1334357,11732182,11732182
032,112025,1334357,11732189,11732189
032,112025,1334357,11732205,11732205
032,112025,1334357,11732210,11732210
032,112025,1334357,11732215,11732215
032,112025,1334357,11732220,11732220
032,112025,1331571,11721191,11721191
032,112025,1331571,11721194,11721194
032,112025,1331571,11721197,11721197
032,112025,1331571,11722152,11722152
032,112025,1331571,11722155,11722155
032,112025,1331571,11722195,11722195
032,112025,1331571,11722198,11722198
032,112025,1331571,11722211,11722211
032,112025,1331571,11729305,11729305
032,112025,1331571,11729308,11729308
032,112025,1331571,11729311,11729311
032,112025,1331571,11729318,11729318
032,112025,1331571,11730355,11730355
032,112025,1331571,11730362,11730362
032,112025,1331571,11730407,11730407
032,112025,1331571,11730410,11730410
032,112025,1331571,11730883,11730883
032,112025,1331571,11730886,11730886
032,112025,1331571,11730917,11730917
032,112025,1331571,11730920,11730920
032,112025,1331571,11730923,11730923
032,112025,1325697,108338174,108338174
032,112025,1325697,109021498,109021498
032,112025,1325697,109022626,109022626
032,112025,1325697,109022634,109022634
032,112025,1325697,109114727,109114727
032,112025,1325697,109133026,109133026
032,112025,1325697,109133033,109133033
032,112025,1325697,109167862,109167862
032,112025,1325697,109167877,109167877
032,112025,1325697,109848524,109848524
032,112025,1325697,109848527,109848527
032,112025,1325697,110006875,110006875
032,112025,1325697,110768488,110768488
032,112025,1325697,110768504,110768504
032,112025,1325697,112782890,112782890
032,112025,1325697,112782897,112782897
032,112025,1325697,112782935,112782935
032,112025,1325697,112782942,112782942
032,112025,1325697,112832512,112832512
032,112025,1325697,112832515,112832515
032,112025,1325697,112834367,112834367
032,112025,1325697,112834370,112834370
032,112025,1325697,112834385,112834385
032,112025,1325697,112834388,112834388
032,112025,1325697,112834473,112834473
032,112025,1325697,112834476,112834476
032,112025,1325697,112985667,112985667
032,112025,1325697,112985670,112985670
032,112025,1325697,113013549,113013549
032,112025,1325697,113013552,113013552
032,112025,1325697,113014664,113014664
032,112025,1325697,113014667,113014667
032,112025,1325697,113212076,113212076
032,112025,1325697,113260246,113260246
032,112025,1325697,113260249,113260249
032,112025,1325697,113580560,113580560
032,112025,1325697,113580564,113580564
032,112025,1325697,113580599,113580599
032,112025,1325697,113580618,113580618
032,112025,1325697,113584341,113584341
032,112025,1325697,113584344,113584344
032,112025,1325697,113851859,113851859
032,112025,1325697,113949982,113949982
032,112025,1325697,113949990,113949990
032,112025,1325697,114123615,114123615
032,112025,1325697,114130052,114130052
032,112025,1325697,114130055,114130055
032,112025,1325697,114395586,114395586
032,112025,1325697,11519694,11519694
032,112025,1325697,11519701,11519701
032,112025,1325697,11520277,11520277
032,112025,1325697,11716918,11716918
032,112025,1325697,11716928,11716928
032,112025,1325697,11716931,11716931
032,112025,1325697,11716934,11716934
032,112025,1325697,11716937,11716937
032,112025,1325697,11719994,11719994
032,112025,1325697,11720021,11720021
032,112025,1325697,11720224,11720224
032,112025,1325697,11720227,11720227
032,112025,1325697,11720350,11720350
032,112025,1325697,11720379,11720379
032,112025,1325697,11720714,11720714
032,112025,1325697,11720721,11720721
032,112025,1325697,11720728,11720728
032,112025,1325697,11720735,11720735
032,112025,1325697,11720790,11720790
032,112025,1325697,11720795,11720795
032,112025,1325697,11720800,11720800
032,112025,1325697,11720803,11720803
032,112025,1325697,11720806,11720806
032,112025,1325697,11720809,11720809
032,112025,1325697,11720812,11720812
032,112025,1325697,11720817,11720817
032,112025,1325697,11720822,11720822
032,112025,1325697,11720827,11720827
032,112025,1325697,11720832,11720832
032,112025,1325697,11720839,11720839
032,112025,1325697,11720846,11720846
032,112025,1325697,11720849,11720849
032,112025,1325697,11720852,11720852
032,112025,1325697,11720855,11720855
032,112025,1325697,11720858,11720858
032,112025,1325697,11720861,11720861
032,112025,1325697,11720864,11720864
032,112025,1325697,11720871,11720871
032,112025,1325697,11720878,11720878
032,112025,1325697,11720881,11720881
032,112025,1325697,11720898,11720898
032,112025,1325697,11720901,11720901
032,112025,1325697,11720908,11720908
032,112025,1325697,11720913,11720913
032,112025,1325697,11720924,11720924
032,112025,1325697,11720927,11720927
032,112025,1325697,11720930,11720930
032,112025,1325697,11720933,11720933
032,112025,1325697,11720936,11720936
032,112025,1325697,11720941,11720941
032,112025,1325697,11720964,11720964
032,112025,1325697,11720971,11720971
032,112025,1325697,11722164,11722164
032,112025,1325697,11722167,11722167
032,112025,1325697,11722189,11722189
032,112025,1325697,11722192,11722192
032,112025,1325697,11722221,11722221
032,112025,1325697,11722224,11722224
032,112025,1325697,11722233,11722233
032,112025,1325697,11722236,11722236
032,112025,1325697,11722239,11722239
032,112025,1325697,11722242,11722242
032,112025,1325697,11722245,11722245
032,112025,1325697,11722248,11722248
032,112025,1325697,11729387,11729387
032,112025,1325697,11729390,11729390
032,112025,1325697,11729393,11729393
032,112025,1325697,11729396,11729396
032,112025,1325697,11729399,11729399
032,112025,1325697,11729402,11729402
032,112025,1325697,11729405,11729405
032,112025,1325697,11729410,11729410
032,112025,1325697,11729421,11729421
032,112025,1325697,11729428,11729428
032,112025,1325697,11729469,11729469
032,112025,1325697,11729559,11729559
032,112025,1333863,11730970,11730970
032,112025,1333863,11731069,11731069
032,112025,1333863,11731076,11731076
032,112025,1333863,11731083,11731083
032,112025,1333863,11731086,11731086
032,112025,1333863,11731109,11731109
032,112025,1333863,11731112,11731112
032,112025,1333863,11731263,11731263
032,112025,1333863,11731266,11731266
032,112025,1333863,112458846,112458846
032,112025,1333863,112458857,112458857
032,112025,1333863,113405718,113405718
032,112025,1333863,113446996,113446996
032,112025,1333863,114339759,114339759
032,112025,1333863,114467063,114467063
032,112025,1333863,114481611,114481611
032,112025,1333863,114573180,114573180
032,112025,1333863,114573193,114573193
032,112025,1333863,11731269,11731269
032,112025,1333863,11731272,11731272
032,112025,1333863,12868911,12868911
032,112025,1333863,17751939,17751939
032,112025,1333863,32290945,32290945
032,112025,1334580,108338174,108338174
032,112025,1334580,109021498,109021498
032,112025,1334580,109022626,109022626
032,112025,1334580,109022634,109022634
032,112025,1334580,109114727,109114727
032,112025,1334580,109133033,109133033
032,112025,1334580,109167862,109167862
032,112025,1334580,109167877,109167877
032,112025,1334580,109848524,109848524
032,112025,1334580,109848527,109848527
032,112025,1334580,110006875,110006875
032,112025,1334580,110768488,110768488
032,112025,1334580,110768504,110768504
032,112025,1334580,112782890,112782890
032,112025,1334580,112782897,112782897
032,112025,1334580,112782935,112782935
032,112025,1334580,112782942,112782942
032,112025,1334580,112832512,112832512
032,112025,1334580,112832515,112832515
032,112025,1334580,112834367,112834367
032,112025,1334580,112834370,112834370
032,112025,1334580,112834385,112834385
032,112025,1334580,112834388,112834388
032,112025,1334580,112834473,112834473
032,112025,1334580,112834476,112834476
032,112025,1334580,112985667,112985667
032,112025,1334580,112985670,112985670
032,112025,1334580,113013549,113013549
032,112025,1334580,113013552,113013552
032,112025,1334580,113014664,113014664
032,112025,1334580,113014667,113014667
032,112025,1334580,113212076,113212076
032,112025,1334580,113260246,113260246
032,112025,1334580,113260249,113260249
032,112025,1334580,113580560,113580560
032,112025,1334580,113580564,113580564
032,112025,1334580,113580599,113580599
032,112025,1334580,113580618,113580618
032,112025,1334580,113584341,113584341
032,112025,1334580,113584344,113584344
032,112025,1334580,113851859,113851859
032,112025,1334580,113949982,113949982
032,112025,1334580,113949990,113949990
032,112025,1334580,114123615,114123615
032,112025,1334580,114130052,114130052
032,112025,1334580,114130055,114130055
032,112025,1334580,114395586,114395586
032,112025,1334580,11519694,11519694
032,112025,1334580,11519701,11519701
032,112025,1334580,11520277,11520277
032,112025,1334580,11716918,11716918
032,112025,1334580,11716928,11716928
032,112025,1334580,11716931,11716931
032,112025,1334580,11716937,11716937
032,112025,1334580,11719994,11719994
032,112025,1334580,11720021,11720021
032,112025,1334580,11720224,11720224
032,112025,1334580,11720227,11720227
032,112025,1334580,11720350,11720350
032,112025,1334580,11720379,11720379
032,112025,1334580,11720714,11720714
032,112025,1334580,11720721,11720721
032,112025,1334580,11720728,11720728
032,112025,1334580,11720735,11720735
032,112025,1334580,11720790,11720790
032,112025,1334580,11720795,11720795
032,112025,1334580,11720800,11720800
032,112025,1334580,11720803,11720803
032,112025,1334580,11720806,11720806
032,112025,1334580,11720809,11720809
032,112025,1334580,11720812,11720812
032,112025,1334580,11720817,11720817
032,112025,1334580,11720822,11720822
032,112025,1334580,11720827,11720827
032,112025,1334580,11720832,11720832
032,112025,1334580,11720839,11720839
032,112025,1334580,11720846,11720846
032,112025,1334580,11720849,11720849
032,112025,1334580,11720852,11720852
032,112025,1334580,11720855,11720855
032,112025,1334580,11720858,11720858
032,112025,1334580,11720861,11720861
032,112025,1334580,11720864,11720864
032,112025,1334580,11720871,11720871
032,112025,1334580,11720878,11720878
032,112025,1334580,11720881,11720881
032,112025,1334580,11720898,11720898
032,112025,1334580,11720901,11720901
032,112025,1334580,11720908,11720908
032,112025,1334580,11720913,11720913
032,112025,1334580,11720924,11720924
032,112025,1334580,11720927,11720927
032,112025,1334580,11720930,11720930
032,112025,1334580,11720933,11720933
032,112025,1334580,11720936,11720936
032,112025,1334580,11720941,11720941
032,112025,1334580,11720964,11720964
032,112025,1334580,11720971,11720971
032,112025,1334580,11722164,11722164
032,112025,1334580,11722167,11722167
032,112025,1334580,11722189,11722189
032,112025,1334580,11722192,11722192
032,112025,1334580,11722221,11722221
032,112025,1334580,11722224,11722224
032,112025,1334580,11722233,11722233
032,112025,1334580,11722236,11722236
032,112025,1334580,11722239,11722239
032,112025,1334580,11722242,11722242
032,112025,1334580,11722245,11722245
032,112025,1334580,11722248,11722248
032,112025,1334580,11729387,11729387
032,112025,1334580,11729390,11729390
032,112025,1334580,11729393,11729393
032,112025,1334580,11729396,11729396
032,112025,1334580,11729399,11729399
032,112025,1334580,11729402,11729402
032,112025,1334580,11729405,11729405
032,112025,1334580,11729410,11729410
032,112025,1334580,11729421,11729421
032,112025,1334580,11729428,11729428
032,112025,1334580,11729469,11729469
032,112025,1334580,11729559,11729559
032,112025,1324395,11720839,11720839
032,112025,1324395,11720846,11720846
032,112025,1324395,11720849,11720849
032,112025,1324395,11720852,11720852
032,112025,1324395,11720855,11720855
032,112025,1324395,11720858,11720858
032,112025,1324395,11720861,11720861
032,112025,1324395,11720864,11720864
032,112025,1324395,11720871,11720871
032,112025,1324395,11720878,11720878
032,112025,1324395,11720881,11720881
032,112025,1324395,11720898,11720898
032,112025,1324395,11720901,11720901
032,112025,1324395,11720908,11720908
032,112025,1324395,11720913,11720913
032,112025,1324395,11720924,11720924
032,112025,1324395,11720927,11720927
032,112025,1324395,11720930,11720930
032,112025,1324395,11720933,11720933
032,112025,1324395,11720936,11720936
032,112025,1324395,11720941,11720941
032,112025,1324395,11720964,11720964
032,112025,1324395,11720971,11720971
032,112025,1324395,11722164,11722164
032,112025,1324395,11722167,11722167
032,112025,1324395,11722189,11722189
032,112025,1324395,11722192,11722192
032,112025,1324395,11722221,11722221
032,112025,1324395,11722224,11722224
032,112025,1324395,11722233,11722233
032,112025,1324395,11722236,11722236
032,112025,1324395,11722239,11722239
032,112025,1324395,11722242,11722242
032,112025,1324395,11722245,11722245
032,112025,1324395,11722248,11722248
032,112025,1324395,11729387,11729387
032,112025,1324395,11729390,11729390
032,112025,1324395,11729393,11729393
032,112025,1324395,11729396,11729396
032,112025,1324395,11729399,11729399
032,112025,1324395,11729402,11729402
032,112025,1324395,11729405,11729405
032,112025,1324395,11729410,11729410
032,112025,1324395,11729421,11729421
032,112025,1324395,11729428,11729428
032,112025,1324395,11729469,11729469
032,112025,1324395,11729559,11729559
032,112025,1324395,11729566,11729566
032,112025,1324395,11729569,11729569
032,112025,1324395,11729576,11729576
032,112025,1324395,11729583,11729583
032,112025,1324395,11729586,11729586
032,112025,1324395,11729721,11729721
032,112025,1324395,11729724,11729724
032,112025,1324395,11729828,11729828
032,112025,1324395,11729831,11729831
032,112025,1324395,11729988,11729988
032,112025,1324395,11729993,11729993
032,112025,1324395,11730086,11730086
032,112025,1324395,11730089,11730089
032,112025,1324395,11730937,11730937
032,112025,1324395,11730940,11730940
032,112025,1324395,11730943,11730943
032,112025,1324395,11730946,11730946
032,112025,1324395,11730983,11730983
032,112025,1324395,11730990,11730990
032,112025,1324395,11731237,11731237
032,112025,1324395,11731240,11731240
032,112025,1324395,11731320,11731320
032,112025,1324395,11731691,11731691
032,112025,1324395,11731694,11731694
032,112025,1324395,11731827,11731827
032,112025,1324395,11731832,11731832
032,112025,1324395,11731837,11731837
032,112025,1324395,11731842,11731842
032,112025,1324395,11731847,11731847
032,112025,1324395,11731852,11731852
032,112025,1324395,11731857,11731857
032,112025,1324395,11731862,11731862
032,112025,1324395,11732103,11732103
032,112025,1324395,11732110,11732110
032,112025,1324395,11732115,11732115
032,112025,1324395,11732120,11732120
032,112025,1324395,11732125,11732125
032,112025,1324395,11732130,11732130
032,112025,1324395,11732135,11732135
032,112025,1324395,11732140,11732140
032,112025,1324395,11732145,11732145
032,112025,1324395,11732150,11732150
032,112025,1324395,11732155,11732155
032,112025,1324395,11732166,11732166
032,112025,1324395,11732171,11732171
032,112025,1324395,11732182,11732182
032,112025,1324395,108338174,108338174
032,112025,1324395,109021498,109021498
032,112025,1324395,109022626,109022626
032,112025,1324395,109022634,109022634
032,112025,1324395,109114727,109114727
032,112025,1324395,109133026,109133026
032,112025,1324395,109133033,109133033
032,112025,1324395,109167862,109167862
032,112025,1324395,109167877,109167877
032,112025,1324395,109848524,109848524
032,112025,1324395,109848527,109848527
032,112025,1324395,110006875,110006875
032,112025,1324395,110768488,110768488
032,112025,1324395,110768504,110768504
032,112025,1324395,112782890,112782890
032,112025,1324395,112782897,112782897
032,112025,1324395,112782935,112782935
032,112025,1324395,112782942,112782942
032,112025,1324395,112832512,112832512
032,112025,1324395,112832515,112832515
032,112025,1324395,112834367,112834367
032,112025,1324395,112834370,112834370
032,112025,1324395,112834385,112834385
032,112025,1324395,112834388,112834388
032,112025,1324395,112834473,112834473
032,112025,1324395,112834476,112834476
032,112025,1324395,112985667,112985667
032,112025,1324395,112985670,112985670
032,112025,1324395,113013549,113013549
032,112025,1324395,113013552,113013552
032,112025,1324395,113014664,113014664
032,112025,1324395,113014667,113014667
032,112025,1324395,113212076,113212076
032,112025,1324395,113260246,113260246
032,112025,1324395,113260249,113260249
032,112025,1324395,113580560,113580560
032,112025,1324395,113580564,113580564
032,112025,1324395,113580599,113580599
032,112025,1324395,113580618,113580618
032,112025,1324395,113584341,113584341
032,112025,1324395,113584344,113584344
032,112025,1324395,113851859,113851859
032,112025,1324395,113949982,113949982
032,112025,1324395,113949990,113949990
032,112025,1324395,114123615,114123615
032,112025,1324395,114130052,114130052
032,112025,1324395,114130055,114130055
032,112025,1324395,114395586,114395586
032,112025,1324395,11732189,11732189
032,112025,1324395,11732205,11732205
032,112025,1324395,11732210,11732210
032,112025,1324395,11732215,11732215
032,112025,1332380,11730964,11730964
032,112025,1332380,11730967,11730967
032,112025,1332380,11730970,11730970
032,112025,1332380,11731069,11731069
032,112025,1332380,11731076,11731076
032,112025,1332380,11731083,11731083
032,112025,1332380,11731086,11731086
032,112025,1332380,11731109,11731109
032,112025,1332380,11731112,11731112
032,112025,1332380,11731263,11731263
032,112025,1332380,11731266,11731266
032,112025,1332380,11731269,11731269
032,112025,1332380,11731272,11731272
032,112025,1332380,12868911,12868911
032,112025,1332380,17751939,17751939
032,112025,1332380,32290945,32290945
032,112025,1332380,112458846,112458846
032,112025,1332380,112458857,112458857
032,112025,1332380,113405718,113405718
032,112025,1332380,113446996,113446996
032,112025,1332380,114339759,114339759
032,112025,1332380,114467063,114467063
032,112025,1332380,114481611,114481611
032,112025,1332380,114573180,114573180
032,112025,1332380,114573193,114573193
032,112025,1333219,11519694,11519694
032,112025,1333219,11519701,11519701
032,112025,1333219,11520277,11520277
032,112025,1333219,11716918,11716918
032,112025,1333219,11716928,11716928
032,112025,1333219,11716931,11716931
032,112025,1333219,11716934,11716934
032,112025,1333219,11716937,11716937
032,112025,1333219,11719994,11719994
032,112025,1333219,11720021,11720021
032,112025,1333219,11720224,11720224
032,112025,1333219,11720227,11720227
032,112025,1333219,11720350,11720350
032,112025,1333219,11720379,11720379
032,112025,1333219,11720714,11720714
032,112025,1333219,11720721,11720721
032,112025,1333219,11720728,11720728
032,112025,1326860,11716998,11716998
032,112025,1326860,11717008,11717008
032,112025,1326860,11717011,11717011
032,112025,1326860,11717014,11717014
032,112025,1326860,11717017,11717017
032,112025,1326860,11717020,11717020
032,112025,1326860,11720290,11720290
032,112025,1326860,11720754,11720754
032,112025,1326860,11720757,11720757
032,112025,1326860,11720760,11720760
032,112025,1326860,11720763,11720763
032,112025,1326860,11720766,11720766
032,112025,1326860,11720769,11720769
032,112025,1326860,11720772,11720772
032,112025,1326860,11720775,11720775
032,112025,1326860,11720784,11720784
032,112025,1326860,11720787,11720787
032,112025,1326860,11721002,11721002
032,112025,1326860,11721005,11721005
032,112025,1326860,11721011,11721011
032,112025,1326860,11721026,11721026
032,112025,1326860,11721029,11721029
032,112025,1326860,11721032,11721032
032,112025,1326860,11721035,11721035
032,112025,1326860,11721038,11721038
032,112025,1326860,11721041,11721041
032,112025,1326860,11721044,11721044
032,112025,1326860,11721047,11721047
032,112025,1326860,11721050,11721050
032,112025,1326860,11721053,11721053
032,112025,1326860,11721056,11721056
032,112025,1326860,11721059,11721059
032,112025,1326860,11721062,11721062
032,112025,1326860,11721065,11721065
032,112025,1326860,11721068,11721068
032,112025,1326860,11721071,11721071
032,112025,1326860,11721969,11721969
032,112025,1326860,11721976,11721976
032,112025,1326860,11722170,11722170
032,112025,1326860,11722173,11722173
032,112025,1326860,11722227,11722227
032,112025,1326860,11722230,11722230
032,112025,1326860,11729211,11729211
032,112025,1326860,11729214,11729214
032,112025,1326860,11729331,11729331
032,112025,1326860,11729334,11729334
032,112025,1326860,11729968,11729968
032,112025,1326860,11729971,11729971
032,112025,1326860,11730397,11730397
032,112025,1326860,11730400,11730400
032,112025,1326860,11730541,11730541
032,112025,1326860,11730548,11730548
032,112025,1326860,11730551,11730551
032,112025,1326860,11730554,11730554
032,112025,1326860,11730961,11730961
032,112025,1326860,11730964,11730964
032,112025,1326860,11730967,11730967
032,112025,1326860,11730970,11730970
032,112025,1326860,11731069,11731069
032,112025,1326860,11731076,11731076
032,112025,1326860,11731083,11731083
032,112025,1326860,11731086,11731086
032,112025,1326860,11731109,11731109
032,112025,1326860,11731112,11731112
032,112025,1326860,11731263,11731263
032,112025,1326860,11731266,11731266
032,112025,1326860,11731269,11731269
032,112025,1326860,11731272,11731272
032,112025,1326860,12868911,12868911
032,112025,1326860,17751939,17751939
032,112025,1326860,32290945,32290945
032,112025,1323393,11721176,11721176
032,112025,1323393,11721179,11721179
032,112025,1323393,11721188,11721188
032,112025,1323393,11721191,11721191
032,112025,1323393,11721194,11721194
032,112025,1323393,11721197,11721197
032,112025,1323393,11722152,11722152
032,112025,1323393,11722155,11722155
032,112025,1323393,11722195,11722195
032,112025,1323393,11722198,11722198
032,112025,1323393,11722211,11722211
032,112025,1323393,11729305,11729305
032,112025,1323393,11729308,11729308
032,112025,1323393,11729311,11729311
032,112025,1323393,11729318,11729318
032,112025,1323393,11730355,11730355
032,112025,1323393,11730362,11730362
032,112025,1323393,11730407,11730407
032,112025,1323393,11730410,11730410
032,112025,1323393,11730883,11730883
032,112025,1323393,11730886,11730886
032,112025,1323393,11730917,11730917
032,112025,1323393,11730920,11730920
032,112025,1323393,11730923,11730923
032,112025,1323393,11730928,11730928
032,112025,1323393,11731099,11731099
032,112025,1323393,11731104,11731104
032,112025,1323393,11731739,11731739
032,112025,1323393,11731742,11731742
032,112025,1323393,11731815,11731815
032,112025,1323393,11731822,11731822
032,112025,1323393,11732517,11732517
032,112025,1334251,112399012,112399012
032,112025,1334251,112882456,112882456
032,112025,1334251,112883757,112883757
032,112025,1334251,112884811,112884811
032,112025,1334251,112884814,112884814
032,112025,1334251,113081500,113081500
032,112025,1334251,113081503,113081503
032,112025,1334251,113098165,113098165
032,112025,1334251,113251166,113251166
032,112025,1334251,113257718,113257718
032,112025,1334251,113257721,113257721
032,112025,1334251,113478984,113478984
032,112025,1334251,113950752,113950752
032,112025,1334544,11520132,11520132
032,112025,1334544,11520214,11520214
032,112025,1334544,11717001,11717001
032,112025,1334544,11719991,11719991
032,112025,1334544,11720708,11720708
032,112025,1334544,11720711,11720711
032,112025,1334544,11721074,11721074
032,112025,1334544,11721077,11721077
032,112025,1334544,11721080,11721080
032,112025,1334544,11721083,11721083
032,112025,1334544,11721086,11721086
032,112025,1334544,11721093,11721093
032,112025,1334544,11721100,11721100
032,112025,1334544,11721107,11721107
032,112025,1334544,11721117,11721117
032,112025,1334544,11721120,11721120
032,112025,1334544,11721123,11721123
032,112025,1334544,11721126,11721126
032,112025,1334544,11721133,11721133
032,112025,1334544,11721140,11721140
032,112025,1334544,11721143,11721143
032,112025,1334544,11721146,11721146
032,112025,1334544,11721149,11721149
032,112025,1334544,11721158,11721158
032,112025,1334544,11721161,11721161
032,112025,1334544,11721164,11721164
032,112025,1334544,11721167,11721167
032,112025,1334544,11721170,11721170
032,112025,1334544,11721173,11721173
032,112025,1334544,11721176,11721176
032,112025,1334544,11721179,11721179
032,112025,1334544,11721188,11721188
032,112025,1334544,11721191,11721191
032,112025,1334544,11721194,11721194
032,112025,1334544,11721197,11721197
032,112025,1334544,11722152,11722152
032,112025,1334544,11722155,11722155
032,112025,1334544,11722195,11722195
032,112025,1334544,11722198,11722198
032,112025,1334544,11722211,11722211
032,112025,1334544,11729305,11729305
032,112025,1334544,11729308,11729308
032,112025,1334544,11729311,11729311
032,112025,1334544,11729318,11729318
032,112025,1334544,11730355,11730355
032,112025,1334544,11730362,11730362
032,112025,1334544,109595686,109595686
032,112025,1334544,109610089,109610089
032,112025,1334544,109620237,109620237
032,112025,1334544,109620249,109620249
032,112025,1334544,109839136,109839136
032,112025,1334544,111821178,111821178
032,112025,1334544,111821181,111821181
032,112025,1334544,112304376,112304376
032,112025,1334544,112304388,112304388
032,112025,1334544,112399012,112399012
032,112025,1334544,112882456,112882456
032,112025,1334544,112883757,112883757
032,112025,1334544,112884811,112884811
032,112025,1334544,112884814,112884814
032,112025,1334544,113081500,113081500
032,112025,1334544,113081503,113081503
032,112025,1334544,113098165,113098165
032,112025,1334544,113251166,113251166
032,112025,1334544,113257718,113257718
032,112025,1334544,113257721,113257721
032,112025,1334544,113478984,113478984
032,112025,1334544,113950752,113950752
032,112025,1334544,11730407,11730407
032,112025,1334544,11730410,11730410
032,112025,1334544,11730883,11730883
032,112025,1334544,11730886,11730886
032,112025,1334544,11730917,11730917
032,112025,1334544,11730920,11730920
032,112025,1334544,11730923,11730923
032,112025,1334544,11730928,11730928
032,112025,1334544,11731099,11731099
032,112025,1334544,11731104,11731104
032,112025,1334544,11731739,11731739
032,112025,1334544,11731742,11731742
032,112025,1334544,11731815,11731815
032,112025,1334544,11731822,11731822
032,112025,1334544,11732517,11732517
032,112025,1334544,18473388,18473388
032,112025,1334544,18473498,18473498
032,112025,1334544,25210161,25210161
032,112025,1334544,25210168,25210168
032,112025,1334544,25417017,25417017
032,112025,1334544,25417050,25417050
032,112025,1334544,25417355,25417355
032,112025,1334544,25417363,25417363
032,112025,1334544,34025807,34025807
032,112025,1334544,74127322,74127322
032,112025,1322758,11519715,11519715
032,112025,1322758,11716925,11716925
032,112025,1322758,11716998,11716998
032,112025,1322758,11717008,11717008
032,112025,1322758,11717011,11717011
032,112025,1322758,11717014,11717014
032,112025,1322758,11717017,11717017
032,112025,1322758,11717020,11717020
032,112025,1322758,11720290,11720290
032,112025,1322758,11720754,11720754
032,112025,1322758,11720757,11720757
032,112025,1322758,11720760,11720760
032,112025,1322758,11720763,11720763
032,112025,1322758,11720766,11720766
032,112025,1322758,11720769,11720769
032,112025,1322758,11720772,11720772
032,112025,1322758,11720775,11720775
032,112025,1322758,11720784,11720784
032,112025,1322758,11720787,11720787
032,112025,1322758,11721002,11721002
032,112025,1322758,11721005,11721005
032,112025,1322758,11721011,11721011
032,112025,1322758,11721026,11721026
032,112025,1322758,11721029,11721029
032,112025,1322758,11721032,11721032
032,112025,1322758,11721035,11721035
032,112025,1322758,11721038,11721038
032,112025,1322758,11721041,11721041
032,112025,1322758,11721044,11721044
032,112025,1322758,11721047,11721047
032,112025,1322758,11721050,11721050
032,112025,1322758,11721053,11721053
032,112025,1322758,11721056,11721056
032,112025,1322758,11721059,11721059
032,112025,1322758,11721062,11721062
032,112025,1322758,11721065,11721065
032,112025,1322758,11721068,11721068
032,112025,1322758,11721071,11721071
032,112025,1322758,11721969,11721969
032,112025,1325697,11729566,11729566
032,112025,1325697,11729569,11729569
032,112025,1325697,11729576,11729576
032,112025,1325697,11729583,11729583
032,112025,1325697,11729586,11729586
032,112025,1325697,11729721,11729721
032,112025,1325697,11729724,11729724
032,112025,1325697,11729828,11729828
032,112025,1325697,11729831,11729831
032,112025,1325697,11729988,11729988
032,112025,1325697,11729993,11729993
032,112025,1325697,11730086,11730086
032,112025,1325697,11730089,11730089
032,112025,1325697,11730937,11730937
032,112025,1325697,11730940,11730940
032,112025,1325697,11730943,11730943
032,112025,1325697,11730946,11730946
032,112025,1325697,11730983,11730983
032,112025,1325697,11730990,11730990
032,112025,1325697,11731237,11731237
032,112025,1325697,11731240,11731240
032,112025,1325697,11731320,11731320
032,112025,1325697,11731691,11731691
032,112025,1325697,11731694,11731694
032,112025,1325697,11731827,11731827
032,112025,1325697,11731832,11731832
032,112025,1325697,11731837,11731837
032,112025,1325697,11731842,11731842
032,112025,1325697,11731847,11731847
032,112025,1325697,11731852,11731852
032,112025,1325697,11731857,11731857
032,112025,1325697,11731862,11731862
032,112025,1325697,11732103,11732103
032,112025,1325697,11732110,11732110
032,112025,1325697,11732115,11732115
032,112025,1325697,11732120,11732120
032,112025,1325697,11732125,11732125
032,112025,1325697,11732130,11732130
032,112025,1325697,11732135,11732135
032,112025,1325697,11732140,11732140
032,112025,1325697,11732145,11732145
032,112025,1325697,11732150,11732150
032,112025,1325697,11732155,11732155
032,112025,1325697,11732166,11732166
032,112025,1325697,11732171,11732171
032,112025,1325697,11732182,11732182
032,112025,1325697,11732189,11732189
032,112025,1325697,11732205,11732205
032,112025,1325697,11732210,11732210
032,112025,1325697,11732215,11732215
032,112025,1325697,11732220,11732220
032,112025,1325697,11732225,11732225
032,112025,1325697,11732230,11732230
032,112025,1325697,11732235,11732235
032,112025,1325697,11732240,11732240
032,112025,1325697,11732245,11732245
032,112025,1325697,11732250,11732250
032,112025,1325697,11732255,11732255
032,112025,1325697,11732260,11732260
032,112025,1325697,11732265,11732265
032,112025,1325697,11732270,11732270
032,112025,1325697,11732321,11732321
032,112025,1325697,11732324,11732324
032,112025,1325697,11732367,11732367
032,112025,1325697,11732370,11732370
032,112025,1325697,11732373,11732373
032,112025,1325697,11732392,11732392
032,112025,1325697,11732395,11732395
032,112025,1325697,11732398,11732398
032,112025,1325697,11732401,11732401
032,112025,1325697,11732404,11732404
032,112025,1325697,11732407,11732407
032,112025,1325697,11732511,11732511
032,112025,1325697,11732514,11732514
032,112025,1325697,19812582,19812582
032,112025,1325697,20469561,20469561
032,112025,1325697,20469568,20469568
032,112025,1325697,21131066,21131066
032,112025,1325697,21131094,21131094
032,112025,1325697,26275030,26275030
032,112025,1325697,26275716,26275716
032,112025,1325697,26755950,26755950
032,112025,1325697,26755957,26755957
032,112025,1325697,26756459,26756459
032,112025,1325697,26756467,26756467
032,112025,1325697,26756789,26756789
032,112025,1325697,26756796,26756796
032,112025,1325697,26756993,26756993
032,112025,1325697,26757005,26757005
032,112025,1325697,30002257,30002257
032,112025,1325697,30105635,30105635
032,112025,1327718,11520263,11520263
032,112025,1327718,11520331,11520331
032,112025,1327718,11720126,11720126
032,112025,1327718,11720133,11720133
032,112025,1327718,11720140,11720140
032,112025,1327718,11720147,11720147
032,112025,1327718,11720230,11720230
032,112025,1327718,11720702,11720702
032,112025,1327718,11720705,11720705
032,112025,1327718,11720742,11720742
032,112025,1327718,11720745,11720745
032,112025,1327718,11720778,11720778
032,112025,1327718,11720781,11720781
032,112025,1327718,11720918,11720918
032,112025,1327718,11720921,11720921
032,112025,1327718,11720946,11720946
032,112025,1327718,11720949,11720949
032,112025,1327718,11720952,11720952
032,112025,1327718,11720955,11720955
032,112025,1327718,11720958,11720958
032,112025,1327718,11720961,11720961
032,112025,1327718,11720984,11720984
032,112025,1327718,11720987,11720987
032,112025,1327718,11720990,11720990
032,112025,1327718,11720993,11720993
032,112025,1327718,11720996,11720996
032,112025,1327718,11720999,11720999
032,112025,1327718,11722180,11722180
032,112025,1327718,11722183,11722183
032,112025,1327718,11722186,11722186
032,112025,1327718,11729283,11729283
032,112025,1327718,11729290,11729290
032,112025,1327718,11729474,11729474
032,112025,1327718,11729749,11729749
032,112025,1327718,11729901,11729901
032,112025,1327718,11729904,11729904
032,112025,1327718,11729907,11729907
032,112025,1327718,11729914,11729914
032,112025,1327718,11731552,11731552
032,112025,1327718,11731557,11731557
032,112025,1327718,11731562,11731562
032,112025,1327718,11731567,11731567
032,112025,1327718,11731572,11731572
032,112025,1327718,11731577,11731577
032,112025,1327718,11731582,11731582
032,112025,1327718,11731587,11731587
032,112025,1327718,11731592,11731592
032,112025,1327718,11731597,11731597
032,112025,1327718,11731733,11731733
032,112025,1327718,11731736,11731736
032,112025,1327718,11732097,11732097
032,112025,1327718,11732100,11732100
032,112025,1327718,11732160,11732160
032,112025,1327718,11732163,11732163
032,112025,1334580,11729566,11729566
032,112025,1334580,11729569,11729569
032,112025,1334580,11729576,11729576
032,112025,1334580,11729583,11729583
032,112025,1334580,11729586,11729586
032,112025,1334580,11729721,11729721
032,112025,1334580,11729724,11729724
032,112025,1334580,11729828,11729828
032,112025,1334580,11729831,11729831
032,112025,1334580,11729988,11729988
032,112025,1334580,11729993,11729993
032,112025,1334580,11730086,11730086
032,112025,1334580,11730089,11730089
032,112025,1334580,11730937,11730937
032,112025,1334580,11730940,11730940
032,112025,1334580,11730943,11730943
032,112025,1334580,11730946,11730946
032,112025,1334580,11730983,11730983
032,112025,1334580,11730990,11730990
032,112025,1334580,11731237,11731237
032,112025,1334580,11731240,11731240
032,112025,1334580,11731320,11731320
032,112025,1334580,11731691,11731691
032,112025,1334580,11731694,11731694
032,112025,1334580,11731827,11731827
032,112025,1334580,11731832,11731832
032,112025,1334580,11731837,11731837
032,112025,1334580,11731842,11731842
032,112025,1334580,11731847,11731847
032,112025,1334580,11731852,11731852
032,112025,1334580,11731857,11731857
032,112025,1334580,11731862,11731862
032,112025,1334580,11732103,11732103
032,112025,1334580,11732110,11732110
032,112025,1334580,11732115,11732115
032,112025,1334580,11732120,11732120
032,112025,1334580,11732125,11732125
032,112025,1334580,11732130,11732130
032,112025,1334580,11732135,11732135
032,112025,1334580,11732140,11732140
032,112025,1334580,11732145,11732145
032,112025,1334580,11732150,11732150
032,112025,1334580,11732155,11732155
032,112025,1334580,11732182,11732182
032,112025,1334580,11732189,11732189
032,112025,1334580,11732205,11732205
032,112025,1334580,11732210,11732210
032,112025,1334580,11732215,11732215
032,112025,1334580,11732220,11732220
032,112025,1334580,11732225,11732225
032,112025,1334580,11732230,11732230
032,112025,1334580,11732235,11732235
032,112025,1334580,11732240,11732240
032,112025,1334580,11732245,11732245
032,112025,1334580,11732250,11732250
032,112025,1334580,11732255,11732255
032,112025,1334580,11732260,11732260
032,112025,1334580,11732265,11732265
032,112025,1334580,11732270,11732270
032,112025,1334580,11732321,11732321
032,112025,1334580,11732324,11732324
032,112025,1334580,11732367,11732367
032,112025,1334580,11732370,11732370
032,112025,1334580,11732373,11732373
032,112025,1334580,11732392,11732392
032,112025,1334580,11732395,11732395
032,112025,1334580,11732398,11732398
032,112025,1334580,11732401,11732401
032,112025,1334580,11732404,11732404
032,112025,1334580,11732407,11732407
032,112025,1334580,11732511,11732511
032,112025,1334580,11732514,11732514
032,112025,1334580,19812582,19812582
032,112025,1334580,20469561,20469561
032,112025,1334580,20469568,20469568
032,112025,1334580,21131066,21131066
032,112025,1334580,21131094,21131094
032,112025,1334580,26275030,26275030
032,112025,1334580,26275716,26275716
032,112025,1334580,26755950,26755950
032,112025,1334580,26755957,26755957
032,112025,1334580,26756459,26756459
032,112025,1334580,26756467,26756467
032,112025,1334580,26756789,26756789
032,112025,1334580,26756796,26756796
032,112025,1334580,26756993,26756993
032,112025,1334580,26757005,26757005
032,112025,1334580,30002257,30002257
032,112025,1334580,30105635,30105635
032,112025,1323944,11519708,11519708
032,112025,1323944,11520312,11520312
032,112025,1323944,11520326,11520326
032,112025,1323944,11722201,11722201
032,112025,1323944,11722204,11722204
032,112025,1323944,20396564,20396564
032,112025,1323944,113423352,113423352
032,112025,1323944,113629174,113629174
032,112025,1323944,113629178,113629178
032,112025,1323944,113630698,113630698
032,112025,1323944,113630701,113630701
032,112025,1323218,11519708,11519708
032,112025,1323218,11520312,11520312
032,112025,1323218,11520326,11520326
032,112025,1323218,11722201,11722201
032,112025,1323218,11722204,11722204
032,112025,1323218,20396564,20396564
032,112025,1323218,113423352,113423352
032,112025,1323218,113629174,113629174
032,112025,1323218,113629178,113629178
032,112025,1323218,113630698,113630698
032,112025,1323218,113630701,113630701
032,112025,1329243,108338174,108338174
032,112025,1329243,109021498,109021498
032,112025,1329243,109022626,109022626
032,112025,1329243,109022634,109022634
032,112025,1329243,109114727,109114727
032,112025,1329243,109133026,109133026
032,112025,1329243,109133033,109133033
032,112025,1329243,109167862,109167862
032,112025,1329243,109167877,109167877
032,112025,1329243,109848524,109848524
032,112025,1329243,109848527,109848527
032,112025,1329243,110006875,110006875
032,112025,1329243,110768488,110768488
032,112025,1329243,110768504,110768504
032,112025,1329243,112782890,112782890
032,112025,1329243,112782897,112782897
032,112025,1329243,112782935,112782935
032,112025,1329243,112782942,112782942
032,112025,1329243,112832512,112832512
032,112025,1329243,112832515,112832515
032,112025,1329243,112834367,112834367
032,112025,1329243,112834370,112834370
032,112025,1329243,112834385,112834385
032,112025,1329243,112834388,112834388
032,112025,1329243,112834473,112834473
032,112025,1329243,112834476,112834476
032,112025,1329243,112985667,112985667
032,112025,1329243,112985670,112985670
032,112025,1329243,113013549,113013549
032,112025,1324150,11519708,11519708
032,112025,1324150,11520312,11520312
032,112025,1324150,11520326,11520326
032,112025,1324150,11722201,11722201
032,112025,1324150,11722204,11722204
032,112025,1334357,11732225,11732225
032,112025,1334357,11732230,11732230
032,112025,1334357,11732235,11732235
032,112025,1334357,11732240,11732240
032,112025,1334357,11732245,11732245
032,112025,1334357,11732250,11732250
032,112025,1334357,11732255,11732255
032,112025,1334357,11732260,11732260
032,112025,1334357,11732265,11732265
032,112025,1334357,11732270,11732270
032,112025,1334357,11732321,11732321
032,112025,1334357,11732324,11732324
032,112025,1334357,11732367,11732367
032,112025,1334357,11732370,11732370
032,112025,1334357,11732373,11732373
032,112025,1334357,11732392,11732392
032,112025,1334357,11732395,11732395
032,112025,1334357,11732398,11732398
032,112025,1334357,11732401,11732401
032,112025,1334357,11732404,11732404
032,112025,1334357,11732407,11732407
032,112025,1334357,11732511,11732511
032,112025,1334357,11732514,11732514
032,112025,1334357,19812582,19812582
032,112025,1334357,20469561,20469561
032,112025,1334357,20469568,20469568
032,112025,1334357,21131066,21131066
032,112025,1334357,21131094,21131094
032,112025,1334357,26275030,26275030
032,112025,1334357,26275716,26275716
032,112025,1334357,26755950,26755950
032,112025,1334357,26755957,26755957
032,112025,1334357,26756459,26756459
032,112025,1334357,26756467,26756467
032,112025,1334357,26756789,26756789
032,112025,1334357,26756796,26756796
032,112025,1334357,26756993,26756993
032,112025,1334357,26757005,26757005
032,112025,1334357,30002257,30002257
032,112025,1334357,30105635,30105635
032,112025,1335739,11720918,11720918
032,112025,1335739,11720921,11720921
032,112025,1335739,11720946,11720946
032,112025,1335739,11720949,11720949
032,112025,1335739,11720952,11720952
032,112025,1335739,11720955,11720955
032,112025,1335739,11720958,11720958
032,112025,1335739,11720961,11720961
032,112025,1335739,11720984,11720984
032,112025,1335739,11720987,11720987
032,112025,1335739,11720990,11720990
032,112025,1335739,11720993,11720993
032,112025,1335739,11720996,11720996
032,112025,1335739,11720999,11720999
032,112025,1335739,11722180,11722180
032,112025,1335739,11722183,11722183
032,112025,1335739,11722186,11722186
032,112025,1335739,11729283,11729283
032,112025,1335739,11729290,11729290
032,112025,1335739,11729474,11729474
032,112025,1335739,11729749,11729749
032,112025,1335739,11729901,11729901
032,112025,1335739,11729904,11729904
032,112025,1335739,11729907,11729907
032,112025,1335739,11729914,11729914
032,112025,1335739,11731552,11731552
032,112025,1335739,11731557,11731557
032,112025,1335739,11731562,11731562
032,112025,1335739,11731567,11731567
032,112025,1335739,11731572,11731572
032,112025,1335739,11731577,11731577
032,112025,1335739,11731582,11731582
032,112025,1335739,11731587,11731587
032,112025,1335739,11731592,11731592
032,112025,1335739,11731597,11731597
032,112025,1335739,11731733,11731733
032,112025,1335739,11731736,11731736
032,112025,1335739,11732097,11732097
032,112025,1335739,11732100,11732100
032,112025,1335739,11732160,11732160
032,112025,1335739,11732163,11732163
032,112025,1335739,11732176,11732176
032,112025,1335739,11732179,11732179
032,112025,1335739,12639616,12639616
032,112025,1335739,19701101,19701101
032,112025,1335739,21157635,21157635
032,112025,1335739,21157642,21157642
032,112025,1335739,21157649,21157649
032,112025,1335739,21157656,21157656
032,112025,1335739,21157680,21157680
032,112025,1335739,74453850,74453850
032,112025,1326511,108338174,108338174
032,112025,1326511,109021498,109021498
032,112025,1326511,109022626,109022626
032,112025,1326511,109022634,109022634
032,112025,1326511,109114727,109114727
032,112025,1326511,109133026,109133026
032,112025,1326511,109133033,109133033
032,112025,1326511,109167862,109167862
032,112025,1326511,109167877,109167877
032,112025,1326511,109848524,109848524
032,112025,1326511,109848527,109848527
032,112025,1326511,110006875,110006875
032,112025,1326511,110768488,110768488
032,112025,1326511,110768504,110768504
032,112025,1326511,112782890,112782890
032,112025,1326511,112782897,112782897
032,112025,1326511,112782935,112782935
032,112025,1326511,112782942,112782942
032,112025,1326511,112832512,112832512
032,112025,1326511,112832515,112832515
032,112025,1326511,112834367,112834367
032,112025,1326511,112834370,112834370
032,112025,1326511,112834385,112834385
032,112025,1326511,112834388,112834388
032,112025,1326511,112834473,112834473
032,112025,1326511,112834476,112834476
032,112025,1326511,112985667,112985667
032,112025,1326511,112985670,112985670
032,112025,1326511,113013549,113013549
032,112025,1326511,113013552,113013552
032,112025,1326511,113014664,113014664
032,112025,1326511,113014667,113014667
032,112025,1326511,113212076,113212076
032,112025,1326511,113260246,113260246
032,112025,1326511,113260249,113260249
032,112025,1326511,113580560,113580560
032,112025,1326511,113580564,113580564
032,112025,1326511,113580599,113580599
032,112025,1326511,113580618,113580618
032,112025,1326511,113584341,113584341
032,112025,1326511,113584344,113584344
032,112025,1326511,113851859,113851859
032,112025,1326511,113949982,113949982
032,112025,1326511,113949990,113949990
032,112025,1326511,114123615,114123615
032,112025,1326511,114130052,114130052
032,112025,1326511,114130055,114130055
032,112025,1326511,114395586,114395586
032,112025,1326511,11519694,11519694
032,112025,1326511,11519701,11519701
032,112025,1326511,11520277,11520277
032,112025,1326511,11716918,11716918
032,112025,1326511,11716928,11716928
032,112025,1326511,11716931,11716931
032,112025,1326511,11716934,11716934
032,112025,1326511,11716937,11716937
032,112025,1326511,11719994,11719994
032,112025,1326511,11720021,11720021
032,112025,1326511,11720224,11720224
032,112025,1326511,11720227,11720227
032,112025,1326511,11720350,11720350
032,112025,1326511,11720379,11720379
032,112025,1326511,11720714,11720714
032,112025,1326511,11720721,11720721
032,112025,1326511,11720728,11720728
032,112025,1326511,11720735,11720735
032,112025,1326511,11720790,11720790
032,112025,1326511,11720795,11720795
032,112025,1326511,11720800,11720800
032,112025,1326511,11720803,11720803
032,112025,1326511,11720806,11720806
032,112025,1326511,11720809,11720809
032,112025,1326511,11720812,11720812
032,112025,1326511,11720817,11720817
032,112025,1326511,11720822,11720822
032,112025,1326511,11720827,11720827
032,112025,1326511,11720832,11720832
032,112025,1326511,11720839,11720839
032,112025,1326511,11720846,11720846
032,112025,1326511,11720849,11720849
032,112025,1326511,11720852,11720852
032,112025,1326511,11720855,11720855
032,112025,1326511,11720858,11720858
032,112025,1326511,11720861,11720861
032,112025,1326511,11720864,11720864
032,112025,1326511,11720871,11720871
032,112025,1326511,11720878,11720878
032,112025,1326511,11720881,11720881
032,112025,1326511,11720898,11720898
032,112025,1326511,11720901,11720901
032,112025,1326511,11720908,11720908
032,112025,1326511,11720913,11720913
032,112025,1326511,11720924,11720924
032,112025,1326511,11720927,11720927
032,112025,1326511,11720930,11720930
032,112025,1326511,11720933,11720933
032,112025,1326511,11720936,11720936
032,112025,1326511,11720941,11720941
032,112025,1326511,11720964,11720964
032,112025,1326511,11720971,11720971
032,112025,1326511,11722164,11722164
032,112025,1326511,11722167,11722167
032,112025,1326511,11722189,11722189
032,112025,1326511,11722192,11722192
032,112025,1326511,11722221,11722221
032,112025,1326511,11722224,11722224
032,112025,1326511,11722233,11722233
032,112025,1326511,11722236,11722236
032,112025,1326511,11722239,11722239
032,112025,1326511,11722242,11722242
032,112025,1326511,11722245,11722245
032,112025,1326511,11722248,11722248
032,112025,1326511,11729387,11729387
032,112025,1326511,11729390,11729390
032,112025,1326511,11729393,11729393
032,112025,1326511,11729396,11729396
032,112025,1326511,11729399,11729399
032,112025,1326511,11729402,11729402
032,112025,1326511,11729405,11729405
032,112025,1326511,11729410,11729410
032,112025,1326511,11729421,11729421
032,112025,1326511,11729428,11729428
032,112025,1326511,11729469,11729469
032,112025,1326511,11729559,11729559
032,112025,1326511,11729566,11729566
032,112025,1326511,11729569,11729569
032,112025,1326511,11729576,11729576
032,112025,1326511,11729583,11729583
032,112025,1326511,11729586,11729586
032,112025,1326511,11729721,11729721
032,112025,1326511,11729724,11729724
032,112025,1326511,11729828,11729828
032,112025,1326511,11729831,11729831
032,112025,1326511,11729988,11729988
032,112025,1326511,11729993,11729993
032,112025,1326511,11730086,11730086
032,112025,1326511,11730089,11730089
032,112025,1326511,11730937,11730937
032,112025,1326511,11730940,11730940
032,112025,1326511,11730943,11730943
032,112025,1326511,11730946,11730946
032,112025,1326511,11730983,11730983
032,112025,1326511,11730990,11730990
032,112025,1326511,11731237,11731237
032,112025,1326511,11731240,11731240
032,112025,1326511,11731320,11731320
032,112025,1326511,11731691,11731691
032,112025,1326511,11731694,11731694
032,112025,1326511,11731827,11731827
032,112025,1326511,11731832,11731832
032,112025,1326511,11731837,11731837
032,112025,1326511,11731842,11731842
032,112025,1326511,11731847,11731847
032,112025,1326511,11731852,11731852
032,112025,1326511,11731857,11731857
032,112025,1326511,11731862,11731862
032,112025,1326511,11732103,11732103
032,112025,1326511,11732110,11732110
032,112025,1326511,11732115,11732115
032,112025,1326511,11732120,11732120
032,112025,1326511,11732125,11732125
032,112025,1326511,11732130,11732130
032,112025,1326511,11732135,11732135
032,112025,1326511,11732140,11732140
032,112025,1326511,11732145,11732145
032,112025,1326511,11732150,11732150
032,112025,1326511,11732155,11732155
032,112025,1326511,11732166,11732166
032,112025,1326511,11732171,11732171
032,112025,1326511,11732182,11732182
032,112025,1326511,11732189,11732189
032,112025,1326511,11732205,11732205
032,112025,1326511,11732210,11732210
032,112025,1326511,11732215,11732215
032,112025,1326511,11732220,11732220
032,112025,1326511,11732225,11732225
032,112025,1326511,11732230,11732230
032,112025,1326511,11732235,11732235
032,112025,1326511,11732240,11732240
032,112025,1326511,11732245,11732245
032,112025,1326511,11732250,11732250
032,112025,1326511,11732255,11732255
032,112025,1326511,11732260,11732260
032,112025,1326511,11732265,11732265
032,112025,1326511,11732270,11732270
032,112025,1326511,11732321,11732321
032,112025,1326511,11732324,11732324
032,112025,1326511,11732367,11732367
032,112025,1326511,11732370,11732370
032,112025,1326511,11732373,11732373
032,112025,1326511,11732392,11732392
032,112025,1326511,11732395,11732395
032,112025,1326511,11732398,11732398
032,112025,1326511,11732401,11732401
032,112025,1326511,11732404,11732404
032,112025,1326511,11732407,11732407
032,112025,1326511,11732511,11732511
032,112025,1326511,11732514,11732514
032,112025,1326511,19812582,19812582
032,112025,1324947,11732367,11732367
032,112025,1324947,11732370,11732370
032,112025,1324947,11732373,11732373
032,112025,1324947,11732392,11732392
032,112025,1324947,11732395,11732395
032,112025,1324947,11732398,11732398
032,112025,1324947,11732401,11732401
032,112025,1324947,11732404,11732404
032,112025,1324947,11732407,11732407
032,112025,1324947,11732511,11732511
032,112025,1324947,11732514,11732514
032,112025,1324947,19812582,19812582
032,112025,1324947,20469561,20469561
032,112025,1324947,20469568,20469568
032,112025,1324947,21131066,21131066
032,112025,1324947,21131094,21131094
032,112025,1324947,26275030,26275030
032,112025,1324947,26275716,26275716
032,112025,1324947,26755950,26755950
032,112025,1324947,26755957,26755957
032,112025,1324947,26756459,26756459
032,112025,1324947,26756467,26756467
032,112025,1324947,26756789,26756789
032,112025,1324947,26756796,26756796
032,112025,1324947,26756993,26756993
032,112025,1324947,26757005,26757005
032,112025,1324947,30002257,30002257
032,112025,1324947,30105635,30105635
032,112025,1324918,11519708,11519708
032,112025,1324918,11520312,11520312
032,112025,1324918,11520326,11520326
032,112025,1324918,11722201,11722201
032,112025,1324918,11722204,11722204
032,112025,1324918,20396564,20396564
032,112025,1324918,113423352,113423352
032,112025,1324918,113629174,113629174
032,112025,1324918,113629178,113629178
032,112025,1324918,113630698,113630698
032,112025,1324918,113630701,113630701
032,112025,1324947,11519694,11519694
032,112025,1324947,11519701,11519701
032,112025,1324947,11520277,11520277
032,112025,1324947,11716918,11716918
032,112025,1324947,11716928,11716928
032,112025,1324947,11716931,11716931
032,112025,1324947,11716934,11716934
032,112025,1324947,11716937,11716937
032,112025,1324947,11719994,11719994
032,112025,1324947,11720021,11720021
032,112025,1324947,11720224,11720224
032,112025,1324947,11720227,11720227
032,112025,1324947,11720350,11720350
032,112025,1324947,11720379,11720379
032,112025,1324947,11720714,11720714
032,112025,1324947,11720721,11720721
032,112025,1324947,11720728,11720728
032,112025,1324947,11720735,11720735
032,112025,1324947,11720790,11720790
032,112025,1324947,11720795,11720795
032,112025,1324947,11720800,11720800
032,112025,1324947,11720803,11720803
032,112025,1324947,11720806,11720806
032,112025,1324947,11720809,11720809
032,112025,1324947,11720812,11720812
032,112025,1324947,11720817,11720817
032,112025,1324947,11720822,11720822
032,112025,1324947,11720827,11720827
032,112025,1324947,11720832,11720832
032,112025,1324947,11720839,11720839
032,112025,1324947,11720846,11720846
032,112025,1324947,11720849,11720849
032,112025,1324947,11720852,11720852
032,112025,1324947,11720855,11720855
032,112025,1324947,11720858,11720858
032,112025,1324947,11720861,11720861
032,112025,1324947,11720864,11720864
032,112025,1324947,11720871,11720871
032,112025,1324947,11720878,11720878
032,112025,1324947,11720881,11720881
032,112025,1324947,11720898,11720898
032,112025,1324947,11720901,11720901
032,112025,1324947,11720908,11720908
032,112025,1324947,11720913,11720913
032,112025,1324947,11720924,11720924
032,112025,1324947,11720927,11720927
032,112025,1324947,11720930,11720930
032,112025,1324947,11720933,11720933
032,112025,1324947,11720936,11720936
032,112025,1324947,11720941,11720941
032,112025,1324947,11720964,11720964
032,112025,1324947,11720971,11720971
032,112025,1324947,11722164,11722164
032,112025,1324947,11722167,11722167
032,112025,1324947,11722189,11722189
032,112025,1324947,11722192,11722192
032,112025,1324947,11722221,11722221
032,112025,1324947,11722224,11722224
032,112025,1324947,11722233,11722233
032,112025,1324947,11722236,11722236
032,112025,1324947,11722239,11722239
032,112025,1324947,108338174,108338174
032,112025,1324947,109021498,109021498
032,112025,1324947,109022626,109022626
032,112025,1324947,109022634,109022634
032,112025,1324947,109114727,109114727
032,112025,1324947,109133026,109133026
032,112025,1324947,109133033,109133033
032,112025,1324947,109167862,109167862
032,112025,1324947,109167877,109167877
032,112025,1324947,109848524,109848524
032,112025,1324947,109848527,109848527
032,112025,1324947,110006875,110006875
032,112025,1324947,110768488,110768488
032,112025,1324947,110768504,110768504
032,112025,1324947,112782890,112782890
032,112025,1324947,112782897,112782897
032,112025,1324947,112782935,112782935
032,112025,1324947,112782942,112782942
032,112025,1324947,112832512,112832512
032,112025,1324947,112832515,112832515
032,112025,1324947,112834367,112834367
032,112025,1324947,112834370,112834370
032,112025,1324947,112834385,112834385
032,112025,1324947,112834388,112834388
032,112025,1324947,112834473,112834473
032,112025,1324947,112834476,112834476
032,112025,1324947,112985667,112985667
032,112025,1324947,112985670,112985670
032,112025,1324947,113013549,113013549
032,112025,1324947,113013552,113013552
032,112025,1324947,113014664,113014664
032,112025,1324947,113014667,113014667
032,112025,1324947,113212076,113212076
032,112025,1324947,113260246,113260246
032,112025,1324947,113260249,113260249
032,112025,1324947,113580560,113580560
032,112025,1324947,113580564,113580564
032,112025,1324947,113580599,113580599
032,112025,1324947,113580618,113580618
032,112025,1324947,113584341,113584341
032,112025,1324947,113584344,113584344
032,112025,1324947,113851859,113851859
032,112025,1324947,113949982,113949982
032,112025,1324947,113949990,113949990
032,112025,1324947,114123615,114123615
032,112025,1326511,20469561,20469561
032,112025,1326511,20469568,20469568
032,112025,1326511,21131066,21131066
032,112025,1326511,21131094,21131094
032,112025,1326511,26275030,26275030
032,112025,1326511,26275716,26275716
032,112025,1326511,26755950,26755950
032,112025,1326511,26755957,26755957
032,112025,1326511,26756459,26756459
032,112025,1326511,26756467,26756467
032,112025,1326511,26756789,26756789
032,112025,1326511,26756796,26756796
032,112025,1326511,26756993,26756993
032,112025,1326511,26757005,26757005
032,112025,1326511,30002257,30002257
032,112025,1326511,30105635,30105635
032,112025,1324531,11720227,11720227
032,112025,1324531,11720350,11720350
032,112025,1324531,11720379,11720379
032,112025,1324531,11720714,11720714
032,112025,1324531,11720721,11720721
032,112025,1324531,11720728,11720728
032,112025,1324531,11720735,11720735
032,112025,1324531,11720790,11720790
032,112025,1324531,11720795,11720795
032,112025,1324531,11720800,11720800
032,112025,1324531,11720803,11720803
032,112025,1324531,11720806,11720806
032,112025,1324531,11720809,11720809
032,112025,1324531,11720812,11720812
032,112025,1324531,11720817,11720817
032,112025,1324531,11720822,11720822
032,112025,1324531,11720827,11720827
032,112025,1324531,11720832,11720832
032,112025,1324531,11720839,11720839
032,112025,1324531,11720846,11720846
032,112025,1324531,11720849,11720849
032,112025,1324531,11720852,11720852
032,112025,1324531,11720855,11720855
032,112025,1324531,11720858,11720858
032,112025,1324531,11720861,11720861
032,112025,1324531,11720864,11720864
032,112025,1324531,11720871,11720871
032,112025,1324531,11720878,11720878
032,112025,1324531,11720881,11720881
032,112025,1324531,11720898,11720898
032,112025,1324531,11720901,11720901
032,112025,1324531,11720908,11720908
032,112025,1324531,11720913,11720913
032,112025,1324531,11720924,11720924
032,112025,1324531,11720927,11720927
032,112025,1324531,11720930,11720930
032,112025,1324531,11720933,11720933
032,112025,1324531,11720936,11720936
032,112025,1324531,11720941,11720941
032,112025,1324531,11720964,11720964
032,112025,1324531,11720971,11720971
032,112025,1324531,11722164,11722164
032,112025,1324531,11722167,11722167
032,112025,1324531,11722189,11722189
032,112025,1324531,11722192,11722192
032,112025,1324531,11722221,11722221
032,112025,1324531,11722224,11722224
032,112025,1324531,11722233,11722233
032,112025,1324531,11722236,11722236
032,112025,1324531,11722239,11722239
032,112025,1324531,11722242,11722242
032,112025,1324531,11722245,11722245
032,112025,1324531,11722248,11722248
032,112025,1324531,11729387,11729387
032,112025,1324531,11729390,11729390
032,112025,1324531,11729393,11729393
032,112025,1324531,11729396,11729396
032,112025,1324531,11729399,11729399
032,112025,1324531,11729402,11729402
032,112025,1324531,11729405,11729405
032,112025,1324531,11729410,11729410
032,112025,1324531,11729421,11729421
032,112025,1324531,11729428,11729428
032,112025,1324531,11729469,11729469
032,112025,1324531,11729559,11729559
032,112025,1324531,11729566,11729566
032,112025,1324531,11729569,11729569
032,112025,1324531,11729576,11729576
032,112025,1324531,11729583,11729583
032,112025,1324531,11729586,11729586
032,112025,1324531,11729721,11729721
032,112025,1324531,11729724,11729724
032,112025,1324531,11729828,11729828
032,112025,1324531,11729831,11729831
032,112025,1324531,11729988,11729988
032,112025,1324531,11729993,11729993
032,112025,1324531,11730086,11730086
032,112025,1324531,11730089,11730089
032,112025,1324531,11730937,11730937
032,112025,1324531,11730940,11730940
032,112025,1324531,11730943,11730943
032,112025,1324531,11730946,11730946
032,112025,1324531,11730983,11730983
032,112025,1324531,11730990,11730990
032,112025,1324531,11731237,11731237
032,112025,1324531,11731240,11731240
032,112025,1324531,11731320,11731320
032,112025,1324531,11731691,11731691
032,112025,1324531,11731694,11731694
032,112025,1324531,11731827,11731827
032,112025,1324531,11731832,11731832
032,112025,1324531,11731837,11731837
032,112025,1324531,11731842,11731842
032,112025,1324531,11731847,11731847
032,112025,1324531,11731852,11731852
032,112025,1324531,11731857,11731857
032,112025,1324531,11731862,11731862
032,112025,1324531,11732103,11732103
032,112025,1324531,11732110,11732110
032,112025,1324531,11732115,11732115
032,112025,1324531,11732120,11732120
032,112025,1324531,11732125,11732125
032,112025,1324531,11732130,11732130
032,112025,1324531,11732135,11732135
032,112025,1324531,11732140,11732140
032,112025,1324531,11732145,11732145
032,112025,1324531,11732150,11732150
032,112025,1324531,11732155,11732155
032,112025,1324531,11732166,11732166
032,112025,1324531,11732171,11732171
032,112025,1324531,11732182,11732182
032,112025,1324531,11732189,11732189
032,112025,1324531,11732205,11732205
032,112025,1324531,11732210,11732210
032,112025,1324531,11732215,11732215
032,112025,1324531,11732220,11732220
032,112025,1324531,11732225,11732225
032,112025,1324531,11732230,11732230
032,112025,1324531,11732235,11732235
032,112025,1324531,11732240,11732240
032,112025,1324531,11732245,11732245
032,112025,1324531,11732250,11732250
032,112025,1324531,11732255,11732255
032,112025,1324531,11732260,11732260
032,112025,1324531,11732265,11732265
032,112025,1324531,11732270,11732270
032,112025,1324531,11732321,11732321
032,112025,1324531,11732324,11732324
032,112025,1324531,11732367,11732367
032,112025,1323393,18473388,18473388
032,112025,1323393,18473498,18473498
032,112025,1323393,25210161,25210161
032,112025,1323393,25210168,25210168
032,112025,1323393,25417017,25417017
032,112025,1323393,25417050,25417050
032,112025,1323393,25417355,25417355
032,112025,1323393,25417363,25417363
032,112025,1323393,34025807,34025807
032,112025,1323393,74127322,74127322
032,112025,1323393,109595686,109595686
032,112025,1323393,109610089,109610089
032,112025,1323393,109620237,109620237
032,112025,1323393,109620249,109620249
032,112025,1323393,109839136,109839136
032,112025,1323393,111821178,111821178
032,112025,1323393,111821181,111821181
032,112025,1323393,112304376,112304376
032,112025,1323393,112304388,112304388
032,112025,1323393,112399012,112399012
032,112025,1323393,112882456,112882456
032,112025,1323393,112883757,112883757
032,112025,1323393,112884811,112884811
032,112025,1323393,112884814,112884814
032,112025,1323393,113081500,113081500
032,112025,1323393,113081503,113081503
032,112025,1323393,113098165,113098165
032,112025,1323393,113251166,113251166
032,112025,1323393,113257718,113257718
032,112025,1323393,113257721,113257721
032,112025,1323393,113478984,113478984
032,112025,1323393,113950752,113950752
032,112025,1323393,11520132,11520132
032,112025,1323393,11520214,11520214
032,112025,1323393,11717001,11717001
032,112025,1323393,11719991,11719991
032,112025,1323393,11720708,11720708
032,112025,1323393,11720711,11720711
032,112025,1323393,11721074,11721074
032,112025,1323393,11721077,11721077
032,112025,1323393,11721080,11721080
032,112025,1323393,11721083,11721083
032,112025,1323393,11721086,11721086
032,112025,1323393,11721093,11721093
032,112025,1323393,11721100,11721100
032,112025,1323393,11721107,11721107
032,112025,1323393,11721117,11721117
032,112025,1323393,11721120,11721120
032,112025,1323393,11721123,11721123
032,112025,1323393,11721126,11721126
032,112025,1323393,11721133,11721133
032,112025,1323393,11721140,11721140
032,112025,1323393,11721143,11721143
032,112025,1323393,11721146,11721146
032,112025,1323393,11721149,11721149
032,112025,1323393,11721158,11721158
032,112025,1323393,11721161,11721161
032,112025,1323393,11721164,11721164
032,112025,1323393,11721167,11721167
032,112025,1323393,11721170,11721170
032,112025,1323393,11721173,11721173
032,112025,1323904,11519694,11519694
032,112025,1323904,11519701,11519701
032,112025,1323904,11520277,11520277
032,112025,1323904,11716918,11716918
032,112025,1323904,108338174,108338174
032,112025,1323904,109021498,109021498
032,112025,1323904,109022626,109022626
032,112025,1323904,109022634,109022634
032,112025,1323904,109114727,109114727
032,112025,1323904,109133026,109133026
032,112025,1323904,109133033,109133033
032,112025,1323904,109167862,109167862
032,112025,1323904,109167877,109167877
032,112025,1323904,109848524,109848524
032,112025,1323904,109848527,109848527
032,112025,1323904,110006875,110006875
032,112025,1323904,110768488,110768488
032,112025,1323904,110768504,110768504
032,112025,1323904,112782890,112782890
032,112025,1323904,112782897,112782897
032,112025,1323904,112782942,112782942
032,112025,1323904,112832512,112832512
032,112025,1323904,112832515,112832515
032,112025,1323904,112834367,112834367
032,112025,1323904,112834370,112834370
032,112025,1323904,112834385,112834385
032,112025,1323904,112834388,112834388
032,112025,1323904,112834473,112834473
032,112025,1323904,112834476,112834476
032,112025,1323904,112985667,112985667
032,112025,1323904,112985670,112985670
032,112025,1323904,113013549,113013549
032,112025,1323904,113013552,113013552
032,112025,1323904,113014664,113014664
032,112025,1323904,113014667,113014667
032,112025,1323904,113212076,113212076
032,112025,1323904,113260246,113260246
032,112025,1323904,113260249,113260249
032,112025,1323904,113580560,113580560
032,112025,1323904,113580564,113580564
032,112025,1323904,113580599,113580599
032,112025,1323904,113580618,113580618
032,112025,1323904,113584341,113584341
032,112025,1323904,113584344,113584344
032,112025,1323904,113949982,113949982
032,112025,1323904,113949990,113949990
032,112025,1323904,114123615,114123615
032,112025,1323904,114130052,114130052
032,112025,1323904,114130055,114130055
032,112025,1323904,114395586,114395586
032,112025,1323904,11716928,11716928
032,112025,1323904,11716931,11716931
032,112025,1323904,11716934,11716934
032,112025,1323904,11716937,11716937
032,112025,1323904,11719994,11719994
032,112025,1323904,11720021,11720021
032,112025,1323904,11720224,11720224
032,112025,1323904,11720227,11720227
032,112025,1323904,11720379,11720379
032,112025,1323904,11720714,11720714
032,112025,1323904,11720721,11720721
032,112025,1323904,11720728,11720728
032,112025,1323904,11720735,11720735
032,112025,1323904,11720790,11720790
032,112025,1323904,11720795,11720795
032,112025,1323904,11720800,11720800
032,112025,1323904,11720803,11720803
032,112025,1323904,11720806,11720806
032,112025,1323904,11720809,11720809
032,112025,1323904,11720812,11720812
032,112025,1323904,11720817,11720817
032,112025,1323904,11720822,11720822
032,112025,1323904,11720827,11720827
032,112025,1323904,11720832,11720832
032,112025,1323904,11720839,11720839
032,112025,1323904,11720846,11720846
032,112025,1323904,11720849,11720849
032,112025,1323904,11720852,11720852
032,112025,1323904,11720855,11720855
032,112025,1323904,11720858,11720858
032,112025,1323904,11720861,11720861
032,112025,1323904,11720864,11720864
032,112025,1323904,11720871,11720871
032,112025,1323904,11720878,11720878
032,112025,1324395,11732220,11732220
032,112025,1324395,11732225,11732225
032,112025,1324395,11732230,11732230
032,112025,1324395,11732235,11732235
032,112025,1324395,11732240,11732240
032,112025,1324395,11732245,11732245
032,112025,1324395,11732250,11732250
032,112025,1324395,11732255,11732255
032,112025,1324395,11732260,11732260
032,112025,1324395,11732265,11732265
032,112025,1324395,11732270,11732270
032,112025,1324395,11732321,11732321
032,112025,1324395,11732324,11732324
032,112025,1324395,11732367,11732367
032,112025,1324395,11732370,11732370
032,112025,1324395,11732373,11732373
032,112025,1324395,11732392,11732392
032,112025,1324395,11732395,11732395
032,112025,1324395,11732398,11732398
032,112025,1324395,11732401,11732401
032,112025,1324395,11732404,11732404
032,112025,1324395,11732407,11732407
032,112025,1324395,11732511,11732511
032,112025,1324395,11732514,11732514
032,112025,1324395,19812582,19812582
032,112025,1324395,20469561,20469561
032,112025,1324395,20469568,20469568
032,112025,1324395,21131066,21131066
032,112025,1324395,21131094,21131094
032,112025,1324395,26275030,26275030
032,112025,1324395,26275716,26275716
032,112025,1324395,26755950,26755950
032,112025,1324395,26755957,26755957
032,112025,1324395,26756459,26756459
032,112025,1324395,26756467,26756467
032,112025,1324395,26756789,26756789
032,112025,1324395,26756796,26756796
032,112025,1324395,26756993,26756993
032,112025,1324395,26757005,26757005
032,112025,1324395,30002257,30002257
032,112025,1324395,30105635,30105635
032,112025,1324796,109694570,109694570
032,112025,1324796,109694584,109694584
032,112025,1324796,114267355,114267355
032,112025,1324796,114267363,114267363
032,112025,1324796,114267396,114267396
032,112025,1324796,114271659,114271659
032,112025,1324796,114338696,114338696
032,112025,1324796,114392051,114392051
032,112025,1324796,11520263,11520263
032,112025,1324796,11520331,11520331
032,112025,1324796,11720126,11720126
032,112025,1324796,11720133,11720133
032,112025,1324796,11720140,11720140
032,112025,1324796,11720147,11720147
032,112025,1324796,11720230,11720230
032,112025,1324796,11720702,11720702
032,112025,1324796,11720705,11720705
032,112025,1324796,11720742,11720742
032,112025,1324796,11720745,11720745
032,112025,1329523,11722152,11722152
032,112025,1329523,11722155,11722155
032,112025,1329523,11722195,11722195
032,112025,1329523,11722198,11722198
032,112025,1329523,11722211,11722211
032,112025,1329523,11729305,11729305
032,112025,1329523,11729308,11729308
032,112025,1329523,11729311,11729311
032,112025,1329523,11729318,11729318
032,112025,1329523,11730355,11730355
032,112025,1329523,11730362,11730362
032,112025,1329523,11730407,11730407
032,112025,1329523,11730410,11730410
032,112025,1329523,11730883,11730883
032,112025,1329523,11730886,11730886
032,112025,1329523,11730917,11730917
032,112025,1329523,11730920,11730920
032,112025,1329523,11730923,11730923
032,112025,1329523,11730928,11730928
032,112025,1329523,11731099,11731099
032,112025,1329523,11731104,11731104
032,112025,1329523,11731739,11731739
032,112025,1329523,11731742,11731742
032,112025,1329523,11731815,11731815
032,112025,1329523,11731822,11731822
032,112025,1329523,11732517,11732517
032,112025,1329523,18473388,18473388
032,112025,1329523,18473498,18473498
032,112025,1329523,25210161,25210161
032,112025,1329523,25210168,25210168
032,112025,1329523,25417017,25417017
032,112025,1329523,25417050,25417050
032,112025,1329523,25417355,25417355
032,112025,1329523,25417363,25417363
032,112025,1329523,34025807,34025807
032,112025,1329523,74127322,74127322
032,112025,1326297,26756459,26756459
032,112025,1326297,26756467,26756467
032,112025,1326297,26756789,26756789
032,112025,1326297,26756796,26756796
032,112025,1326297,26756993,26756993
032,112025,1326297,26757005,26757005
032,112025,1326297,30002257,30002257
032,112025,1326297,30105635,30105635
032,112025,1326297,112834473,112834473
032,112025,1326297,112834476,112834476
032,112025,1326297,112985667,112985667
032,112025,1326297,112985670,112985670
032,112025,1326297,113013549,113013549
032,112025,1326297,113013552,113013552
032,112025,1326297,113014664,113014664
032,112025,1326297,113014667,113014667
032,112025,1326297,113212076,113212076
032,112025,1326297,113260246,113260246
032,112025,1326297,113260249,113260249
032,112025,1326297,113580560,113580560
032,112025,1326297,113580564,113580564
032,112025,1326297,113580599,113580599
032,112025,1326297,113580618,113580618
032,112025,1326297,113584341,113584341
032,112025,1326297,113584344,113584344
032,112025,1326297,113851859,113851859
032,112025,1326297,113949982,113949982
032,112025,1326297,113949990,113949990
032,112025,1326297,114123615,114123615
032,112025,1326297,114130052,114130052
032,112025,1326297,114130055,114130055
032,112025,1326297,114395586,114395586
032,112025,1326297,11519694,11519694
032,112025,1326297,11519701,11519701
032,112025,1326297,11520277,11520277
032,112025,1326297,11716918,11716918
032,112025,1326297,11716928,11716928
032,112025,1326297,11716931,11716931
032,112025,1326297,11716934,11716934
032,112025,1326297,11716937,11716937
032,112025,1326297,11719994,11719994
032,112025,1326297,112834388,112834388
032,112025,1326297,112834385,112834385
032,112025,1326297,112834370,112834370
032,112025,1326297,112834367,112834367
032,112025,1326297,112832515,112832515
032,112025,1326297,112832512,112832512
032,112025,1326297,112782942,112782942
032,112025,1326297,112782935,112782935
032,112025,1324947,114130052,114130052
032,112025,1324947,114130055,114130055
032,112025,1324947,114395586,114395586
032,112025,1326274,11519715,11519715
032,112025,1326274,11716925,11716925
032,112025,1326274,11716998,11716998
032,112025,1326274,11717008,11717008
032,112025,1326274,11717011,11717011
032,112025,1326274,11717014,11717014
032,112025,1326274,11717017,11717017
032,112025,1326274,11717020,11717020
032,112025,1326274,11720290,11720290
032,112025,1326274,11720754,11720754
032,112025,1326274,11720757,11720757
032,112025,1326274,11720760,11720760
032,112025,1326274,11720763,11720763
032,112025,1326274,11720766,11720766
032,112025,1326274,11720769,11720769
032,112025,1326274,11720772,11720772
032,112025,1326274,11720775,11720775
032,112025,1326274,11720784,11720784
032,112025,1326274,11720787,11720787
032,112025,1326274,11721002,11721002
032,112025,1326274,11721005,11721005
032,112025,1326274,11721011,11721011
032,112025,1326274,11721026,11721026
032,112025,1326274,11721029,11721029
032,112025,1326274,11721032,11721032
032,112025,1326274,11721035,11721035
032,112025,1326274,11721038,11721038
032,112025,1326274,11721041,11721041
032,112025,1326274,11721044,11721044
032,112025,1326274,11721047,11721047
032,112025,1326274,11721050,11721050
032,112025,1326274,11721053,11721053
032,112025,1326274,11721056,11721056
032,112025,1326274,11721059,11721059
032,112025,1326274,11721062,11721062
032,112025,1326274,11721065,11721065
032,112025,1326274,11721068,11721068
032,112025,1326274,11721071,11721071
032,112025,1326274,11721969,11721969
032,112025,1326274,11721976,11721976
032,112025,1326274,11722170,11722170
032,112025,1326274,11722173,11722173
032,112025,1326274,11722227,11722227
032,112025,1326274,11722230,11722230
032,112025,1326274,11729211,11729211
032,112025,1326274,11729214,11729214
032,112025,1326274,11729331,11729331
032,112025,1326274,11729334,11729334
032,112025,1326274,11729968,11729968
032,112025,1326274,11729971,11729971
032,112025,1326274,11730397,11730397
032,112025,1326274,11730400,11730400
032,112025,1326274,11730541,11730541
032,112025,1326274,11730548,11730548
032,112025,1326274,11730551,11730551
032,112025,1326274,11730554,11730554
032,112025,1326274,11730961,11730961
032,112025,1326274,11730964,11730964
032,112025,1326274,11730967,11730967
032,112025,1326274,11730970,11730970
032,112025,1326274,11731069,11731069
032,112025,1326274,11731076,11731076
032,112025,1326274,11731083,11731083
032,112025,1326274,11731086,11731086
032,112025,1326274,11731109,11731109
032,112025,1326274,11731112,11731112
032,112025,1326274,11731263,11731263
032,112025,1326274,11731266,11731266
032,112025,1326274,11731269,11731269
032,112025,1326274,11731272,11731272
032,112025,1326274,12868911,12868911
032,112025,1326274,17751939,17751939
032,112025,1326274,32290945,32290945
032,112025,1326274,112458846,112458846
032,112025,1326274,112458857,112458857
032,112025,1326274,113405718,113405718
032,112025,1326274,113446996,113446996
032,112025,1326274,114339759,114339759
032,112025,1326274,114467063,114467063
032,112025,1326274,114481611,114481611
032,112025,1327453,11519715,11519715
032,112025,1327453,11716925,11716925
032,112025,1327453,11716998,11716998
032,112025,1327453,11717008,11717008
032,112025,1327453,11717011,11717011
032,112025,1327453,11717014,11717014
032,112025,1327453,11717017,11717017
032,112025,1327453,11717020,11717020
032,112025,1327453,11720290,11720290
032,112025,1327453,11720754,11720754
032,112025,1327453,11720757,11720757
032,112025,1327453,11720760,11720760
032,112025,1327453,11720763,11720763
032,112025,1327453,11720766,11720766
032,112025,1327453,11720769,11720769
032,112025,1327453,11720772,11720772
032,112025,1327453,11720775,11720775
032,112025,1327453,11720784,11720784
032,112025,1327453,11720787,11720787
032,112025,1327453,11721002,11721002
032,112025,1327453,11721005,11721005
032,112025,1327453,11721011,11721011
032,112025,1327453,11721026,11721026
032,112025,1327453,11721029,11721029
032,112025,1327453,11721032,11721032
032,112025,1327453,11721035,11721035
032,112025,1327453,11721038,11721038
032,112025,1327453,11721041,11721041
032,112025,1327453,11721044,11721044
032,112025,1327453,11721047,11721047
032,112025,1327453,11721050,11721050
032,112025,1327453,11721053,11721053
032,112025,1327453,11721056,11721056
032,112025,1327453,11721059,11721059
032,112025,1327453,11721062,11721062
032,112025,1327453,11721065,11721065
032,112025,1327453,11721068,11721068
032,112025,1327453,11721071,11721071
032,112025,1327453,11721969,11721969
032,112025,1327453,11721976,11721976
032,112025,1327453,11722170,11722170
032,112025,1327453,11722173,11722173
032,112025,1327453,11722227,11722227
032,112025,1327453,11722230,11722230
032,112025,1327453,11729211,11729211
032,112025,1327453,11729214,11729214
032,112025,1327453,11729331,11729331
032,112025,1327453,11729334,11729334
032,112025,1327453,11729968,11729968
032,112025,1327453,11729971,11729971
032,112025,1327453,11730397,11730397
032,112025,1327453,11730400,11730400
032,112025,1327453,11730541,11730541
032,112025,1327453,11730548,11730548
032,112025,1327453,11730551,11730551
032,112025,1327453,11730554,11730554
032,112025,1327453,11730961,11730961
032,112025,1327453,11730964,11730964
032,112025,1327453,11730967,11730967
032,112025,1327453,11730970,11730970
032,112025,1327453,11731069,11731069
032,112025,1327453,11731076,11731076
032,112025,1324531,11732370,11732370
032,112025,1324531,11732373,11732373
032,112025,1324531,11732392,11732392
032,112025,1324531,11732395,11732395
032,112025,1324531,11732398,11732398
032,112025,1324531,11732401,11732401
032,112025,1324531,11732404,11732404
032,112025,1324531,11732407,11732407
032,112025,1324531,11732511,11732511
032,112025,1324531,11732514,11732514
032,112025,1324531,19812582,19812582
032,112025,1324531,20469561,20469561
032,112025,1324531,20469568,20469568
032,112025,1324531,21131066,21131066
032,112025,1324531,21131094,21131094
032,112025,1324531,26275030,26275030
032,112025,1324531,26275716,26275716
032,112025,1324531,26755950,26755950
032,112025,1324531,26755957,26755957
032,112025,1324531,26756459,26756459
032,112025,1324531,26756467,26756467
032,112025,1324531,26756789,26756789
032,112025,1324531,26756796,26756796
032,112025,1324531,26756993,26756993
032,112025,1324531,26757005,26757005
032,112025,1324531,30002257,30002257
032,112025,1324531,30105635,30105635
032,112025,1324531,108338174,108338174
032,112025,1324531,109021498,109021498
032,112025,1324531,109022626,109022626
032,112025,1324531,109022634,109022634
032,112025,1324531,109114727,109114727
032,112025,1324531,109133026,109133026
032,112025,1324531,109133033,109133033
032,112025,1324531,109167862,109167862
032,112025,1324531,109167877,109167877
032,112025,1324531,109848524,109848524
032,112025,1324531,109848527,109848527
032,112025,1324531,110006875,110006875
032,112025,1324531,110768488,110768488
032,112025,1324531,110768504,110768504
032,112025,1324531,112782890,112782890
032,112025,1324531,112782897,112782897
032,112025,1324531,112782935,112782935
032,112025,1324531,112782942,112782942
032,112025,1324531,112832512,112832512
032,112025,1324531,112832515,112832515
032,112025,1324531,112834367,112834367
032,112025,1324531,112834370,112834370
032,112025,1324531,112834385,112834385
032,112025,1324531,112834388,112834388
032,112025,1324531,112834473,112834473
032,112025,1324531,112834476,112834476
032,112025,1324531,112985667,112985667
032,112025,1324531,112985670,112985670
032,112025,1324531,113013549,113013549
032,112025,1324531,113013552,113013552
032,112025,1324531,113014664,113014664
032,112025,1324531,113014667,113014667
032,112025,1324531,113212076,113212076
032,112025,1324531,113260246,113260246
032,112025,1324531,113260249,113260249
032,112025,1324531,113580560,113580560
032,112025,1324531,113580564,113580564
032,112025,1324531,113580599,113580599
032,112025,1324531,113580618,113580618
032,112025,1324531,113584341,113584341
032,112025,1324531,113584344,113584344
032,112025,1324531,113851859,113851859
032,112025,1324531,113949982,113949982
032,112025,1324531,113949990,113949990
032,112025,1324531,114123615,114123615
032,112025,1324531,114130052,114130052
032,112025,1324531,114130055,114130055
032,112025,1324531,114395586,114395586
032,112025,1324531,11519694,11519694
032,112025,1324531,11519701,11519701
032,112025,1324531,11520277,11520277
032,112025,1324531,11716918,11716918
032,112025,1324531,11716928,11716928
032,112025,1324531,11716931,11716931
032,112025,1324531,11716934,11716934
032,112025,1324531,11716937,11716937
032,112025,1324531,11719994,11719994
032,112025,1324531,11720021,11720021
032,112025,1324531,11720224,11720224
032,112025,1324618,11520263,11520263
032,112025,1324618,11520331,11520331
032,112025,1324618,11720126,11720126
032,112025,1324618,11720133,11720133
032,112025,1324618,11720140,11720140
032,112025,1324618,11720147,11720147
032,112025,1324618,11720230,11720230
032,112025,1324618,11720702,11720702
032,112025,1324618,11720705,11720705
032,112025,1324618,11720742,11720742
032,112025,1324618,11720745,11720745
032,112025,1324618,11720778,11720778
032,112025,1324618,11720781,11720781
032,112025,1324618,11720918,11720918
032,112025,1324618,11720921,11720921
032,112025,1324618,11720946,11720946
032,112025,1324618,11720949,11720949
032,112025,1324618,11720952,11720952
032,112025,1324618,11720955,11720955
032,112025,1324618,11720958,11720958
032,112025,1324618,11720961,11720961
032,112025,1324618,11720984,11720984
032,112025,1324618,11720987,11720987
032,112025,1324618,11720990,11720990
032,112025,1324618,11720993,11720993
032,112025,1324618,11720996,11720996
032,112025,1324618,11720999,11720999
032,112025,1324618,11722180,11722180
032,112025,1324618,11722183,11722183
032,112025,1324618,11722186,11722186
032,112025,1324618,11729283,11729283
032,112025,1324618,11729290,11729290
032,112025,1324618,11729474,11729474
032,112025,1324618,11729749,11729749
032,112025,1324618,11729901,11729901
032,112025,1324618,11729904,11729904
032,112025,1324618,11729907,11729907
032,112025,1324618,11729914,11729914
032,112025,1324618,11731552,11731552
032,112025,1324618,11731557,11731557
032,112025,1324618,11731562,11731562
032,112025,1324618,11731567,11731567
032,112025,1324618,11731572,11731572
032,112025,1324618,11731577,11731577
032,112025,1324618,11731582,11731582
032,112025,1324618,11731587,11731587
032,112025,1324618,11731592,11731592
032,112025,1324618,11731597,11731597
032,112025,1324618,11731733,11731733
032,112025,1324618,11731736,11731736
032,112025,1324618,11732097,11732097
032,112025,1324618,11732100,11732100
032,112025,1324618,11732160,11732160
032,112025,1324618,11732163,11732163
032,112025,1324618,11732176,11732176
032,112025,1324618,11732179,11732179
032,112025,1324618,12639616,12639616
032,112025,1324618,19701101,19701101
032,112025,1324618,21157635,21157635
032,112025,1322758,11721976,11721976
032,112025,1322758,11722170,11722170
032,112025,1322758,11722173,11722173
032,112025,1322758,11722227,11722227
032,112025,1322758,11722230,11722230
032,112025,1322758,11729211,11729211
032,112025,1322758,11729214,11729214
032,112025,1322758,11729331,11729331
032,112025,1322758,11729334,11729334
032,112025,1322758,11729968,11729968
032,112025,1322758,11729971,11729971
032,112025,1322758,11730397,11730397
032,112025,1322758,11730400,11730400
032,112025,1322758,11730541,11730541
032,112025,1322758,11730548,11730548
032,112025,1322758,11730551,11730551
032,112025,1322758,11730554,11730554
032,112025,1322758,11730961,11730961
032,112025,1322758,11730964,11730964
032,112025,1322758,11730967,11730967
032,112025,1322758,11730970,11730970
032,112025,1322758,11731069,11731069
032,112025,1322758,11731076,11731076
032,112025,1322758,11731083,11731083
032,112025,1322758,11731086,11731086
032,112025,1322758,11731109,11731109
032,112025,1322758,11731112,11731112
032,112025,1322758,11731263,11731263
032,112025,1322758,11731266,11731266
032,112025,1322758,11731269,11731269
032,112025,1322758,11731272,11731272
032,112025,1322758,12868911,12868911
032,112025,1322758,17751939,17751939
032,112025,1322758,32290945,32290945
032,112025,1322758,112458846,112458846
032,112025,1322758,112458857,112458857
032,112025,1322758,113405718,113405718
032,112025,1322758,113446996,113446996
032,112025,1322758,114339759,114339759
032,112025,1322758,114467063,114467063
032,112025,1322758,114481611,114481611
032,112025,1323937,11731857,11731857
032,112025,1323937,11731862,11731862
032,112025,1323937,11732103,11732103
032,112025,1323937,11732110,11732110
032,112025,1323937,11732115,11732115
032,112025,1323937,11732120,11732120
032,112025,1323937,11732125,11732125
032,112025,1323937,11732130,11732130
032,112025,1323937,11732135,11732135
032,112025,1323937,11732140,11732140
032,112025,1323937,11732145,11732145
032,112025,1323937,11732150,11732150
032,112025,1323937,11732155,11732155
032,112025,1323937,11732166,11732166
032,112025,1323937,11732171,11732171
032,112025,1323937,11732182,11732182
032,112025,1323937,11732189,11732189
032,112025,1323937,11732205,11732205
032,112025,1323937,11732210,11732210
032,112025,1323937,11732215,11732215
032,112025,1323937,11732220,11732220
032,112025,1323937,11732225,11732225
032,112025,1323937,11732230,11732230
032,112025,1323937,11732235,11732235
032,112025,1323937,11732240,11732240
032,112025,1323937,11732245,11732245
032,112025,1323937,11732250,11732250
032,112025,1323937,11732255,11732255
032,112025,1323937,11732260,11732260
032,112025,1323937,11732265,11732265
032,112025,1323937,11732270,11732270
032,112025,1323937,11732321,11732321
032,112025,1323937,11732324,11732324
032,112025,1323937,11732367,11732367
032,112025,1323937,11732370,11732370
032,112025,1323937,11732373,11732373
032,112025,1323937,11732392,11732392
032,112025,1323937,11732395,11732395
032,112025,1323937,11732398,11732398
032,112025,1323937,11732401,11732401
032,112025,1323937,11732404,11732404
032,112025,1323937,11732407,11732407
032,112025,1323937,11732511,11732511
032,112025,1323937,11732514,11732514
032,112025,1323937,19812582,19812582
032,112025,1323937,20469561,20469561
032,112025,1323937,20469568,20469568
032,112025,1323937,21131066,21131066
032,112025,1323937,21131094,21131094
032,112025,1323937,26275030,26275030
032,112025,1323937,26275716,26275716
032,112025,1323937,26755950,26755950
032,112025,1323937,26755957,26755957
032,112025,1323937,26756459,26756459
032,112025,1323937,26756467,26756467
032,112025,1323937,26756789,26756789
032,112025,1323937,26756796,26756796
032,112025,1323937,26756993,26756993
032,112025,1323937,26757005,26757005
032,112025,1323937,30002257,30002257
032,112025,1323937,30105635,30105635
032,112025,1323937,108338174,108338174
032,112025,1323937,109021498,109021498
032,112025,1323937,109022626,109022626
032,112025,1323937,109022634,109022634
032,112025,1323937,109114727,109114727
032,112025,1323937,109133026,109133026
032,112025,1323937,109133033,109133033
032,112025,1323937,109167862,109167862
032,112025,1323937,109167877,109167877
032,112025,1323937,109848524,109848524
032,112025,1323937,109848527,109848527
032,112025,1323937,110006875,110006875
032,112025,1323937,110768488,110768488
032,112025,1323937,110768504,110768504
032,112025,1323937,112782890,112782890
032,112025,1323937,112782897,112782897
032,112025,1323937,112782935,112782935
032,112025,1323937,112782942,112782942
032,112025,1323937,112832512,112832512
032,112025,1323937,112832515,112832515
032,112025,1323937,112834367,112834367
032,112025,1323937,112834370,112834370
032,112025,1323937,112834385,112834385
032,112025,1323937,112834388,112834388
032,112025,1323937,112834473,112834473
032,112025,1323937,112834476,112834476
032,112025,1323937,112985667,112985667
032,112025,1323937,112985670,112985670
032,112025,1323937,113013549,113013549
032,112025,1323937,113013552,113013552
032,112025,1323937,113014664,113014664
032,112025,1323937,113014667,113014667
032,112025,1323937,113212076,113212076
032,112025,1323937,113260246,113260246
032,112025,1323937,113260249,113260249
032,112025,1323937,113580560,113580560
032,112025,1323937,113580564,113580564
032,112025,1323937,113580599,113580599
032,112025,1323937,113580618,113580618
032,112025,1323937,113584341,113584341
032,112025,1323937,113584344,113584344
032,112025,1323937,113851859,113851859
032,112025,1323937,113949982,113949982
032,112025,1326297,112782897,112782897
032,112025,1326297,112782890,112782890
032,112025,1326297,110768504,110768504
032,112025,1326297,110768488,110768488
032,112025,1326297,110006875,110006875
032,112025,1326297,109848527,109848527
032,112025,1326297,109848524,109848524
032,112025,1326297,109167877,109167877
032,112025,1326297,109167862,109167862
032,112025,1326297,109133033,109133033
032,112025,1326297,109133026,109133026
032,112025,1326297,109114727,109114727
032,112025,1326297,109022634,109022634
032,112025,1326297,109022626,109022626
032,112025,1326297,109021498,109021498
032,112025,1326297,108338174,108338174
032,112025,1326297,11720021,11720021
032,112025,1326297,11720224,11720224
032,112025,1326297,11720227,11720227
032,112025,1326297,11720350,11720350
032,112025,1326297,11720379,11720379
032,112025,1326297,11720714,11720714
032,112025,1326297,11720721,11720721
032,112025,1326297,11720728,11720728
032,112025,1326297,11720735,11720735
032,112025,1326297,11720790,11720790
032,112025,1326297,11720795,11720795
032,112025,1326297,11720800,11720800
032,112025,1326297,11720803,11720803
032,112025,1326297,11720806,11720806
032,112025,1326297,11720809,11720809
032,112025,1326297,11720812,11720812
032,112025,1326297,11720817,11720817
032,112025,1326297,11720822,11720822
032,112025,1326297,11720827,11720827
032,112025,1326297,11720832,11720832
032,112025,1326297,11720839,11720839
032,112025,1326297,11720846,11720846
032,112025,1326297,11720849,11720849
032,112025,1326297,11720852,11720852
032,112025,1326297,11720855,11720855
032,112025,1326297,11720858,11720858
032,112025,1326297,11720861,11720861
032,112025,1326297,11720864,11720864
032,112025,1326297,11720871,11720871
032,112025,1326297,11720878,11720878
032,112025,1326297,11720881,11720881
032,112025,1326297,11720898,11720898
032,112025,1326297,11720901,11720901
032,112025,1326297,11720908,11720908
032,112025,1326297,11720913,11720913
032,112025,1326297,11720924,11720924
032,112025,1326297,11720927,11720927
032,112025,1326297,11720930,11720930
032,112025,1326297,11720933,11720933
032,112025,1326297,11720936,11720936
032,112025,1326297,11720941,11720941
032,112025,1326297,11720964,11720964
032,112025,1326297,11720971,11720971
032,112025,1326297,11722164,11722164
032,112025,1326297,11722167,11722167
032,112025,1326297,11722189,11722189
032,112025,1326297,11722192,11722192
032,112025,1326297,11722221,11722221
032,112025,1326297,11722224,11722224
032,112025,1326297,11722233,11722233
032,112025,1326297,11722236,11722236
032,112025,1326297,11722239,11722239
032,112025,1326297,11722242,11722242
032,112025,1326297,11722245,11722245
032,112025,1326297,11722248,11722248
032,112025,1326297,11729387,11729387
032,112025,1326297,11729390,11729390
032,112025,1326297,11729393,11729393
032,112025,1326297,11729396,11729396
032,112025,1326297,11729399,11729399
032,112025,1326297,11729402,11729402
032,112025,1326297,11729405,11729405
032,112025,1326297,11729410,11729410
032,112025,1326297,11729421,11729421
032,112025,1326297,11729428,11729428
032,112025,1326297,11729469,11729469
032,112025,1326297,11729559,11729559
032,112025,1326297,11729566,11729566
032,112025,1326297,11729569,11729569
032,112025,1326297,11729576,11729576
032,112025,1326297,11729583,11729583
032,112025,1326297,11729586,11729586
032,112025,1326297,11729721,11729721
032,112025,1326297,11729724,11729724
032,112025,1326297,11729828,11729828
032,112025,1326297,11729831,11729831
032,112025,1326297,11729988,11729988
032,112025,1326297,11729993,11729993
032,112025,1326297,11730086,11730086
032,112025,1326297,11730089,11730089
032,112025,1326297,11730937,11730937
032,112025,1326297,11730940,11730940
032,112025,1326297,11730943,11730943
032,112025,1326297,11730946,11730946
032,112025,1326297,11730983,11730983
032,112025,1326297,11730990,11730990
032,112025,1326297,11731237,11731237
032,112025,1326297,11731240,11731240
032,112025,1326297,11731320,11731320
032,112025,1326297,11731691,11731691
032,112025,1326297,11731694,11731694
032,112025,1326297,11731827,11731827
032,112025,1326297,11731832,11731832
032,112025,1326297,11731837,11731837
032,112025,1326297,11731842,11731842
032,112025,1326297,11731847,11731847
032,112025,1326297,11731852,11731852
032,112025,1326297,11731857,11731857
032,112025,1326297,11731862,11731862
032,112025,1326297,11732103,11732103
032,112025,1326297,11732110,11732110
032,112025,1326297,11732115,11732115
032,112025,1326297,11732120,11732120
032,112025,1326297,11732125,11732125
032,112025,1326297,11732130,11732130
032,112025,1326297,11732135,11732135
032,112025,1326297,11732140,11732140
032,112025,1326297,11732145,11732145
032,112025,1326297,11732150,11732150
032,112025,1326297,11732155,11732155
032,112025,1326297,11732166,11732166
032,112025,1326297,11732171,11732171
032,112025,1326297,11732182,11732182
032,112025,1326297,11732189,11732189
032,112025,1326297,11732205,11732205
032,112025,1326297,11732210,11732210
032,112025,1326297,11732215,11732215
032,112025,1326297,11732220,11732220
032,112025,1326297,11732225,11732225
032,112025,1326297,11732230,11732230
032,112025,1326297,11732235,11732235
032,112025,1326297,11732240,11732240
032,112025,1326297,11732245,11732245
032,112025,1326297,11732250,11732250
032,112025,1326297,11732255,11732255
032,112025,1326297,11732260,11732260
032,112025,1326297,11732265,11732265
032,112025,1326297,11732270,11732270
032,112025,1326297,11732321,11732321
032,112025,1323904,11720881,11720881
032,112025,1323904,11720924,11720924
032,112025,1323904,11720927,11720927
032,112025,1323904,11720930,11720930
032,112025,1323904,11720933,11720933
032,112025,1323904,11720936,11720936
032,112025,1323904,11720941,11720941
032,112025,1323904,11720964,11720964
032,112025,1323904,11720971,11720971
032,112025,1323904,11722164,11722164
032,112025,1323904,11722167,11722167
032,112025,1323904,11722189,11722189
032,112025,1323904,11722192,11722192
032,112025,1323904,11722221,11722221
032,112025,1323904,11722224,11722224
032,112025,1323904,11722239,11722239
032,112025,1323904,11722242,11722242
032,112025,1323904,11722245,11722245
032,112025,1323904,11722248,11722248
032,112025,1323904,11729387,11729387
032,112025,1323904,11729390,11729390
032,112025,1323904,11729393,11729393
032,112025,1323904,11729396,11729396
032,112025,1323904,11729399,11729399
032,112025,1323904,11729402,11729402
032,112025,1323904,11729405,11729405
032,112025,1323904,11729410,11729410
032,112025,1323904,11729421,11729421
032,112025,1323904,11729428,11729428
032,112025,1323904,11729469,11729469
032,112025,1323904,11729721,11729721
032,112025,1323904,11729724,11729724
032,112025,1323904,11729828,11729828
032,112025,1323904,11729831,11729831
032,112025,1323904,11729988,11729988
032,112025,1323904,11729993,11729993
032,112025,1323904,11730937,11730937
032,112025,1323904,11730940,11730940
032,112025,1323904,11730943,11730943
032,112025,1323904,11730946,11730946
032,112025,1323904,11730983,11730983
032,112025,1323904,11730990,11730990
032,112025,1323904,11731237,11731237
032,112025,1323904,11731240,11731240
032,112025,1323904,11731691,11731691
032,112025,1323904,11731694,11731694
032,112025,1323904,11731827,11731827
032,112025,1323904,11731832,11731832
032,112025,1323904,11731837,11731837
032,112025,1323904,11731842,11731842
032,112025,1323904,11731847,11731847
032,112025,1323904,11731852,11731852
032,112025,1323904,11731857,11731857
032,112025,1323904,11731862,11731862
032,112025,1323904,11732103,11732103
032,112025,1323904,11732110,11732110
032,112025,1323904,11732115,11732115
032,112025,1323904,11732120,11732120
032,112025,1323904,11732125,11732125
032,112025,1323904,11732130,11732130
032,112025,1323904,11732135,11732135
032,112025,1323904,11732140,11732140
032,112025,1323904,11732145,11732145
032,112025,1323904,11732150,11732150
032,112025,1323904,11732155,11732155
032,112025,1323904,11732166,11732166
032,112025,1323904,11732171,11732171
032,112025,1323904,11732182,11732182
032,112025,1323904,11732189,11732189
032,112025,1323904,11732205,11732205
032,112025,1323904,11732210,11732210
032,112025,1323904,11732215,11732215
032,112025,1323904,11732220,11732220
032,112025,1323904,11732225,11732225
032,112025,1323904,11732230,11732230
032,112025,1323904,11732235,11732235
032,112025,1323904,11732240,11732240
032,112025,1323904,11732245,11732245
032,112025,1323904,11732250,11732250
032,112025,1323904,11732255,11732255
032,112025,1323904,11732260,11732260
032,112025,1323904,11732265,11732265
032,112025,1323904,11732270,11732270
032,112025,1323904,11732321,11732321
032,112025,1323904,11732324,11732324
032,112025,1323904,11732370,11732370
032,112025,1323904,11732373,11732373
032,112025,1323904,11732392,11732392
032,112025,1323904,11732395,11732395
032,112025,1323904,11732398,11732398
032,112025,1323904,11732401,11732401
032,112025,1323904,11732404,11732404
032,112025,1323904,11732407,11732407
032,112025,1323904,11732511,11732511
032,112025,1323904,11732514,11732514
032,112025,1323904,19812582,19812582
032,112025,1323904,20469561,20469561
032,112025,1323904,20469568,20469568
032,112025,1323904,21131066,21131066
032,112025,1323904,21131094,21131094
032,112025,1323904,26275030,26275030
032,112025,1323904,26275716,26275716
032,112025,1323904,26755950,26755950
032,112025,1323904,26755957,26755957
032,112025,1323904,26756459,26756459
032,112025,1323904,26756467,26756467
032,112025,1323904,26756789,26756789
032,112025,1323904,26756796,26756796
032,112025,1323904,26756993,26756993
032,112025,1323904,26757005,26757005
032,112025,1323904,30002257,30002257
032,112025,1323904,30105635,30105635
032,112025,1326860,112458846,112458846
032,112025,1326860,112458857,112458857
032,112025,1326860,113405718,113405718
032,112025,1326860,113446996,113446996
032,112025,1326860,114339759,114339759
032,112025,1326860,114467063,114467063
032,112025,1326860,114481611,114481611
032,112025,1326860,11519715,11519715
032,112025,1326860,11716925,11716925
032,112025,1323724,11519708,11519708
032,112025,1323724,11520312,11520312
032,112025,1323724,11520326,11520326
032,112025,1323724,11722201,11722201
032,112025,1323724,11722204,11722204
032,112025,1323724,20396564,20396564
032,112025,1323724,113423352,113423352
032,112025,1323724,113629174,113629174
032,112025,1323724,113629178,113629178
032,112025,1323724,113630698,113630698
032,112025,1323724,113630701,113630701
032,112025,1324386,11519715,11519715
032,112025,1324386,11716925,11716925
032,112025,1324386,11716998,11716998
032,112025,1324386,11717008,11717008
032,112025,1324386,11717011,11717011
032,112025,1324386,11717014,11717014
032,112025,1324386,11717017,11717017
032,112025,1324386,11717020,11717020
032,112025,1324386,11720290,11720290
032,112025,1324386,11720754,11720754
032,112025,1324386,11720757,11720757
032,112025,1324386,11720760,11720760
032,112025,1324386,11720763,11720763
032,112025,1324150,20396564,20396564
032,112025,1324150,113423352,113423352
032,112025,1324150,113629174,113629174
032,112025,1324150,113629178,113629178
032,112025,1324150,113630698,113630698
032,112025,1324150,113630701,113630701
032,112025,1324821,20396557,20396557
032,112025,1324821,112549235,112549235
032,112025,1325962,20396557,20396557
032,112025,1325962,112549235,112549235
032,112025,1329516,108338174,108338174
032,112025,1329516,109021498,109021498
032,112025,1329516,109022626,109022626
032,112025,1329516,109022634,109022634
032,112025,1329516,109114727,109114727
032,112025,1329516,109133026,109133026
032,112025,1329516,109133033,109133033
032,112025,1329516,109167862,109167862
032,112025,1329516,109167877,109167877
032,112025,1329516,109848524,109848524
032,112025,1329516,109848527,109848527
032,112025,1329516,110006875,110006875
032,112025,1329516,110768488,110768488
032,112025,1329516,110768504,110768504
032,112025,1329516,112782890,112782890
032,112025,1329516,112782897,112782897
032,112025,1329516,112782935,112782935
032,112025,1329516,112782942,112782942
032,112025,1329516,112832512,112832512
032,112025,1329516,112832515,112832515
032,112025,1329516,112834367,112834367
032,112025,1329516,112834370,112834370
032,112025,1329516,112834385,112834385
032,112025,1329516,112834388,112834388
032,112025,1329516,112834473,112834473
032,112025,1329516,112834476,112834476
032,112025,1329516,112985667,112985667
032,112025,1329516,112985670,112985670
032,112025,1329516,113013549,113013549
032,112025,1329516,113013552,113013552
032,112025,1329516,113014664,113014664
032,112025,1329516,113014667,113014667
032,112025,1329516,113212076,113212076
032,112025,1329516,113260246,113260246
032,112025,1329516,113260249,113260249
032,112025,1329516,113580560,113580560
032,112025,1329516,113580564,113580564
032,112025,1329516,113580599,113580599
032,112025,1329516,113580618,113580618
032,112025,1329516,113584341,113584341
032,112025,1329516,113584344,113584344
032,112025,1329516,113851859,113851859
032,112025,1329516,113949982,113949982
032,112025,1329516,113949990,113949990
032,112025,1329516,114123615,114123615
032,112025,1329516,114130052,114130052
032,112025,1329516,114130055,114130055
032,112025,1329516,114395586,114395586
032,112025,1329516,11519694,11519694
032,112025,1329516,11519701,11519701
032,112025,1329516,11520277,11520277
032,112025,1329516,11716918,11716918
032,112025,1329516,11716928,11716928
032,112025,1329516,11716931,11716931
032,112025,1329516,11716934,11716934
032,112025,1329516,11716937,11716937
032,112025,1329516,11719994,11719994
032,112025,1329516,11720021,11720021
032,112025,1329516,11720224,11720224
032,112025,1329516,11720227,11720227
032,112025,1329516,11720350,11720350
032,112025,1329516,11720379,11720379
032,112025,1329516,11720714,11720714
032,112025,1329516,11720721,11720721
032,112025,1329516,11720728,11720728
032,112025,1329516,11720735,11720735
032,112025,1329516,11720790,11720790
032,112025,1329516,11720795,11720795
032,112025,1329516,11720800,11720800
032,112025,1329516,11720803,11720803
032,112025,1329516,11720806,11720806
032,112025,1329516,11720809,11720809
032,112025,1329516,11720812,11720812
032,112025,1329516,11720817,11720817
032,112025,1329516,11720822,11720822
032,112025,1329516,11720827,11720827
032,112025,1329516,11720832,11720832
032,112025,1329516,11720839,11720839
032,112025,1329516,11720846,11720846
032,112025,1329516,11720849,11720849
032,112025,1329516,11720852,11720852
032,112025,1329516,11720855,11720855
032,112025,1329516,11720858,11720858
032,112025,1329516,11720861,11720861
032,112025,1329516,11720864,11720864
032,112025,1327469,11520132,11520132
032,112025,1327469,11520214,11520214
032,112025,1327469,11717001,11717001
032,112025,1327469,11719991,11719991
032,112025,1327469,11720708,11720708
032,112025,1327469,11720711,11720711
032,112025,1327469,11721074,11721074
032,112025,1327469,11721077,11721077
032,112025,1327469,11721080,11721080
032,112025,1327469,11721083,11721083
032,112025,1327469,11721086,11721086
032,112025,1327469,11721093,11721093
032,112025,1327469,11721100,11721100
032,112025,1327469,11721107,11721107
032,112025,1327469,11721117,11721117
032,112025,1327469,11721120,11721120
032,112025,1327469,11721123,11721123
032,112025,1327469,11721126,11721126
032,112025,1327469,11721133,11721133
032,112025,1327469,11721140,11721140
032,112025,1327469,11721143,11721143
032,112025,1327469,11721146,11721146
032,112025,1327469,11721149,11721149
032,112025,1327469,11721158,11721158
032,112025,1327469,11721161,11721161
032,112025,1327469,11721164,11721164
032,112025,1327469,11721167,11721167
032,112025,1327469,11721170,11721170
032,112025,1327469,11721173,11721173
032,112025,1327469,11721176,11721176
032,112025,1327469,11721179,11721179
032,112025,1327469,11721188,11721188
032,112025,1327469,11721191,11721191
032,112025,1327469,11721194,11721194
032,112025,1327469,11721197,11721197
032,112025,1327469,11722152,11722152
032,112025,1327469,11722155,11722155
032,112025,1327469,11722195,11722195
032,112025,1327469,11722198,11722198
032,112025,1327469,11722211,11722211
032,112025,1327469,11729305,11729305
032,112025,1327469,11729308,11729308
032,112025,1327469,11729311,11729311
032,112025,1327469,11729318,11729318
032,112025,1327469,11730355,11730355
032,112025,1327469,11730362,11730362
032,112025,1327469,11730407,11730407
032,112025,1327469,11730410,11730410
032,112025,1327469,11730883,11730883
032,112025,1327469,11730886,11730886
032,112025,1327453,11731083,11731083
032,112025,1327453,11731086,11731086
032,112025,1327453,11731109,11731109
032,112025,1327453,11731112,11731112
032,112025,1327453,11731263,11731263
032,112025,1327453,11731266,11731266
032,112025,1327453,11731269,11731269
032,112025,1327453,11731272,11731272
032,112025,1327453,12868911,12868911
032,112025,1327453,17751939,17751939
032,112025,1327453,32290945,32290945
032,112025,1327453,112458846,112458846
032,112025,1327453,112458857,112458857
032,112025,1327453,113405718,113405718
032,112025,1327453,113446996,113446996
032,112025,1327453,114339759,114339759
032,112025,1327453,114467063,114467063
032,112025,1327453,114481611,114481611
032,112025,1328092,11519694,11519694
032,112025,1328092,11519701,11519701
032,112025,1328092,11520277,11520277
032,112025,1328092,11716918,11716918
032,112025,1328092,11716928,11716928
032,112025,1328092,11716931,11716931
032,112025,1328092,11716934,11716934
032,112025,1328092,11716937,11716937
032,112025,1328092,11719994,11719994
032,112025,1328092,11720021,11720021
032,112025,1328092,11720224,11720224
032,112025,1328092,11720227,11720227
032,112025,1328092,11720350,11720350
032,112025,1328092,11720379,11720379
032,112025,1328092,11720714,11720714
032,112025,1328092,11720721,11720721
032,112025,1328092,11720728,11720728
032,112025,1328092,11720735,11720735
032,112025,1328092,11720790,11720790
032,112025,1328092,11720795,11720795
032,112025,1328092,11720800,11720800
032,112025,1328092,11720803,11720803
032,112025,1328092,11720806,11720806
032,112025,1328092,11720809,11720809
032,112025,1328092,11720812,11720812
032,112025,1328092,11720817,11720817
032,112025,1328092,11720822,11720822
032,112025,1328092,11720827,11720827
032,112025,1328092,11720832,11720832
032,112025,1328092,11720839,11720839
032,112025,1328092,11720846,11720846
032,112025,1328092,11720849,11720849
032,112025,1328092,11720852,11720852
032,112025,1328092,11720855,11720855
032,112025,1328092,11720858,11720858
032,112025,1328092,11720861,11720861
032,112025,1328092,11720864,11720864
032,112025,1328092,11720871,11720871
032,112025,1328092,11720878,11720878
032,112025,1328092,11720881,11720881
032,112025,1328092,11720898,11720898
032,112025,1328092,11720901,11720901
032,112025,1328092,11720908,11720908
032,112025,1328092,11720913,11720913
032,112025,1328092,11720924,11720924
032,112025,1328092,11720927,11720927
032,112025,1328092,11720930,11720930
032,112025,1328092,11720933,11720933
032,112025,1328092,11720936,11720936
032,112025,1328092,11720941,11720941
032,112025,1328092,11720964,11720964
032,112025,1328092,11720971,11720971
032,112025,1328092,11722164,11722164
032,112025,1328092,11722167,11722167
032,112025,1328092,11722189,11722189
032,112025,1328092,11722192,11722192
032,112025,1328092,11722221,11722221
032,112025,1328092,11722224,11722224
032,112025,1328092,11722233,11722233
032,112025,1328092,11722236,11722236
032,112025,1328092,11722239,11722239
032,112025,1328092,11722242,11722242
032,112025,1328092,11722245,11722245
032,112025,1328092,11722248,11722248
032,112025,1328092,11729387,11729387
032,112025,1328092,11729390,11729390
032,112025,1328092,11729393,11729393
032,112025,1328092,11729396,11729396
032,112025,1328092,11729399,11729399
032,112025,1328092,11729402,11729402
032,112025,1328092,11729405,11729405
032,112025,1328092,11729410,11729410
032,112025,1328092,11729421,11729421
032,112025,1328092,11729428,11729428
032,112025,1328092,11729469,11729469
032,112025,1328092,11729559,11729559
032,112025,1328092,11729566,11729566
032,112025,1328092,11729569,11729569
032,112025,1328092,11729576,11729576
032,112025,1328092,11729583,11729583
032,112025,1328092,11729586,11729586
032,112025,1328092,11729721,11729721
032,112025,1328092,11729724,11729724
032,112025,1328092,11729828,11729828
032,112025,1328092,11729831,11729831
032,112025,1328092,11729988,11729988
032,112025,1328092,11729993,11729993
032,112025,1328092,11730086,11730086
032,112025,1328092,11730089,11730089
032,112025,1328092,11730937,11730937
032,112025,1328092,11730940,11730940
032,112025,1328092,11730943,11730943
032,112025,1328092,11730946,11730946
032,112025,1328092,11730983,11730983
032,112025,1328092,11730990,11730990
032,112025,1328092,11731237,11731237
032,112025,1328092,11731240,11731240
032,112025,1328092,11731320,11731320
032,112025,1328092,108338174,108338174
032,112025,1328092,109021498,109021498
032,112025,1328092,109022626,109022626
032,112025,1328092,109022634,109022634
032,112025,1328092,109114727,109114727
032,112025,1328092,109133026,109133026
032,112025,1328092,109133033,109133033
032,112025,1328092,109167862,109167862
032,112025,1328092,109167877,109167877
032,112025,1328092,109848524,109848524
032,112025,1328092,109848527,109848527
032,112025,1328092,110006875,110006875
032,112025,1328092,110768488,110768488
032,112025,1328092,110768504,110768504
032,112025,1328092,112782890,112782890
032,112025,1328092,112782897,112782897
032,112025,1328092,112782935,112782935
032,112025,1328092,112782942,112782942
032,112025,1328092,112832512,112832512
032,112025,1328092,112832515,112832515
032,112025,1328092,112834367,112834367
032,112025,1328092,112834370,112834370
032,112025,1328092,112834385,112834385
032,112025,1328092,112834388,112834388
032,112025,1328092,112834473,112834473
032,112025,1328092,112834476,112834476
032,112025,1328092,112985667,112985667
032,112025,1328092,112985670,112985670
032,112025,1328092,113013549,113013549
032,112025,1324618,21157642,21157642
032,112025,1324618,21157649,21157649
032,112025,1324618,21157656,21157656
032,112025,1324618,21157680,21157680
032,112025,1324618,74453850,74453850
032,112025,1324618,109694570,109694570
032,112025,1324618,109694584,109694584
032,112025,1324618,114267355,114267355
032,112025,1324618,114267363,114267363
032,112025,1324618,114267396,114267396
032,112025,1324618,114271659,114271659
032,112025,1324618,114338696,114338696
032,112025,1324618,114392051,114392051
032,112025,1324917,11520132,11520132
032,112025,1324917,11520214,11520214
032,112025,1324917,11717001,11717001
032,112025,1324917,11719991,11719991
032,112025,1324917,11720708,11720708
032,112025,1324917,11720711,11720711
032,112025,1324917,11721074,11721074
032,112025,1324917,11721077,11721077
032,112025,1324917,11721080,11721080
032,112025,1324917,11721083,11721083
032,112025,1324917,11721086,11721086
032,112025,1324917,11721093,11721093
032,112025,1324917,11721100,11721100
032,112025,1324917,11721107,11721107
032,112025,1324917,11721117,11721117
032,112025,1324917,11721120,11721120
032,112025,1324917,11721123,11721123
032,112025,1324917,11721126,11721126
032,112025,1324917,11721133,11721133
032,112025,1324917,11721140,11721140
032,112025,1324917,11721143,11721143
032,112025,1324917,11721146,11721146
032,112025,1324917,11721149,11721149
032,112025,1324917,11721158,11721158
032,112025,1324917,11721161,11721161
032,112025,1324917,11721164,11721164
032,112025,1324917,11721167,11721167
032,112025,1324917,11721170,11721170
032,112025,1324917,11721173,11721173
032,112025,1324917,11721176,11721176
032,112025,1324917,11721179,11721179
032,112025,1324917,11721188,11721188
032,112025,1324917,11721191,11721191
032,112025,1324917,11721194,11721194
032,112025,1324917,11721197,11721197
032,112025,1324917,11722152,11722152
032,112025,1324917,11722155,11722155
032,112025,1324917,11722195,11722195
032,112025,1324917,11722198,11722198
032,112025,1324917,11722211,11722211
032,112025,1324917,11729305,11729305
032,112025,1324917,11729308,11729308
032,112025,1324917,11729311,11729311
032,112025,1324917,11729318,11729318
032,112025,1324917,11730355,11730355
032,112025,1324917,11730362,11730362
032,112025,1324917,11730407,11730407
032,112025,1324917,11730410,11730410
032,112025,1324917,11730883,11730883
032,112025,1324917,11730886,11730886
032,112025,1324917,11730917,11730917
032,112025,1324917,11730920,11730920
032,112025,1324917,11730923,11730923
032,112025,1324917,11730928,11730928
032,112025,1324917,11731099,11731099
032,112025,1324917,11731104,11731104
032,112025,1324917,11731739,11731739
032,112025,1324917,11731742,11731742
032,112025,1324917,11731815,11731815
032,112025,1324917,11731822,11731822
032,112025,1324917,11732517,11732517
032,112025,1324917,18473388,18473388
032,112025,1324917,18473498,18473498
032,112025,1324917,25210161,25210161
032,112025,1324917,25210168,25210168
032,112025,1324917,25417017,25417017
032,112025,1324917,25417050,25417050
032,112025,1324917,25417355,25417355
032,112025,1324917,25417363,25417363
032,112025,1324917,34025807,34025807
032,112025,1324917,74127322,74127322
032,112025,1324917,109595686,109595686
032,112025,1324917,109610089,109610089
032,112025,1324917,109620237,109620237
032,112025,1324917,109620249,109620249
032,112025,1324917,109839136,109839136
032,112025,1324917,111821178,111821178
032,112025,1324917,111821181,111821181
032,112025,1324917,112304376,112304376
032,112025,1324917,112304388,112304388
032,112025,1324917,112399012,112399012
032,112025,1324917,112882456,112882456
032,112025,1324917,112883757,112883757
032,112025,1324917,112884811,112884811
032,112025,1324917,112884814,112884814
032,112025,1324917,113081500,113081500
032,112025,1324917,113081503,113081503
032,112025,1324917,113098165,113098165
032,112025,1324917,113251166,113251166
032,112025,1324917,113257718,113257718
032,112025,1324917,113257721,113257721
032,112025,1324917,113478984,113478984
032,112025,1324917,113950752,113950752
032,112025,1327539,11519694,11519694
032,112025,1327539,11519701,11519701
032,112025,1327539,11520277,11520277
032,112025,1327539,11716918,11716918
032,112025,1327539,11716928,11716928
032,112025,1327539,11716931,11716931
032,112025,1327539,11716934,11716934
032,112025,1327539,11716937,11716937
032,112025,1327539,11719994,11719994
032,112025,1327539,11720021,11720021
032,112025,1327539,11720224,11720224
032,112025,1327539,11720227,11720227
032,112025,1327539,11720350,11720350
032,112025,1327539,11720379,11720379
032,112025,1327539,11720714,11720714
032,112025,1327539,11720721,11720721
032,112025,1327539,11720728,11720728
032,112025,1327539,11720735,11720735
032,112025,1327539,11720790,11720790
032,112025,1327539,11720795,11720795
032,112025,1327539,11720800,11720800
032,112025,1327539,11720803,11720803
032,112025,1327539,11720806,11720806
032,112025,1327539,11720809,11720809
032,112025,1327539,11720812,11720812
032,112025,1327539,11720817,11720817
032,112025,1327539,11720822,11720822
032,112025,1327539,11720827,11720827
032,112025,1327539,11720832,11720832
032,112025,1327539,11720839,11720839
032,112025,1327539,11720846,11720846
032,112025,1327539,11720849,11720849
032,112025,1327539,11720852,11720852
032,112025,1327539,11720855,11720855
032,112025,1327539,11720858,11720858
032,112025,1327539,11720861,11720861
032,112025,1327539,11720864,11720864
032,112025,1327539,11720871,11720871
032,112025,1327539,11720878,11720878
032,112025,1326297,11732324,11732324
032,112025,1326297,11732367,11732367
032,112025,1326297,11732370,11732370
032,112025,1326297,11732373,11732373
032,112025,1326297,11732392,11732392
032,112025,1326297,11732395,11732395
032,112025,1326297,11732398,11732398
032,112025,1326297,11732401,11732401
032,112025,1326297,11732404,11732404
032,112025,1326297,11732407,11732407
032,112025,1326297,11732511,11732511
032,112025,1326297,11732514,11732514
032,112025,1326297,19812582,19812582
032,112025,1326297,20469561,20469561
032,112025,1326297,20469568,20469568
032,112025,1326297,21131066,21131066
032,112025,1326297,21131094,21131094
032,112025,1326297,26275030,26275030
032,112025,1326297,26275716,26275716
032,112025,1326297,26755950,26755950
032,112025,1326297,26755957,26755957
032,112025,1329523,109595686,109595686
032,112025,1329523,109610089,109610089
032,112025,1329523,109620237,109620237
032,112025,1329523,109620249,109620249
032,112025,1329523,109839136,109839136
032,112025,1329523,111821178,111821178
032,112025,1329523,111821181,111821181
032,112025,1329523,112304376,112304376
032,112025,1329523,112304388,112304388
032,112025,1329523,112399012,112399012
032,112025,1329523,112882456,112882456
032,112025,1329523,112883757,112883757
032,112025,1329523,112884811,112884811
032,112025,1329523,112884814,112884814
032,112025,1329523,113081500,113081500
032,112025,1329523,113081503,113081503
032,112025,1329523,113098165,113098165
032,112025,1329523,113251166,113251166
032,112025,1329523,113257718,113257718
032,112025,1329523,113257721,113257721
032,112025,1329523,113478984,113478984
032,112025,1329523,113950752,113950752
032,112025,1329523,11520132,11520132
032,112025,1329523,11520214,11520214
032,112025,1329523,11717001,11717001
032,112025,1329523,11719991,11719991
032,112025,1329523,11720708,11720708
032,112025,1329523,11720711,11720711
032,112025,1329523,11721074,11721074
032,112025,1329523,11721077,11721077
032,112025,1329523,11721080,11721080
032,112025,1329523,11721083,11721083
032,112025,1329523,11721086,11721086
032,112025,1329523,11721093,11721093
032,112025,1329523,11721100,11721100
032,112025,1329523,11721107,11721107
032,112025,1329523,11721117,11721117
032,112025,1329523,11721120,11721120
032,112025,1329523,11721123,11721123
032,112025,1329523,11721126,11721126
032,112025,1329523,11721133,11721133
032,112025,1329523,11721140,11721140
032,112025,1329523,11721143,11721143
032,112025,1329523,11721146,11721146
032,112025,1329523,11721149,11721149
032,112025,1329523,11721158,11721158
032,112025,1329523,11721161,11721161
032,112025,1329523,11721164,11721164
032,112025,1329523,11721167,11721167
032,112025,1329523,11721170,11721170
032,112025,1329523,11721173,11721173
032,112025,1329523,11721176,11721176
032,112025,1329523,11721179,11721179
032,112025,1329523,11721188,11721188
032,112025,1329523,11721191,11721191
032,112025,1329523,11721194,11721194
032,112025,1329523,11721197,11721197
032,112025,1327348,11519708,11519708
032,112025,1327348,11520312,11520312
032,112025,1327348,11520326,11520326
032,112025,1327348,11722201,11722201
032,112025,1327348,11722204,11722204
032,112025,1327348,20396564,20396564
032,112025,1327348,113423352,113423352
032,112025,1327348,113629174,113629174
032,112025,1327348,113629178,113629178
032,112025,1327348,113630698,113630698
032,112025,1327348,113630701,113630701
032,112025,1327415,11519708,11519708
032,112025,1327415,11520312,11520312
032,112025,1327415,11520326,11520326
032,112025,1327415,11722201,11722201
032,112025,1327415,11722204,11722204
032,112025,1327415,20396564,20396564
032,112025,1327415,113423352,113423352
032,112025,1327415,113629174,113629174
032,112025,1327415,113629178,113629178
032,112025,1327415,113630698,113630698
032,112025,1327415,113630701,113630701
032,112025,1328434,11720812,11720812
032,112025,1328434,11720817,11720817
032,112025,1328434,11720822,11720822
032,112025,1328434,11720827,11720827
032,112025,1328434,11720832,11720832
032,112025,1328434,11720839,11720839
032,112025,1328434,11720846,11720846
032,112025,1328434,11720849,11720849
032,112025,1328434,11720852,11720852
032,112025,1328434,11720855,11720855
032,112025,1328434,11720858,11720858
032,112025,1328434,11720861,11720861
032,112025,1328434,11720864,11720864
032,112025,1328434,11720871,11720871
032,112025,1328434,11720878,11720878
032,112025,1328434,11720881,11720881
032,112025,1328434,11720898,11720898
032,112025,1328434,11720901,11720901
032,112025,1328434,11720908,11720908
032,112025,1328434,11720913,11720913
032,112025,1328434,11720924,11720924
032,112025,1328434,11720927,11720927
032,112025,1328434,11720930,11720930
032,112025,1328434,11720933,11720933
032,112025,1328434,11720936,11720936
032,112025,1328434,11720941,11720941
032,112025,1328434,11720964,11720964
032,112025,1328434,11720971,11720971
032,112025,1328434,11722164,11722164
032,112025,1328434,11722167,11722167
032,112025,1328434,11722189,11722189
032,112025,1328434,11722192,11722192
032,112025,1328434,11722221,11722221
032,112025,1328434,11722224,11722224
032,112025,1328434,11722233,11722233
032,112025,1328434,11722236,11722236
032,112025,1328434,11722239,11722239
032,112025,1328434,11722242,11722242
032,112025,1328312,11721059,11721059
032,112025,1328312,11721062,11721062
032,112025,1328312,11721065,11721065
032,112025,1328312,11721068,11721068
032,112025,1328312,11721071,11721071
032,112025,1328312,11721969,11721969
032,112025,1328312,11721976,11721976
032,112025,1327718,109694570,109694570
032,112025,1327718,109694584,109694584
032,112025,1327718,114267355,114267355
032,112025,1327718,114267363,114267363
032,112025,1327718,114267396,114267396
032,112025,1327718,114271659,114271659
032,112025,1327718,114338696,114338696
032,112025,1327718,114392051,114392051
032,112025,1327718,11732176,11732176
032,112025,1327718,11732179,11732179
032,112025,1327718,12639616,12639616
032,112025,1327718,19701101,19701101
032,112025,1327718,21157635,21157635
032,112025,1327718,21157642,21157642
032,112025,1327718,21157649,21157649
032,112025,1327718,21157656,21157656
032,112025,1327718,21157680,21157680
032,112025,1327718,74453850,74453850
032,112025,1343054,109595686,109595686
032,112025,1343054,109610089,109610089
032,112025,1343054,109620237,109620237
032,112025,1343054,109620249,109620249
032,112025,1343054,109839136,109839136
032,112025,1343054,111821178,111821178
032,112025,1343054,111821181,111821181
032,112025,1343054,112304376,112304376
032,112025,1343054,112304388,112304388
032,112025,1343054,112399012,112399012
032,112025,1343054,112882456,112882456
032,112025,1343054,112883757,112883757
032,112025,1343054,112884811,112884811
032,112025,1343054,112884814,112884814
032,112025,1343054,113081500,113081500
032,112025,1343054,113081503,113081503
032,112025,1343054,113098165,113098165
032,112025,1343054,113251166,113251166
032,112025,1343054,113257718,113257718
032,112025,1343054,113257721,113257721
032,112025,1343054,113478984,113478984
032,112025,1343054,113950752,113950752
032,112025,1343054,11520132,11520132
032,112025,1343054,11520214,11520214
032,112025,1343054,11717001,11717001
032,112025,1343054,11719991,11719991
032,112025,1343054,11721074,11721074
032,112025,1343054,11721077,11721077
032,112025,1343054,11721080,11721080
032,112025,1343054,11721083,11721083
032,112025,1343054,11721086,11721086
032,112025,1343054,11721093,11721093
032,112025,1343054,11721100,11721100
032,112025,1343054,11721107,11721107
032,112025,1343054,11721117,11721117
032,112025,1343054,11721120,11721120
032,112025,1343054,11721123,11721123
032,112025,1343054,11721126,11721126
032,112025,1343054,11721133,11721133
032,112025,1343054,11721140,11721140
032,112025,1343054,11721143,11721143
032,112025,1343054,11721146,11721146
032,112025,1343054,11721149,11721149
032,112025,1343054,11721158,11721158
032,112025,1343054,11721161,11721161
032,112025,1343054,11721164,11721164
032,112025,1343054,11721167,11721167
032,112025,1343054,11721170,11721170
032,112025,1343054,11721173,11721173
032,112025,1343054,11721176,11721176
032,112025,1343054,11721179,11721179
032,112025,1343054,11721188,11721188
032,112025,1343054,11721191,11721191
032,112025,1343054,11721194,11721194
032,112025,1343054,11721197,11721197
032,112025,1343054,11722152,11722152
032,112025,1343054,11722155,11722155
032,112025,1343054,11722195,11722195
032,112025,1343054,11722198,11722198
032,112025,1343054,11722211,11722211
032,112025,1343054,11729305,11729305
032,112025,1343054,11729308,11729308
032,112025,1343054,11729311,11729311
032,112025,1343054,11729318,11729318
032,112025,1343054,11730355,11730355
032,112025,1343054,11730362,11730362
032,112025,1343054,11730407,11730407
032,112025,1343054,11730410,11730410
032,112025,1343054,11730883,11730883
032,112025,1343054,11730886,11730886
032,112025,1343054,11730917,11730917
032,112025,1343054,11730920,11730920
032,112025,1343054,11730923,11730923
032,112025,1343054,11730928,11730928
032,112025,1343054,11731099,11731099
032,112025,1343054,11731104,11731104
032,112025,1343054,11731739,11731739
032,112025,1343054,11731742,11731742
032,112025,1343054,11731815,11731815
032,112025,1343054,11731822,11731822
032,112025,1343054,11732517,11732517
032,112025,1343054,18473388,18473388
032,112025,1343054,18473498,18473498
032,112025,1343054,25210161,25210161
032,112025,1343054,25210168,25210168
032,112025,1343054,25417017,25417017
032,112025,1343054,25417050,25417050
032,112025,1343054,25417355,25417355
032,112025,1343054,25417363,25417363
032,112025,1343054,34025807,34025807
032,112025,1343054,74127322,74127322
032,112025,1327539,11720881,11720881
032,112025,1327539,11720898,11720898
032,112025,1327539,11720901,11720901
032,112025,1327539,11720908,11720908
032,112025,1327539,11720913,11720913
032,112025,1327539,11720924,11720924
032,112025,1327539,11720927,11720927
032,112025,1327539,11720930,11720930
032,112025,1327539,11720933,11720933
032,112025,1327539,11720936,11720936
032,112025,1327539,11720941,11720941
032,112025,1327539,11720964,11720964
032,112025,1327539,11720971,11720971
032,112025,1327539,11722164,11722164
032,112025,1327539,11722167,11722167
032,112025,1327539,11722189,11722189
032,112025,1327539,11722192,11722192
032,112025,1327539,11722221,11722221
032,112025,1327539,11722224,11722224
032,112025,1327539,11722233,11722233
032,112025,1327539,11722236,11722236
032,112025,1327539,11722239,11722239
032,112025,1327539,11722242,11722242
032,112025,1327539,11722245,11722245
032,112025,1327539,11722248,11722248
032,112025,1327539,11729387,11729387
032,112025,1327539,11729390,11729390
032,112025,1327539,108338174,108338174
032,112025,1327539,109021498,109021498
032,112025,1327539,109022626,109022626
032,112025,1327539,109022634,109022634
032,112025,1327539,109114727,109114727
032,112025,1327539,109133026,109133026
032,112025,1327539,109133033,109133033
032,112025,1327539,109167862,109167862
032,112025,1327539,109167877,109167877
032,112025,1327539,109848524,109848524
032,112025,1327539,109848527,109848527
032,112025,1327539,110006875,110006875
032,112025,1327539,110768488,110768488
032,112025,1327539,110768504,110768504
032,112025,1327539,112782890,112782890
032,112025,1327539,112782897,112782897
032,112025,1327539,112782935,112782935
032,112025,1327539,112782942,112782942
032,112025,1327539,112832512,112832512
032,112025,1327539,112832515,112832515
032,112025,1327539,112834367,112834367
032,112025,1327539,112834370,112834370
032,112025,1327539,112834385,112834385
032,112025,1327539,112834388,112834388
032,112025,1327539,112834473,112834473
032,112025,1327539,112834476,112834476
032,112025,1327539,112985667,112985667
032,112025,1327539,112985670,112985670
032,112025,1327539,113013549,113013549
032,112025,1327539,113013552,113013552
032,112025,1327539,113014664,113014664
032,112025,1327539,113014667,113014667
032,112025,1327539,113212076,113212076
032,112025,1327539,113260246,113260246
032,112025,1327539,113260249,113260249
032,112025,1327539,113580560,113580560
032,112025,1327539,113580564,113580564
032,112025,1327539,113580599,113580599
032,112025,1327539,113580618,113580618
032,112025,1327539,113584341,113584341
032,112025,1327539,113584344,113584344
032,112025,1327539,113851859,113851859
032,112025,1327539,113949982,113949982
032,112025,1327539,113949990,113949990
032,112025,1327539,114123615,114123615
032,112025,1327539,114130052,114130052
032,112025,1327539,114130055,114130055
032,112025,1327539,114395586,114395586
032,112025,1327539,11729393,11729393
032,112025,1327539,11729396,11729396
032,112025,1327539,11729399,11729399
032,112025,1327539,11729402,11729402
032,112025,1327539,11729405,11729405
032,112025,1327539,11729410,11729410
032,112025,1327539,11729421,11729421
032,112025,1327539,11729428,11729428
032,112025,1327539,11729469,11729469
032,112025,1327539,11729559,11729559
032,112025,1327539,11729566,11729566
032,112025,1327539,11729569,11729569
032,112025,1327539,11729576,11729576
032,112025,1327539,11729583,11729583
032,112025,1327539,11729586,11729586
032,112025,1327539,11729721,11729721
032,112025,1327539,11729724,11729724
032,112025,1327539,11729828,11729828
032,112025,1327539,11729831,11729831
032,112025,1327539,11729988,11729988
032,112025,1327539,11729993,11729993
032,112025,1327539,11730086,11730086
032,112025,1327539,11730089,11730089
032,112025,1327539,11730937,11730937
032,112025,1327539,11730940,11730940
032,112025,1327539,11730943,11730943
032,112025,1327539,11730946,11730946
032,112025,1327539,11730983,11730983
032,112025,1327539,11730990,11730990
032,112025,1327539,11731237,11731237
032,112025,1327539,11731240,11731240
032,112025,1327539,11731320,11731320
032,112025,1327539,11731691,11731691
032,112025,1327539,11731694,11731694
032,112025,1327539,11731827,11731827
032,112025,1327539,11731832,11731832
032,112025,1327539,11731837,11731837
032,112025,1327539,11731842,11731842
032,112025,1327539,11731847,11731847
032,112025,1327539,11731852,11731852
032,112025,1327539,11731857,11731857
032,112025,1327539,11731862,11731862
032,112025,1327539,11732103,11732103
032,112025,1327539,11732110,11732110
032,112025,1327539,11732115,11732115
032,112025,1327539,11732120,11732120
032,112025,1327539,11732125,11732125
032,112025,1327539,11732130,11732130
032,112025,1327539,11732135,11732135
032,112025,1327539,11732140,11732140
032,112025,1327539,11732145,11732145
032,112025,1327539,11732150,11732150
032,112025,1327539,11732155,11732155
032,112025,1327539,11732166,11732166
032,112025,1327539,11732171,11732171
032,112025,1327539,11732182,11732182
032,112025,1327539,11732189,11732189
032,112025,1327539,11732205,11732205
032,112025,1327539,11732210,11732210
032,112025,1327539,11732215,11732215
032,112025,1327539,11732220,11732220
032,112025,1327539,11732225,11732225
032,112025,1327539,11732230,11732230
032,112025,1327539,11732235,11732235
032,112025,1327539,11732240,11732240
032,112025,1327539,11732245,11732245
032,112025,1327539,11732250,11732250
032,112025,1327539,11732255,11732255
032,112025,1327539,11732260,11732260
032,112025,1327539,11732265,11732265
032,112025,1327469,11730917,11730917
032,112025,1327469,11730920,11730920
032,112025,1327469,11730923,11730923
032,112025,1327469,11730928,11730928
032,112025,1327469,11731099,11731099
032,112025,1327469,11731104,11731104
032,112025,1327469,11731739,11731739
032,112025,1327469,11731742,11731742
032,112025,1327469,11731815,11731815
032,112025,1327469,11731822,11731822
032,112025,1327469,11732517,11732517
032,112025,1327469,18473388,18473388
032,112025,1327469,18473498,18473498
032,112025,1327469,25210161,25210161
032,112025,1327469,25210168,25210168
032,112025,1327469,25417017,25417017
032,112025,1327469,25417050,25417050
032,112025,1327469,25417355,25417355
032,112025,1327469,25417363,25417363
032,112025,1327469,34025807,34025807
032,112025,1327469,74127322,74127322
032,112025,1327469,109595686,109595686
032,112025,1327469,109610089,109610089
032,112025,1327469,109620237,109620237
032,112025,1327469,109620249,109620249
032,112025,1327469,109839136,109839136
032,112025,1327469,111821178,111821178
032,112025,1327469,111821181,111821181
032,112025,1327469,112304376,112304376
032,112025,1327469,112304388,112304388
032,112025,1327469,112399012,112399012
032,112025,1327469,112882456,112882456
032,112025,1327469,112883757,112883757
032,112025,1327469,112884811,112884811
032,112025,1327469,112884814,112884814
032,112025,1327469,113081500,113081500
032,112025,1327469,113081503,113081503
032,112025,1327469,113098165,113098165
032,112025,1327469,113251166,113251166
032,112025,1327469,113257718,113257718
032,112025,1327469,113257721,113257721
032,112025,1327469,113478984,113478984
032,112025,1327469,113950752,113950752
032,112025,1328009,11519715,11519715
032,112025,1328009,11716925,11716925
032,112025,1328009,11716998,11716998
032,112025,1328009,11717008,11717008
032,112025,1328009,11717011,11717011
032,112025,1328009,11717014,11717014
032,112025,1328009,11717017,11717017
032,112025,1328009,11717020,11717020
032,112025,1328009,11720290,11720290
032,112025,1328009,11720754,11720754
032,112025,1328009,11720757,11720757
032,112025,1328009,11720760,11720760
032,112025,1328009,11720763,11720763
032,112025,1328009,11720766,11720766
032,112025,1328009,11720769,11720769
032,112025,1328009,11720772,11720772
032,112025,1328009,11720775,11720775
032,112025,1328009,11720784,11720784
032,112025,1328009,11720787,11720787
032,112025,1328009,11721002,11721002
032,112025,1328009,11721005,11721005
032,112025,1328009,11721011,11721011
032,112025,1328009,11721026,11721026
032,112025,1328009,11721029,11721029
032,112025,1328009,11721032,11721032
032,112025,1328009,11721035,11721035
032,112025,1328009,11721038,11721038
032,112025,1328009,11721041,11721041
032,112025,1328009,11721044,11721044
032,112025,1328009,11721047,11721047
032,112025,1328009,11721050,11721050
032,112025,1328009,11721053,11721053
032,112025,1328009,11721056,11721056
032,112025,1328009,11721059,11721059
032,112025,1328009,11721062,11721062
032,112025,1328009,11721065,11721065
032,112025,1328009,11721068,11721068
032,112025,1328009,11721071,11721071
032,112025,1328009,11721969,11721969
032,112025,1328009,11721976,11721976
032,112025,1328009,11722170,11722170
032,112025,1328009,11722173,11722173
032,112025,1328009,11722227,11722227
032,112025,1328009,11722230,11722230
032,112025,1328009,11729211,11729211
032,112025,1328009,11729214,11729214
032,112025,1328009,11729331,11729331
032,112025,1328009,11729334,11729334
032,112025,1328009,11729968,11729968
032,112025,1328009,11729971,11729971
032,112025,1328009,11730397,11730397
032,112025,1328009,11730400,11730400
032,112025,1328009,11730541,11730541
032,112025,1328009,11730548,11730548
032,112025,1328009,11730551,11730551
032,112025,1328009,11730554,11730554
032,112025,1328009,11730961,11730961
032,112025,1328009,11730964,11730964
032,112025,1328009,11730967,11730967
032,112025,1328009,11730970,11730970
032,112025,1328009,11731069,11731069
032,112025,1328009,11731076,11731076
032,112025,1328009,11731083,11731083
032,112025,1328009,11731086,11731086
032,112025,1328009,11731109,11731109
032,112025,1328009,11731112,11731112
032,112025,1328009,11731263,11731263
032,112025,1328009,11731266,11731266
032,112025,1328009,11731269,11731269
032,112025,1328009,11731272,11731272
032,112025,1328009,12868911,12868911
032,112025,1328009,17751939,17751939
032,112025,1328009,32290945,32290945
032,112025,1328009,112458846,112458846
032,112025,1328009,112458857,112458857
032,112025,1328009,113405718,113405718
032,112025,1328009,113446996,113446996
032,112025,1328009,114339759,114339759
032,112025,1328009,114467063,114467063
032,112025,1328009,114481611,114481611
032,112025,1329789,11519694,11519694
032,112025,1329789,11519701,11519701
032,112025,1329789,108338174,108338174
032,112025,1329789,109021498,109021498
032,112025,1329789,109022626,109022626
032,112025,1329789,109022634,109022634
032,112025,1329789,109114727,109114727
032,112025,1329789,109133026,109133026
032,112025,1329789,109133033,109133033
032,112025,1329789,109167862,109167862
032,112025,1329789,109167877,109167877
032,112025,1329789,109848524,109848524
032,112025,1329789,109848527,109848527
032,112025,1329789,110006875,110006875
032,112025,1329789,110768488,110768488
032,112025,1329789,110768504,110768504
032,112025,1329789,112782890,112782890
032,112025,1329789,112782897,112782897
032,112025,1329789,112782935,112782935
032,112025,1329789,112782942,112782942
032,112025,1329789,112832512,112832512
032,112025,1329789,112832515,112832515
032,112025,1324386,11720766,11720766
032,112025,1324386,11720769,11720769
032,112025,1324386,11720772,11720772
032,112025,1324386,11720775,11720775
032,112025,1324386,11720784,11720784
032,112025,1324386,11720787,11720787
032,112025,1324386,11721002,11721002
032,112025,1324386,11721005,11721005
032,112025,1324386,11721011,11721011
032,112025,1324386,11721026,11721026
032,112025,1324386,11721029,11721029
032,112025,1324386,11721032,11721032
032,112025,1324386,11721035,11721035
032,112025,1324386,11721038,11721038
032,112025,1324386,11721041,11721041
032,112025,1324386,11721044,11721044
032,112025,1324386,11721047,11721047
032,112025,1324386,11721050,11721050
032,112025,1324386,11721053,11721053
032,112025,1324386,11721056,11721056
032,112025,1324386,11721059,11721059
032,112025,1324386,11721062,11721062
032,112025,1324386,11721065,11721065
032,112025,1324386,11721068,11721068
032,112025,1324386,11721071,11721071
032,112025,1324386,11721969,11721969
032,112025,1324386,11721976,11721976
032,112025,1324386,11722170,11722170
032,112025,1324386,11722173,11722173
032,112025,1324386,11722227,11722227
032,112025,1324386,11722230,11722230
032,112025,1324386,11729211,11729211
032,112025,1324386,11729214,11729214
032,112025,1324386,11729331,11729331
032,112025,1324386,11729334,11729334
032,112025,1324386,11729968,11729968
032,112025,1324386,11729971,11729971
032,112025,1324386,11730397,11730397
032,112025,1324386,11730400,11730400
032,112025,1324386,11730541,11730541
032,112025,1324386,11730548,11730548
032,112025,1324386,11730551,11730551
032,112025,1324386,11730554,11730554
032,112025,1324386,11730961,11730961
032,112025,1324386,11730964,11730964
032,112025,1324386,11730967,11730967
032,112025,1324386,11730970,11730970
032,112025,1324386,11731069,11731069
032,112025,1324386,11731076,11731076
032,112025,1324386,11731083,11731083
032,112025,1324386,11731086,11731086
032,112025,1324386,11731109,11731109
032,112025,1324386,11731112,11731112
032,112025,1324386,11731263,11731263
032,112025,1324386,11731266,11731266
032,112025,1324386,11731269,11731269
032,112025,1324386,11731272,11731272
032,112025,1324386,12868911,12868911
032,112025,1324386,17751939,17751939
032,112025,1324386,32290945,32290945
032,112025,1324386,112458846,112458846
032,112025,1324386,112458857,112458857
032,112025,1324386,113405718,113405718
032,112025,1324386,113446996,113446996
032,112025,1324386,114339759,114339759
032,112025,1324386,114467063,114467063
032,112025,1324386,114481611,114481611
032,112025,1324958,11519694,11519694
032,112025,1324958,11519701,11519701
032,112025,1324958,11520277,11520277
032,112025,1324958,11716918,11716918
032,112025,1324958,11716928,11716928
032,112025,1324958,11716931,11716931
032,112025,1324958,11716934,11716934
032,112025,1324958,11716937,11716937
032,112025,1324958,11719994,11719994
032,112025,1324958,11720021,11720021
032,112025,1324958,11720224,11720224
032,112025,1324958,11720227,11720227
032,112025,1324958,11720350,11720350
032,112025,1324958,11720379,11720379
032,112025,1324958,11720714,11720714
032,112025,1324958,11720721,11720721
032,112025,1324958,11720728,11720728
032,112025,1324958,11720735,11720735
032,112025,1324958,11720790,11720790
032,112025,1324958,11720795,11720795
032,112025,1324958,11720800,11720800
032,112025,1324958,11720803,11720803
032,112025,1324958,11720806,11720806
032,112025,1324958,11720809,11720809
032,112025,1324958,11720812,11720812
032,112025,1324958,11720817,11720817
032,112025,1324958,11720822,11720822
032,112025,1324958,11720827,11720827
032,112025,1324958,11720832,11720832
032,112025,1324958,108338174,108338174
032,112025,1324958,109021498,109021498
032,112025,1324958,109022626,109022626
032,112025,1324958,109022634,109022634
032,112025,1324958,109114727,109114727
032,112025,1324958,109133026,109133026
032,112025,1324958,109133033,109133033
032,112025,1324958,109167862,109167862
032,112025,1324958,109167877,109167877
032,112025,1324958,109848524,109848524
032,112025,1324958,109848527,109848527
032,112025,1324958,110006875,110006875
032,112025,1324958,110768488,110768488
032,112025,1324958,110768504,110768504
032,112025,1324958,112782890,112782890
032,112025,1324958,112782897,112782897
032,112025,1324958,112782935,112782935
032,112025,1324958,112782942,112782942
032,112025,1324958,112832512,112832512
032,112025,1324958,112832515,112832515
032,112025,1324958,112834367,112834367
032,112025,1324958,112834370,112834370
032,112025,1324958,112834385,112834385
032,112025,1324958,112834388,112834388
032,112025,1324958,112834473,112834473
032,112025,1324958,112834476,112834476
032,112025,1324958,112985667,112985667
032,112025,1324958,112985670,112985670
032,112025,1324958,113013549,113013549
032,112025,1324958,113013552,113013552
032,112025,1324958,113014664,113014664
032,112025,1324958,113014667,113014667
032,112025,1324958,113212076,113212076
032,112025,1324958,113260246,113260246
032,112025,1324958,113260249,113260249
032,112025,1324958,113580560,113580560
032,112025,1324958,113580564,113580564
032,112025,1324958,113580599,113580599
032,112025,1324958,113580618,113580618
032,112025,1324958,113584341,113584341
032,112025,1324958,113584344,113584344
032,112025,1324958,113851859,113851859
032,112025,1324958,113949982,113949982
032,112025,1324958,113949990,113949990
032,112025,1324958,114123615,114123615
032,112025,1324958,114130052,114130052
032,112025,1324958,114130055,114130055
032,112025,1324958,114395586,114395586
032,112025,1324958,11720839,11720839
032,112025,1328312,11722170,11722170
032,112025,1328312,11722173,11722173
032,112025,1328312,11722227,11722227
032,112025,1328312,11722230,11722230
032,112025,1328312,11729211,11729211
032,112025,1328312,11729214,11729214
032,112025,1328312,11729331,11729331
032,112025,1328312,11729334,11729334
032,112025,1328312,11729968,11729968
032,112025,1328312,11729971,11729971
032,112025,1328312,11730397,11730397
032,112025,1328312,11730400,11730400
032,112025,1328312,11730541,11730541
032,112025,1328312,11730548,11730548
032,112025,1328312,11730551,11730551
032,112025,1328312,11730554,11730554
032,112025,1328312,11730961,11730961
032,112025,1328312,11730964,11730964
032,112025,1328312,11730967,11730967
032,112025,1328312,11730970,11730970
032,112025,1328312,11731069,11731069
032,112025,1328312,11731076,11731076
032,112025,1328312,11731083,11731083
032,112025,1328312,11731086,11731086
032,112025,1328312,11731109,11731109
032,112025,1328312,11731112,11731112
032,112025,1328312,11731263,11731263
032,112025,1328312,11731266,11731266
032,112025,1328312,11731269,11731269
032,112025,1328312,11731272,11731272
032,112025,1328312,12868911,12868911
032,112025,1328312,17751939,17751939
032,112025,1328312,32290945,32290945
032,112025,1328312,11721026,11721026
032,112025,1328312,11721029,11721029
032,112025,1328312,11721032,11721032
032,112025,1328312,11721035,11721035
032,112025,1328312,11721038,11721038
032,112025,1328312,11721041,11721041
032,112025,1328312,11721044,11721044
032,112025,1328312,11721047,11721047
032,112025,1328312,11721050,11721050
032,112025,1328312,11721053,11721053
032,112025,1328312,11721056,11721056
032,112025,1328434,11519694,11519694
032,112025,1328434,11519701,11519701
032,112025,1328434,11520277,11520277
032,112025,1328434,11716918,11716918
032,112025,1328434,11716928,11716928
032,112025,1328434,11716931,11716931
032,112025,1328434,11716934,11716934
032,112025,1328434,11716937,11716937
032,112025,1328434,11719994,11719994
032,112025,1328434,11720021,11720021
032,112025,1328434,11720224,11720224
032,112025,1328434,11720227,11720227
032,112025,1328434,11720350,11720350
032,112025,1328434,11720379,11720379
032,112025,1328434,11720714,11720714
032,112025,1328434,11720721,11720721
032,112025,1328434,11720728,11720728
032,112025,1328434,11720735,11720735
032,112025,1328434,11720790,11720790
032,112025,1328434,11720795,11720795
032,112025,1328434,11720800,11720800
032,112025,1328434,11720803,11720803
032,112025,1328434,11720806,11720806
032,112025,1328434,11720809,11720809
032,112025,1328434,108338174,108338174
032,112025,1328434,109021498,109021498
032,112025,1328434,109022626,109022626
032,112025,1328434,109022634,109022634
032,112025,1328434,109114727,109114727
032,112025,1328434,109133026,109133026
032,112025,1328434,109133033,109133033
032,112025,1328434,109167862,109167862
032,112025,1328434,109167877,109167877
032,112025,1328434,109848524,109848524
032,112025,1328434,109848527,109848527
032,112025,1328434,110006875,110006875
032,112025,1328434,110768488,110768488
032,112025,1328434,110768504,110768504
032,112025,1328434,112782890,112782890
032,112025,1328434,112782897,112782897
032,112025,1328434,112782935,112782935
032,112025,1328434,112782942,112782942
032,112025,1328434,112832512,112832512
032,112025,1328434,112832515,112832515
032,112025,1328434,112834367,112834367
032,112025,1328434,112834370,112834370
032,112025,1328434,112834385,112834385
032,112025,1328434,112834388,112834388
032,112025,1328434,112834473,112834473
032,112025,1328434,112834476,112834476
032,112025,1328434,112985667,112985667
032,112025,1328434,112985670,112985670
032,112025,1328434,113013549,113013549
032,112025,1328434,113013552,113013552
032,112025,1328434,113014664,113014664
032,112025,1328434,113014667,113014667
032,112025,1328434,113212076,113212076
032,112025,1328434,113260246,113260246
032,112025,1328434,113260249,113260249
032,112025,1328434,113580560,113580560
032,112025,1328434,113580564,113580564
032,112025,1328434,113580599,113580599
032,112025,1328434,113580618,113580618
032,112025,1328434,113584341,113584341
032,112025,1328434,113584344,113584344
032,112025,1328434,113851859,113851859
032,112025,1328434,113949982,113949982
032,112025,1328434,113949990,113949990
032,112025,1328434,114123615,114123615
032,112025,1328434,114130052,114130052
032,112025,1328434,114130055,114130055
032,112025,1328434,114395586,114395586
032,112025,1329102,11520132,11520132
032,112025,1329102,11520214,11520214
032,112025,1329102,11717001,11717001
032,112025,1329102,11719991,11719991
032,112025,1329102,11720708,11720708
032,112025,1329102,11720711,11720711
032,112025,1329102,11721074,11721074
032,112025,1329102,11721077,11721077
032,112025,1329102,11721080,11721080
032,112025,1329102,11721083,11721083
032,112025,1329102,11721086,11721086
032,112025,1329102,11721093,11721093
032,112025,1329102,11721100,11721100
032,112025,1329102,11721107,11721107
032,112025,1329102,11721117,11721117
032,112025,1329102,11721120,11721120
032,112025,1329102,11721123,11721123
032,112025,1329102,11721126,11721126
032,112025,1329102,11721133,11721133
032,112025,1329102,11721140,11721140
032,112025,1329102,11721143,11721143
032,112025,1329102,11721146,11721146
032,112025,1329102,11721149,11721149
032,112025,1329102,11721158,11721158
032,112025,1329102,11721161,11721161
032,112025,1329102,11721164,11721164
032,112025,1329102,11721167,11721167
032,112025,1329102,11721170,11721170
032,112025,1329102,11721173,11721173
032,112025,1323937,113949990,113949990
032,112025,1323937,114123615,114123615
032,112025,1323937,114130052,114130052
032,112025,1323937,114130055,114130055
032,112025,1323937,114395586,114395586
032,112025,1323937,11519694,11519694
032,112025,1323937,11519701,11519701
032,112025,1323937,11520277,11520277
032,112025,1323937,11716918,11716918
032,112025,1323937,11716928,11716928
032,112025,1323937,11716931,11716931
032,112025,1323937,11716934,11716934
032,112025,1323937,11716937,11716937
032,112025,1323937,11719994,11719994
032,112025,1323937,11720021,11720021
032,112025,1323937,11720224,11720224
032,112025,1323937,11720227,11720227
032,112025,1323937,11720350,11720350
032,112025,1323937,11720379,11720379
032,112025,1323937,11720714,11720714
032,112025,1323937,11720721,11720721
032,112025,1323937,11720728,11720728
032,112025,1323937,11720735,11720735
032,112025,1323937,11720790,11720790
032,112025,1323937,11720795,11720795
032,112025,1323937,11720800,11720800
032,112025,1323937,11720803,11720803
032,112025,1323937,11720806,11720806
032,112025,1323937,11720809,11720809
032,112025,1323937,11720812,11720812
032,112025,1323937,11720817,11720817
032,112025,1323937,11720822,11720822
032,112025,1323937,11720827,11720827
032,112025,1323937,11720832,11720832
032,112025,1323937,11720839,11720839
032,112025,1323937,11720846,11720846
032,112025,1323937,11720849,11720849
032,112025,1323937,11720852,11720852
032,112025,1323937,11720855,11720855
032,112025,1323937,11720858,11720858
032,112025,1323937,11720861,11720861
032,112025,1323937,11720864,11720864
032,112025,1323937,11720871,11720871
032,112025,1323937,11720878,11720878
032,112025,1323937,11720881,11720881
032,112025,1323937,11720898,11720898
032,112025,1323937,11720901,11720901
032,112025,1323937,11720908,11720908
032,112025,1323937,11720913,11720913
032,112025,1323937,11720924,11720924
032,112025,1323937,11720927,11720927
032,112025,1323937,11720930,11720930
032,112025,1323937,11720933,11720933
032,112025,1323937,11720936,11720936
032,112025,1323937,11720941,11720941
032,112025,1323937,11720964,11720964
032,112025,1323937,11720971,11720971
032,112025,1323937,11722164,11722164
032,112025,1323937,11722167,11722167
032,112025,1323937,11722189,11722189
032,112025,1323937,11722192,11722192
032,112025,1323937,11722221,11722221
032,112025,1323937,11722224,11722224
032,112025,1323937,11722233,11722233
032,112025,1323937,11722236,11722236
032,112025,1323937,11722239,11722239
032,112025,1323937,11722242,11722242
032,112025,1323937,11722245,11722245
032,112025,1323937,11722248,11722248
032,112025,1323937,11729387,11729387
032,112025,1323937,11729390,11729390
032,112025,1323937,11729393,11729393
032,112025,1323937,11729396,11729396
032,112025,1323937,11729399,11729399
032,112025,1323937,11729402,11729402
032,112025,1323937,11729405,11729405
032,112025,1323937,11729410,11729410
032,112025,1323937,11729421,11729421
032,112025,1323937,11729428,11729428
032,112025,1323937,11729469,11729469
032,112025,1323937,11729559,11729559
032,112025,1323937,11729566,11729566
032,112025,1323937,11729569,11729569
032,112025,1323937,11729576,11729576
032,112025,1323937,11729583,11729583
032,112025,1323937,11729586,11729586
032,112025,1323937,11729721,11729721
032,112025,1323937,11729724,11729724
032,112025,1323937,11729828,11729828
032,112025,1323937,11729831,11729831
032,112025,1323937,11729988,11729988
032,112025,1323937,11729993,11729993
032,112025,1323937,11730086,11730086
032,112025,1323937,11730089,11730089
032,112025,1323937,11730937,11730937
032,112025,1323937,11730940,11730940
032,112025,1323937,11730943,11730943
032,112025,1323937,11730946,11730946
032,112025,1323937,11730983,11730983
032,112025,1323937,11730990,11730990
032,112025,1323937,11731237,11731237
032,112025,1323937,11731240,11731240
032,112025,1323937,11731320,11731320
032,112025,1323937,11731691,11731691
032,112025,1323937,11731694,11731694
032,112025,1323937,11731827,11731827
032,112025,1323937,11731832,11731832
032,112025,1323937,11731837,11731837
032,112025,1323937,11731842,11731842
032,112025,1323937,11731847,11731847
032,112025,1323937,11731852,11731852
032,112025,1324901,11519694,11519694
032,112025,1324901,11519701,11519701
032,112025,1324901,11520277,11520277
032,112025,1324901,11716918,11716918
032,112025,1324901,11716928,11716928
032,112025,1324901,11716931,11716931
032,112025,1324901,11716934,11716934
032,112025,1324901,11716937,11716937
032,112025,1324901,11719994,11719994
032,112025,1324901,11720021,11720021
032,112025,1324901,11720224,11720224
032,112025,1324901,11720227,11720227
032,112025,1324901,11720350,11720350
032,112025,1324901,11720379,11720379
032,112025,1324901,11720714,11720714
032,112025,1324901,11720721,11720721
032,112025,1324901,11720728,11720728
032,112025,1324901,11720735,11720735
032,112025,1324901,11720790,11720790
032,112025,1324901,11720795,11720795
032,112025,1324901,11720800,11720800
032,112025,1324901,11720803,11720803
032,112025,1324901,11720806,11720806
032,112025,1324901,11720809,11720809
032,112025,1324901,11720812,11720812
032,112025,1324901,11720817,11720817
032,112025,1324901,11720822,11720822
032,112025,1324901,11720827,11720827
032,112025,1324901,11720832,11720832
032,112025,1324901,11720839,11720839
032,112025,1324901,11720846,11720846
032,112025,1324901,11720849,11720849
032,112025,1324901,11720852,11720852
032,112025,1324901,11720855,11720855
032,112025,1327539,11732270,11732270
032,112025,1327539,11732321,11732321
032,112025,1327539,11732324,11732324
032,112025,1327539,11732367,11732367
032,112025,1327539,11732370,11732370
032,112025,1327539,11732373,11732373
032,112025,1327539,11732392,11732392
032,112025,1327539,11732395,11732395
032,112025,1327539,11732398,11732398
032,112025,1327539,11732401,11732401
032,112025,1327539,11732404,11732404
032,112025,1327539,11732407,11732407
032,112025,1327539,11732511,11732511
032,112025,1327539,11732514,11732514
032,112025,1327539,19812582,19812582
032,112025,1327539,20469561,20469561
032,112025,1327539,20469568,20469568
032,112025,1327539,21131066,21131066
032,112025,1327539,21131094,21131094
032,112025,1327539,26275030,26275030
032,112025,1327539,26275716,26275716
032,112025,1327539,26755950,26755950
032,112025,1327539,26755957,26755957
032,112025,1327539,26756459,26756459
032,112025,1327539,26756467,26756467
032,112025,1327539,26756789,26756789
032,112025,1327539,26756796,26756796
032,112025,1327539,26756993,26756993
032,112025,1327539,26757005,26757005
032,112025,1327539,30002257,30002257
032,112025,1327539,30105635,30105635
032,112025,1327484,112458846,112458846
032,112025,1327484,112458857,112458857
032,112025,1327484,113405718,113405718
032,112025,1327484,114339759,114339759
032,112025,1327484,114467063,114467063
032,112025,1327484,114481611,114481611
032,112025,1327484,11519715,11519715
032,112025,1327484,11716925,11716925
032,112025,1327484,11716998,11716998
032,112025,1327484,11717008,11717008
032,112025,1327484,11717011,11717011
032,112025,1327484,11717014,11717014
032,112025,1327484,11717017,11717017
032,112025,1327484,11717020,11717020
032,112025,1327484,11720754,11720754
032,112025,1327484,11720757,11720757
032,112025,1327484,11720760,11720760
032,112025,1327484,11720763,11720763
032,112025,1327484,11720766,11720766
032,112025,1327484,11720769,11720769
032,112025,1327484,11720784,11720784
032,112025,1327484,11721005,11721005
032,112025,1327484,11721011,11721011
032,112025,1327484,11721038,11721038
032,112025,1327484,11721041,11721041
032,112025,1327484,11721044,11721044
032,112025,1327484,11721047,11721047
032,112025,1327484,11721050,11721050
032,112025,1327484,11721053,11721053
032,112025,1327484,11721976,11721976
032,112025,1327484,11722227,11722227
032,112025,1327484,11722230,11722230
032,112025,1327484,11730397,11730397
032,112025,1327484,11730400,11730400
032,112025,1327484,11730961,11730961
032,112025,1327484,11730964,11730964
032,112025,1327484,11730967,11730967
032,112025,1327484,11730970,11730970
032,112025,1327484,11731109,11731109
032,112025,1327484,11731112,11731112
032,112025,1327484,11731269,11731269
032,112025,1327484,11731272,11731272
032,112025,1327484,12868911,12868911
032,112025,1327484,17751939,17751939
032,112025,1327484,32290945,32290945
032,112025,1328962,11520132,11520132
032,112025,1328962,11520214,11520214
032,112025,1328962,11717001,11717001
032,112025,1328962,11719991,11719991
032,112025,1328962,11720708,11720708
032,112025,1328962,11720711,11720711
032,112025,1328962,11721074,11721074
032,112025,1328962,11721077,11721077
032,112025,1328962,11721080,11721080
032,112025,1328962,11721083,11721083
032,112025,1328962,11721086,11721086
032,112025,1328962,11721093,11721093
032,112025,1328962,11721100,11721100
032,112025,1328962,11721107,11721107
032,112025,1328962,11721117,11721117
032,112025,1328962,11721120,11721120
032,112025,1328962,11721123,11721123
032,112025,1328962,11721126,11721126
032,112025,1328962,11721133,11721133
032,112025,1328962,11721140,11721140
032,112025,1328962,11721143,11721143
032,112025,1328962,11721146,11721146
032,112025,1328962,11721149,11721149
032,112025,1328962,11721158,11721158
032,112025,1328962,11721161,11721161
032,112025,1328962,11721164,11721164
032,112025,1328962,11721167,11721167
032,112025,1328962,11721170,11721170
032,112025,1328962,11721173,11721173
032,112025,1328962,11721176,11721176
032,112025,1328962,11721179,11721179
032,112025,1328962,11721188,11721188
032,112025,1328962,11721191,11721191
032,112025,1328962,11721194,11721194
032,112025,1328962,11721197,11721197
032,112025,1328962,11722152,11722152
032,112025,1328962,11722155,11722155
032,112025,1328962,11722195,11722195
032,112025,1328962,11722198,11722198
032,112025,1328962,11722211,11722211
032,112025,1328962,11729305,11729305
032,112025,1328962,11729308,11729308
032,112025,1328962,11729311,11729311
032,112025,1328962,11729318,11729318
032,112025,1328962,11730355,11730355
032,112025,1328962,11730362,11730362
032,112025,1328962,11730407,11730407
032,112025,1328962,11730410,11730410
032,112025,1328962,11730883,11730883
032,112025,1328962,11730886,11730886
032,112025,1328962,11730917,11730917
032,112025,1328962,11730920,11730920
032,112025,1328962,11730923,11730923
032,112025,1328962,11730928,11730928
032,112025,1328962,11731099,11731099
032,112025,1328962,11731104,11731104
032,112025,1328962,11731739,11731739
032,112025,1328962,11731742,11731742
032,112025,1328962,11731815,11731815
032,112025,1328962,11731822,11731822
032,112025,1328962,11732517,11732517
032,112025,1328962,18473388,18473388
032,112025,1328962,18473498,18473498
032,112025,1328962,25210161,25210161
032,112025,1328962,25210168,25210168
032,112025,1328962,25417017,25417017
032,112025,1328962,25417050,25417050
032,112025,1328962,25417355,25417355
032,112025,1328962,25417363,25417363
032,112025,1329789,112834367,112834367
032,112025,1329789,112834370,112834370
032,112025,1329789,112834385,112834385
032,112025,1329789,112834388,112834388
032,112025,1329789,112834473,112834473
032,112025,1329789,112834476,112834476
032,112025,1329789,112985667,112985667
032,112025,1329789,112985670,112985670
032,112025,1329789,113013549,113013549
032,112025,1329789,113013552,113013552
032,112025,1329789,113014664,113014664
032,112025,1329789,113014667,113014667
032,112025,1329789,113212076,113212076
032,112025,1329789,113260246,113260246
032,112025,1329789,113260249,113260249
032,112025,1329789,113580560,113580560
032,112025,1329789,113580564,113580564
032,112025,1329789,113580599,113580599
032,112025,1329789,113580618,113580618
032,112025,1329789,113584341,113584341
032,112025,1329789,113584344,113584344
032,112025,1329789,113851859,113851859
032,112025,1329789,113949982,113949982
032,112025,1329789,113949990,113949990
032,112025,1329789,114123615,114123615
032,112025,1329789,114130052,114130052
032,112025,1329789,114130055,114130055
032,112025,1329789,114395586,114395586
032,112025,1329789,11520277,11520277
032,112025,1329789,11716918,11716918
032,112025,1329789,11716928,11716928
032,112025,1329789,11716931,11716931
032,112025,1329789,11716934,11716934
032,112025,1329789,11716937,11716937
032,112025,1329789,11719994,11719994
032,112025,1329789,11720021,11720021
032,112025,1329789,11720224,11720224
032,112025,1329789,11720227,11720227
032,112025,1329789,11720350,11720350
032,112025,1329789,11720379,11720379
032,112025,1329789,11720714,11720714
032,112025,1329789,11720721,11720721
032,112025,1329789,11720728,11720728
032,112025,1329789,11720735,11720735
032,112025,1329789,11720790,11720790
032,112025,1329789,11720795,11720795
032,112025,1329789,11720800,11720800
032,112025,1329789,11720803,11720803
032,112025,1329789,11720806,11720806
032,112025,1329789,11720809,11720809
032,112025,1329789,11720812,11720812
032,112025,1329789,11720817,11720817
032,112025,1329789,11720822,11720822
032,112025,1329789,11720827,11720827
032,112025,1329789,11720832,11720832
032,112025,1329789,11720839,11720839
032,112025,1329789,11720846,11720846
032,112025,1329789,11720849,11720849
032,112025,1329789,11720852,11720852
032,112025,1329789,11720855,11720855
032,112025,1329789,11720858,11720858
032,112025,1329789,11720861,11720861
032,112025,1329789,11720864,11720864
032,112025,1329789,11720871,11720871
032,112025,1329789,11720878,11720878
032,112025,1329789,11720881,11720881
032,112025,1329789,11720898,11720898
032,112025,1329789,11720901,11720901
032,112025,1329789,11720908,11720908
032,112025,1329789,11720913,11720913
032,112025,1329789,11720924,11720924
032,112025,1329789,11720927,11720927
032,112025,1329789,11720930,11720930
032,112025,1329789,11720933,11720933
032,112025,1329789,11720936,11720936
032,112025,1329789,11720941,11720941
032,112025,1329789,11720964,11720964
032,112025,1329789,11720971,11720971
032,112025,1329789,11722164,11722164
032,112025,1329789,11722167,11722167
032,112025,1329789,11722189,11722189
032,112025,1329789,11722192,11722192
032,112025,1329789,11722221,11722221
032,112025,1329789,11722224,11722224
032,112025,1329789,11722233,11722233
032,112025,1329789,11722236,11722236
032,112025,1329789,11722239,11722239
032,112025,1329789,11722242,11722242
032,112025,1329789,11722245,11722245
032,112025,1329789,11722248,11722248
032,112025,1329789,11729387,11729387
032,112025,1329789,11729390,11729390
032,112025,1329789,11729393,11729393
032,112025,1329789,11729396,11729396
032,112025,1329789,11729399,11729399
032,112025,1329789,11729402,11729402
032,112025,1329789,11729405,11729405
032,112025,1329789,11729410,11729410
032,112025,1329789,11729421,11729421
032,112025,1329789,11729428,11729428
032,112025,1329789,11729469,11729469
032,112025,1329789,11729559,11729559
032,112025,1329789,11729566,11729566
032,112025,1329789,11729569,11729569
032,112025,1329789,11729576,11729576
032,112025,1329789,11729583,11729583
032,112025,1329789,11729586,11729586
032,112025,1329789,11729721,11729721
032,112025,1329789,11729724,11729724
032,112025,1329789,11729828,11729828
032,112025,1329789,11729831,11729831
032,112025,1329789,11729988,11729988
032,112025,1329789,11729993,11729993
032,112025,1329789,11730086,11730086
032,112025,1329789,11730089,11730089
032,112025,1329789,11730937,11730937
032,112025,1329789,11730940,11730940
032,112025,1329789,11730943,11730943
032,112025,1329789,11730946,11730946
032,112025,1329789,11730983,11730983
032,112025,1329789,11730990,11730990
032,112025,1329789,11731237,11731237
032,112025,1329789,11731240,11731240
032,112025,1329789,11731320,11731320
032,112025,1329789,11731691,11731691
032,112025,1329789,11731694,11731694
032,112025,1329789,11731827,11731827
032,112025,1329789,11731832,11731832
032,112025,1329789,11731837,11731837
032,112025,1329789,11731842,11731842
032,112025,1329789,11731847,11731847
032,112025,1329789,11731852,11731852
032,112025,1329789,11731857,11731857
032,112025,1329789,11731862,11731862
032,112025,1329789,11732103,11732103
032,112025,1329789,11732110,11732110
032,112025,1329789,11732115,11732115
032,112025,1329789,11732120,11732120
032,112025,1329789,11732125,11732125
032,112025,1329789,11732130,11732130
032,112025,1329789,11732135,11732135
032,112025,1329789,11732140,11732140
032,112025,1329789,11732145,11732145
032,112025,1329789,11732150,11732150
032,112025,1329789,11732155,11732155
032,112025,1324958,11720846,11720846
032,112025,1324958,11720849,11720849
032,112025,1324958,11720852,11720852
032,112025,1324958,11720855,11720855
032,112025,1324958,11720858,11720858
032,112025,1324958,11720861,11720861
032,112025,1324958,11720864,11720864
032,112025,1324958,11720871,11720871
032,112025,1324958,11720878,11720878
032,112025,1324958,11720881,11720881
032,112025,1324958,11720898,11720898
032,112025,1324958,11720901,11720901
032,112025,1324958,11720908,11720908
032,112025,1324958,11720913,11720913
032,112025,1324958,11720924,11720924
032,112025,1324958,11720927,11720927
032,112025,1324958,11720930,11720930
032,112025,1324958,11720933,11720933
032,112025,1324958,11720936,11720936
032,112025,1324958,11720941,11720941
032,112025,1324958,11720964,11720964
032,112025,1324958,11720971,11720971
032,112025,1324958,11722164,11722164
032,112025,1324958,11722167,11722167
032,112025,1324958,11722189,11722189
032,112025,1324958,11722192,11722192
032,112025,1324958,11722221,11722221
032,112025,1324958,11722224,11722224
032,112025,1324958,11722233,11722233
032,112025,1324958,11722236,11722236
032,112025,1324958,11722239,11722239
032,112025,1324958,11722242,11722242
032,112025,1324958,11722245,11722245
032,112025,1324958,11722248,11722248
032,112025,1324958,11729387,11729387
032,112025,1324958,11729390,11729390
032,112025,1324958,11729393,11729393
032,112025,1324958,11729396,11729396
032,112025,1324958,11729399,11729399
032,112025,1324958,11729402,11729402
032,112025,1324958,11729405,11729405
032,112025,1324958,11729410,11729410
032,112025,1324958,11729421,11729421
032,112025,1324958,11729428,11729428
032,112025,1324958,11729469,11729469
032,112025,1324958,11729559,11729559
032,112025,1324958,11729566,11729566
032,112025,1324958,11729569,11729569
032,112025,1324958,11729576,11729576
032,112025,1324958,11729583,11729583
032,112025,1324958,11729586,11729586
032,112025,1324958,11729721,11729721
032,112025,1324958,11729724,11729724
032,112025,1324958,11729828,11729828
032,112025,1324958,11729831,11729831
032,112025,1324958,11729988,11729988
032,112025,1324958,11729993,11729993
032,112025,1324958,11730086,11730086
032,112025,1324958,11730089,11730089
032,112025,1324958,11730937,11730937
032,112025,1324958,11730940,11730940
032,112025,1324958,11730943,11730943
032,112025,1324958,11730946,11730946
032,112025,1324958,11730983,11730983
032,112025,1324958,11730990,11730990
032,112025,1324958,11731237,11731237
032,112025,1324958,11731240,11731240
032,112025,1324958,11731320,11731320
032,112025,1324958,11731691,11731691
032,112025,1324958,11731694,11731694
032,112025,1324958,11731827,11731827
032,112025,1324958,11731832,11731832
032,112025,1324958,11731837,11731837
032,112025,1324958,11731842,11731842
032,112025,1324958,11731847,11731847
032,112025,1324958,11731852,11731852
032,112025,1324958,11731857,11731857
032,112025,1324958,11731862,11731862
032,112025,1324958,11732103,11732103
032,112025,1324958,11732110,11732110
032,112025,1324958,11732115,11732115
032,112025,1324958,11732120,11732120
032,112025,1324958,11732125,11732125
032,112025,1324958,11732130,11732130
032,112025,1324958,11732135,11732135
032,112025,1324958,11732140,11732140
032,112025,1324958,11732145,11732145
032,112025,1324958,11732150,11732150
032,112025,1324958,11732155,11732155
032,112025,1324958,11732166,11732166
032,112025,1324958,11732171,11732171
032,112025,1324958,11732182,11732182
032,112025,1324958,11732189,11732189
032,112025,1324958,11732205,11732205
032,112025,1324958,11732210,11732210
032,112025,1324958,11732215,11732215
032,112025,1324958,11732220,11732220
032,112025,1324958,11732225,11732225
032,112025,1324958,11732230,11732230
032,112025,1324958,11732235,11732235
032,112025,1324958,11732240,11732240
032,112025,1324958,11732245,11732245
032,112025,1324958,11732250,11732250
032,112025,1324958,11732255,11732255
032,112025,1324958,11732260,11732260
032,112025,1324958,11732265,11732265
032,112025,1324958,11732270,11732270
032,112025,1324958,11732321,11732321
032,112025,1324958,11732324,11732324
032,112025,1324958,11732367,11732367
032,112025,1324958,11732370,11732370
032,112025,1324958,11732373,11732373
032,112025,1324958,11732392,11732392
032,112025,1324958,11732395,11732395
032,112025,1324958,11732398,11732398
032,112025,1324958,11732401,11732401
032,112025,1324958,11732404,11732404
032,112025,1324958,11732407,11732407
032,112025,1324958,11732511,11732511
032,112025,1324958,11732514,11732514
032,112025,1324958,19812582,19812582
032,112025,1324958,20469561,20469561
032,112025,1324958,20469568,20469568
032,112025,1324958,21131066,21131066
032,112025,1324958,21131094,21131094
032,112025,1324958,26275030,26275030
032,112025,1324958,26275716,26275716
032,112025,1324958,26755950,26755950
032,112025,1324958,26755957,26755957
032,112025,1324958,26756459,26756459
032,112025,1324958,26756467,26756467
032,112025,1324958,26756789,26756789
032,112025,1324958,26756796,26756796
032,112025,1324958,26756993,26756993
032,112025,1324958,26757005,26757005
032,112025,1324958,30002257,30002257
032,112025,1324958,30105635,30105635
032,112025,1326253,11520263,11520263
032,112025,1326253,11520331,11520331
032,112025,1326253,11720126,11720126
032,112025,1326253,11720133,11720133
032,112025,1326253,11720140,11720140
032,112025,1326253,11720147,11720147
032,112025,1326253,11720230,11720230
032,112025,1326253,11720702,11720702
032,112025,1324901,11720858,11720858
032,112025,1324901,11720861,11720861
032,112025,1324901,11720864,11720864
032,112025,1324901,11720871,11720871
032,112025,1324901,11720878,11720878
032,112025,1324901,11720881,11720881
032,112025,1324901,11720898,11720898
032,112025,1324901,11720901,11720901
032,112025,1324901,11720908,11720908
032,112025,1324901,11720913,11720913
032,112025,1324901,11720924,11720924
032,112025,1324901,11720927,11720927
032,112025,1324901,11720930,11720930
032,112025,1324901,11720933,11720933
032,112025,1324901,11720936,11720936
032,112025,1324901,11720941,11720941
032,112025,1324901,11720964,11720964
032,112025,1324901,11720971,11720971
032,112025,1324901,11722164,11722164
032,112025,1324901,11722167,11722167
032,112025,1324901,11722189,11722189
032,112025,1324901,11722192,11722192
032,112025,1324901,11722221,11722221
032,112025,1324901,11722224,11722224
032,112025,1324901,11722233,11722233
032,112025,1324901,11722236,11722236
032,112025,1324901,11722239,11722239
032,112025,1324901,11722242,11722242
032,112025,1324901,11722245,11722245
032,112025,1324901,11722248,11722248
032,112025,1324901,11729387,11729387
032,112025,1324901,11729390,11729390
032,112025,1324901,11729393,11729393
032,112025,1324901,11729396,11729396
032,112025,1324901,11729399,11729399
032,112025,1324901,11729402,11729402
032,112025,1324901,11729405,11729405
032,112025,1324901,11729410,11729410
032,112025,1324901,11729421,11729421
032,112025,1324901,11729428,11729428
032,112025,1324901,11729469,11729469
032,112025,1324901,11729559,11729559
032,112025,1324901,11729566,11729566
032,112025,1324901,11729569,11729569
032,112025,1324901,11729576,11729576
032,112025,1324901,11729583,11729583
032,112025,1324901,11729586,11729586
032,112025,1324901,11729721,11729721
032,112025,1324901,11729724,11729724
032,112025,1324901,11729828,11729828
032,112025,1324901,11729831,11729831
032,112025,1324901,11729988,11729988
032,112025,1324901,11729993,11729993
032,112025,1324901,11730086,11730086
032,112025,1324901,11730089,11730089
032,112025,1324901,11730937,11730937
032,112025,1324901,11730940,11730940
032,112025,1324901,11730943,11730943
032,112025,1324901,11730946,11730946
032,112025,1324901,11730983,11730983
032,112025,1324901,11730990,11730990
032,112025,1324901,11731237,11731237
032,112025,1324901,11731240,11731240
032,112025,1324901,11731320,11731320
032,112025,1324901,11731691,11731691
032,112025,1324901,11731694,11731694
032,112025,1324901,11731827,11731827
032,112025,1324901,11731832,11731832
032,112025,1324901,11731837,11731837
032,112025,1324901,11731842,11731842
032,112025,1324901,11731847,11731847
032,112025,1324901,11731852,11731852
032,112025,1324901,11731857,11731857
032,112025,1324901,11731862,11731862
032,112025,1324901,11732103,11732103
032,112025,1324901,11732110,11732110
032,112025,1324901,11732115,11732115
032,112025,1324901,11732120,11732120
032,112025,1324901,11732125,11732125
032,112025,1324901,11732130,11732130
032,112025,1324901,11732135,11732135
032,112025,1324901,11732140,11732140
032,112025,1324901,11732145,11732145
032,112025,1324901,11732150,11732150
032,112025,1324901,11732155,11732155
032,112025,1324901,11732166,11732166
032,112025,1324901,11732171,11732171
032,112025,1324901,11732182,11732182
032,112025,1324901,11732189,11732189
032,112025,1324901,11732205,11732205
032,112025,1324901,11732210,11732210
032,112025,1324901,11732215,11732215
032,112025,1324901,11732220,11732220
032,112025,1324901,11732225,11732225
032,112025,1324901,11732230,11732230
032,112025,1324901,11732235,11732235
032,112025,1324901,11732240,11732240
032,112025,1324901,11732245,11732245
032,112025,1324901,11732250,11732250
032,112025,1324901,11732255,11732255
032,112025,1324901,11732260,11732260
032,112025,1324901,11732265,11732265
032,112025,1324901,11732270,11732270
032,112025,1324901,11732321,11732321
032,112025,1324901,11732324,11732324
032,112025,1324901,11732367,11732367
032,112025,1324901,11732370,11732370
032,112025,1324901,11732373,11732373
032,112025,1324901,11732392,11732392
032,112025,1324901,11732395,11732395
032,112025,1324901,11732398,11732398
032,112025,1324901,11732401,11732401
032,112025,1324901,11732404,11732404
032,112025,1324901,11732407,11732407
032,112025,1324901,11732511,11732511
032,112025,1324901,11732514,11732514
032,112025,1324901,19812582,19812582
032,112025,1324901,20469561,20469561
032,112025,1324901,20469568,20469568
032,112025,1324901,21131066,21131066
032,112025,1324901,21131094,21131094
032,112025,1324901,26275030,26275030
032,112025,1324901,26275716,26275716
032,112025,1324901,26755950,26755950
032,112025,1324901,26755957,26755957
032,112025,1324901,108338174,108338174
032,112025,1324901,109021498,109021498
032,112025,1324901,109022626,109022626
032,112025,1324901,109022634,109022634
032,112025,1324901,109114727,109114727
032,112025,1324901,109133026,109133026
032,112025,1324901,109133033,109133033
032,112025,1324901,109167862,109167862
032,112025,1324901,109167877,109167877
032,112025,1324901,109848524,109848524
032,112025,1324901,109848527,109848527
032,112025,1324901,110006875,110006875
032,112025,1324901,110768488,110768488
032,112025,1324901,110768504,110768504
032,112025,1324901,112782890,112782890
032,112025,1324901,112782897,112782897
032,112025,1324901,112782935,112782935
032,112025,1324901,112782942,112782942
032,112025,1324901,112832512,112832512
032,112025,1324901,112832515,112832515
032,112025,1326253,11720705,11720705
032,112025,1326253,11720742,11720742
032,112025,1326253,11720745,11720745
032,112025,1326253,11720778,11720778
032,112025,1326253,11720781,11720781
032,112025,1326253,11720918,11720918
032,112025,1326253,11720921,11720921
032,112025,1326253,11720946,11720946
032,112025,1326253,11720949,11720949
032,112025,1326253,11720952,11720952
032,112025,1326253,11720955,11720955
032,112025,1326253,11720958,11720958
032,112025,1326253,11720961,11720961
032,112025,1326253,11720984,11720984
032,112025,1326253,11720987,11720987
032,112025,1326253,11720990,11720990
032,112025,1326253,11720993,11720993
032,112025,1326253,11720996,11720996
032,112025,1326253,11720999,11720999
032,112025,1326253,11722180,11722180
032,112025,1326253,11722183,11722183
032,112025,1326253,11722186,11722186
032,112025,1326253,11729283,11729283
032,112025,1326253,11729290,11729290
032,112025,1326253,11729474,11729474
032,112025,1326253,11729749,11729749
032,112025,1326253,11729901,11729901
032,112025,1326253,11729904,11729904
032,112025,1326253,11729907,11729907
032,112025,1326253,11729914,11729914
032,112025,1326253,11731552,11731552
032,112025,1326253,11731557,11731557
032,112025,1326253,11731562,11731562
032,112025,1326253,11731567,11731567
032,112025,1326253,11731572,11731572
032,112025,1326253,11731577,11731577
032,112025,1326253,11731582,11731582
032,112025,1326253,11731587,11731587
032,112025,1326253,11731592,11731592
032,112025,1326253,11731597,11731597
032,112025,1326253,11731733,11731733
032,112025,1326253,11731736,11731736
032,112025,1326253,11732097,11732097
032,112025,1326253,11732100,11732100
032,112025,1326253,11732160,11732160
032,112025,1326253,11732163,11732163
032,112025,1326253,11732176,11732176
032,112025,1326253,11732179,11732179
032,112025,1326253,12639616,12639616
032,112025,1326253,19701101,19701101
032,112025,1326253,21157635,21157635
032,112025,1326253,21157642,21157642
032,112025,1326253,21157649,21157649
032,112025,1326253,21157656,21157656
032,112025,1326253,21157680,21157680
032,112025,1326253,74453850,74453850
032,112025,1326253,109694570,109694570
032,112025,1326253,109694584,109694584
032,112025,1326253,114267355,114267355
032,112025,1326253,114267363,114267363
032,112025,1326253,114267396,114267396
032,112025,1326253,114271659,114271659
032,112025,1326253,114338696,114338696
032,112025,1326253,114392051,114392051
032,112025,1327618,11520263,11520263
032,112025,1327618,11520331,11520331
032,112025,1327618,11720126,11720126
032,112025,1327618,11720133,11720133
032,112025,1327618,11720140,11720140
032,112025,1327618,11720147,11720147
032,112025,1327618,11720230,11720230
032,112025,1327618,11720702,11720702
032,112025,1327618,11720705,11720705
032,112025,1327618,11720742,11720742
032,112025,1327618,11720745,11720745
032,112025,1327618,11720778,11720778
032,112025,1327618,11720781,11720781
032,112025,1327618,11720918,11720918
032,112025,1327618,11720921,11720921
032,112025,1327618,11720946,11720946
032,112025,1327618,11720949,11720949
032,112025,1327618,11720952,11720952
032,112025,1327618,11720955,11720955
032,112025,1327618,11720958,11720958
032,112025,1327618,11720961,11720961
032,112025,1327618,11720984,11720984
032,112025,1327618,11720987,11720987
032,112025,1327618,11720990,11720990
032,112025,1327618,11720993,11720993
032,112025,1327618,11720996,11720996
032,112025,1327618,11720999,11720999
032,112025,1327618,11722180,11722180
032,112025,1327618,11722183,11722183
032,112025,1327618,11722186,11722186
032,112025,1327618,11729283,11729283
032,112025,1327618,11729290,11729290
032,112025,1327618,11729474,11729474
032,112025,1327618,11729749,11729749
032,112025,1327618,11729901,11729901
032,112025,1327618,11729904,11729904
032,112025,1327618,11729907,11729907
032,112025,1327618,11729914,11729914
032,112025,1327618,11731552,11731552
032,112025,1327618,11731557,11731557
032,112025,1327618,11731562,11731562
032,112025,1327618,11731567,11731567
032,112025,1327618,11731572,11731572
032,112025,1327618,11731577,11731577
032,112025,1327618,11731582,11731582
032,112025,1327618,11731587,11731587
032,112025,1327618,11731592,11731592
032,112025,1327618,11731597,11731597
032,112025,1327618,11731733,11731733
032,112025,1327618,11731736,11731736
032,112025,1327618,11732097,11732097
032,112025,1327618,11732100,11732100
032,112025,1327618,11732160,11732160
032,112025,1327618,11732163,11732163
032,112025,1327618,11732176,11732176
032,112025,1327618,11732179,11732179
032,112025,1327618,12639616,12639616
032,112025,1327618,19701101,19701101
032,112025,1327618,21157635,21157635
032,112025,1327618,21157642,21157642
032,112025,1327618,21157649,21157649
032,112025,1327618,21157656,21157656
032,112025,1327618,21157680,21157680
032,112025,1327618,74453850,74453850
032,112025,1327618,109694570,109694570
032,112025,1327618,109694584,109694584
032,112025,1327618,114267355,114267355
032,112025,1327618,114267363,114267363
032,112025,1327618,114267396,114267396
032,112025,1327618,114271659,114271659
032,112025,1327618,114338696,114338696
032,112025,1327618,114392051,114392051
032,112025,1329607,11722170,11722170
032,112025,1329607,11722173,11722173
032,112025,1329607,11722227,11722227
032,112025,1329607,11722230,11722230
032,112025,1329607,11729211,11729211
032,112025,1329607,11729214,11729214
032,112025,1329607,11729331,11729331
032,112025,1329607,11729334,11729334
032,112025,1329607,11729968,11729968
032,112025,1324901,112834367,112834367
032,112025,1324901,112834370,112834370
032,112025,1324901,112834385,112834385
032,112025,1324901,112834388,112834388
032,112025,1324901,112834473,112834473
032,112025,1324901,112834476,112834476
032,112025,1324901,112985667,112985667
032,112025,1324901,112985670,112985670
032,112025,1324901,113013549,113013549
032,112025,1324901,113013552,113013552
032,112025,1324901,113014664,113014664
032,112025,1324901,113014667,113014667
032,112025,1324901,113212076,113212076
032,112025,1324901,113260246,113260246
032,112025,1324901,113260249,113260249
032,112025,1324901,113580560,113580560
032,112025,1324901,113580564,113580564
032,112025,1324901,113580599,113580599
032,112025,1324901,113580618,113580618
032,112025,1324901,113584341,113584341
032,112025,1324901,113584344,113584344
032,112025,1324901,113851859,113851859
032,112025,1324901,113949982,113949982
032,112025,1324901,113949990,113949990
032,112025,1324901,114123615,114123615
032,112025,1324901,114130052,114130052
032,112025,1324901,114130055,114130055
032,112025,1324901,114395586,114395586
032,112025,1324901,26756459,26756459
032,112025,1324901,26756467,26756467
032,112025,1324901,26756789,26756789
032,112025,1324901,26756796,26756796
032,112025,1324901,26756993,26756993
032,112025,1324901,26757005,26757005
032,112025,1324901,30002257,30002257
032,112025,1324901,30105635,30105635
032,112025,1328914,11519708,11519708
032,112025,1328914,11520312,11520312
032,112025,1328914,11520326,11520326
032,112025,1328914,11722201,11722201
032,112025,1328914,11722204,11722204
032,112025,1328914,20396564,20396564
032,112025,1328914,113423352,113423352
032,112025,1328914,113629174,113629174
032,112025,1328914,113629178,113629178
032,112025,1328914,113630698,113630698
032,112025,1328914,113630701,113630701
032,112025,1332622,11519708,11519708
032,112025,1332622,11520312,11520312
032,112025,1332622,11520326,11520326
032,112025,1332622,11722201,11722201
032,112025,1332622,11722204,11722204
032,112025,1332622,20396564,20396564
032,112025,1332622,113423352,113423352
032,112025,1332622,113629174,113629174
032,112025,1332622,113629178,113629178
032,112025,1332622,113630698,113630698
032,112025,1332622,113630701,113630701
032,112025,1329607,11729971,11729971
032,112025,1329607,11730397,11730397
032,112025,1329607,11730400,11730400
032,112025,1329607,11730541,11730541
032,112025,1329607,11730548,11730548
032,112025,1329607,11730551,11730551
032,112025,1329607,11730554,11730554
032,112025,1329607,11730961,11730961
032,112025,1329607,11730964,11730964
032,112025,1329607,11730967,11730967
032,112025,1329607,11730970,11730970
032,112025,1329607,11731069,11731069
032,112025,1329607,11731076,11731076
032,112025,1329607,11731083,11731083
032,112025,1329607,11731086,11731086
032,112025,1329607,11731109,11731109
032,112025,1329607,11731112,11731112
032,112025,1329607,11731263,11731263
032,112025,1329607,11731266,11731266
032,112025,1329607,11731269,11731269
032,112025,1329607,11731272,11731272
032,112025,1329607,12868911,12868911
032,112025,1329607,17751939,17751939
032,112025,1329607,32290945,32290945
032,112025,1331015,109694570,109694570
032,112025,1331015,109694584,109694584
032,112025,1331015,109839136,109839136
032,112025,1331015,111821178,111821178
032,112025,1331015,111821181,111821181
032,112025,1331015,112882456,112882456
032,112025,1331015,112883757,112883757
032,112025,1331015,112884811,112884811
032,112025,1331015,112884814,112884814
032,112025,1331015,113251166,113251166
032,112025,1331015,113950752,113950752
032,112025,1331015,114267355,114267355
032,112025,1331015,114267363,114267363
032,112025,1331015,114267396,114267396
032,112025,1331015,114271659,114271659
032,112025,1331015,114338696,114338696
032,112025,1331015,114392051,114392051
032,112025,1331015,11520214,11520214
032,112025,1331015,11520263,11520263
032,112025,1331015,11520331,11520331
032,112025,1331015,11717001,11717001
032,112025,1331015,11720126,11720126
032,112025,1331015,11720133,11720133
032,112025,1331015,11720140,11720140
032,112025,1331015,11720147,11720147
032,112025,1331015,11720230,11720230
032,112025,1331015,11720702,11720702
032,112025,1331015,11720705,11720705
032,112025,1331015,11720708,11720708
032,112025,1331015,11720711,11720711
032,112025,1331015,11720742,11720742
032,112025,1331015,11720745,11720745
032,112025,1331015,11720778,11720778
032,112025,1331015,11720781,11720781
032,112025,1331015,11720918,11720918
032,112025,1331015,11720921,11720921
032,112025,1331015,11720946,11720946
032,112025,1331015,11720949,11720949
032,112025,1331015,11720952,11720952
032,112025,1331015,11720955,11720955
032,112025,1331015,11720958,11720958
032,112025,1331015,11720961,11720961
032,112025,1331015,11720984,11720984
032,112025,1331015,11720987,11720987
032,112025,1331015,11720990,11720990
032,112025,1331015,11720993,11720993
032,112025,1331015,11720996,11720996
032,112025,1331015,11720999,11720999
032,112025,1331015,11721074,11721074
032,112025,1331015,11721077,11721077
032,112025,1331015,11721080,11721080
032,112025,1331015,11721083,11721083
032,112025,1331015,11721086,11721086
032,112025,1331015,11721093,11721093
032,112025,1331015,11721100,11721100
032,112025,1331015,11721107,11721107
032,112025,1331015,11721117,11721117
032,112025,1331015,11721120,11721120
032,112025,1331015,11721123,11721123
032,112025,1331015,11721126,11721126
032,112025,1331015,11721133,11721133
032,112025,1331015,11721158,11721158
032,112025,1331015,11721161,11721161
032,112025,1331015,11722180,11722180
032,112025,1331015,11722183,11722183
032,112025,1331015,11722186,11722186
032,112025,1331015,11722211,11722211
032,112025,1331015,11729283,11729283
032,112025,1331015,11729290,11729290
032,112025,1331015,11729474,11729474
032,112025,1331015,11729749,11729749
032,112025,1331015,11729901,11729901
032,112025,1331015,11729904,11729904
032,112025,1331015,11729907,11729907
032,112025,1331015,11729914,11729914
032,112025,1331015,11730355,11730355
032,112025,1331015,11730362,11730362
032,112025,1331015,11730407,11730407
032,112025,1331015,11730410,11730410
032,112025,1331015,11730917,11730917
032,112025,1331015,11730920,11730920
032,112025,1331015,11730923,11730923
032,112025,1331015,11730928,11730928
032,112025,1331015,11731099,11731099
032,112025,1331015,11731104,11731104
032,112025,1331015,11731552,11731552
032,112025,1331015,11731557,11731557
032,112025,1331015,11731562,11731562
032,112025,1331015,11731567,11731567
032,112025,1331015,11731572,11731572
032,112025,1331015,11731577,11731577
032,112025,1331015,11731582,11731582
032,112025,1331015,11731587,11731587
032,112025,1331015,11731592,11731592
032,112025,1331015,11731597,11731597
032,112025,1331015,11731733,11731733
032,112025,1329607,11720290,11720290
032,112025,1329607,11720754,11720754
032,112025,1329607,11720757,11720757
032,112025,1329607,11720760,11720760
032,112025,1329607,11720763,11720763
032,112025,1329607,11720766,11720766
032,112025,1329607,11720769,11720769
032,112025,1329607,11720772,11720772
032,112025,1329607,11720775,11720775
032,112025,1329607,11720784,11720784
032,112025,1329607,11720787,11720787
032,112025,1329607,11721002,11721002
032,112025,1329607,11721005,11721005
032,112025,1329607,11721011,11721011
032,112025,1329607,11721026,11721026
032,112025,1329607,11721029,11721029
032,112025,1329607,11721032,11721032
032,112025,1329607,11721035,11721035
032,112025,1329607,11721038,11721038
032,112025,1329607,11721041,11721041
032,112025,1329607,11721044,11721044
032,112025,1329607,11721047,11721047
032,112025,1329607,11721050,11721050
032,112025,1329607,11721053,11721053
032,112025,1329607,11721056,11721056
032,112025,1329102,11721176,11721176
032,112025,1329102,11721179,11721179
032,112025,1329102,11721188,11721188
032,112025,1329102,11721191,11721191
032,112025,1329102,11721194,11721194
032,112025,1329102,11721197,11721197
032,112025,1329102,11722152,11722152
032,112025,1329102,11722155,11722155
032,112025,1329102,11722195,11722195
032,112025,1329102,11722198,11722198
032,112025,1329102,11722211,11722211
032,112025,1329102,11729305,11729305
032,112025,1329102,11729308,11729308
032,112025,1329102,11729311,11729311
032,112025,1329102,11729318,11729318
032,112025,1329102,11730355,11730355
032,112025,1329102,11730362,11730362
032,112025,1329102,11730407,11730407
032,112025,1329102,11730410,11730410
032,112025,1329102,11730883,11730883
032,112025,1329102,11730886,11730886
032,112025,1329102,11730917,11730917
032,112025,1329102,11730920,11730920
032,112025,1329102,11730923,11730923
032,112025,1329102,11730928,11730928
032,112025,1329102,11731099,11731099
032,112025,1329102,11731104,11731104
032,112025,1329102,11731739,11731739
032,112025,1329102,11731742,11731742
032,112025,1329102,11731815,11731815
032,112025,1329102,11731822,11731822
032,112025,1329102,11732517,11732517
032,112025,1329102,18473388,18473388
032,112025,1329102,18473498,18473498
032,112025,1329102,25210161,25210161
032,112025,1329102,25210168,25210168
032,112025,1329102,25417017,25417017
032,112025,1329102,25417050,25417050
032,112025,1329102,25417355,25417355
032,112025,1329102,25417363,25417363
032,112025,1329102,34025807,34025807
032,112025,1329102,74127322,74127322
032,112025,1329102,109595686,109595686
032,112025,1329102,109610089,109610089
032,112025,1329102,109620237,109620237
032,112025,1329102,109620249,109620249
032,112025,1329102,109839136,109839136
032,112025,1329102,111821178,111821178
032,112025,1329102,111821181,111821181
032,112025,1329102,112304376,112304376
032,112025,1329102,112304388,112304388
032,112025,1329102,112399012,112399012
032,112025,1329102,112882456,112882456
032,112025,1329102,112883757,112883757
032,112025,1329102,112884811,112884811
032,112025,1329102,112884814,112884814
032,112025,1329102,113081500,113081500
032,112025,1329102,113081503,113081503
032,112025,1329102,113098165,113098165
032,112025,1329102,113251166,113251166
032,112025,1329102,113257718,113257718
032,112025,1329102,113257721,113257721
032,112025,1329102,113478984,113478984
032,112025,1329102,113950752,113950752
032,112025,1328434,11722245,11722245
032,112025,1328434,11722248,11722248
032,112025,1328434,11729387,11729387
032,112025,1328434,11729390,11729390
032,112025,1328434,11729393,11729393
032,112025,1328434,11729396,11729396
032,112025,1328434,11729399,11729399
032,112025,1328434,11729402,11729402
032,112025,1328434,11729405,11729405
032,112025,1328434,11729410,11729410
032,112025,1328434,11729421,11729421
032,112025,1328434,11729428,11729428
032,112025,1328434,11729469,11729469
032,112025,1328434,11729559,11729559
032,112025,1328434,11729566,11729566
032,112025,1328434,11729569,11729569
032,112025,1328434,11729576,11729576
032,112025,1328434,11729583,11729583
032,112025,1328434,11729586,11729586
032,112025,1328434,11729721,11729721
032,112025,1328434,11729724,11729724
032,112025,1328434,11729828,11729828
032,112025,1328434,11729831,11729831
032,112025,1328434,11729988,11729988
032,112025,1328434,11729993,11729993
032,112025,1328434,11730086,11730086
032,112025,1328434,11730089,11730089
032,112025,1328434,11730937,11730937
032,112025,1328434,11730940,11730940
032,112025,1328434,11730943,11730943
032,112025,1328434,11730946,11730946
032,112025,1328434,11730983,11730983
032,112025,1328434,11730990,11730990
032,112025,1328434,11731237,11731237
032,112025,1328434,11731240,11731240
032,112025,1328434,11731320,11731320
032,112025,1328434,11731691,11731691
032,112025,1328434,11731694,11731694
032,112025,1328434,11731827,11731827
032,112025,1328434,11731832,11731832
032,112025,1328434,11731837,11731837
032,112025,1328434,11731842,11731842
032,112025,1328434,11731847,11731847
032,112025,1328434,11731852,11731852
032,112025,1328434,11731857,11731857
032,112025,1328434,11731862,11731862
032,112025,1328434,11732103,11732103
032,112025,1328434,11732110,11732110
032,112025,1328434,11732115,11732115
032,112025,1328434,11732120,11732120
032,112025,1328434,11732125,11732125
032,112025,1328434,11732130,11732130
032,112025,1328434,11732135,11732135
032,112025,1328434,11732140,11732140
032,112025,1328434,11732145,11732145
032,112025,1328434,11732150,11732150
032,112025,1328434,11732155,11732155
032,112025,1328434,11732166,11732166
032,112025,1328434,11732171,11732171
032,112025,1328434,11732182,11732182
032,112025,1328434,11732189,11732189
032,112025,1328434,11732205,11732205
032,112025,1328434,11732210,11732210
032,112025,1328434,11732215,11732215
032,112025,1328434,11732220,11732220
032,112025,1328434,11732225,11732225
032,112025,1328434,11732230,11732230
032,112025,1328434,11732235,11732235
032,112025,1328434,11732240,11732240
032,112025,1328434,11732245,11732245
032,112025,1328434,11732250,11732250
032,112025,1328434,11732255,11732255
032,112025,1328434,11732260,11732260
032,112025,1328434,11732265,11732265
032,112025,1328434,11732270,11732270
032,112025,1328434,11732321,11732321
032,112025,1328434,11732324,11732324
032,112025,1328434,11732367,11732367
032,112025,1328434,11732370,11732370
032,112025,1328434,11732373,11732373
032,112025,1328434,11732392,11732392
032,112025,1328092,113013552,113013552
032,112025,1328092,113014664,113014664
032,112025,1328092,113014667,113014667
032,112025,1328092,113212076,113212076
032,112025,1328092,113260246,113260246
032,112025,1328092,113260249,113260249
032,112025,1328092,113580560,113580560
032,112025,1328092,113580564,113580564
032,112025,1328092,113580599,113580599
032,112025,1328092,113580618,113580618
032,112025,1328092,113584341,113584341
032,112025,1328092,113584344,113584344
032,112025,1328092,113851859,113851859
032,112025,1328092,113949982,113949982
032,112025,1328092,113949990,113949990
032,112025,1328092,114123615,114123615
032,112025,1328092,114130052,114130052
032,112025,1328092,114130055,114130055
032,112025,1328092,114395586,114395586
032,112025,1328092,11731691,11731691
032,112025,1328092,11731694,11731694
032,112025,1328092,11731827,11731827
032,112025,1328092,11731832,11731832
032,112025,1328092,11731837,11731837
032,112025,1328092,11731842,11731842
032,112025,1328092,11731847,11731847
032,112025,1328092,11731852,11731852
032,112025,1328092,11731857,11731857
032,112025,1328092,11731862,11731862
032,112025,1328092,11732103,11732103
032,112025,1328092,11732110,11732110
032,112025,1328092,11732115,11732115
032,112025,1328092,11732120,11732120
032,112025,1328092,11732125,11732125
032,112025,1328092,11732130,11732130
032,112025,1328092,11732135,11732135
032,112025,1328092,11732140,11732140
032,112025,1328092,11732145,11732145
032,112025,1328092,11732150,11732150
032,112025,1328092,11732155,11732155
032,112025,1328092,11732166,11732166
032,112025,1328092,11732171,11732171
032,112025,1328092,11732182,11732182
032,112025,1328092,11732189,11732189
032,112025,1328092,11732205,11732205
032,112025,1328092,11732210,11732210
032,112025,1328092,11732215,11732215
032,112025,1328092,11732220,11732220
032,112025,1328092,11732225,11732225
032,112025,1328092,11732230,11732230
032,112025,1328092,11732235,11732235
032,112025,1328092,11732240,11732240
032,112025,1328092,11732245,11732245
032,112025,1328092,11732250,11732250
032,112025,1328092,11732255,11732255
032,112025,1328092,11732260,11732260
032,112025,1328092,11732265,11732265
032,112025,1328092,11732270,11732270
032,112025,1328092,11732321,11732321
032,112025,1328092,11732324,11732324
032,112025,1328092,11732367,11732367
032,112025,1328092,11732370,11732370
032,112025,1328092,11732373,11732373
032,112025,1328092,11732392,11732392
032,112025,1328092,11732395,11732395
032,112025,1328092,11732398,11732398
032,112025,1328092,11732401,11732401
032,112025,1328092,11732404,11732404
032,112025,1328092,11732407,11732407
032,112025,1328092,11732511,11732511
032,112025,1328092,11732514,11732514
032,112025,1328092,19812582,19812582
032,112025,1328092,20469561,20469561
032,112025,1328092,20469568,20469568
032,112025,1328092,21131066,21131066
032,112025,1328092,21131094,21131094
032,112025,1328092,26275030,26275030
032,112025,1328092,26275716,26275716
032,112025,1328092,26755950,26755950
032,112025,1328092,26755957,26755957
032,112025,1328092,26756459,26756459
032,112025,1328092,26756467,26756467
032,112025,1328092,26756789,26756789
032,112025,1328092,26756796,26756796
032,112025,1328092,26756993,26756993
032,112025,1328092,26757005,26757005
032,112025,1328092,30002257,30002257
032,112025,1328092,30105635,30105635
032,112025,1328057,11519694,11519694
032,112025,1328057,11519701,11519701
032,112025,1328057,11520277,11520277
032,112025,1328057,11716918,11716918
032,112025,1328057,11716928,11716928
032,112025,1328057,11716931,11716931
032,112025,1328057,11716934,11716934
032,112025,1328057,11716937,11716937
032,112025,1328057,11719994,11719994
032,112025,1328057,11720021,11720021
032,112025,1328057,11720224,11720224
032,112025,1328057,11720227,11720227
032,112025,1328057,11720350,11720350
032,112025,1328057,11720379,11720379
032,112025,1328057,11720714,11720714
032,112025,1328057,11720721,11720721
032,112025,1328057,11720728,11720728
032,112025,1328057,11720735,11720735
032,112025,1328057,11720790,11720790
032,112025,1328057,11720795,11720795
032,112025,1328057,11720800,11720800
032,112025,1328057,11720803,11720803
032,112025,1328057,11720806,11720806
032,112025,1328057,11720809,11720809
032,112025,1328057,11720812,11720812
032,112025,1328057,11720817,11720817
032,112025,1328057,11720822,11720822
032,112025,1328057,11720827,11720827
032,112025,1328057,11720832,11720832
032,112025,1328057,11720839,11720839
032,112025,1328057,11720846,11720846
032,112025,1328057,11720849,11720849
032,112025,1328057,11720852,11720852
032,112025,1328057,11720855,11720855
032,112025,1328057,11720858,11720858
032,112025,1328057,11720861,11720861
032,112025,1328057,11720864,11720864
032,112025,1328057,11720871,11720871
032,112025,1328057,11720878,11720878
032,112025,1328057,11720881,11720881
032,112025,1328057,11720898,11720898
032,112025,1328057,11720901,11720901
032,112025,1328057,11720908,11720908
032,112025,1328057,11720913,11720913
032,112025,1328057,11720924,11720924
032,112025,1328057,11720927,11720927
032,112025,1328057,11720930,11720930
032,112025,1328057,11720933,11720933
032,112025,1328057,11720936,11720936
032,112025,1328057,11720941,11720941
032,112025,1328057,11720964,11720964
032,112025,1328057,11720971,11720971
032,112025,1328057,11722164,11722164
032,112025,1328057,11722167,11722167
032,112025,1328057,11722189,11722189
032,112025,1328057,11722192,11722192
032,112025,1328057,11722221,11722221
032,112025,1329789,11732166,11732166
032,112025,1331871,108338174,108338174
032,112025,1331871,109021498,109021498
032,112025,1331871,109022626,109022626
032,112025,1331871,109022634,109022634
032,112025,1331871,109114727,109114727
032,112025,1331871,109133026,109133026
032,112025,1331871,109133033,109133033
032,112025,1331871,109167862,109167862
032,112025,1331871,109167877,109167877
032,112025,1331871,109848524,109848524
032,112025,1331871,109848527,109848527
032,112025,1331871,110006875,110006875
032,112025,1331871,110768488,110768488
032,112025,1331871,110768504,110768504
032,112025,1331871,112782890,112782890
032,112025,1331871,112782897,112782897
032,112025,1331871,112782935,112782935
032,112025,1331871,112782942,112782942
032,112025,1331871,112832512,112832512
032,112025,1331871,112832515,112832515
032,112025,1331871,112834367,112834367
032,112025,1331871,112834370,112834370
032,112025,1331871,112834385,112834385
032,112025,1331871,112834388,112834388
032,112025,1331871,112834473,112834473
032,112025,1331871,112834476,112834476
032,112025,1331871,112985667,112985667
032,112025,1331871,112985670,112985670
032,112025,1331871,113013549,113013549
032,112025,1331871,113013552,113013552
032,112025,1331871,113014664,113014664
032,112025,1331871,113014667,113014667
032,112025,1331871,113212076,113212076
032,112025,1331871,113260246,113260246
032,112025,1331871,113260249,113260249
032,112025,1331871,113580560,113580560
032,112025,1331871,113580564,113580564
032,112025,1331871,113580599,113580599
032,112025,1331871,113580618,113580618
032,112025,1331871,113584341,113584341
032,112025,1331871,113584344,113584344
032,112025,1331871,113851859,113851859
032,112025,1331871,113949982,113949982
032,112025,1331871,113949990,113949990
032,112025,1331871,114123615,114123615
032,112025,1331871,114130052,114130052
032,112025,1331871,114130055,114130055
032,112025,1331871,114395586,114395586
032,112025,1331871,11519694,11519694
032,112025,1331871,11519701,11519701
032,112025,1331871,11520277,11520277
032,112025,1331871,11716918,11716918
032,112025,1331871,11716928,11716928
032,112025,1331871,11716931,11716931
032,112025,1331871,11716934,11716934
032,112025,1331871,11716937,11716937
032,112025,1331871,11719994,11719994
032,112025,1331871,11720021,11720021
032,112025,1331871,11720224,11720224
032,112025,1331871,11720227,11720227
032,112025,1331871,11720350,11720350
032,112025,1331871,11720379,11720379
032,112025,1331871,11720714,11720714
032,112025,1331871,11720721,11720721
032,112025,1331871,11720728,11720728
032,112025,1331871,11720735,11720735
032,112025,1331871,11720790,11720790
032,112025,1331871,11720795,11720795
032,112025,1331871,11720800,11720800
032,112025,1331871,11720803,11720803
032,112025,1331871,11720806,11720806
032,112025,1331871,11720809,11720809
032,112025,1331871,11720812,11720812
032,112025,1331871,11720817,11720817
032,112025,1331871,11720822,11720822
032,112025,1331871,11720827,11720827
032,112025,1331871,11720832,11720832
032,112025,1331871,11720839,11720839
032,112025,1331871,11720846,11720846
032,112025,1331871,11720849,11720849
032,112025,1331871,11720852,11720852
032,112025,1331871,11720855,11720855
032,112025,1331871,11720858,11720858
032,112025,1331871,11720861,11720861
032,112025,1331871,11720864,11720864
032,112025,1331871,11720871,11720871
032,112025,1331871,11720878,11720878
032,112025,1331871,11720881,11720881
032,112025,1331871,11720898,11720898
032,112025,1331871,11720901,11720901
032,112025,1331871,11720908,11720908
032,112025,1331871,11720913,11720913
032,112025,1331871,11720924,11720924
032,112025,1331871,11720927,11720927
032,112025,1331871,11720930,11720930
032,112025,1331871,11720933,11720933
032,112025,1331871,11720936,11720936
032,112025,1331871,11720941,11720941
032,112025,1331871,11720964,11720964
032,112025,1331871,11720971,11720971
032,112025,1331871,11722164,11722164
032,112025,1331871,11722167,11722167
032,112025,1331755,11519694,11519694
032,112025,1331755,11519701,11519701
032,112025,1331755,11520277,11520277
032,112025,1331755,11716918,11716918
032,112025,1331755,11716928,11716928
032,112025,1331755,11716931,11716931
032,112025,1331755,11716934,11716934
032,112025,1331755,11716937,11716937
032,112025,1331755,11719994,11719994
032,112025,1331755,11720021,11720021
032,112025,1331755,11720224,11720224
032,112025,1331755,11720227,11720227
032,112025,1331755,11720350,11720350
032,112025,1331755,11720379,11720379
032,112025,1331755,11720714,11720714
032,112025,1331755,11720721,11720721
032,112025,1331755,11720728,11720728
032,112025,1331755,11720735,11720735
032,112025,1331755,11720790,11720790
032,112025,1331755,11720795,11720795
032,112025,1331755,11720800,11720800
032,112025,1331755,11720803,11720803
032,112025,1331755,11720806,11720806
032,112025,1331755,11720809,11720809
032,112025,1331755,11720812,11720812
032,112025,1331755,11720817,11720817
032,112025,1331755,11720822,11720822
032,112025,1331755,11720827,11720827
032,112025,1331755,11720832,11720832
032,112025,1331755,11720839,11720839
032,112025,1331755,11720846,11720846
032,112025,1331755,11720849,11720849
032,112025,1331755,11720852,11720852
032,112025,1331755,11720855,11720855
032,112025,1331755,11720858,11720858
032,112025,1331755,11720861,11720861
032,112025,1331755,11720864,11720864
032,112025,1331755,11720871,11720871
032,112025,1331755,11720878,11720878
032,112025,1331755,11720881,11720881
032,112025,1331755,11720898,11720898
032,112025,1331755,11720901,11720901
032,112025,1328057,11722224,11722224
032,112025,1328057,11722233,11722233
032,112025,1328057,11722236,11722236
032,112025,1328057,11722239,11722239
032,112025,1328057,11722242,11722242
032,112025,1328057,11722245,11722245
032,112025,1328057,11722248,11722248
032,112025,1328057,11729387,11729387
032,112025,1328057,11729390,11729390
032,112025,1328057,11729393,11729393
032,112025,1328057,11729396,11729396
032,112025,1328057,11729399,11729399
032,112025,1328057,11729402,11729402
032,112025,1328057,11729405,11729405
032,112025,1328057,11729410,11729410
032,112025,1328057,11729421,11729421
032,112025,1328057,11729428,11729428
032,112025,1328057,11729469,11729469
032,112025,1328057,11729559,11729559
032,112025,1328057,11729566,11729566
032,112025,1328057,11729569,11729569
032,112025,1328057,11729576,11729576
032,112025,1328057,11729583,11729583
032,112025,1328057,11729586,11729586
032,112025,1328057,11729721,11729721
032,112025,1328057,11729724,11729724
032,112025,1328057,11729828,11729828
032,112025,1328057,11729831,11729831
032,112025,1328057,11729988,11729988
032,112025,1328057,11729993,11729993
032,112025,1328057,11730086,11730086
032,112025,1328057,11730089,11730089
032,112025,1328057,11730937,11730937
032,112025,1328057,11730940,11730940
032,112025,1328057,11730943,11730943
032,112025,1328057,11730946,11730946
032,112025,1328057,11730983,11730983
032,112025,1328057,11730990,11730990
032,112025,1328057,11731237,11731237
032,112025,1328057,11731240,11731240
032,112025,1328057,11731320,11731320
032,112025,1328057,11731691,11731691
032,112025,1328057,11731694,11731694
032,112025,1328057,11731827,11731827
032,112025,1328057,11731832,11731832
032,112025,1328057,11731837,11731837
032,112025,1328057,11731842,11731842
032,112025,1328057,11731847,11731847
032,112025,1328057,11731852,11731852
032,112025,1328057,11731857,11731857
032,112025,1328057,11731862,11731862
032,112025,1328057,11732103,11732103
032,112025,1328057,11732110,11732110
032,112025,1328057,11732115,11732115
032,112025,1328057,11732120,11732120
032,112025,1328057,11732125,11732125
032,112025,1328057,11732130,11732130
032,112025,1328057,11732135,11732135
032,112025,1328057,11732140,11732140
032,112025,1328057,11732145,11732145
032,112025,1328057,11732150,11732150
032,112025,1328057,11732155,11732155
032,112025,1328057,11732166,11732166
032,112025,1328057,11732171,11732171
032,112025,1328057,11732182,11732182
032,112025,1328057,11732189,11732189
032,112025,1328057,11732205,11732205
032,112025,1328057,11732210,11732210
032,112025,1328057,11732215,11732215
032,112025,1328057,11732220,11732220
032,112025,1328057,11732225,11732225
032,112025,1328057,11732230,11732230
032,112025,1328057,11732235,11732235
032,112025,1328057,11732240,11732240
032,112025,1328057,11732245,11732245
032,112025,1328057,11732250,11732250
032,112025,1328057,11732255,11732255
032,112025,1328057,11732260,11732260
032,112025,1328057,11732265,11732265
032,112025,1328057,11732270,11732270
032,112025,1328057,11732321,11732321
032,112025,1328057,11732324,11732324
032,112025,1328057,11732367,11732367
032,112025,1328057,11732370,11732370
032,112025,1328057,11732373,11732373
032,112025,1328057,108338174,108338174
032,112025,1328057,109021498,109021498
032,112025,1328057,109022626,109022626
032,112025,1328057,109022634,109022634
032,112025,1328057,109114727,109114727
032,112025,1328057,109133026,109133026
032,112025,1328057,109133033,109133033
032,112025,1328057,109167862,109167862
032,112025,1328057,109167877,109167877
032,112025,1328057,109848524,109848524
032,112025,1328057,109848527,109848527
032,112025,1328057,110006875,110006875
032,112025,1328057,110768488,110768488
032,112025,1328057,110768504,110768504
032,112025,1328057,112782890,112782890
032,112025,1328057,112782897,112782897
032,112025,1328057,112782935,112782935
032,112025,1328057,112782942,112782942
032,112025,1328057,112832512,112832512
032,112025,1328057,112832515,112832515
032,112025,1328057,112834367,112834367
032,112025,1328057,112834370,112834370
032,112025,1328057,112834385,112834385
032,112025,1328057,112834388,112834388
032,112025,1328057,112834473,112834473
032,112025,1328057,112834476,112834476
032,112025,1328057,112985667,112985667
032,112025,1328057,112985670,112985670
032,112025,1328057,113013549,113013549
032,112025,1328057,113013552,113013552
032,112025,1328057,113014664,113014664
032,112025,1328057,113014667,113014667
032,112025,1328057,113212076,113212076
032,112025,1328057,113260246,113260246
032,112025,1328057,113260249,113260249
032,112025,1328057,113580560,113580560
032,112025,1328057,113580564,113580564
032,112025,1328057,113580599,113580599
032,112025,1328057,113580618,113580618
032,112025,1328057,113584341,113584341
032,112025,1328057,113584344,113584344
032,112025,1328057,113851859,113851859
032,112025,1328057,113949982,113949982
032,112025,1328057,113949990,113949990
032,112025,1328057,114123615,114123615
032,112025,1328057,114130052,114130052
032,112025,1328057,114130055,114130055
032,112025,1328057,114395586,114395586
032,112025,1328057,11732392,11732392
032,112025,1328057,11732395,11732395
032,112025,1328057,11732398,11732398
032,112025,1328057,11732401,11732401
032,112025,1328057,11732404,11732404
032,112025,1328057,11732407,11732407
032,112025,1328057,11732511,11732511
032,112025,1328057,11732514,11732514
032,112025,1328057,19812582,19812582
032,112025,1328057,20469561,20469561
032,112025,1328057,20469568,20469568
032,112025,1328057,21131066,21131066
032,112025,1331755,11720908,11720908
032,112025,1331755,11720913,11720913
032,112025,1331755,11720924,11720924
032,112025,1331755,11720927,11720927
032,112025,1331755,11720930,11720930
032,112025,1331755,11720933,11720933
032,112025,1331755,11720936,11720936
032,112025,1331755,11720941,11720941
032,112025,1331755,11720964,11720964
032,112025,1331755,11720971,11720971
032,112025,1331755,11722164,11722164
032,112025,1331755,11722167,11722167
032,112025,1331755,11722189,11722189
032,112025,1331755,11722192,11722192
032,112025,1331755,11722221,11722221
032,112025,1331755,11722224,11722224
032,112025,1331755,11722233,11722233
032,112025,1331755,11722236,11722236
032,112025,1331755,11722239,11722239
032,112025,1331755,11722242,11722242
032,112025,1331755,11722245,11722245
032,112025,1331755,11722248,11722248
032,112025,1331755,11729387,11729387
032,112025,1331755,11729390,11729390
032,112025,1331755,11729393,11729393
032,112025,1331755,11729396,11729396
032,112025,1331755,11729399,11729399
032,112025,1331755,11729402,11729402
032,112025,1331755,108338174,108338174
032,112025,1331755,109021498,109021498
032,112025,1331755,109022626,109022626
032,112025,1331755,109022634,109022634
032,112025,1331755,109114727,109114727
032,112025,1331755,109133026,109133026
032,112025,1331755,109133033,109133033
032,112025,1331755,109167862,109167862
032,112025,1331755,109167877,109167877
032,112025,1331755,109848524,109848524
032,112025,1331755,109848527,109848527
032,112025,1331755,110006875,110006875
032,112025,1331755,110768488,110768488
032,112025,1331755,110768504,110768504
032,112025,1331755,112782890,112782890
032,112025,1331755,112782897,112782897
032,112025,1331755,112782935,112782935
032,112025,1331755,112782942,112782942
032,112025,1331755,112832512,112832512
032,112025,1331755,112832515,112832515
032,112025,1331755,112834367,112834367
032,112025,1331755,112834370,112834370
032,112025,1331755,112834385,112834385
032,112025,1331755,112834388,112834388
032,112025,1331755,112834473,112834473
032,112025,1331755,112834476,112834476
032,112025,1331755,112985667,112985667
032,112025,1331755,112985670,112985670
032,112025,1331755,113013549,113013549
032,112025,1331755,113013552,113013552
032,112025,1331755,113014664,113014664
032,112025,1331755,113014667,113014667
032,112025,1331755,113212076,113212076
032,112025,1331755,113260246,113260246
032,112025,1331755,113260249,113260249
032,112025,1331755,113580560,113580560
032,112025,1331755,113580564,113580564
032,112025,1331755,113580599,113580599
032,112025,1331755,113580618,113580618
032,112025,1331755,113584341,113584341
032,112025,1331755,113584344,113584344
032,112025,1331755,113851859,113851859
032,112025,1331755,113949982,113949982
032,112025,1331755,113949990,113949990
032,112025,1331755,114123615,114123615
032,112025,1331755,114130052,114130052
032,112025,1331755,114130055,114130055
032,112025,1331755,114395586,114395586
032,112025,1328962,34025807,34025807
032,112025,1328962,74127322,74127322
032,112025,1328962,109595686,109595686
032,112025,1328962,109610089,109610089
032,112025,1328962,109620237,109620237
032,112025,1328962,109620249,109620249
032,112025,1328962,109839136,109839136
032,112025,1328962,111821178,111821178
032,112025,1328962,111821181,111821181
032,112025,1328962,112304376,112304376
032,112025,1328962,112304388,112304388
032,112025,1328962,112399012,112399012
032,112025,1328962,112882456,112882456
032,112025,1328962,112883757,112883757
032,112025,1328962,112884811,112884811
032,112025,1328962,112884814,112884814
032,112025,1328962,113081500,113081500
032,112025,1328962,113081503,113081503
032,112025,1328962,113098165,113098165
032,112025,1328962,113251166,113251166
032,112025,1328962,113257718,113257718
032,112025,1328962,113257721,113257721
032,112025,1328962,113478984,113478984
032,112025,1328962,113950752,113950752
032,112025,1336124,26756993,26756993
032,112025,1336124,26757005,26757005
032,112025,1336124,30002257,30002257
032,112025,1336124,30105635,30105635
032,112025,1336069,11732110,11732110
032,112025,1336069,11732115,11732115
032,112025,1336069,11732120,11732120
032,112025,1336069,11732125,11732125
032,112025,1336069,11732130,11732130
032,112025,1336069,11732135,11732135
032,112025,1336069,11732140,11732140
032,112025,1336069,11732145,11732145
032,112025,1336069,11732150,11732150
032,112025,1336069,11732155,11732155
032,112025,1336069,11732182,11732182
032,112025,1336069,11732189,11732189
032,112025,1336069,11732205,11732205
032,112025,1336069,11732210,11732210
032,112025,1336069,11732215,11732215
032,112025,1336069,11732220,11732220
032,112025,1336069,11732225,11732225
032,112025,1336069,11732230,11732230
032,112025,1336069,11732235,11732235
032,112025,1336069,11732240,11732240
032,112025,1336069,11732245,11732245
032,112025,1336069,11732250,11732250
032,112025,1336069,11732255,11732255
032,112025,1336069,11732260,11732260
032,112025,1336069,11732265,11732265
032,112025,1336069,11732270,11732270
032,112025,1336069,11732321,11732321
032,112025,1336069,11732324,11732324
032,112025,1336069,11732367,11732367
032,112025,1336069,11732370,11732370
032,112025,1336069,11732373,11732373
032,112025,1336069,11732392,11732392
032,112025,1336069,11732395,11732395
032,112025,1336069,11732398,11732398
032,112025,1336069,11732401,11732401
032,112025,1336069,11732404,11732404
032,112025,1336069,11732407,11732407
032,112025,1336069,11732511,11732511
032,112025,1336069,11732514,11732514
032,112025,1336069,19812582,19812582
032,112025,1336069,20469561,20469561
032,112025,1336069,20469568,20469568
032,112025,1336069,21131066,21131066
032,112025,1336069,21131094,21131094
032,112025,1336069,26275030,26275030
032,112025,1336069,26275716,26275716
032,112025,1336069,26755950,26755950
032,112025,1336069,26755957,26755957
032,112025,1336069,26756459,26756459
032,112025,1336069,26756467,26756467
032,112025,1336069,26756789,26756789
032,112025,1336069,26756796,26756796
032,112025,1336069,108338174,108338174
032,112025,1336069,109021498,109021498
032,112025,1336069,109022626,109022626
032,112025,1336069,109022634,109022634
032,112025,1336069,109114727,109114727
032,112025,1336069,109133033,109133033
032,112025,1336069,109167862,109167862
032,112025,1336069,109167877,109167877
032,112025,1336069,109848524,109848524
032,112025,1336069,109848527,109848527
032,112025,1336069,110006875,110006875
032,112025,1336069,110768488,110768488
032,112025,1336069,110768504,110768504
032,112025,1336069,112782890,112782890
032,112025,1336069,112782897,112782897
032,112025,1336069,112782935,112782935
032,112025,1336069,112782942,112782942
032,112025,1336069,112832512,112832512
032,112025,1336069,112832515,112832515
032,112025,1336069,112834367,112834367
032,112025,1336069,112834370,112834370
032,112025,1336069,112834385,112834385
032,112025,1336069,112834388,112834388
032,112025,1336069,112834473,112834473
032,112025,1336069,112834476,112834476
032,112025,1336069,112985667,112985667
032,112025,1336069,112985670,112985670
032,112025,1336069,113013549,113013549
032,112025,1336069,113013552,113013552
032,112025,1336069,113014664,113014664
032,112025,1336069,113014667,113014667
032,112025,1336069,113212076,113212076
032,112025,1336069,113260246,113260246
032,112025,1336069,113260249,113260249
032,112025,1336069,113580560,113580560
032,112025,1336069,113580564,113580564
032,112025,1336069,113580599,113580599
032,112025,1336069,113580618,113580618
032,112025,1336069,113584341,113584341
032,112025,1336069,113584344,113584344
032,112025,1336069,113851859,113851859
032,112025,1336069,113949982,113949982
032,112025,1336069,113949990,113949990
032,112025,1336069,114123615,114123615
032,112025,1336069,114130052,114130052
032,112025,1336069,114130055,114130055
032,112025,1336069,114395586,114395586
032,112025,1336069,26756993,26756993
032,112025,1336069,26757005,26757005
032,112025,1336069,30002257,30002257
032,112025,1336069,30105635,30105635
032,112025,1336124,108338174,108338174
032,112025,1336124,109021498,109021498
032,112025,1336124,109022626,109022626
032,112025,1336124,109022634,109022634
032,112025,1336124,109114727,109114727
032,112025,1336124,109133033,109133033
032,112025,1336124,109167862,109167862
032,112025,1336124,109167877,109167877
032,112025,1336124,109848524,109848524
032,112025,1336124,109848527,109848527
032,112025,1336124,110006875,110006875
032,112025,1336124,110768488,110768488
032,112025,1336124,110768504,110768504
032,112025,1336124,112782890,112782890
032,112025,1329607,11721059,11721059
032,112025,1329607,11721062,11721062
032,112025,1329607,11721065,11721065
032,112025,1329607,11721068,11721068
032,112025,1329607,11721071,11721071
032,112025,1329607,11721969,11721969
032,112025,1329607,11721976,11721976
032,112025,1329607,11519715,11519715
032,112025,1329607,11716925,11716925
032,112025,1329607,11716998,11716998
032,112025,1329607,11717008,11717008
032,112025,1329607,11717011,11717011
032,112025,1329607,11717014,11717014
032,112025,1329607,11717017,11717017
032,112025,1329607,11717020,11717020
032,112025,1329607,112458846,112458846
032,112025,1329607,112458857,112458857
032,112025,1329607,113405718,113405718
032,112025,1329607,113446996,113446996
032,112025,1329607,114339759,114339759
032,112025,1329607,114467063,114467063
032,112025,1329607,114481611,114481611
032,112025,1329607,114573180,114573180
032,112025,1329607,114573193,114573193
032,112025,1333219,108338174,108338174
032,112025,1333219,109021498,109021498
032,112025,1333219,109022626,109022626
032,112025,1333219,109022634,109022634
032,112025,1333219,109114727,109114727
032,112025,1333219,109133026,109133026
032,112025,1333219,109133033,109133033
032,112025,1333219,109167862,109167862
032,112025,1333219,109167877,109167877
032,112025,1333219,109848524,109848524
032,112025,1333219,109848527,109848527
032,112025,1333219,110006875,110006875
032,112025,1333219,110768488,110768488
032,112025,1333219,110768504,110768504
032,112025,1333219,112782890,112782890
032,112025,1333219,112782897,112782897
032,112025,1333219,112782935,112782935
032,112025,1333219,112782942,112782942
032,112025,1333219,112832512,112832512
032,112025,1333219,112832515,112832515
032,112025,1333219,112834367,112834367
032,112025,1333219,112834370,112834370
032,112025,1333219,112834385,112834385
032,112025,1333219,112834388,112834388
032,112025,1333219,112834473,112834473
032,112025,1333219,112834476,112834476
032,112025,1333219,112985667,112985667
032,112025,1333219,112985670,112985670
032,112025,1333219,113013549,113013549
032,112025,1333219,113013552,113013552
032,112025,1333219,113014664,113014664
032,112025,1333219,113014667,113014667
032,112025,1333219,113212076,113212076
032,112025,1333219,113260246,113260246
032,112025,1333219,113260249,113260249
032,112025,1333219,113580560,113580560
032,112025,1333219,113580564,113580564
032,112025,1333219,113580599,113580599
032,112025,1333219,113580618,113580618
032,112025,1333219,113584341,113584341
032,112025,1333219,113584344,113584344
032,112025,1333219,113851859,113851859
032,112025,1333219,113949982,113949982
032,112025,1333219,113949990,113949990
032,112025,1333219,114123615,114123615
032,112025,1333219,114130052,114130052
032,112025,1333219,114130055,114130055
032,112025,1333219,114395586,114395586
032,112025,1333219,11720735,11720735
032,112025,1333219,11720790,11720790
032,112025,1333219,11720795,11720795
032,112025,1333219,11720800,11720800
032,112025,1333219,11720803,11720803
032,112025,1333219,11720806,11720806
032,112025,1333219,11720809,11720809
032,112025,1333219,11720812,11720812
032,112025,1333219,11720817,11720817
032,112025,1333219,11720822,11720822
032,112025,1333219,11720827,11720827
032,112025,1333219,11720832,11720832
032,112025,1333219,11720839,11720839
032,112025,1333219,11720846,11720846
032,112025,1333219,11720849,11720849
032,112025,1333219,11720852,11720852
032,112025,1333219,11720855,11720855
032,112025,1333219,11720858,11720858
032,112025,1333219,11720861,11720861
032,112025,1333219,11720864,11720864
032,112025,1333219,11720871,11720871
032,112025,1333219,11720878,11720878
032,112025,1333219,11720881,11720881
032,112025,1333219,11720898,11720898
032,112025,1333219,11720901,11720901
032,112025,1333219,11720908,11720908
032,112025,1333219,11720913,11720913
032,112025,1333219,11720924,11720924
032,112025,1333219,11720927,11720927
032,112025,1333219,11720930,11720930
032,112025,1333219,11720933,11720933
032,112025,1333219,11720936,11720936
032,112025,1333219,11720941,11720941
032,112025,1333219,11720964,11720964
032,112025,1333219,11720971,11720971
032,112025,1333219,11722164,11722164
032,112025,1333219,11722167,11722167
032,112025,1333219,11722189,11722189
032,112025,1333219,11722192,11722192
032,112025,1333219,11722221,11722221
032,112025,1333219,11722224,11722224
032,112025,1333219,11722233,11722233
032,112025,1333219,11722236,11722236
032,112025,1333219,11722239,11722239
032,112025,1333219,11722242,11722242
032,112025,1333219,11722245,11722245
032,112025,1333219,11722248,11722248
032,112025,1333219,11729387,11729387
032,112025,1333219,11729390,11729390
032,112025,1333219,11729393,11729393
032,112025,1333219,11729396,11729396
032,112025,1333219,11729399,11729399
032,112025,1333219,11729402,11729402
032,112025,1333219,11729405,11729405
032,112025,1333219,11729410,11729410
032,112025,1333219,11729421,11729421
032,112025,1333219,11729428,11729428
032,112025,1333219,11729469,11729469
032,112025,1333219,11729559,11729559
032,112025,1333219,11729566,11729566
032,112025,1333219,11729569,11729569
032,112025,1333219,11729576,11729576
032,112025,1333219,11729583,11729583
032,112025,1333219,11729586,11729586
032,112025,1333219,11729721,11729721
032,112025,1333219,11729724,11729724
032,112025,1333219,11729828,11729828
032,112025,1333219,11729831,11729831
032,112025,1333219,11729988,11729988
032,112025,1333219,11729993,11729993
032,112025,1333219,11730086,11730086
032,112025,1333219,11730089,11730089
032,112025,1333219,11730937,11730937
032,112025,1336124,112782897,112782897
032,112025,1336124,112782935,112782935
032,112025,1336124,112782942,112782942
032,112025,1336124,112832512,112832512
032,112025,1336124,112832515,112832515
032,112025,1336124,112834367,112834367
032,112025,1336124,112834370,112834370
032,112025,1336124,112834385,112834385
032,112025,1336124,112834388,112834388
032,112025,1336124,112834473,112834473
032,112025,1336124,112834476,112834476
032,112025,1336124,112985667,112985667
032,112025,1336124,112985670,112985670
032,112025,1336124,113013549,113013549
032,112025,1336124,113013552,113013552
032,112025,1336124,113014664,113014664
032,112025,1336124,113014667,113014667
032,112025,1336124,113212076,113212076
032,112025,1336124,113260246,113260246
032,112025,1336124,113260249,113260249
032,112025,1336124,113580560,113580560
032,112025,1336124,113580564,113580564
032,112025,1336124,113580599,113580599
032,112025,1336124,113580618,113580618
032,112025,1336124,113584341,113584341
032,112025,1336124,113584344,113584344
032,112025,1336124,113851859,113851859
032,112025,1336124,113949982,113949982
032,112025,1336124,113949990,113949990
032,112025,1336124,114123615,114123615
032,112025,1336124,114130052,114130052
032,112025,1336124,114130055,114130055
032,112025,1336124,114395586,114395586
032,112025,1336124,11519694,11519694
032,112025,1336124,11519701,11519701
032,112025,1336124,11520277,11520277
032,112025,1336124,11716918,11716918
032,112025,1336124,11716928,11716928
032,112025,1336124,11716931,11716931
032,112025,1336124,11716937,11716937
032,112025,1336124,11719994,11719994
032,112025,1336124,11720021,11720021
032,112025,1336124,11720224,11720224
032,112025,1336124,11720227,11720227
032,112025,1336124,11720350,11720350
032,112025,1336124,11720379,11720379
032,112025,1336124,11720714,11720714
032,112025,1336124,11720721,11720721
032,112025,1336124,11720728,11720728
032,112025,1336124,11720735,11720735
032,112025,1336124,11720790,11720790
032,112025,1336124,11720795,11720795
032,112025,1336124,11720800,11720800
032,112025,1336124,11720803,11720803
032,112025,1336124,11720806,11720806
032,112025,1336124,11720809,11720809
032,112025,1336124,11720812,11720812
032,112025,1336124,11720817,11720817
032,112025,1336124,11720822,11720822
032,112025,1336124,11720827,11720827
032,112025,1336124,11720832,11720832
032,112025,1336124,11720839,11720839
032,112025,1336124,11720846,11720846
032,112025,1336124,11720849,11720849
032,112025,1336124,11720852,11720852
032,112025,1336124,11720855,11720855
032,112025,1336124,11720858,11720858
032,112025,1336124,11720861,11720861
032,112025,1336124,11720864,11720864
032,112025,1336124,11720871,11720871
032,112025,1336124,11720878,11720878
032,112025,1336124,11720881,11720881
032,112025,1336124,11720898,11720898
032,112025,1336124,11720901,11720901
032,112025,1336124,11720908,11720908
032,112025,1336124,11720913,11720913
032,112025,1336124,11720924,11720924
032,112025,1336124,11720927,11720927
032,112025,1336124,11720930,11720930
032,112025,1336124,11720933,11720933
032,112025,1336124,11720936,11720936
032,112025,1336124,11720941,11720941
032,112025,1336124,11720964,11720964
032,112025,1336124,11720971,11720971
032,112025,1336124,11722164,11722164
032,112025,1336124,11722167,11722167
032,112025,1336124,11722189,11722189
032,112025,1336124,11722192,11722192
032,112025,1336124,11722221,11722221
032,112025,1336124,11722224,11722224
032,112025,1336124,11722233,11722233
032,112025,1336124,11722236,11722236
032,112025,1336124,11722239,11722239
032,112025,1336124,11722242,11722242
032,112025,1336124,11722245,11722245
032,112025,1336124,11722248,11722248
032,112025,1336124,11729387,11729387
032,112025,1336124,11729390,11729390
032,112025,1336124,11729393,11729393
032,112025,1336124,11729396,11729396
032,112025,1336124,11729399,11729399
032,112025,1336124,11729402,11729402
032,112025,1336124,11729405,11729405
032,112025,1336124,11729410,11729410
032,112025,1336124,11729421,11729421
032,112025,1336124,11729428,11729428
032,112025,1336124,11729469,11729469
032,112025,1336124,11729559,11729559
032,112025,1336124,11729566,11729566
032,112025,1336124,11729569,11729569
032,112025,1336124,11729576,11729576
032,112025,1336124,11729583,11729583
032,112025,1336124,11729586,11729586
032,112025,1336124,11729721,11729721
032,112025,1336124,11729724,11729724
032,112025,1336124,11729828,11729828
032,112025,1336124,11729831,11729831
032,112025,1336124,11729988,11729988
032,112025,1336124,11729993,11729993
032,112025,1336124,11730086,11730086
032,112025,1336124,11730089,11730089
032,112025,1336124,11730937,11730937
032,112025,1336124,11730940,11730940
032,112025,1336124,11730943,11730943
032,112025,1336124,11730946,11730946
032,112025,1336124,11730983,11730983
032,112025,1336124,11730990,11730990
032,112025,1336124,11731237,11731237
032,112025,1336124,11731240,11731240
032,112025,1336124,11731320,11731320
032,112025,1336124,11731691,11731691
032,112025,1336124,11731694,11731694
032,112025,1336124,11731827,11731827
032,112025,1336124,11731832,11731832
032,112025,1336124,11731837,11731837
032,112025,1336124,11731842,11731842
032,112025,1336124,11731847,11731847
032,112025,1336124,11731852,11731852
032,112025,1336124,11731857,11731857
032,112025,1336124,11731862,11731862
032,112025,1336124,11732103,11732103
032,112025,1336124,11732110,11732110
032,112025,1336124,11732115,11732115
032,112025,1336124,11732120,11732120
032,112025,1336124,11732125,11732125
032,112025,1333219,11730940,11730940
032,112025,1333219,11730943,11730943
032,112025,1333219,11730946,11730946
032,112025,1333219,11730983,11730983
032,112025,1333219,11730990,11730990
032,112025,1333219,11731237,11731237
032,112025,1333219,11731240,11731240
032,112025,1333219,11731320,11731320
032,112025,1333219,11731691,11731691
032,112025,1333219,11731694,11731694
032,112025,1333219,11731827,11731827
032,112025,1333219,11731832,11731832
032,112025,1333219,11731837,11731837
032,112025,1333219,11731842,11731842
032,112025,1333219,11731847,11731847
032,112025,1333219,11731852,11731852
032,112025,1333219,11731857,11731857
032,112025,1333219,11731862,11731862
032,112025,1333219,11732103,11732103
032,112025,1333219,11732110,11732110
032,112025,1333219,11732115,11732115
032,112025,1333219,11732120,11732120
032,112025,1333219,11732125,11732125
032,112025,1333219,11732130,11732130
032,112025,1333219,11732135,11732135
032,112025,1333219,11732140,11732140
032,112025,1333219,11732145,11732145
032,112025,1333219,11732150,11732150
032,112025,1333219,11732155,11732155
032,112025,1333219,11732166,11732166
032,112025,1333219,11732171,11732171
032,112025,1333219,11732182,11732182
032,112025,1333219,11732189,11732189
032,112025,1333219,11732205,11732205
032,112025,1333219,11732210,11732210
032,112025,1333219,11732215,11732215
032,112025,1333219,11732220,11732220
032,112025,1333219,11732225,11732225
032,112025,1333219,11732230,11732230
032,112025,1333219,11732235,11732235
032,112025,1333219,11732240,11732240
032,112025,1333219,11732245,11732245
032,112025,1333219,11732250,11732250
032,112025,1333219,11732255,11732255
032,112025,1333219,11732260,11732260
032,112025,1333219,11732265,11732265
032,112025,1333219,11732270,11732270
032,112025,1333219,11732321,11732321
032,112025,1333219,11732324,11732324
032,112025,1333219,11732367,11732367
032,112025,1333219,11732370,11732370
032,112025,1333219,11732373,11732373
032,112025,1333219,11732392,11732392
032,112025,1333219,11732395,11732395
032,112025,1333219,11732398,11732398
032,112025,1333219,11732401,11732401
032,112025,1333219,11732404,11732404
032,112025,1333219,11732407,11732407
032,112025,1333219,11732511,11732511
032,112025,1333219,11732514,11732514
032,112025,1333219,19812582,19812582
032,112025,1333219,20469561,20469561
032,112025,1333219,20469568,20469568
032,112025,1333219,21131066,21131066
032,112025,1333219,21131094,21131094
032,112025,1333219,26275030,26275030
032,112025,1333219,26275716,26275716
032,112025,1333219,26755950,26755950
032,112025,1333219,26755957,26755957
032,112025,1333219,26756459,26756459
032,112025,1333219,26756467,26756467
032,112025,1333219,26756789,26756789
032,112025,1333219,26756796,26756796
032,112025,1333219,26756993,26756993
032,112025,1333219,26757005,26757005
032,112025,1333219,30002257,30002257
032,112025,1333219,30105635,30105635
032,112025,1334662,11520132,11520132
032,112025,1334662,11520214,11520214
032,112025,1334662,11717001,11717001
032,112025,1334662,11719991,11719991
032,112025,1334662,11720708,11720708
032,112025,1334662,11720711,11720711
032,112025,1334662,11721074,11721074
032,112025,1334662,11721077,11721077
032,112025,1334662,11721080,11721080
032,112025,1334662,11721083,11721083
032,112025,1334662,11721086,11721086
032,112025,1334662,11721093,11721093
032,112025,1334662,11721100,11721100
032,112025,1334662,11721107,11721107
032,112025,1334662,11721117,11721117
032,112025,1334662,11721120,11721120
032,112025,1334662,11721123,11721123
032,112025,1334662,11721126,11721126
032,112025,1334662,11721133,11721133
032,112025,1334662,11721140,11721140
032,112025,1334662,11721143,11721143
032,112025,1334662,11721146,11721146
032,112025,1334662,11721149,11721149
032,112025,1334662,11721158,11721158
032,112025,1334662,11721161,11721161
032,112025,1334662,11721164,11721164
032,112025,1334662,11721167,11721167
032,112025,1334662,11721170,11721170
032,112025,1334662,11721173,11721173
032,112025,1334662,11721176,11721176
032,112025,1334662,11721179,11721179
032,112025,1334662,11721188,11721188
032,112025,1334662,11721191,11721191
032,112025,1334662,11721194,11721194
032,112025,1334662,11721197,11721197
032,112025,1334662,11722152,11722152
032,112025,1334662,11722155,11722155
032,112025,1334662,11722195,11722195
032,112025,1334662,11722198,11722198
032,112025,1334662,11722211,11722211
032,112025,1334662,11729305,11729305
032,112025,1334662,11729308,11729308
032,112025,1334662,11729311,11729311
032,112025,1334662,11729318,11729318
032,112025,1334662,11730407,11730407
032,112025,1334662,11730410,11730410
032,112025,1334662,11730883,11730883
032,112025,1334662,11730886,11730886
032,112025,1334662,11730917,11730917
032,112025,1334662,11730920,11730920
032,112025,1334662,11730923,11730923
032,112025,1334662,11730928,11730928
032,112025,1334662,11731099,11731099
032,112025,1334662,11731104,11731104
032,112025,1334662,11731815,11731815
032,112025,1334662,11731822,11731822
032,112025,1334662,11732517,11732517
032,112025,1334662,18473388,18473388
032,112025,1334662,18473498,18473498
032,112025,1334662,25210161,25210161
032,112025,1334662,25210168,25210168
032,112025,1334662,25417017,25417017
032,112025,1334662,25417050,25417050
032,112025,1334662,25417355,25417355
032,112025,1334662,25417363,25417363
032,112025,1334662,34025807,34025807
032,112025,1334662,74127322,74127322
032,112025,1334662,109595686,109595686
032,112025,1334662,109610089,109610089
032,112025,1334662,109620237,109620237
032,112025,1334662,109620249,109620249
032,112025,1334662,109839136,109839136
032,112025,1334662,111821178,111821178
032,112025,1334662,111821181,111821181
032,112025,1334662,112304376,112304376
032,112025,1334662,112304388,112304388
032,112025,1334662,112399012,112399012
032,112025,1334662,112882456,112882456
032,112025,1334662,112883757,112883757
032,112025,1334662,112884811,112884811
032,112025,1334662,112884814,112884814
032,112025,1334662,113081500,113081500
032,112025,1334662,113081503,113081503
032,112025,1334662,113098165,113098165
032,112025,1334662,113251166,113251166
032,112025,1334662,113257718,113257718
032,112025,1334662,113257721,113257721
032,112025,1334662,113478984,113478984
032,112025,1334662,113950752,113950752
032,112025,1336124,11732130,11732130
032,112025,1336124,11732135,11732135
032,112025,1336124,11732140,11732140
032,112025,1336124,11732145,11732145
032,112025,1336124,11732150,11732150
032,112025,1336124,11732155,11732155
032,112025,1336124,11732182,11732182
032,112025,1336124,11732189,11732189
032,112025,1336124,11732205,11732205
032,112025,1336124,11732210,11732210
032,112025,1336124,11732215,11732215
032,112025,1336124,11732220,11732220
032,112025,1336124,11732225,11732225
032,112025,1336124,11732230,11732230
032,112025,1336124,11732235,11732235
032,112025,1336124,11732240,11732240
032,112025,1336124,11732245,11732245
032,112025,1336124,11732250,11732250
032,112025,1336124,11732255,11732255
032,112025,1336124,11732260,11732260
032,112025,1336124,11732265,11732265
032,112025,1336124,11732270,11732270
032,112025,1336124,11732321,11732321
032,112025,1336124,11732324,11732324
032,112025,1336124,11732367,11732367
032,112025,1336124,11732370,11732370
032,112025,1336124,11732373,11732373
032,112025,1336124,11732392,11732392
032,112025,1336124,11732395,11732395
032,112025,1336124,11732398,11732398
032,112025,1336124,11732401,11732401
032,112025,1336124,11732404,11732404
032,112025,1336124,11732407,11732407
032,112025,1336124,11732511,11732511
032,112025,1336124,11732514,11732514
032,112025,1336124,19812582,19812582
032,112025,1336124,20469561,20469561
032,112025,1336124,20469568,20469568
032,112025,1336124,21131066,21131066
032,112025,1336124,21131094,21131094
032,112025,1336124,26275030,26275030
032,112025,1336124,26275716,26275716
032,112025,1336124,26755950,26755950
032,112025,1336124,26755957,26755957
032,112025,1336124,26756459,26756459
032,112025,1336124,26756467,26756467
032,112025,1336124,26756789,26756789
032,112025,1336124,26756796,26756796
032,112025,1328434,11732395,11732395
032,112025,1328434,11732398,11732398
032,112025,1328434,11732401,11732401
032,112025,1328434,11732404,11732404
032,112025,1328434,11732407,11732407
032,112025,1328434,11732511,11732511
032,112025,1328434,11732514,11732514
032,112025,1328434,19812582,19812582
032,112025,1328434,20469561,20469561
032,112025,1328434,20469568,20469568
032,112025,1328434,21131066,21131066
032,112025,1328434,21131094,21131094
032,112025,1328434,26275030,26275030
032,112025,1328434,26275716,26275716
032,112025,1328434,26755950,26755950
032,112025,1328434,26755957,26755957
032,112025,1328434,26756459,26756459
032,112025,1328434,26756467,26756467
032,112025,1328434,26756789,26756789
032,112025,1328434,26756796,26756796
032,112025,1328434,26756993,26756993
032,112025,1328434,26757005,26757005
032,112025,1328434,30002257,30002257
032,112025,1328434,30105635,30105635
032,112025,1334169,11729410,11729410
032,112025,1334169,11729421,11729421
032,112025,1334169,11729428,11729428
032,112025,1334169,11729469,11729469
032,112025,1334169,11729559,11729559
032,112025,1334169,11729566,11729566
032,112025,1334169,11729569,11729569
032,112025,1334169,11729576,11729576
032,112025,1334169,11729583,11729583
032,112025,1334169,11729586,11729586
032,112025,1334169,11729721,11729721
032,112025,1334169,11729724,11729724
032,112025,1334169,11729828,11729828
032,112025,1334169,11729831,11729831
032,112025,1334169,11729988,11729988
032,112025,1334169,11729993,11729993
032,112025,1334169,11730086,11730086
032,112025,1334169,11730089,11730089
032,112025,1334169,11730937,11730937
032,112025,1334169,11730940,11730940
032,112025,1334169,11730943,11730943
032,112025,1334169,11730946,11730946
032,112025,1334169,11730983,11730983
032,112025,1334169,11730990,11730990
032,112025,1334169,11731237,11731237
032,112025,1334169,11731240,11731240
032,112025,1334169,11731320,11731320
032,112025,1334169,11731691,11731691
032,112025,1334169,11731694,11731694
032,112025,1334169,11731827,11731827
032,112025,1334169,11731832,11731832
032,112025,1334169,11731837,11731837
032,112025,1334169,11731842,11731842
032,112025,1334169,11731847,11731847
032,112025,1334169,11731852,11731852
032,112025,1334169,11731857,11731857
032,112025,1334169,11731862,11731862
032,112025,1334169,11732103,11732103
032,112025,1334169,11732110,11732110
032,112025,1334169,11732115,11732115
032,112025,1334169,11732120,11732120
032,112025,1334169,11732125,11732125
032,112025,1334169,11732130,11732130
032,112025,1334169,11732135,11732135
032,112025,1334169,11732140,11732140
032,112025,1334169,11732145,11732145
032,112025,1334169,11732150,11732150
032,112025,1334169,11732155,11732155
032,112025,1334169,11732166,11732166
032,112025,1334169,11732171,11732171
032,112025,1334169,11732182,11732182
032,112025,1334169,11732189,11732189
032,112025,1334169,11732205,11732205
032,112025,1334169,11732210,11732210
032,112025,1334169,11732215,11732215
032,112025,1334169,11732220,11732220
032,112025,1334169,11732225,11732225
032,112025,1334169,11732230,11732230
032,112025,1334169,11732235,11732235
032,112025,1334169,11732240,11732240
032,112025,1334169,11732245,11732245
032,112025,1334169,11732250,11732250
032,112025,1334169,11732255,11732255
032,112025,1334169,11732260,11732260
032,112025,1334169,11732265,11732265
032,112025,1334169,11732270,11732270
032,112025,1334169,11732321,11732321
032,112025,1334169,11732324,11732324
032,112025,1334169,11732367,11732367
032,112025,1334169,11732370,11732370
032,112025,1334169,11732373,11732373
032,112025,1334169,11732392,11732392
032,112025,1334169,11732395,11732395
032,112025,1334169,11732398,11732398
032,112025,1334169,11732401,11732401
032,112025,1334169,11732404,11732404
032,112025,1334169,11732407,11732407
032,112025,1334169,11732511,11732511
032,112025,1334169,11732514,11732514
032,112025,1334169,19812582,19812582
032,112025,1334169,20469561,20469561
032,112025,1334169,20469568,20469568
032,112025,1334169,21131066,21131066
032,112025,1334169,21131094,21131094
032,112025,1334169,26275030,26275030
032,112025,1334169,26275716,26275716
032,112025,1334169,26755950,26755950
032,112025,1334169,26755957,26755957
032,112025,1334169,26756459,26756459
032,112025,1334169,26756467,26756467
032,112025,1334169,26756789,26756789
032,112025,1334169,26756796,26756796
032,112025,1334169,26756993,26756993
032,112025,1334169,26757005,26757005
032,112025,1334169,30002257,30002257
032,112025,1334169,30105635,30105635
032,112025,1334169,113949990,113949990
032,112025,1334169,114123615,114123615
032,112025,1334169,114130052,114130052
032,112025,1334169,114130055,114130055
032,112025,1334169,114395586,114395586
032,112025,1334169,110768504,110768504
032,112025,1334169,112782890,112782890
032,112025,1334169,112782897,112782897
032,112025,1334169,112782935,112782935
032,112025,1334169,112782942,112782942
032,112025,1334169,112832512,112832512
032,112025,1334169,112832515,112832515
032,112025,1334169,112834367,112834367
032,112025,1334169,112834370,112834370
032,112025,1334169,112834385,112834385
032,112025,1334169,112834388,112834388
032,112025,1334169,112834473,112834473
032,112025,1334169,112834476,112834476
032,112025,1334169,112985667,112985667
032,112025,1334169,112985670,112985670
032,112025,1334169,113013549,113013549
032,112025,1334169,113013552,113013552
032,112025,1334169,113014664,113014664
032,112025,1334169,113014667,113014667
032,112025,1334169,113212076,113212076
032,112025,1334169,113260246,113260246
032,112025,1334169,113260249,113260249
032,112025,1334169,113580560,113580560
032,112025,1334169,113580564,113580564
032,112025,1334169,113580599,113580599
032,112025,1334169,113580618,113580618
032,112025,1334169,113584341,113584341
032,112025,1334169,113584344,113584344
032,112025,1334169,113851859,113851859
032,112025,1334169,113949982,113949982
032,112025,1334169,108338174,108338174
032,112025,1334169,109021498,109021498
032,112025,1334169,109022626,109022626
032,112025,1334169,109022634,109022634
032,112025,1334169,109114727,109114727
032,112025,1334169,109133026,109133026
032,112025,1334169,109133033,109133033
032,112025,1334169,109167862,109167862
032,112025,1334169,109167877,109167877
032,112025,1334169,109848524,109848524
032,112025,1334169,109848527,109848527
032,112025,1334169,110006875,110006875
032,112025,1334169,110768488,110768488
032,112025,1336116,11520132,11520132
032,112025,1336116,11520214,11520214
032,112025,1336116,11717001,11717001
032,112025,1336116,11719991,11719991
032,112025,1336116,11720708,11720708
032,112025,1336116,11720711,11720711
032,112025,1336116,11721074,11721074
032,112025,1336116,11721077,11721077
032,112025,1336116,11721080,11721080
032,112025,1336116,11721083,11721083
032,112025,1336116,11721086,11721086
032,112025,1336116,11721093,11721093
032,112025,1336116,11721100,11721100
032,112025,1336116,11721107,11721107
032,112025,1336116,11721117,11721117
032,112025,1336116,11721120,11721120
032,112025,1336116,11721123,11721123
032,112025,1336116,11721126,11721126
032,112025,1336116,11721133,11721133
032,112025,1336116,11721140,11721140
032,112025,1336116,11721143,11721143
032,112025,1336116,11721146,11721146
032,112025,1336116,11721149,11721149
032,112025,1336116,11721158,11721158
032,112025,1336116,11721161,11721161
032,112025,1336116,11721164,11721164
032,112025,1336116,11721167,11721167
032,112025,1336116,11721170,11721170
032,112025,1336116,11721173,11721173
032,112025,1336116,11721176,11721176
032,112025,1336116,11721179,11721179
032,112025,1336116,11721188,11721188
032,112025,1336116,11721191,11721191
032,112025,1336116,11721194,11721194
032,112025,1336116,11721197,11721197
032,112025,1336116,11722152,11722152
032,112025,1336116,11722155,11722155
032,112025,1336116,11722195,11722195
032,112025,1336116,11722198,11722198
032,112025,1336116,11722211,11722211
032,112025,1336116,11729305,11729305
032,112025,1336116,11729308,11729308
032,112025,1336116,11729311,11729311
032,112025,1336116,11729318,11729318
032,112025,1336116,11730355,11730355
032,112025,1336116,11730362,11730362
032,112025,1336116,11730407,11730407
032,112025,1336116,11730410,11730410
032,112025,1336116,11730883,11730883
032,112025,1336116,11730886,11730886
032,112025,1336116,11730917,11730917
032,112025,1336116,11730920,11730920
032,112025,1336116,11730923,11730923
032,112025,1336116,11730928,11730928
032,112025,1336116,11731099,11731099
032,112025,1336116,11731104,11731104
032,112025,1336116,11731739,11731739
032,112025,1336116,11731742,11731742
032,112025,1336116,11731815,11731815
032,112025,1336116,11731822,11731822
032,112025,1336116,11732517,11732517
032,112025,1336116,18473388,18473388
032,112025,1336116,18473498,18473498
032,112025,1336116,25210161,25210161
032,112025,1336116,25210168,25210168
032,112025,1336116,25417017,25417017
032,112025,1336116,25417050,25417050
032,112025,1336116,25417355,25417355
032,112025,1336116,25417363,25417363
032,112025,1336116,34025807,34025807
032,112025,1336116,74127322,74127322
032,112025,1336116,109595686,109595686
032,112025,1336116,109610089,109610089
032,112025,1336116,109620237,109620237
032,112025,1336116,109620249,109620249
032,112025,1336116,109839136,109839136
032,112025,1336116,111821178,111821178
032,112025,1336116,111821181,111821181
032,112025,1336116,112304376,112304376
032,112025,1336116,112304388,112304388
032,112025,1336116,112399012,112399012
032,112025,1336116,112882456,112882456
032,112025,1336116,112883757,112883757
032,112025,1336116,112884811,112884811
032,112025,1336116,112884814,112884814
032,112025,1336116,113081500,113081500
032,112025,1336116,113081503,113081503
032,112025,1336116,113098165,113098165
032,112025,1336116,113251166,113251166
032,112025,1336116,113257718,113257718
032,112025,1336116,113257721,113257721
032,112025,1336116,113478984,113478984
032,112025,1336116,113950752,113950752
032,112025,1334291,11519708,11519708
032,112025,1334291,11520312,11520312
032,112025,1334291,11520326,11520326
032,112025,1334291,11722201,11722201
032,112025,1334291,11722204,11722204
032,112025,1334291,20396564,20396564
032,112025,1334291,113423352,113423352
032,112025,1334291,113629174,113629174
032,112025,1334291,113629178,113629178
032,112025,1334291,113630698,113630698
032,112025,1334291,113630701,113630701
032,112025,1334587,11519715,11519715
032,112025,1334587,11716925,11716925
032,112025,1334587,11716998,11716998
032,112025,1334587,11717008,11717008
032,112025,1334587,11717011,11717011
032,112025,1334587,11717014,11717014
032,112025,1334587,11717017,11717017
032,112025,1334587,11717020,11717020
032,112025,1334587,11720290,11720290
032,112025,1334587,11720754,11720754
032,112025,1334587,11720757,11720757
032,112025,1334587,11720760,11720760
032,112025,1334587,11720763,11720763
032,112025,1334587,11720766,11720766
032,112025,1334587,11720769,11720769
032,112025,1334587,11720772,11720772
032,112025,1334587,11720775,11720775
032,112025,1334587,11720784,11720784
032,112025,1334587,11720787,11720787
032,112025,1334587,11721002,11721002
032,112025,1334587,11721005,11721005
032,112025,1334587,11721011,11721011
032,112025,1334587,11721026,11721026
032,112025,1334587,11721029,11721029
032,112025,1334587,11721032,11721032
032,112025,1334587,11721035,11721035
032,112025,1334587,11721038,11721038
032,112025,1334587,112458846,112458846
032,112025,1334587,112458857,112458857
032,112025,1334587,113405718,113405718
032,112025,1334587,113446996,113446996
032,112025,1334587,114339759,114339759
032,112025,1334587,114467063,114467063
032,112025,1334587,114481611,114481611
032,112025,1334587,114573180,114573180
032,112025,1334587,114573193,114573193
032,112025,1334587,11721041,11721041
032,112025,1334587,11721044,11721044
032,112025,1334587,11721047,11721047
032,112025,1334587,11721050,11721050
032,112025,1334587,11721053,11721053
032,112025,1334587,11721056,11721056
032,112025,1334587,11721059,11721059
032,112025,1334587,11721062,11721062
032,112025,1334587,11721065,11721065
032,112025,1334587,11721068,11721068
032,112025,1334587,11721071,11721071
032,112025,1334587,11721969,11721969
032,112025,1334587,11721976,11721976
032,112025,1334587,11722170,11722170
032,112025,1334587,11722173,11722173
032,112025,1334587,11722227,11722227
032,112025,1334587,11722230,11722230
032,112025,1334587,11729211,11729211
032,112025,1334587,11729214,11729214
032,112025,1334587,11729331,11729331
032,112025,1334587,11729334,11729334
032,112025,1334587,11729968,11729968
032,112025,1334587,11729971,11729971
032,112025,1334587,11730397,11730397
032,112025,1334587,11730400,11730400
032,112025,1334587,11730541,11730541
032,112025,1334587,11730548,11730548
032,112025,1334587,11730551,11730551
032,112025,1334587,11730554,11730554
032,112025,1334587,11730961,11730961
032,112025,1334587,11730964,11730964
032,112025,1334587,11730967,11730967
032,112025,1334587,11730970,11730970
032,112025,1334587,11731069,11731069
032,112025,1334587,11731076,11731076
032,112025,1334587,11731083,11731083
032,112025,1334587,11731086,11731086
032,112025,1334587,11731109,11731109
032,112025,1334587,11731112,11731112
032,112025,1334587,11731263,11731263
032,112025,1334587,11731266,11731266
032,112025,1334587,11731269,11731269
032,112025,1334587,11731272,11731272
032,112025,1334587,12868911,12868911
032,112025,1334587,17751939,17751939
032,112025,1334587,32290945,32290945
032,112025,1334979,20396557,20396557
032,112025,1334979,112549235,112549235
032,112025,1329051,11730967,11730967
032,112025,1329051,11730970,11730970
032,112025,1329051,11731069,11731069
032,112025,1329051,11731076,11731076
032,112025,1329051,11731083,11731083
032,112025,1329051,11731086,11731086
032,112025,1329051,11731109,11731109
032,112025,1329051,11731112,11731112
032,112025,1329051,11731263,11731263
032,112025,1329051,11731266,11731266
032,112025,1329051,11731269,11731269
032,112025,1329051,11731272,11731272
032,112025,1329051,12868911,12868911
032,112025,1329051,17751939,17751939
032,112025,1329051,32290945,32290945
032,112025,1329051,112458846,112458846
032,112025,1329051,112458857,112458857
032,112025,1329051,113405718,113405718
032,112025,1329051,113446996,113446996
032,112025,1329051,114339759,114339759
032,112025,1329051,114467063,114467063
032,112025,1329051,114481611,114481611
032,112025,1329051,114573180,114573180
032,112025,1329051,114573193,114573193
032,112025,1334240,11519715,11519715
032,112025,1334240,11716925,11716925
032,112025,1334240,11716998,11716998
032,112025,1334240,11717008,11717008
032,112025,1334240,11717011,11717011
032,112025,1334240,11717014,11717014
032,112025,1334240,11717017,11717017
032,112025,1334240,11717020,11717020
032,112025,1334240,11720290,11720290
032,112025,1334240,11720754,11720754
032,112025,1334240,11720757,11720757
032,112025,1334240,11720760,11720760
032,112025,1334240,11720763,11720763
032,112025,1334240,11720766,11720766
032,112025,1334240,11720769,11720769
032,112025,1334240,11720772,11720772
032,112025,1334240,11720775,11720775
032,112025,1334240,11720784,11720784
032,112025,1334240,11720787,11720787
032,112025,1334240,11721002,11721002
032,112025,1334240,11721005,11721005
032,112025,1334240,11721011,11721011
032,112025,1334240,11721026,11721026
032,112025,1334240,11721029,11721029
032,112025,1334240,11721032,11721032
032,112025,1334240,11721035,11721035
032,112025,1334240,11721038,11721038
032,112025,1334240,11721041,11721041
032,112025,1334240,11721044,11721044
032,112025,1334240,11721047,11721047
032,112025,1334240,11721050,11721050
032,112025,1334240,11721053,11721053
032,112025,1334240,11721056,11721056
032,112025,1334240,11721059,11721059
032,112025,1334240,11721062,11721062
032,112025,1334240,11721065,11721065
032,112025,1334240,11721068,11721068
032,112025,1334240,11721071,11721071
032,112025,1334240,11721969,11721969
032,112025,1334240,11721976,11721976
032,112025,1334240,11722170,11722170
032,112025,1334240,11722173,11722173
032,112025,1334240,11722227,11722227
032,112025,1334240,11722230,11722230
032,112025,1334240,11729211,11729211
032,112025,1334240,11729214,11729214
032,112025,1334240,11729331,11729331
032,112025,1334240,11729334,11729334
032,112025,1334240,11729968,11729968
032,112025,1334240,11729971,11729971
032,112025,1334240,11730397,11730397
032,112025,1334240,11730400,11730400
032,112025,1334240,11730541,11730541
032,112025,1334240,11730548,11730548
032,112025,1334240,11730551,11730551
032,112025,1334240,11730554,11730554
032,112025,1334240,11730961,11730961
032,112025,1334240,11730964,11730964
032,112025,1334240,11730967,11730967
032,112025,1334240,11730970,11730970
032,112025,1334240,11731069,11731069
032,112025,1334240,11731076,11731076
032,112025,1334240,11731083,11731083
032,112025,1334240,11731086,11731086
032,112025,1334240,11731109,11731109
032,112025,1334240,11731112,11731112
032,112025,1334240,11731263,11731263
032,112025,1334240,11731266,11731266
032,112025,1334240,11731269,11731269
032,112025,1334240,11731272,11731272
032,112025,1334240,12868911,12868911
032,112025,1334240,17751939,17751939
032,112025,1334240,32290945,32290945
032,112025,1334240,112458846,112458846
032,112025,1334240,112458857,112458857
032,112025,1334240,113405718,113405718
032,112025,1334240,113446996,113446996
032,112025,1334240,114339759,114339759
032,112025,1334240,114467063,114467063
032,112025,1334240,114481611,114481611
032,112025,1334240,114573180,114573180
032,112025,1334240,114573193,114573193
032,112025,1330204,108338174,108338174
032,112025,1330204,109021498,109021498
032,112025,1330204,109022626,109022626
032,112025,1330204,109022634,109022634
032,112025,1330204,109114727,109114727
032,112025,1330204,109133026,109133026
032,112025,1330204,109133033,109133033
032,112025,1330204,109167862,109167862
032,112025,1330204,109167877,109167877
032,112025,1330204,109848524,109848524
032,112025,1330204,109848527,109848527
032,112025,1330204,110006875,110006875
032,112025,1330204,110768488,110768488
032,112025,1330204,110768504,110768504
032,112025,1330204,112782890,112782890
032,112025,1330204,112782897,112782897
032,112025,1330204,112782935,112782935
032,112025,1330204,112782942,112782942
032,112025,1330204,112832512,112832512
032,112025,1330204,112832515,112832515
032,112025,1330204,112834367,112834367
032,112025,1330204,112834370,112834370
032,112025,1330204,112834385,112834385
032,112025,1330204,112834388,112834388
032,112025,1330204,112834473,112834473
032,112025,1330204,112834476,112834476
032,112025,1330204,112985667,112985667
032,112025,1330204,112985670,112985670
032,112025,1330204,113013549,113013549
032,112025,1330204,113013552,113013552
032,112025,1330204,113014664,113014664
032,112025,1330204,113014667,113014667
032,112025,1330204,113212076,113212076
032,112025,1330204,113260246,113260246
032,112025,1330204,113260249,113260249
032,112025,1330204,113580560,113580560
032,112025,1330204,113580564,113580564
032,112025,1330204,113580599,113580599
032,112025,1330204,113580618,113580618
032,112025,1330204,113584341,113584341
032,112025,1330204,113584344,113584344
032,112025,1330204,113851859,113851859
032,112025,1330204,113949982,113949982
032,112025,1330204,113949990,113949990
032,112025,1330204,114123615,114123615
032,112025,1330204,114130052,114130052
032,112025,1330204,114130055,114130055
032,112025,1330204,114395586,114395586
032,112025,1330204,11729724,11729724
032,112025,1330204,11729828,11729828
032,112025,1330204,11729831,11729831
032,112025,1330204,11729988,11729988
032,112025,1330204,11729993,11729993
032,112025,1330204,11730086,11730086
032,112025,1330204,11730089,11730089
032,112025,1330204,11730937,11730937
032,112025,1330204,11730940,11730940
032,112025,1330204,11730943,11730943
032,112025,1330204,11730946,11730946
032,112025,1330204,11730983,11730983
032,112025,1330204,11730990,11730990
032,112025,1330204,11731237,11731237
032,112025,1330204,11731240,11731240
032,112025,1330204,11731320,11731320
032,112025,1330204,11731691,11731691
032,112025,1330204,11731694,11731694
032,112025,1330204,11731827,11731827
032,112025,1330204,11731832,11731832
032,112025,1330204,11731837,11731837
032,112025,1330622,11520132,11520132
032,112025,1330622,11520214,11520214
032,112025,1330622,11717001,11717001
032,112025,1330622,11719991,11719991
032,112025,1330622,11720708,11720708
032,112025,1330622,11720711,11720711
032,112025,1330622,11721074,11721074
032,112025,1330622,11721077,11721077
032,112025,1330622,11721080,11721080
032,112025,1330622,11721083,11721083
032,112025,1330622,11721086,11721086
032,112025,1330622,11721093,11721093
032,112025,1330622,11721100,11721100
032,112025,1330622,11721107,11721107
032,112025,1330622,11721117,11721117
032,112025,1330622,11721120,11721120
032,112025,1330622,11721123,11721123
032,112025,1330622,11721126,11721126
032,112025,1330622,11721133,11721133
032,112025,1330622,11721140,11721140
032,112025,1330622,11721143,11721143
032,112025,1330622,11721146,11721146
032,112025,1330622,11721149,11721149
032,112025,1330622,11721158,11721158
032,112025,1330622,11721161,11721161
032,112025,1330622,11721164,11721164
032,112025,1330622,11721167,11721167
032,112025,1330622,11721170,11721170
032,112025,1330622,11721173,11721173
032,112025,1330622,11721176,11721176
032,112025,1330622,11721179,11721179
032,112025,1330622,11721188,11721188
032,112025,1330622,11721191,11721191
032,112025,1330622,11721194,11721194
032,112025,1330622,11721197,11721197
032,112025,1330622,11722152,11722152
032,112025,1330622,11722155,11722155
032,112025,1330622,11722195,11722195
032,112025,1330622,11722198,11722198
032,112025,1330622,11722211,11722211
032,112025,1330622,11729305,11729305
032,112025,1330622,11729308,11729308
032,112025,1330622,11729311,11729311
032,112025,1330622,11729318,11729318
032,112025,1330622,11730355,11730355
032,112025,1330622,11730362,11730362
032,112025,1330622,11730407,11730407
032,112025,1330622,11730410,11730410
032,112025,1330622,11730883,11730883
032,112025,1330622,11730886,11730886
032,112025,1330622,11730917,11730917
032,112025,1330622,11730920,11730920
032,112025,1330622,11730923,11730923
032,112025,1330622,11730928,11730928
032,112025,1330622,11731099,11731099
032,112025,1330622,11731104,11731104
032,112025,1330622,11731739,11731739
032,112025,1330622,11731742,11731742
032,112025,1330622,11731815,11731815
032,112025,1330622,11731822,11731822
032,112025,1330622,11732517,11732517
032,112025,1330622,18473388,18473388
032,112025,1330622,18473498,18473498
032,112025,1330622,25210161,25210161
032,112025,1330622,25210168,25210168
032,112025,1330622,25417017,25417017
032,112025,1330622,25417050,25417050
032,112025,1330622,25417355,25417355
032,112025,1330622,25417363,25417363
032,112025,1330622,34025807,34025807
032,112025,1330622,74127322,74127322
032,112025,1330622,109595686,109595686
032,112025,1330622,109610089,109610089
032,112025,1330622,109620237,109620237
032,112025,1330622,109620249,109620249
032,112025,1330622,109839136,109839136
032,112025,1330622,111821178,111821178
032,112025,1330622,111821181,111821181
032,112025,1330622,112304376,112304376
032,112025,1330622,112304388,112304388
032,112025,1330622,112399012,112399012
032,112025,1330622,112882456,112882456
032,112025,1330622,112883757,112883757
032,112025,1330622,112884811,112884811
032,112025,1330622,112884814,112884814
032,112025,1330622,113081500,113081500
032,112025,1330622,113081503,113081503
032,112025,1330622,113098165,113098165
032,112025,1330622,113251166,113251166
032,112025,1330622,113257718,113257718
032,112025,1330622,113257721,113257721
032,112025,1330622,113478984,113478984
032,112025,1330622,113950752,113950752
032,112025,1332283,11519694,11519694
032,112025,1332283,11519701,11519701
032,112025,1332283,11520277,11520277
032,112025,1332283,11716918,11716918
032,112025,1332283,11716928,11716928
032,112025,1332283,11716931,11716931
032,112025,1332283,11716934,11716934
032,112025,1332283,11716937,11716937
032,112025,1332283,11719994,11719994
032,112025,1332283,11720021,11720021
032,112025,1332283,11720224,11720224
032,112025,1332283,11720227,11720227
032,112025,1332283,11720350,11720350
032,112025,1332283,11720379,11720379
032,112025,1332283,11720714,11720714
032,112025,1332283,11720721,11720721
032,112025,1332283,11720728,11720728
032,112025,1332283,11720735,11720735
032,112025,1332283,11720790,11720790
032,112025,1332283,11720795,11720795
032,112025,1332283,11720800,11720800
032,112025,1332283,11720803,11720803
032,112025,1332283,11720806,11720806
032,112025,1332283,11720809,11720809
032,112025,1332283,11720812,11720812
032,112025,1332283,11720817,11720817
032,112025,1332283,11720822,11720822
032,112025,1332283,11720827,11720827
032,112025,1332283,11720832,11720832
032,112025,1332283,11720839,11720839
032,112025,1332283,11720846,11720846
032,112025,1332283,11720849,11720849
032,112025,1332283,11720852,11720852
032,112025,1332283,11720855,11720855
032,112025,1332283,11720858,11720858
032,112025,1332283,11720861,11720861
032,112025,1332283,11720864,11720864
032,112025,1332283,11720871,11720871
032,112025,1332283,11720878,11720878
032,112025,1332283,11720881,11720881
032,112025,1332283,11720898,11720898
032,112025,1332283,11720901,11720901
032,112025,1332283,11720908,11720908
032,112025,1332283,11720913,11720913
032,112025,1332283,11720924,11720924
032,112025,1332283,11720927,11720927
032,112025,1332283,11720930,11720930
032,112025,1332283,11720933,11720933
032,112025,1332283,11720936,11720936
032,112025,1332283,11720941,11720941
032,112025,1332283,11720964,11720964
032,112025,1332283,11720971,11720971
032,112025,1332283,11722164,11722164
032,112025,1332283,11722167,11722167
032,112025,1332283,11722189,11722189
032,112025,1332283,11722192,11722192
032,112025,1332283,11722221,11722221
032,112025,1332283,11722224,11722224
032,112025,1332283,11722233,11722233
032,112025,1332283,11722236,11722236
032,112025,1332283,11722239,11722239
032,112025,1332283,11722242,11722242
032,112025,1332283,11722245,11722245
032,112025,1332283,11722248,11722248
032,112025,1332283,11729387,11729387
032,112025,1332283,11729390,11729390
032,112025,1332283,11729393,11729393
032,112025,1332283,11729396,11729396
032,112025,1332283,11729399,11729399
032,112025,1332283,11729402,11729402
032,112025,1332283,11729405,11729405
032,112025,1332283,11729410,11729410
032,112025,1332283,11729421,11729421
032,112025,1332283,11729428,11729428
032,112025,1332283,11729469,11729469
032,112025,1332283,11729559,11729559
032,112025,1332283,11729566,11729566
032,112025,1332283,11729569,11729569
032,112025,1332283,11729576,11729576
032,112025,1332283,11729583,11729583
032,112025,1332283,11729586,11729586
032,112025,1332283,11729721,11729721
032,112025,1332283,11729724,11729724
032,112025,1332283,11729828,11729828
032,112025,1332283,11729831,11729831
032,112025,1332283,11729988,11729988
032,112025,1332283,11729993,11729993
032,112025,1332283,11730086,11730086
032,112025,1332283,11730089,11730089
032,112025,1332283,11730937,11730937
032,112025,1332283,11730940,11730940
032,112025,1332283,108338174,108338174
032,112025,1332283,109021498,109021498
032,112025,1332283,109022626,109022626
032,112025,1332283,109022634,109022634
032,112025,1332283,109114727,109114727
032,112025,1332283,109133026,109133026
032,112025,1332283,109133033,109133033
032,112025,1332283,109167862,109167862
032,112025,1332283,109167877,109167877
032,112025,1332283,109848524,109848524
032,112025,1332283,109848527,109848527
032,112025,1332283,110006875,110006875
032,112025,1332283,110768488,110768488
032,112025,1332283,110768504,110768504
032,112025,1332283,112782890,112782890
032,112025,1332283,112782897,112782897
032,112025,1332283,112782935,112782935
032,112025,1332283,112782942,112782942
032,112025,1332283,112832512,112832512
032,112025,1332283,112832515,112832515
032,112025,1332283,112834367,112834367
032,112025,1332283,112834370,112834370
032,112025,1332283,112834385,112834385
032,112025,1332283,112834388,112834388
032,112025,1332283,112834473,112834473
032,112025,1332283,112834476,112834476
032,112025,1332283,112985667,112985667
032,112025,1332283,112985670,112985670
032,112025,1332283,113013549,113013549
032,112025,1332283,113013552,113013552
032,112025,1332283,113014664,113014664
032,112025,1332283,113014667,113014667
032,112025,1332283,113212076,113212076
032,112025,1332283,113260246,113260246
032,112025,1332283,113260249,113260249
032,112025,1332283,113580560,113580560
032,112025,1332283,113580564,113580564
032,112025,1332283,113580599,113580599
032,112025,1332283,113580618,113580618
032,112025,1332283,113584341,113584341
032,112025,1332283,113584344,113584344
032,112025,1332283,113851859,113851859
032,112025,1332283,113949982,113949982
032,112025,1332283,113949990,113949990
032,112025,1332283,114123615,114123615
032,112025,1332283,114130052,114130052
032,112025,1332283,114130055,114130055
032,112025,1332283,114395586,114395586
032,112025,1332283,11730943,11730943
032,112025,1332283,11730946,11730946
032,112025,1332283,11730983,11730983
032,112025,1332283,11730990,11730990
032,112025,1332283,11731237,11731237
032,112025,1332283,11731240,11731240
032,112025,1332283,11731320,11731320
032,112025,1332283,11731691,11731691
032,112025,1332283,11731694,11731694
032,112025,1332283,11731827,11731827
032,112025,1332283,11731832,11731832
032,112025,1332283,11731837,11731837
032,112025,1332283,11731842,11731842
032,112025,1332283,11731847,11731847
032,112025,1332283,11731852,11731852
032,112025,1332283,11731857,11731857
032,112025,1332283,11731862,11731862
032,112025,1332283,11732103,11732103
032,112025,1332283,11732110,11732110
032,112025,1332283,11732115,11732115
032,112025,1332283,11732120,11732120
032,112025,1332283,11732125,11732125
032,112025,1332283,11732130,11732130
032,112025,1332283,11732135,11732135
032,112025,1332283,11732140,11732140
032,112025,1332283,11732145,11732145
032,112025,1332283,11732150,11732150
032,112025,1332283,11732155,11732155
032,112025,1332283,11732166,11732166
032,112025,1332283,11732171,11732171
032,112025,1332283,11732182,11732182
032,112025,1332283,11732189,11732189
032,112025,1332283,11732205,11732205
032,112025,1332283,11732210,11732210
032,112025,1332283,11732215,11732215
032,112025,1332283,11732220,11732220
032,112025,1332283,11732225,11732225
032,112025,1332283,11732230,11732230
032,112025,1332283,11732235,11732235
032,112025,1332283,11732240,11732240
032,112025,1332283,11732245,11732245
032,112025,1332283,11732250,11732250
032,112025,1332283,11732255,11732255
032,112025,1332283,11732260,11732260
032,112025,1332283,11732265,11732265
032,112025,1332283,11732270,11732270
032,112025,1332283,11732321,11732321
032,112025,1332283,11732324,11732324
032,112025,1332283,11732367,11732367
032,112025,1332283,11732370,11732370
032,112025,1332283,11732373,11732373
032,112025,1332283,11732392,11732392
032,112025,1332283,11732395,11732395
032,112025,1332283,11732398,11732398
032,112025,1332283,11732401,11732401
032,112025,1332283,11732404,11732404
032,112025,1332283,11732407,11732407
032,112025,1332283,11732511,11732511
032,112025,1332283,11732514,11732514
032,112025,1332283,19812582,19812582
032,112025,1332283,20469561,20469561
032,112025,1332283,20469568,20469568
032,112025,1332283,21131066,21131066
032,112025,1332283,21131094,21131094
032,112025,1332283,26275030,26275030
032,112025,1332283,26275716,26275716
032,112025,1332283,26755950,26755950
032,112025,1332283,26755957,26755957
032,112025,1332283,26756459,26756459
032,112025,1332283,26756467,26756467
032,112025,1332283,26756789,26756789
032,112025,1332283,26756796,26756796
032,112025,1332283,26756993,26756993
032,112025,1332283,26757005,26757005
032,112025,1332283,30002257,30002257
032,112025,1332283,30105635,30105635
032,112025,1331101,11519708,11519708
032,112025,1331101,11520312,11520312
032,112025,1331101,11520326,11520326
032,112025,1331101,11722201,11722201
032,112025,1331101,11722204,11722204
032,112025,1331101,20396564,20396564
032,112025,1331101,113423352,113423352
032,112025,1331101,113629174,113629174
032,112025,1331101,113629178,113629178
032,112025,1331101,113630698,113630698
032,112025,1331101,113630701,113630701
032,112025,1335117,11519694,11519694
032,112025,1335117,11519701,11519701
032,112025,1335117,11520277,11520277
032,112025,1335117,11716918,11716918
032,112025,1335117,11716928,11716928
032,112025,1335117,11716931,11716931
032,112025,1335117,11716937,11716937
032,112025,1335117,11719994,11719994
032,112025,1335117,11720021,11720021
032,112025,1335117,11720224,11720224
032,112025,1335117,11720227,11720227
032,112025,1335117,11720350,11720350
032,112025,1335117,11720379,11720379
032,112025,1335117,11720714,11720714
032,112025,1335117,11720721,11720721
032,112025,1335117,11720728,11720728
032,112025,1335117,11720735,11720735
032,112025,1335117,11720790,11720790
032,112025,1335117,11720795,11720795
032,112025,1335117,11720800,11720800
032,112025,1335117,11720803,11720803
032,112025,1335117,11720806,11720806
032,112025,1335117,11720809,11720809
032,112025,1335117,11720812,11720812
032,112025,1335117,11720817,11720817
032,112025,1335117,11720822,11720822
032,112025,1335117,11720827,11720827
032,112025,1335117,11720832,11720832
032,112025,1335117,11720839,11720839
032,112025,1335117,11720846,11720846
032,112025,1335117,11720849,11720849
032,112025,1335117,11720852,11720852
032,112025,1335117,11720855,11720855
032,112025,1335117,11720858,11720858
032,112025,1335117,11720861,11720861
032,112025,1335117,11720864,11720864
032,112025,1335117,11720871,11720871
032,112025,1335117,11720878,11720878
032,112025,1335117,11720881,11720881
032,112025,1335117,11720898,11720898
032,112025,1335117,11720901,11720901
032,112025,1335117,11720908,11720908
032,112025,1335117,11720913,11720913
032,112025,1335117,11720924,11720924
032,112025,1335117,11720927,11720927
032,112025,1335117,11720930,11720930
032,112025,1335117,11720933,11720933
032,112025,1335117,11720936,11720936
032,112025,1335117,11720941,11720941
032,112025,1335117,11720964,11720964
032,112025,1335117,11720971,11720971
032,112025,1335117,11722164,11722164
032,112025,1335117,11722167,11722167
032,112025,1335117,11722189,11722189
032,112025,1335117,11722192,11722192
032,112025,1335117,11722221,11722221
032,112025,1335117,11722224,11722224
032,112025,1335117,11722233,11722233
032,112025,1335117,11722236,11722236
032,112025,1335117,11722239,11722239
032,112025,1335117,11722242,11722242
032,112025,1335117,11722245,11722245
032,112025,1335117,11722248,11722248
032,112025,1335117,11729387,11729387
032,112025,1335117,11729390,11729390
032,112025,1335117,11729393,11729393
032,112025,1335117,11729396,11729396
032,112025,1335117,11729399,11729399
032,112025,1335117,11729402,11729402
032,112025,1335117,11729405,11729405
032,112025,1335117,11729410,11729410
032,112025,1335117,11729421,11729421
032,112025,1335117,11729428,11729428
032,112025,1335117,11729469,11729469
032,112025,1335117,11729559,11729559
032,112025,1335117,11729566,11729566
032,112025,1335117,11729569,11729569
032,112025,1335117,11729576,11729576
032,112025,1335117,11729583,11729583
032,112025,1335117,11729586,11729586
032,112025,1335117,11729721,11729721
032,112025,1335117,11729724,11729724
032,112025,1335117,11729828,11729828
032,112025,1335117,11729831,11729831
032,112025,1335117,11729988,11729988
032,112025,1335117,11729993,11729993
032,112025,1335117,11730086,11730086
032,112025,1335117,11730089,11730089
032,112025,1335117,11730937,11730937
032,112025,1335117,11730940,11730940
032,112025,1335117,11730943,11730943
032,112025,1335117,11730946,11730946
032,112025,1335117,11730983,11730983
032,112025,1335117,11730990,11730990
032,112025,1335117,11731237,11731237
032,112025,1335117,11731240,11731240
032,112025,1335117,11731320,11731320
032,112025,1335117,11731691,11731691
032,112025,1335117,11731694,11731694
032,112025,1335117,11731827,11731827
032,112025,1335117,11731832,11731832
032,112025,1335117,11731837,11731837
032,112025,1335117,11731842,11731842
032,112025,1335117,11731847,11731847
032,112025,1335117,11731852,11731852
032,112025,1335117,11731857,11731857
032,112025,1335117,11731862,11731862
032,112025,1335117,11732103,11732103
032,112025,1335117,11732110,11732110
032,112025,1335117,11732115,11732115
032,112025,1335117,11732120,11732120
032,112025,1335117,11732125,11732125
032,112025,1335117,11732130,11732130
032,112025,1335117,11732135,11732135
032,112025,1335117,11732140,11732140
032,112025,1335117,11732145,11732145
032,112025,1335117,11732150,11732150
032,112025,1335117,11732155,11732155
032,112025,1335117,11732182,11732182
032,112025,1335117,11732189,11732189
032,112025,1335117,11732205,11732205
032,112025,1335117,11732210,11732210
032,112025,1335117,11732215,11732215
032,112025,1335117,11732220,11732220
032,112025,1335117,11732225,11732225
032,112025,1335117,11732230,11732230
032,112025,1335117,11732235,11732235
032,112025,1335117,11732240,11732240
032,112025,1335117,11732245,11732245
032,112025,1335117,11732250,11732250
032,112025,1335117,11732255,11732255
032,112025,1335117,11732260,11732260
032,112025,1335117,11732265,11732265
032,112025,1335117,11732270,11732270
032,112025,1335117,11732321,11732321
032,112025,1335117,11732324,11732324
032,112025,1335117,11732367,11732367
032,112025,1335117,11732370,11732370
032,112025,1335117,11732373,11732373
032,112025,1335117,11732392,11732392
032,112025,1335117,11732395,11732395
032,112025,1335117,11732398,11732398
032,112025,1335117,11732401,11732401
032,112025,1335117,11732404,11732404
032,112025,1335117,11732407,11732407
032,112025,1335117,108338174,108338174
032,112025,1335117,109021498,109021498
032,112025,1335117,109022626,109022626
032,112025,1335117,109022634,109022634
032,112025,1335117,109114727,109114727
032,112025,1335117,109133033,109133033
032,112025,1335117,109167862,109167862
032,112025,1335117,109167877,109167877
032,112025,1335117,109848524,109848524
032,112025,1335117,109848527,109848527
032,112025,1335117,110006875,110006875
032,112025,1335117,110768488,110768488
032,112025,1335117,110768504,110768504
032,112025,1335117,112782890,112782890
032,112025,1335117,112782897,112782897
032,112025,1335117,112782935,112782935
032,112025,1335117,112782942,112782942
032,112025,1335117,112832512,112832512
032,112025,1335117,112832515,112832515
032,112025,1335117,112834367,112834367
032,112025,1335117,112834370,112834370
032,112025,1335117,112834385,112834385
032,112025,1335117,112834388,112834388
032,112025,1335117,112834473,112834473
032,112025,1335117,112834476,112834476
032,112025,1335117,112985667,112985667
032,112025,1335117,112985670,112985670
032,112025,1335117,113013549,113013549
032,112025,1335117,113013552,113013552
032,112025,1335117,113014664,113014664
032,112025,1335117,113014667,113014667
032,112025,1335117,113212076,113212076
032,112025,1335117,113260246,113260246
032,112025,1335117,113260249,113260249
032,112025,1335117,113580560,113580560
032,112025,1335117,113580564,113580564
032,112025,1335117,113580599,113580599
032,112025,1335117,113580618,113580618
032,112025,1335117,113584341,113584341
032,112025,1335117,113584344,113584344
032,112025,1335117,113851859,113851859
032,112025,1335117,113949982,113949982
032,112025,1335117,113949990,113949990
032,112025,1335117,114123615,114123615
032,112025,1335117,114130052,114130052
032,112025,1335117,114130055,114130055
032,112025,1335117,114395586,114395586
032,112025,1335117,11732511,11732511
032,112025,1335117,11732514,11732514
032,112025,1335117,19812582,19812582
032,112025,1335117,20469561,20469561
032,112025,1335117,20469568,20469568
032,112025,1335117,21131066,21131066
032,112025,1335117,21131094,21131094
032,112025,1335117,26275030,26275030
032,112025,1335117,26275716,26275716
032,112025,1335117,26755950,26755950
032,112025,1335117,26755957,26755957
032,112025,1335117,26756459,26756459
032,112025,1335117,26756467,26756467
032,112025,1335117,26756789,26756789
032,112025,1335117,26756796,26756796
032,112025,1335117,26756993,26756993
032,112025,1335117,26757005,26757005
032,112025,1335117,30002257,30002257
032,112025,1335117,30105635,30105635
032,112025,1335837,11519694,11519694
032,112025,1335837,11519701,11519701
032,112025,1335837,11520277,11520277
032,112025,1335837,11716918,11716918
032,112025,1335837,11716928,11716928
032,112025,1335837,11716931,11716931
032,112025,1335837,11716937,11716937
032,112025,1335837,11719994,11719994
032,112025,1335837,11720021,11720021
032,112025,1335837,11720224,11720224
032,112025,1335837,11720227,11720227
032,112025,1335837,11720350,11720350
032,112025,1335837,11720379,11720379
032,112025,1335837,11720714,11720714
032,112025,1335837,11720721,11720721
032,112025,1335837,11720728,11720728
032,112025,1335837,11720735,11720735
032,112025,1335837,11720790,11720790
032,112025,1335837,11720795,11720795
032,112025,1335837,11720800,11720800
032,112025,1335837,11720803,11720803
032,112025,1335837,11720806,11720806
032,112025,1335837,11720809,11720809
032,112025,1335837,11720812,11720812
032,112025,1335837,11720817,11720817
032,112025,1335837,11720822,11720822
032,112025,1335837,11720827,11720827
032,112025,1335837,11720832,11720832
032,112025,1335837,11720839,11720839
032,112025,1335837,11720846,11720846
032,112025,1335837,11720849,11720849
032,112025,1335837,11720852,11720852
032,112025,1335837,11720855,11720855
032,112025,1335837,11720858,11720858
032,112025,1335837,11720861,11720861
032,112025,1335837,11720864,11720864
032,112025,1335837,11720871,11720871
032,112025,1335837,11720878,11720878
032,112025,1335837,11720881,11720881
032,112025,1335837,11720898,11720898
032,112025,1335837,11720901,11720901
032,112025,1335837,11720908,11720908
032,112025,1335837,11720913,11720913
032,112025,1335837,11720924,11720924
032,112025,1335837,11720927,11720927
032,112025,1335837,11720930,11720930
032,112025,1335837,11720933,11720933
032,112025,1335837,11720936,11720936
032,112025,1335837,11720941,11720941
032,112025,1335837,11720964,11720964
032,112025,1335837,11720971,11720971
032,112025,1335837,11722164,11722164
032,112025,1335837,11722167,11722167
032,112025,1335837,11722189,11722189
032,112025,1335837,11722192,11722192
032,112025,1335837,11722221,11722221
032,112025,1335837,11722224,11722224
032,112025,1335837,11722233,11722233
032,112025,1335837,11722236,11722236
032,112025,1335837,11722239,11722239
032,112025,1335837,108338174,108338174
032,112025,1335837,109021498,109021498
032,112025,1335837,109022626,109022626
032,112025,1335837,109022634,109022634
032,112025,1335837,109114727,109114727
032,112025,1335837,109133033,109133033
032,112025,1335837,109167862,109167862
032,112025,1335837,109167877,109167877
032,112025,1335837,109848524,109848524
032,112025,1335837,109848527,109848527
032,112025,1335837,110006875,110006875
032,112025,1335837,110768488,110768488
032,112025,1335837,110768504,110768504
032,112025,1335837,112782890,112782890
032,112025,1335837,112782897,112782897
032,112025,1335837,112782935,112782935
032,112025,1335837,112782942,112782942
032,112025,1335837,112832512,112832512
032,112025,1335837,112832515,112832515
032,112025,1335837,112834367,112834367
032,112025,1335837,112834370,112834370
032,112025,1335837,112834385,112834385
032,112025,1335837,112834388,112834388
032,112025,1335837,112834473,112834473
032,112025,1335837,112834476,112834476
032,112025,1335837,112985667,112985667
032,112025,1335837,112985670,112985670
032,112025,1335837,113013549,113013549
032,112025,1335837,113013552,113013552
032,112025,1335837,113014664,113014664
032,112025,1335837,113014667,113014667
032,112025,1335837,113212076,113212076
032,112025,1335837,113260246,113260246
032,112025,1335837,113260249,113260249
032,112025,1335837,113580560,113580560
032,112025,1335837,113580564,113580564
032,112025,1335837,113580599,113580599
032,112025,1335837,113580618,113580618
032,112025,1335837,113584341,113584341
032,112025,1335837,113584344,113584344
032,112025,1335837,113851859,113851859
032,112025,1335837,113949982,113949982
032,112025,1335837,113949990,113949990
032,112025,1335837,114123615,114123615
032,112025,1335837,114130052,114130052
032,112025,1335837,114130055,114130055
032,112025,1335837,114395586,114395586
032,112025,1335837,11722242,11722242
032,112025,1335837,11722245,11722245
032,112025,1335837,11722248,11722248
032,112025,1335837,11729387,11729387
032,112025,1335837,11729390,11729390
032,112025,1335837,11729393,11729393
032,112025,1335837,11729396,11729396
032,112025,1335837,11729399,11729399
032,112025,1335837,11729402,11729402
032,112025,1335837,11729405,11729405
032,112025,1335837,11729410,11729410
032,112025,1335837,11729421,11729421
032,112025,1335837,11729428,11729428
032,112025,1335837,11729469,11729469
032,112025,1335837,11729559,11729559
032,112025,1335837,11729566,11729566
032,112025,1335837,11729569,11729569
032,112025,1335837,11729576,11729576
032,112025,1335837,11729583,11729583
032,112025,1335837,11729586,11729586
032,112025,1335837,11729721,11729721
032,112025,1335837,11729724,11729724
032,112025,1335837,11729828,11729828
032,112025,1335837,11729831,11729831
032,112025,1335837,11729988,11729988
032,112025,1335837,11729993,11729993
032,112025,1335837,11730086,11730086
032,112025,1335837,11730089,11730089
032,112025,1335837,11730937,11730937
032,112025,1335837,11730940,11730940
032,112025,1335837,11730943,11730943
032,112025,1335837,11730946,11730946
032,112025,1335837,11730983,11730983
032,112025,1335837,11730990,11730990
032,112025,1335837,11731237,11731237
032,112025,1335837,11731240,11731240
032,112025,1335837,11731320,11731320
032,112025,1335837,11731691,11731691
032,112025,1335837,11731694,11731694
032,112025,1335837,11731827,11731827
032,112025,1335837,11731832,11731832
032,112025,1335837,11731837,11731837
032,112025,1335837,11731842,11731842
032,112025,1335837,11731847,11731847
032,112025,1335837,11731852,11731852
032,112025,1335837,11731857,11731857
032,112025,1335837,11731862,11731862
032,112025,1335837,11732103,11732103
032,112025,1335837,11732110,11732110
032,112025,1335837,11732115,11732115
032,112025,1335837,11732120,11732120
032,112025,1335837,11732125,11732125
032,112025,1335837,11732130,11732130
032,112025,1335837,11732135,11732135
032,112025,1335837,11732140,11732140
032,112025,1335837,11732145,11732145
032,112025,1335837,11732150,11732150
032,112025,1335837,11732155,11732155
032,112025,1335837,11732182,11732182
032,112025,1335837,11732189,11732189
032,112025,1335837,11732205,11732205
032,112025,1335837,11732210,11732210
032,112025,1335837,11732215,11732215
032,112025,1335837,11732220,11732220
032,112025,1335837,11732225,11732225
032,112025,1335837,11732230,11732230
032,112025,1335837,11732235,11732235
032,112025,1335837,11732240,11732240
032,112025,1335837,11732245,11732245
032,112025,1335837,11732250,11732250
032,112025,1335837,11732255,11732255
032,112025,1335837,11732260,11732260
032,112025,1335837,11732265,11732265
032,112025,1335837,11732270,11732270
032,112025,1335837,11732321,11732321
032,112025,1335837,11732324,11732324
032,112025,1335837,11732367,11732367
032,112025,1335837,11732370,11732370
032,112025,1335837,11732373,11732373
032,112025,1335837,11732392,11732392
032,112025,1335837,11732395,11732395
032,112025,1335837,11732398,11732398
032,112025,1335837,11732401,11732401
032,112025,1335837,11732404,11732404
032,112025,1335837,11732407,11732407
032,112025,1335837,11732511,11732511
032,112025,1335837,11732514,11732514
032,112025,1335837,19812582,19812582
032,112025,1335837,20469561,20469561
032,112025,1335837,20469568,20469568
032,112025,1335837,21131066,21131066
032,112025,1335837,21131094,21131094
032,112025,1335837,26275030,26275030
032,112025,1335837,26275716,26275716
032,112025,1335837,26755950,26755950
032,112025,1335837,26755957,26755957
032,112025,1335837,26756459,26756459
032,112025,1335837,26756467,26756467
032,112025,1335837,26756789,26756789
032,112025,1335837,26756796,26756796
032,112025,1335837,26756993,26756993
032,112025,1335837,26757005,26757005
032,112025,1335837,30002257,30002257
032,112025,1335837,30105635,30105635
032,112025,1331984,11519715,11519715
032,112025,1331984,11716925,11716925
032,112025,1331984,11716998,11716998
032,112025,1331984,11717008,11717008
032,112025,1331984,11717011,11717011
032,112025,1331984,11717014,11717014
032,112025,1331984,11717017,11717017
032,112025,1331984,11717020,11717020
032,112025,1331984,11720290,11720290
032,112025,1331984,11720754,11720754
032,112025,1331984,11720757,11720757
032,112025,1331984,11720760,11720760
032,112025,1331984,11720763,11720763
032,112025,1331984,11720766,11720766
032,112025,1331984,11720769,11720769
032,112025,1331984,11720772,11720772
032,112025,1331984,11720775,11720775
032,112025,1331984,11720784,11720784
032,112025,1331984,11720787,11720787
032,112025,1331984,11721002,11721002
032,112025,1331984,11721005,11721005
032,112025,1331984,11721011,11721011
032,112025,1331984,11721026,11721026
032,112025,1331984,11721029,11721029
032,112025,1331984,11721032,11721032
032,112025,1331984,11721035,11721035
032,112025,1331984,11721038,11721038
032,112025,1331984,11721041,11721041
032,112025,1331984,11721044,11721044
032,112025,1331984,11721047,11721047
032,112025,1331984,11721050,11721050
032,112025,1331984,11721053,11721053
032,112025,1331984,11721056,11721056
032,112025,1331984,11721059,11721059
032,112025,1331984,11721062,11721062
032,112025,1331984,11721065,11721065
032,112025,1331984,11721068,11721068
032,112025,1331984,11721071,11721071
032,112025,1331984,11721969,11721969
032,112025,1331984,11721976,11721976
032,112025,1331984,11722170,11722170
032,112025,1331984,11722173,11722173
032,112025,1331984,11722227,11722227
032,112025,1331984,11722230,11722230
032,112025,1331984,11729211,11729211
032,112025,1331984,11729214,11729214
032,112025,1331984,11729331,11729331
032,112025,1331984,11729334,11729334
032,112025,1331984,11729968,11729968
032,112025,1331984,11729971,11729971
032,112025,1331984,11730397,11730397
032,112025,1331984,11730400,11730400
032,112025,1331984,11730541,11730541
032,112025,1331984,11730548,11730548
032,112025,1331984,11730551,11730551
032,112025,1331984,11730554,11730554
032,112025,1331984,11730961,11730961
032,112025,1331984,11730964,11730964
032,112025,1331984,11730967,11730967
032,112025,1331984,11730970,11730970
032,112025,1331984,11731069,11731069
032,112025,1331984,11731076,11731076
032,112025,1331984,11731083,11731083
032,112025,1331984,11731086,11731086
032,112025,1331984,11731109,11731109
032,112025,1331984,11731112,11731112
032,112025,1331984,11731263,11731263
032,112025,1331984,11731266,11731266
032,112025,1331984,11731269,11731269
032,112025,1331984,11731272,11731272
032,112025,1331984,12868911,12868911
032,112025,1331984,17751939,17751939
032,112025,1331984,32290945,32290945
032,112025,1331984,112458846,112458846
032,112025,1331984,112458857,112458857
032,112025,1331984,113405718,113405718
032,112025,1331984,113446996,113446996
032,112025,1331984,114339759,114339759
032,112025,1331984,114467063,114467063
032,112025,1331984,114481611,114481611
032,112025,1331984,114573180,114573180
032,112025,1331984,114573193,114573193
032,112025,1330204,11731842,11731842
032,112025,1330204,11731847,11731847
032,112025,1330204,11731852,11731852
032,112025,1330204,11731857,11731857
032,112025,1330204,11731862,11731862
032,112025,1330204,11732103,11732103
032,112025,1330204,11732110,11732110
032,112025,1330204,11732115,11732115
032,112025,1330204,11732120,11732120
032,112025,1330204,11732125,11732125
032,112025,1330204,11732130,11732130
032,112025,1330204,11732135,11732135
032,112025,1330204,11732140,11732140
032,112025,1330204,11732145,11732145
032,112025,1330204,11732150,11732150
032,112025,1330204,11732155,11732155
032,112025,1330204,11732166,11732166
032,112025,1330204,11732171,11732171
032,112025,1330204,11732182,11732182
032,112025,1330204,11732189,11732189
032,112025,1330204,11732205,11732205
032,112025,1330204,11732210,11732210
032,112025,1330204,11732215,11732215
032,112025,1330204,11732220,11732220
032,112025,1330204,11732225,11732225
032,112025,1330204,11732230,11732230
032,112025,1330204,11732235,11732235
032,112025,1330204,11732240,11732240
032,112025,1330204,11732245,11732245
032,112025,1330204,11732250,11732250
032,112025,1330204,11732255,11732255
032,112025,1330204,11732260,11732260
032,112025,1330204,11732265,11732265
032,112025,1330204,11732270,11732270
032,112025,1330204,11732321,11732321
032,112025,1330204,11732324,11732324
032,112025,1330204,11732367,11732367
032,112025,1330204,11732370,11732370
032,112025,1330204,11732373,11732373
032,112025,1330204,11732392,11732392
032,112025,1330204,11732395,11732395
032,112025,1330204,11732398,11732398
032,112025,1330204,11732401,11732401
032,112025,1330204,11732404,11732404
032,112025,1330204,11732407,11732407
032,112025,1330204,11732511,11732511
032,112025,1330204,11732514,11732514
032,112025,1330204,19812582,19812582
032,112025,1330204,20469561,20469561
032,112025,1330204,20469568,20469568
032,112025,1330204,21131066,21131066
032,112025,1330204,21131094,21131094
032,112025,1330204,26275030,26275030
032,112025,1330204,26275716,26275716
032,112025,1330204,26755950,26755950
032,112025,1330204,26755957,26755957
032,112025,1330204,26756459,26756459
032,112025,1330204,26756467,26756467
032,112025,1330204,26756789,26756789
032,112025,1330204,26756796,26756796
032,112025,1330204,26756993,26756993
032,112025,1330204,26757005,26757005
032,112025,1330204,30002257,30002257
032,112025,1330204,30105635,30105635
032,112025,1332155,11520132,11520132
032,112025,1332155,11520214,11520214
032,112025,1332155,11717001,11717001
032,112025,1332155,11719991,11719991
032,112025,1332155,11720708,11720708
032,112025,1332155,11720711,11720711
032,112025,1332155,11721074,11721074
032,112025,1332155,11721077,11721077
032,112025,1332155,11721080,11721080
032,112025,1332155,11721083,11721083
032,112025,1332155,11721086,11721086
032,112025,1332155,11721093,11721093
032,112025,1332155,11721100,11721100
032,112025,1332155,11721107,11721107
032,112025,1332155,11721117,11721117
032,112025,1332155,11721120,11721120
032,112025,1332155,11721123,11721123
032,112025,1332155,11721126,11721126
032,112025,1332155,11721133,11721133
032,112025,1332155,11721140,11721140
032,112025,1332155,11721143,11721143
032,112025,1332155,11721146,11721146
032,112025,1332155,11721149,11721149
032,112025,1332155,11721158,11721158
032,112025,1332155,11721161,11721161
032,112025,1332155,11721164,11721164
032,112025,1332155,11721167,11721167
032,112025,1332155,11721170,11721170
032,112025,1332155,11721173,11721173
032,112025,1332155,11721176,11721176
032,112025,1332155,11721179,11721179
032,112025,1332155,11721188,11721188
032,112025,1332155,11721191,11721191
032,112025,1332155,11721194,11721194
032,112025,1332155,11721197,11721197
032,112025,1332155,11722152,11722152
032,112025,1332155,11722155,11722155
032,112025,1332155,11722195,11722195
032,112025,1332155,11722198,11722198
032,112025,1332155,11722211,11722211
032,112025,1332155,11729305,11729305
032,112025,1332155,11729308,11729308
032,112025,1332155,11729311,11729311
032,112025,1332155,11729318,11729318
032,112025,1332155,11730355,11730355
032,112025,1332155,11730362,11730362
032,112025,1332155,11730407,11730407
032,112025,1332155,11730410,11730410
032,112025,1332155,11730883,11730883
032,112025,1332155,11730886,11730886
032,112025,1332155,11730917,11730917
032,112025,1332155,11730920,11730920
032,112025,1332155,11730923,11730923
032,112025,1332155,11730928,11730928
032,112025,1332155,11731099,11731099
032,112025,1332155,11731104,11731104
032,112025,1332155,11731739,11731739
032,112025,1332155,11731742,11731742
032,112025,1332155,11731815,11731815
032,112025,1332155,11731822,11731822
032,112025,1332155,11732517,11732517
032,112025,1332155,18473388,18473388
032,112025,1332155,18473498,18473498
032,112025,1332155,25210161,25210161
032,112025,1332155,25210168,25210168
032,112025,1332155,25417017,25417017
032,112025,1332155,25417050,25417050
032,112025,1332155,25417355,25417355
032,112025,1332155,25417363,25417363
032,112025,1332155,34025807,34025807
032,112025,1332155,74127322,74127322
032,112025,1332155,109595686,109595686
032,112025,1332155,109610089,109610089
032,112025,1332155,109620237,109620237
032,112025,1332155,109620249,109620249
032,112025,1332155,109839136,109839136
032,112025,1332155,111821178,111821178
032,112025,1332155,111821181,111821181
032,112025,1332155,112304376,112304376
032,112025,1332155,112304388,112304388
032,112025,1332155,112399012,112399012
032,112025,1332155,112882456,112882456
032,112025,1332155,112883757,112883757
032,112025,1332155,112884811,112884811
032,112025,1332155,112884814,112884814
032,112025,1332155,113081500,113081500
032,112025,1332155,113081503,113081503
032,112025,1332155,113098165,113098165
032,112025,1332155,113251166,113251166
032,112025,1332155,113257718,113257718
032,112025,1332155,113257721,113257721
032,112025,1332155,113478984,113478984
032,112025,1332155,113950752,113950752
032,112025,1328057,21131094,21131094
032,112025,1328057,26275030,26275030
032,112025,1328057,26275716,26275716
032,112025,1328057,26755950,26755950
032,112025,1328057,26755957,26755957
032,112025,1328057,26756459,26756459
032,112025,1328057,26756467,26756467
032,112025,1328057,26756789,26756789
032,112025,1328057,26756796,26756796
032,112025,1328057,26756993,26756993
032,112025,1328057,26757005,26757005
032,112025,1328057,30002257,30002257
032,112025,1328057,30105635,30105635
032,112025,1328931,11519708,11519708
032,112025,1328931,11520312,11520312
032,112025,1328931,11520326,11520326
032,112025,1328931,11722201,11722201
032,112025,1328931,11722204,11722204
032,112025,1328931,20396564,20396564
032,112025,1328931,113423352,113423352
032,112025,1328931,113629174,113629174
032,112025,1328931,113629178,113629178
032,112025,1328931,113630698,113630698
032,112025,1328931,113630701,113630701
032,112025,1331283,108338174,108338174
032,112025,1331283,109021498,109021498
032,112025,1331283,109022626,109022626
032,112025,1331283,109022634,109022634
032,112025,1331283,109114727,109114727
032,112025,1331283,109133026,109133026
032,112025,1331283,109133033,109133033
032,112025,1331283,109167862,109167862
032,112025,1331283,109167877,109167877
032,112025,1331283,109848524,109848524
032,112025,1331283,109848527,109848527
032,112025,1331283,110006875,110006875
032,112025,1331283,110768488,110768488
032,112025,1331283,110768504,110768504
032,112025,1331283,112782890,112782890
032,112025,1331283,112782897,112782897
032,112025,1331283,112782935,112782935
032,112025,1331283,112782942,112782942
032,112025,1331283,112832512,112832512
032,112025,1331283,112832515,112832515
032,112025,1331283,112834367,112834367
032,112025,1331283,112834370,112834370
032,112025,1331283,112834385,112834385
032,112025,1331283,112834388,112834388
032,112025,1331283,112834473,112834473
032,112025,1331283,112834476,112834476
032,112025,1331283,112985667,112985667
032,112025,1331283,112985670,112985670
032,112025,1331283,113013549,113013549
032,112025,1331283,113013552,113013552
032,112025,1331283,113014664,113014664
032,112025,1331283,113014667,113014667
032,112025,1331283,113212076,113212076
032,112025,1331283,113260246,113260246
032,112025,1331283,113260249,113260249
032,112025,1331283,113580560,113580560
032,112025,1331283,113580564,113580564
032,112025,1331283,113580599,113580599
032,112025,1331283,113580618,113580618
032,112025,1331283,113584341,113584341
032,112025,1331283,113584344,113584344
032,112025,1331283,113851859,113851859
032,112025,1331283,113949982,113949982
032,112025,1331283,113949990,113949990
032,112025,1331283,114123615,114123615
032,112025,1331283,114130052,114130052
032,112025,1331283,114130055,114130055
032,112025,1331283,114395586,114395586
032,112025,1331283,11732401,11732401
032,112025,1331283,11732404,11732404
032,112025,1331283,11732407,11732407
032,112025,1331283,11732511,11732511
032,112025,1331283,11732514,11732514
032,112025,1331283,19812582,19812582
032,112025,1331283,20469561,20469561
032,112025,1331283,20469568,20469568
032,112025,1331283,21131066,21131066
032,112025,1331283,21131094,21131094
032,112025,1331283,26275030,26275030
032,112025,1331283,26275716,26275716
032,112025,1331283,26755950,26755950
032,112025,1331283,26755957,26755957
032,112025,1331283,26756459,26756459
032,112025,1331283,26756467,26756467
032,112025,1331283,26756789,26756789
032,112025,1331283,26756796,26756796
032,112025,1331283,26756993,26756993
032,112025,1331283,26757005,26757005
032,112025,1331283,30002257,30002257
032,112025,1331283,30105635,30105635
032,112025,1334956,108338174,108338174
032,112025,1334956,109021498,109021498
032,112025,1334956,109022626,109022626
032,112025,1334956,109022634,109022634
032,112025,1334956,109114727,109114727
032,112025,1334956,109133033,109133033
032,112025,1334956,109167862,109167862
032,112025,1334956,109167877,109167877
032,112025,1334956,109848524,109848524
032,112025,1334956,109848527,109848527
032,112025,1334956,110006875,110006875
032,112025,1334956,110768488,110768488
032,112025,1334956,110768504,110768504
032,112025,1334956,112782890,112782890
032,112025,1334956,112782897,112782897
032,112025,1334956,112782935,112782935
032,112025,1334956,112782942,112782942
032,112025,1334956,112832512,112832512
032,112025,1334956,112832515,112832515
032,112025,1334956,112834367,112834367
032,112025,1334956,112834370,112834370
032,112025,1334956,112834385,112834385
032,112025,1334956,112834388,112834388
032,112025,1334956,112834473,112834473
032,112025,1334956,112834476,112834476
032,112025,1334956,112985667,112985667
032,112025,1334956,112985670,112985670
032,112025,1334956,113013549,113013549
032,112025,1334956,113013552,113013552
032,112025,1334956,113014664,113014664
032,112025,1334956,113014667,113014667
032,112025,1334956,113212076,113212076
032,112025,1334956,113260246,113260246
032,112025,1334956,113260249,113260249
032,112025,1334956,113580560,113580560
032,112025,1334956,113580564,113580564
032,112025,1334956,113580599,113580599
032,112025,1334956,113580618,113580618
032,112025,1334956,113584341,113584341
032,112025,1334956,113584344,113584344
032,112025,1334956,113851859,113851859
032,112025,1334956,113949982,113949982
032,112025,1334956,113949990,113949990
032,112025,1334956,114123615,114123615
032,112025,1334956,114130052,114130052
032,112025,1334956,114130055,114130055
032,112025,1334956,114395586,114395586
032,112025,1334956,11519694,11519694
032,112025,1334956,11519701,11519701
032,112025,1334956,11520277,11520277
032,112025,1334956,11716918,11716918
032,112025,1334956,11716928,11716928
032,112025,1334956,11716931,11716931
032,112025,1334956,11716937,11716937
032,112025,1334956,11719994,11719994
032,112025,1334956,11720021,11720021
032,112025,1334956,11720224,11720224
032,112025,1334956,11720227,11720227
032,112025,1334956,11720350,11720350
032,112025,1334956,11720379,11720379
032,112025,1334956,11720714,11720714
032,112025,1334956,11720721,11720721
032,112025,1334956,11720728,11720728
032,112025,1334956,11720735,11720735
032,112025,1334956,11720790,11720790
032,112025,1334956,11720795,11720795
032,112025,1334956,11720800,11720800
032,112025,1334956,11720803,11720803
032,112025,1334956,11720806,11720806
032,112025,1334956,11720809,11720809
032,112025,1334956,11720812,11720812
032,112025,1334956,11720817,11720817
032,112025,1334956,11720822,11720822
032,112025,1334956,11720827,11720827
032,112025,1334956,11720832,11720832
032,112025,1334956,11720839,11720839
032,112025,1334956,11720846,11720846
032,112025,1334956,11720849,11720849
032,112025,1334956,11720852,11720852
032,112025,1334956,11720855,11720855
032,112025,1334956,11720858,11720858
032,112025,1334956,11720861,11720861
032,112025,1334956,11720864,11720864
032,112025,1334956,11720871,11720871
032,112025,1334956,11720878,11720878
032,112025,1334956,11720881,11720881
032,112025,1334956,11720898,11720898
032,112025,1334956,11720901,11720901
032,112025,1334956,11720908,11720908
032,112025,1334956,11720913,11720913
032,112025,1334956,11720924,11720924
032,112025,1334956,11720927,11720927
032,112025,1334956,11720930,11720930
032,112025,1334956,11720933,11720933
032,112025,1334956,11720936,11720936
032,112025,1334956,11720941,11720941
032,112025,1334956,11720964,11720964
032,112025,1334956,11720971,11720971
032,112025,1334956,11722164,11722164
032,112025,1334956,11722167,11722167
032,112025,1334956,11722189,11722189
032,112025,1334956,11722192,11722192
032,112025,1334956,11722221,11722221
032,112025,1334956,11722224,11722224
032,112025,1334956,11722233,11722233
032,112025,1334956,11722236,11722236
032,112025,1334956,11722239,11722239
032,112025,1334956,11722242,11722242
032,112025,1334956,11722245,11722245
032,112025,1334956,11722248,11722248
032,112025,1334956,11729387,11729387
032,112025,1334956,11729390,11729390
032,112025,1334956,11729393,11729393
032,112025,1334956,11729396,11729396
032,112025,1334956,11729399,11729399
032,112025,1334956,11729402,11729402
032,112025,1334956,11729405,11729405
032,112025,1334956,11729410,11729410
032,112025,1334956,11729421,11729421
032,112025,1334956,11729428,11729428
032,112025,1334956,11729469,11729469
032,112025,1334956,11729559,11729559
032,112025,1334956,11729566,11729566
032,112025,1334956,11729569,11729569
032,112025,1334956,11729576,11729576
032,112025,1334956,11729583,11729583
032,112025,1334956,11729586,11729586
032,112025,1334956,11729721,11729721
032,112025,1334956,11729724,11729724
032,112025,1334956,11729828,11729828
032,112025,1334956,11729831,11729831
032,112025,1334956,11729988,11729988
032,112025,1334956,11729993,11729993
032,112025,1334956,11730086,11730086
032,112025,1334956,11730089,11730089
032,112025,1334956,11730937,11730937
032,112025,1334956,11730940,11730940
032,112025,1334956,11730943,11730943
032,112025,1334956,11730946,11730946
032,112025,1334956,11730983,11730983
032,112025,1334956,11730990,11730990
032,112025,1334956,11731237,11731237
032,112025,1334956,11731240,11731240
032,112025,1334956,11731320,11731320
032,112025,1334956,11731691,11731691
032,112025,1334956,11731694,11731694
032,112025,1334956,11731827,11731827
032,112025,1334956,11731832,11731832
032,112025,1334956,11731837,11731837
032,112025,1334956,11731842,11731842
032,112025,1334956,11731847,11731847
032,112025,1334956,11731852,11731852
032,112025,1334956,11731857,11731857
032,112025,1334956,11731862,11731862
032,112025,1334956,11732103,11732103
032,112025,1334956,11732110,11732110
032,112025,1334956,11732115,11732115
032,112025,1334956,11732120,11732120
032,112025,1334956,11732125,11732125
032,112025,1334956,11732130,11732130
032,112025,1334956,11732135,11732135
032,112025,1334956,11732140,11732140
032,112025,1334956,11732145,11732145
032,112025,1334956,11732150,11732150
032,112025,1334956,11732155,11732155
032,112025,1334956,11732182,11732182
032,112025,1334956,11732189,11732189
032,112025,1334956,11732205,11732205
032,112025,1334956,11732210,11732210
032,112025,1334956,11732215,11732215
032,112025,1334956,11732220,11732220
032,112025,1334956,11732225,11732225
032,112025,1334956,11732230,11732230
032,112025,1334956,11732235,11732235
032,112025,1334956,11732240,11732240
032,112025,1334956,11732245,11732245
032,112025,1334956,11732250,11732250
032,112025,1334956,11732255,11732255
032,112025,1334956,11732260,11732260
032,112025,1334956,11732265,11732265
032,112025,1334956,11732270,11732270
032,112025,1334956,11732321,11732321
032,112025,1334956,11732324,11732324
032,112025,1334956,11732367,11732367
032,112025,1334956,11732370,11732370
032,112025,1334956,11732373,11732373
032,112025,1334956,11732392,11732392
032,112025,1334956,11732395,11732395
032,112025,1334956,11732398,11732398
032,112025,1334956,11732401,11732401
032,112025,1334956,11732404,11732404
032,112025,1334956,11732407,11732407
032,112025,1334956,11732511,11732511
032,112025,1334956,11732514,11732514
032,112025,1334956,19812582,19812582
032,112025,1334956,20469561,20469561
032,112025,1334956,20469568,20469568
032,112025,1334956,21131066,21131066
032,112025,1334956,21131094,21131094
032,112025,1334956,26275030,26275030
032,112025,1334956,26275716,26275716
032,112025,1334956,26755950,26755950
032,112025,1334956,26755957,26755957
032,112025,1334956,26756459,26756459
032,112025,1334956,26756467,26756467
032,112025,1334956,26756789,26756789
032,112025,1334956,26756796,26756796
032,112025,1334956,26756993,26756993
032,112025,1334956,26757005,26757005
032,112025,1334956,30002257,30002257
032,112025,1334956,30105635,30105635
032,112025,1335865,11519715,11519715
032,112025,1335865,11716925,11716925
032,112025,1335865,11716998,11716998
032,112025,1335865,11717008,11717008
032,112025,1335865,11717011,11717011
032,112025,1335865,11717014,11717014
032,112025,1335865,11717017,11717017
032,112025,1335865,11717020,11717020
032,112025,1335865,11720290,11720290
032,112025,1335865,11720754,11720754
032,112025,1335865,11720757,11720757
032,112025,1335865,11720760,11720760
032,112025,1335865,11720763,11720763
032,112025,1335865,11720766,11720766
032,112025,1335865,11720769,11720769
032,112025,1335865,11720772,11720772
032,112025,1335865,11720775,11720775
032,112025,1335865,11720784,11720784
032,112025,1335865,11720787,11720787
032,112025,1335865,11721002,11721002
032,112025,1335865,11721005,11721005
032,112025,1335865,11721011,11721011
032,112025,1335865,11721026,11721026
032,112025,1335865,11721029,11721029
032,112025,1335865,11721032,11721032
032,112025,1335865,11721035,11721035
032,112025,1335865,11721038,11721038
032,112025,1335865,11721041,11721041
032,112025,1335865,11721044,11721044
032,112025,1335865,11721047,11721047
032,112025,1335865,11721050,11721050
032,112025,1335865,11721053,11721053
032,112025,1335865,11721056,11721056
032,112025,1335865,11721059,11721059
032,112025,1335865,11721062,11721062
032,112025,1335865,11721065,11721065
032,112025,1335865,11721068,11721068
032,112025,1335865,11721071,11721071
032,112025,1335865,11721969,11721969
032,112025,1335865,11721976,11721976
032,112025,1335865,11722170,11722170
032,112025,1335865,11722173,11722173
032,112025,1335865,11722227,11722227
032,112025,1335865,11722230,11722230
032,112025,1335865,11729211,11729211
032,112025,1335865,11729214,11729214
032,112025,1335865,11729331,11729331
032,112025,1335865,11729334,11729334
032,112025,1335865,11729968,11729968
032,112025,1335865,11729971,11729971
032,112025,1335865,11730397,11730397
032,112025,1335865,11730400,11730400
032,112025,1335865,11730541,11730541
032,112025,1335865,11730548,11730548
032,112025,1335865,11730551,11730551
032,112025,1335865,11730554,11730554
032,112025,1335865,11730961,11730961
032,112025,1335865,11730964,11730964
032,112025,1335865,11730967,11730967
032,112025,1335865,11730970,11730970
032,112025,1335865,11731069,11731069
032,112025,1335865,11731076,11731076
032,112025,1335865,11731083,11731083
032,112025,1335865,11731086,11731086
032,112025,1335865,11731109,11731109
032,112025,1335865,11731112,11731112
032,112025,1335865,11731263,11731263
032,112025,1335865,11731266,11731266
032,112025,1335865,11731269,11731269
032,112025,1335865,11731272,11731272
032,112025,1335865,12868911,12868911
032,112025,1335865,17751939,17751939
032,112025,1335865,32290945,32290945
032,112025,1335865,112458846,112458846
032,112025,1335865,112458857,112458857
032,112025,1335865,113405718,113405718
032,112025,1335865,113446996,113446996
032,112025,1335865,114339759,114339759
032,112025,1335865,114467063,114467063
032,112025,1335865,114481611,114481611
032,112025,1335865,114573180,114573180
032,112025,1335865,114573193,114573193
032,112025,1336166,11520132,11520132
032,112025,1336166,11520214,11520214
032,112025,1336166,11717001,11717001
032,112025,1336166,11719991,11719991
032,112025,1336166,11720708,11720708
032,112025,1336166,11720711,11720711
032,112025,1336166,11721074,11721074
032,112025,1336166,11721077,11721077
032,112025,1336166,11721080,11721080
032,112025,1336166,11721083,11721083
032,112025,1336166,11721086,11721086
032,112025,1336166,11721093,11721093
032,112025,1336166,11721100,11721100
032,112025,1336166,11721107,11721107
032,112025,1336166,11721117,11721117
032,112025,1336166,11721120,11721120
032,112025,1336166,11721123,11721123
032,112025,1336166,11721126,11721126
032,112025,1336166,11721133,11721133
032,112025,1336166,11721140,11721140
032,112025,1336166,11721143,11721143
032,112025,1336166,11721146,11721146
032,112025,1336166,11721149,11721149
032,112025,1336166,11721158,11721158
032,112025,1336166,11721161,11721161
032,112025,1336166,11721164,11721164
032,112025,1336166,11721167,11721167
032,112025,1336166,11721170,11721170
032,112025,1336166,11721173,11721173
032,112025,1336166,11721176,11721176
032,112025,1336166,11721179,11721179
032,112025,1336166,11721188,11721188
032,112025,1336166,11721191,11721191
032,112025,1336166,11721194,11721194
032,112025,1336166,11721197,11721197
032,112025,1336166,11722152,11722152
032,112025,1336166,11722155,11722155
032,112025,1336166,11722195,11722195
032,112025,1336166,11722198,11722198
032,112025,1336166,11722211,11722211
032,112025,1336166,11729305,11729305
032,112025,1336166,11729308,11729308
032,112025,1336166,11729311,11729311
032,112025,1336166,11729318,11729318
032,112025,1336166,11730355,11730355
032,112025,1336166,11730362,11730362
032,112025,1336166,11730407,11730407
032,112025,1336166,11730410,11730410
032,112025,1336166,11730883,11730883
032,112025,1336166,11730886,11730886
032,112025,1336166,11730917,11730917
032,112025,1336166,11730920,11730920
032,112025,1336166,11730923,11730923
032,112025,1336166,11730928,11730928
032,112025,1336166,11731099,11731099
032,112025,1336166,11731104,11731104
032,112025,1336166,11731739,11731739
032,112025,1336166,11731742,11731742
032,112025,1336166,11731815,11731815
032,112025,1336166,11731822,11731822
032,112025,1336166,11732517,11732517
032,112025,1336166,18473388,18473388
032,112025,1336166,18473498,18473498
032,112025,1336166,25210161,25210161
032,112025,1336166,25210168,25210168
032,112025,1336166,25417017,25417017
032,112025,1336166,25417050,25417050
032,112025,1336166,25417355,25417355
032,112025,1336166,25417363,25417363
032,112025,1336166,34025807,34025807
032,112025,1336166,74127322,74127322
032,112025,1336166,109595686,109595686
032,112025,1336166,109610089,109610089
032,112025,1336166,109620237,109620237
032,112025,1336166,109620249,109620249
032,112025,1336166,109839136,109839136
032,112025,1336166,111821178,111821178
032,112025,1336166,111821181,111821181
032,112025,1336166,112304376,112304376
032,112025,1336166,112304388,112304388
032,112025,1336166,112399012,112399012
032,112025,1336166,112882456,112882456
032,112025,1336166,112883757,112883757
032,112025,1336166,112884811,112884811
032,112025,1336166,112884814,112884814
032,112025,1336166,113081500,113081500
032,112025,1336166,113081503,113081503
032,112025,1336166,113098165,113098165
032,112025,1336166,113251166,113251166
032,112025,1336166,113257718,113257718
032,112025,1336166,113257721,113257721
032,112025,1336166,113478984,113478984
032,112025,1336166,113950752,113950752
032,112025,1332494,11720822,11720822
032,112025,1332494,11720827,11720827
032,112025,1332494,11720832,11720832
032,112025,1332494,11720839,11720839
032,112025,1332494,11720846,11720846
032,112025,1332494,11720849,11720849
032,112025,1332494,11720852,11720852
032,112025,1332494,11720855,11720855
032,112025,1332494,11720858,11720858
032,112025,1332494,11720861,11720861
032,112025,1332494,11720864,11720864
032,112025,1332494,11720871,11720871
032,112025,1332494,11720878,11720878
032,112025,1332494,11720881,11720881
032,112025,1332494,11720898,11720898
032,112025,1332494,11720901,11720901
032,112025,1332494,11720908,11720908
032,112025,1332494,11720913,11720913
032,112025,1332494,11720924,11720924
032,112025,1332494,11720927,11720927
032,112025,1332494,11720930,11720930
032,112025,1332494,11720933,11720933
032,112025,1332494,11720936,11720936
032,112025,1332494,11720941,11720941
032,112025,1332494,11720964,11720964
032,112025,1332494,11720971,11720971
032,112025,1332494,11722164,11722164
032,112025,1332494,11722167,11722167
032,112025,1332494,11722189,11722189
032,112025,1332494,11722192,11722192
032,112025,1332494,11722221,11722221
032,112025,1332494,11722224,11722224
032,112025,1332494,11722233,11722233
032,112025,1332494,11722236,11722236
032,112025,1332494,11722239,11722239
032,112025,1332494,11722242,11722242
032,112025,1332494,11722245,11722245
032,112025,1332494,11722248,11722248
032,112025,1332494,11729387,11729387
032,112025,1332494,11729390,11729390
032,112025,1332494,11729393,11729393
032,112025,1332494,11729396,11729396
032,112025,1332494,11729399,11729399
032,112025,1332494,11729402,11729402
032,112025,1332494,11729405,11729405
032,112025,1332494,11729410,11729410
032,112025,1332494,11729421,11729421
032,112025,1332494,11729428,11729428
032,112025,1332494,11729469,11729469
032,112025,1332494,11729559,11729559
032,112025,1332494,11729566,11729566
032,112025,1332494,11729569,11729569
032,112025,1332494,11729576,11729576
032,112025,1332494,11729583,11729583
032,112025,1332494,11729586,11729586
032,112025,1332494,11729721,11729721
032,112025,1332494,11729724,11729724
032,112025,1332494,11729828,11729828
032,112025,1332494,11729831,11729831
032,112025,1332494,11729988,11729988
032,112025,1332494,11729993,11729993
032,112025,1332494,11730086,11730086
032,112025,1332494,11730089,11730089
032,112025,1332494,11730937,11730937
032,112025,1332494,11730940,11730940
032,112025,1332494,11730943,11730943
032,112025,1332494,11730946,11730946
032,112025,1332494,11730983,11730983
032,112025,1332494,11730990,11730990
032,112025,1332494,11731237,11731237
032,112025,1332494,11731240,11731240
032,112025,1332494,11731320,11731320
032,112025,1332494,11731691,11731691
032,112025,1332494,11731694,11731694
032,112025,1332494,11731827,11731827
032,112025,1332494,11731832,11731832
032,112025,1332494,11731837,11731837
032,112025,1332494,11731842,11731842
032,112025,1332494,11731847,11731847
032,112025,1332494,11731852,11731852
032,112025,1332494,11731857,11731857
032,112025,1332494,11731862,11731862
032,112025,1332494,11732103,11732103
032,112025,1332494,11732110,11732110
032,112025,1332494,11732115,11732115
032,112025,1332494,11732120,11732120
032,112025,1332494,11732125,11732125
032,112025,1332494,11732130,11732130
032,112025,1332494,11732135,11732135
032,112025,1332494,11732140,11732140
032,112025,1332494,11732145,11732145
032,112025,1332494,11732150,11732150
032,112025,1332494,11732155,11732155
032,112025,1332494,11732166,11732166
032,112025,1332494,11732171,11732171
032,112025,1332494,11732182,11732182
032,112025,1332494,11732189,11732189
032,112025,1332494,11732205,11732205
032,112025,1332494,11732210,11732210
032,112025,1332494,11732215,11732215
032,112025,1332494,11732220,11732220
032,112025,1332494,11732225,11732225
032,112025,1332494,11732230,11732230
032,112025,1332494,11732235,11732235
032,112025,1332494,11732240,11732240
032,112025,1332494,11732245,11732245
032,112025,1332494,11732250,11732250
032,112025,1332494,11732255,11732255
032,112025,1332494,11732260,11732260
032,112025,1332494,11732265,11732265
032,112025,1332494,11732270,11732270
032,112025,1332494,11732321,11732321
032,112025,1332494,11732324,11732324
032,112025,1332494,11732367,11732367
032,112025,1332494,11732370,11732370
032,112025,1332494,11732373,11732373
032,112025,1332494,11732392,11732392
032,112025,1332494,11732395,11732395
032,112025,1332494,11732398,11732398
032,112025,1332494,11732401,11732401
032,112025,1332494,11732404,11732404
032,112025,1332494,11732407,11732407
032,112025,1332494,11732511,11732511
032,112025,1332494,11732514,11732514
032,112025,1332494,19812582,19812582
032,112025,1332494,20469561,20469561
032,112025,1332494,20469568,20469568
032,112025,1332494,21131066,21131066
032,112025,1332494,21131094,21131094
032,112025,1332494,26275030,26275030
032,112025,1332494,26275716,26275716
032,112025,1332494,26755950,26755950
032,112025,1332494,26755957,26755957
032,112025,1332494,26756459,26756459
032,112025,1332494,26756467,26756467
032,112025,1332494,26756789,26756789
032,112025,1332494,26756796,26756796
032,112025,1332494,26756993,26756993
032,112025,1332494,26757005,26757005
032,112025,1332494,30002257,30002257
032,112025,1332494,30105635,30105635
032,112025,1332494,108338174,108338174
032,112025,1332494,109021498,109021498
032,112025,1332494,109022626,109022626
032,112025,1332494,109022634,109022634
032,112025,1332494,109114727,109114727
032,112025,1332494,109133026,109133026
032,112025,1332494,109133033,109133033
032,112025,1332494,109167862,109167862
032,112025,1332494,109167877,109167877
032,112025,1332494,109848524,109848524
032,112025,1332494,109848527,109848527
032,112025,1332494,110006875,110006875
032,112025,1332494,110768488,110768488
032,112025,1332494,110768504,110768504
032,112025,1332494,112782890,112782890
032,112025,1332494,112782897,112782897
032,112025,1332494,112782935,112782935
032,112025,1332494,112782942,112782942
032,112025,1332494,112832512,112832512
032,112025,1332494,112832515,112832515
032,112025,1332494,112834367,112834367
032,112025,1332494,112834370,112834370
032,112025,1332494,112834385,112834385
032,112025,1332494,112834388,112834388
032,112025,1332494,112834473,112834473
032,112025,1332494,112834476,112834476
032,112025,1332494,112985667,112985667
032,112025,1332494,112985670,112985670
032,112025,1332494,113013549,113013549
032,112025,1332494,113013552,113013552
032,112025,1332494,113014664,113014664
032,112025,1332494,113014667,113014667
032,112025,1332494,113212076,113212076
032,112025,1332494,113260246,113260246
032,112025,1332494,113260249,113260249
032,112025,1332494,113580560,113580560
032,112025,1332494,113580564,113580564
032,112025,1332494,113580599,113580599
032,112025,1332494,113580618,113580618
032,112025,1332494,113584341,113584341
032,112025,1332494,113584344,113584344
032,112025,1332494,113851859,113851859
032,112025,1332494,113949982,113949982
032,112025,1332494,113949990,113949990
032,112025,1332494,114123615,114123615
032,112025,1332494,114130052,114130052
032,112025,1332494,114130055,114130055
032,112025,1332494,114395586,114395586
032,112025,1332494,11519694,11519694
032,112025,1332494,11519701,11519701
032,112025,1332494,11520277,11520277
032,112025,1332494,11716918,11716918
032,112025,1332494,11716928,11716928
032,112025,1332494,11716931,11716931
032,112025,1332494,11716934,11716934
032,112025,1332494,11716937,11716937
032,112025,1332494,11719994,11719994
032,112025,1332494,11720021,11720021
032,112025,1332494,11720224,11720224
032,112025,1332494,11720227,11720227
032,112025,1332494,11720350,11720350
032,112025,1332494,11720379,11720379
032,112025,1332494,11720714,11720714
032,112025,1332494,11720721,11720721
032,112025,1332494,11720728,11720728
032,112025,1332494,11720735,11720735
032,112025,1332494,11720790,11720790
032,112025,1332494,11720795,11720795
032,112025,1332494,11720800,11720800
032,112025,1332494,11720803,11720803
032,112025,1332494,11720806,11720806
032,112025,1332494,11720809,11720809
032,112025,1332494,11720812,11720812
032,112025,1332494,11720817,11720817
032,112025,1334210,11520132,11520132
032,112025,1334210,11520214,11520214
032,112025,1334210,11717001,11717001
032,112025,1334210,11719991,11719991
032,112025,1334210,11720708,11720708
032,112025,1334210,11720711,11720711
032,112025,1334210,11721074,11721074
032,112025,1334210,11721077,11721077
032,112025,1334210,11721080,11721080
032,112025,1334210,11721083,11721083
032,112025,1334210,11721086,11721086
032,112025,1334210,11721093,11721093
032,112025,1334210,11721100,11721100
032,112025,1334210,11721107,11721107
032,112025,1334210,11721117,11721117
032,112025,1334210,11721120,11721120
032,112025,1334210,11721123,11721123
032,112025,1334210,11721126,11721126
032,112025,1334210,11721133,11721133
032,112025,1334210,11721140,11721140
032,112025,1334210,11721143,11721143
032,112025,1334210,11721146,11721146
032,112025,1334210,11721149,11721149
032,112025,1334210,11721158,11721158
032,112025,1334210,11721161,11721161
032,112025,1334210,11721164,11721164
032,112025,1334210,11721167,11721167
032,112025,1334210,11721170,11721170
032,112025,1334210,11721173,11721173
032,112025,1334210,11721176,11721176
032,112025,1334210,11721179,11721179
032,112025,1334210,11721188,11721188
032,112025,1334210,11721191,11721191
032,112025,1334210,11721194,11721194
032,112025,1334210,11721197,11721197
032,112025,1334210,11722152,11722152
032,112025,1334210,11722155,11722155
032,112025,1334210,11722195,11722195
032,112025,1334210,11722198,11722198
032,112025,1334210,11722211,11722211
032,112025,1334210,11729305,11729305
032,112025,1334210,11729308,11729308
032,112025,1334210,11729311,11729311
032,112025,1334210,11729318,11729318
032,112025,1334210,11730355,11730355
032,112025,1334210,11730362,11730362
032,112025,1334210,11730407,11730407
032,112025,1334210,11730410,11730410
032,112025,1334210,11730883,11730883
032,112025,1334210,11730886,11730886
032,112025,1334210,11730917,11730917
032,112025,1334210,11730920,11730920
032,112025,1334210,11730923,11730923
032,112025,1334210,11730928,11730928
032,112025,1334210,11731099,11731099
032,112025,1334210,11731104,11731104
032,112025,1334210,11731739,11731739
032,112025,1334210,11731742,11731742
032,112025,1334210,11731815,11731815
032,112025,1334210,11731822,11731822
032,112025,1334210,11732517,11732517
032,112025,1334210,18473388,18473388
032,112025,1334210,18473498,18473498
032,112025,1334210,25210161,25210161
032,112025,1334210,25210168,25210168
032,112025,1334210,25417017,25417017
032,112025,1334210,25417050,25417050
032,112025,1334210,25417355,25417355
032,112025,1334210,25417363,25417363
032,112025,1334210,34025807,34025807
032,112025,1334210,74127322,74127322
032,112025,1334210,109595686,109595686
032,112025,1334210,109610089,109610089
032,112025,1334210,109620237,109620237
032,112025,1334210,109620249,109620249
032,112025,1334210,109839136,109839136
032,112025,1334210,111821178,111821178
032,112025,1334210,111821181,111821181
032,112025,1334210,112304376,112304376
032,112025,1334210,112304388,112304388
032,112025,1334210,112399012,112399012
032,112025,1334210,112882456,112882456
032,112025,1334210,112883757,112883757
032,112025,1334210,112884811,112884811
032,112025,1334210,112884814,112884814
032,112025,1334210,113081500,113081500
032,112025,1334210,113081503,113081503
032,112025,1334210,113098165,113098165
032,112025,1334210,113251166,113251166
032,112025,1334210,113257718,113257718
032,112025,1334210,113257721,113257721
032,112025,1334210,113478984,113478984
032,112025,1334210,113950752,113950752
032,112025,1334294,11520263,11520263
032,112025,1334294,11520331,11520331
032,112025,1334294,11720126,11720126
032,112025,1334294,11720133,11720133
032,112025,1334294,11720140,11720140
032,112025,1334294,11720147,11720147
032,112025,1334294,11720230,11720230
032,112025,1334294,11720702,11720702
032,112025,1334294,11720705,11720705
032,112025,1334294,11720742,11720742
032,112025,1334294,11720745,11720745
032,112025,1334294,109694570,109694570
032,112025,1334294,109694584,109694584
032,112025,1334294,114267355,114267355
032,112025,1334294,114267363,114267363
032,112025,1334294,114267396,114267396
032,112025,1334294,114271659,114271659
032,112025,1334294,114338696,114338696
032,112025,1334294,114392051,114392051
032,112025,1334294,11720778,11720778
032,112025,1334294,11720781,11720781
032,112025,1334294,11720918,11720918
032,112025,1334294,11720921,11720921
032,112025,1334294,11720946,11720946
032,112025,1334294,11720949,11720949
032,112025,1334294,11720952,11720952
032,112025,1334294,11720955,11720955
032,112025,1334294,11720958,11720958
032,112025,1334294,11720961,11720961
032,112025,1334294,11720984,11720984
032,112025,1334294,11720987,11720987
032,112025,1334294,11720990,11720990
032,112025,1334294,11720993,11720993
032,112025,1334294,11720996,11720996
032,112025,1334294,11720999,11720999
032,112025,1334294,11722180,11722180
032,112025,1334294,11722183,11722183
032,112025,1334294,11722186,11722186
032,112025,1334294,11729283,11729283
032,112025,1334294,11729290,11729290
032,112025,1334294,11729474,11729474
032,112025,1334294,11729749,11729749
032,112025,1334294,11729901,11729901
032,112025,1334294,11729904,11729904
032,112025,1334294,11729907,11729907
032,112025,1334294,11729914,11729914
032,112025,1334294,11731552,11731552
032,112025,1334294,11731557,11731557
032,112025,1334294,11731562,11731562
032,112025,1334294,11731567,11731567
032,112025,1334294,11731572,11731572
032,112025,1334294,11731577,11731577
032,112025,1334294,11731582,11731582
032,112025,1334294,11731587,11731587
032,112025,1334294,11731592,11731592
032,112025,1334294,11731597,11731597
032,112025,1334294,11731733,11731733
032,112025,1334294,11731736,11731736
032,112025,1334294,11732097,11732097
032,112025,1334294,11732100,11732100
032,112025,1334294,11732160,11732160
032,112025,1334294,11732163,11732163
032,112025,1334294,11732176,11732176
032,112025,1334294,11732179,11732179
032,112025,1334294,12639616,12639616
032,112025,1334294,19701101,19701101
032,112025,1334294,21157635,21157635
032,112025,1334294,21157642,21157642
032,112025,1334294,21157649,21157649
032,112025,1334294,21157656,21157656
032,112025,1334294,21157680,21157680
032,112025,1334294,74453850,74453850
032,112025,1334782,11519708,11519708
032,112025,1334782,11520312,11520312
032,112025,1334782,11520326,11520326
032,112025,1334782,11722201,11722201
032,112025,1334782,11722204,11722204
032,112025,1334782,20396564,20396564
032,112025,1334782,113423352,113423352
032,112025,1334782,113629174,113629174
032,112025,1334782,113629178,113629178
032,112025,1334782,113630698,113630698
032,112025,1334782,113630701,113630701
032,112025,1334930,11519694,11519694
032,112025,1334930,11519701,11519701
032,112025,1334930,11520277,11520277
032,112025,1334930,11716918,11716918
032,112025,1334930,11716928,11716928
032,112025,1334930,11716931,11716931
032,112025,1334930,11716937,11716937
032,112025,1334930,11719994,11719994
032,112025,1334930,11720021,11720021
032,112025,1334930,11720224,11720224
032,112025,1334930,11720227,11720227
032,112025,1334930,11720350,11720350
032,112025,1334930,11720379,11720379
032,112025,1334930,11720714,11720714
032,112025,1334930,11720721,11720721
032,112025,1334930,11720728,11720728
032,112025,1334930,11720735,11720735
032,112025,1334930,11720790,11720790
032,112025,1334930,11720795,11720795
032,112025,1334930,11720800,11720800
032,112025,1334930,11720803,11720803
032,112025,1334930,11720806,11720806
032,112025,1334930,11720809,11720809
032,112025,1334930,11720812,11720812
032,112025,1334930,11720817,11720817
032,112025,1334930,11720822,11720822
032,112025,1334930,11720827,11720827
032,112025,1334930,11720832,11720832
032,112025,1334930,11720839,11720839
032,112025,1334930,11720846,11720846
032,112025,1334930,11720849,11720849
032,112025,1334930,11720852,11720852
032,112025,1334930,11720855,11720855
032,112025,1334930,11720858,11720858
032,112025,1334930,11720861,11720861
032,112025,1334930,11720864,11720864
032,112025,1334930,11720871,11720871
032,112025,1334930,11720878,11720878
032,112025,1334930,11720881,11720881
032,112025,1334930,11720898,11720898
032,112025,1334930,11720901,11720901
032,112025,1334930,11720908,11720908
032,112025,1334930,11720913,11720913
032,112025,1334930,11720924,11720924
032,112025,1334930,11720927,11720927
032,112025,1334930,11720930,11720930
032,112025,1334930,11720933,11720933
032,112025,1334930,11720936,11720936
032,112025,1334930,11720941,11720941
032,112025,1334930,11720964,11720964
032,112025,1334930,11720971,11720971
032,112025,1334930,11722164,11722164
032,112025,1334930,11722167,11722167
032,112025,1334930,11722189,11722189
032,112025,1334930,11722192,11722192
032,112025,1334930,11722221,11722221
032,112025,1334930,11722224,11722224
032,112025,1334930,11722233,11722233
032,112025,1334930,11722236,11722236
032,112025,1334930,11722239,11722239
032,112025,1334930,11722242,11722242
032,112025,1334930,11722245,11722245
032,112025,1334930,11722248,11722248
032,112025,1334930,11729387,11729387
032,112025,1334930,11729390,11729390
032,112025,1334930,11729393,11729393
032,112025,1334930,11729396,11729396
032,112025,1334930,11729399,11729399
032,112025,1334930,11729402,11729402
032,112025,1334930,11729405,11729405
032,112025,1334930,11729410,11729410
032,112025,1334930,11729421,11729421
032,112025,1334930,11729428,11729428
032,112025,1334930,11729469,11729469
032,112025,1334930,11729559,11729559
032,112025,1334930,11729566,11729566
032,112025,1334930,11729569,11729569
032,112025,1334930,11729576,11729576
032,112025,1334930,11729583,11729583
032,112025,1334930,11729586,11729586
032,112025,1334930,11729721,11729721
032,112025,1334930,11729724,11729724
032,112025,1334930,11729828,11729828
032,112025,1334930,11729831,11729831
032,112025,1334930,11729988,11729988
032,112025,1334930,11729993,11729993
032,112025,1334930,11730086,11730086
032,112025,1334930,11730089,11730089
032,112025,1334930,11730937,11730937
032,112025,1334930,11730940,11730940
032,112025,1334930,11730943,11730943
032,112025,1334930,11730946,11730946
032,112025,1334930,11730983,11730983
032,112025,1334930,11730990,11730990
032,112025,1334930,108338174,108338174
032,112025,1334930,109021498,109021498
032,112025,1334930,109022626,109022626
032,112025,1334930,109022634,109022634
032,112025,1334930,109114727,109114727
032,112025,1334930,109133033,109133033
032,112025,1334930,109167862,109167862
032,112025,1334930,109167877,109167877
032,112025,1334930,109848524,109848524
032,112025,1334930,109848527,109848527
032,112025,1334930,110006875,110006875
032,112025,1334930,110768488,110768488
032,112025,1334930,110768504,110768504
032,112025,1334930,112782890,112782890
032,112025,1334930,112782897,112782897
032,112025,1334930,112782935,112782935
032,112025,1334930,112782942,112782942
032,112025,1334930,112832512,112832512
032,112025,1334930,112832515,112832515
032,112025,1334930,112834367,112834367
032,112025,1334930,112834370,112834370
032,112025,1334930,112834385,112834385
032,112025,1334930,112834388,112834388
032,112025,1334930,112834473,112834473
032,112025,1334930,112834476,112834476
032,112025,1334930,112985667,112985667
032,112025,1334930,112985670,112985670
032,112025,1334930,113013549,113013549
032,112025,1334930,113013552,113013552
032,112025,1334930,113014664,113014664
032,112025,1334930,113014667,113014667
032,112025,1334930,113212076,113212076
032,112025,1334930,113260246,113260246
032,112025,1334930,113260249,113260249
032,112025,1334930,113580560,113580560
032,112025,1334930,113580564,113580564
032,112025,1334930,113580599,113580599
032,112025,1334930,113580618,113580618
032,112025,1334930,113584341,113584341
032,112025,1334930,113584344,113584344
032,112025,1334930,113851859,113851859
032,112025,1334930,113949982,113949982
032,112025,1334930,113949990,113949990
032,112025,1334930,114123615,114123615
032,112025,1334930,114130052,114130052
032,112025,1334930,114130055,114130055
032,112025,1334930,114395586,114395586
032,112025,1334930,11731237,11731237
032,112025,1334930,11731240,11731240
032,112025,1334930,11731320,11731320
032,112025,1334930,11731691,11731691
032,112025,1334930,11731694,11731694
032,112025,1334930,11731827,11731827
032,112025,1334930,11731832,11731832
032,112025,1334930,11731837,11731837
032,112025,1334930,11731842,11731842
032,112025,1334930,11731847,11731847
032,112025,1334930,11731852,11731852
032,112025,1334930,11731857,11731857
032,112025,1334930,11731862,11731862
032,112025,1334930,11732103,11732103
032,112025,1334930,11732110,11732110
032,112025,1334930,11732115,11732115
032,112025,1334930,11732120,11732120
032,112025,1334930,11732125,11732125
032,112025,1334930,11732130,11732130
032,112025,1334930,11732135,11732135
032,112025,1334930,11732140,11732140
032,112025,1334930,11732145,11732145
032,112025,1334930,11732150,11732150
032,112025,1334930,11732155,11732155
032,112025,1334930,11732182,11732182
032,112025,1334930,11732189,11732189
032,112025,1334930,11732205,11732205
032,112025,1334930,11732210,11732210
032,112025,1334930,11732215,11732215
032,112025,1334930,11732220,11732220
032,112025,1334930,11732225,11732225
032,112025,1334930,11732230,11732230
032,112025,1334930,11732235,11732235
032,112025,1334930,11732240,11732240
032,112025,1334930,11732245,11732245
032,112025,1334930,11732250,11732250
032,112025,1334930,11732255,11732255
032,112025,1334930,11732260,11732260
032,112025,1334930,11732265,11732265
032,112025,1334930,11732270,11732270
032,112025,1334930,11732321,11732321
032,112025,1334930,11732324,11732324
032,112025,1334930,11732367,11732367
032,112025,1334930,11732370,11732370
032,112025,1334930,11732373,11732373
032,112025,1334930,11732392,11732392
032,112025,1334930,11732395,11732395
032,112025,1334930,11732398,11732398
032,112025,1334930,11732401,11732401
032,112025,1334930,11732404,11732404
032,112025,1334930,11732407,11732407
032,112025,1334930,11732511,11732511
032,112025,1334930,11732514,11732514
032,112025,1334930,19812582,19812582
032,112025,1334930,20469561,20469561
032,112025,1334930,20469568,20469568
032,112025,1334930,21131066,21131066
032,112025,1334930,21131094,21131094
032,112025,1334930,26275030,26275030
032,112025,1334930,26275716,26275716
032,112025,1334930,26755950,26755950
032,112025,1334930,26755957,26755957
032,112025,1334930,26756459,26756459
032,112025,1334930,26756467,26756467
032,112025,1334930,26756789,26756789
032,112025,1334930,26756796,26756796
032,112025,1334930,26756993,26756993
032,112025,1334930,26757005,26757005
032,112025,1334930,30002257,30002257
032,112025,1334930,30105635,30105635
