032,112025,1108,0,7404,10391622,2,4,1,1,,01/01/1900,,150.0
032,112025,1130,0,7404,10370041,2,4,1,1,,01/01/1900,,500.0
032,112025,1135,0,7405,10400110,2,4,1,1,,01/01/1900,,75.0
032,112025,1136,0,7404,10404426,2,4,1,1,,01/01/1900,,150.0
032,112025,1138,0,7405,10395783,2,4,1,1,,01/01/1900,,75.0
032,112025,1148,0,7404,11748444,2,4,1,1,,01/01/1900,,75.0
032,112025,1149,0,7405,11439250,2,4,1,1,,01/01/1900,,1750.0
032,112025,1152,0,8409,11482237,2,4,1,1,,01/01/1900,,300.0
032,112025,1153,0,7405,11812862,2,4,1,1,,01/01/1900,,30.0
032,112025,1154,0,7405,11486559,2,4,1,1,,01/01/1900,,300.0
032,112025,1162,0,7403,11988885,2,4,1,1,,01/01/1900,,30.0
032,112025,1163,0,7404,11993276,2,4,1,1,,01/01/1900,,75.0
032,112025,1164,0,8416,11997505,2,4,1,1,,01/01/1900,,100.0
032,112025,1165,0,7405,12001756,2,4,1,1,,01/01/1900,,30.0
032,112025,1166,0,7404,12006082,2,4,1,1,,01/01/1900,,500.0
032,112025,1178,0,7405,11203061,2,4,1,1,,01/01/1900,,45.0
032,112025,1179,0,7405,11198801,2,4,1,1,,01/01/1900,,45.0
032,112025,1188,0,7403,11795674,2,4,1,1,,01/01/1900,,45.0
032,112025,1189,0,7404,10997135,2,4,1,1,,01/01/1900,,45.0
032,112025,1193,0,8416,11877242,2,4,1,1,,01/01/1900,,75.0
032,112025,1197,0,7405,8180269,2,4,1,1,,01/01/1900,,75.0
032,112025,1198,0,7405,13070976,2,4,1,1,,01/01/1900,,15.0
032,112025,1199,0,7405,12903501,2,4,1,1,,01/01/1900,,45.0
032,112025,1200,0,7404,12907826,2,4,1,1,,01/01/1900,,75.0
032,112025,1201,0,7406,12912175,2,4,1,1,,01/01/1900,,30.0
032,112025,1202,0,7405,12920696,2,4,1,1,,01/01/1900,,30.0
032,112025,1203,0,7404,12916426,2,4,1,1,,01/01/1900,,150.0
032,112025,1204,0,7405,13217237,2,4,1,1,,01/01/1900,,100.0
032,112025,1205,0,7405,13217344,2,4,1,1,,01/01/1900,,75.0
032,112025,1206,0,7405,13217167,2,4,1,1,,01/01/1900,,75.0
032,112025,1207,0,7405,13217138,2,4,1,1,,01/01/1900,,100.0
032,112025,1208,0,7404,13105367,2,4,1,1,,01/01/1900,,150.0
032,112025,1209,0,7404,13109632,2,4,1,1,,01/01/1900,,30.0
032,112025,1210,0,7404,13118186,2,4,1,1,,01/01/1900,,45.0
032,112025,1211,0,7405,13217295,2,4,1,1,,01/01/1900,,10.0
032,112025,1214,0,8416,12397122,2,4,1,1,,01/01/1900,,10.0
032,112025,1215,0,7405,13131119,2,4,1,1,,01/01/1900,,45.0
032,112025,1217,0,7405,13101038,2,4,1,1,,01/01/1900,,75.0
032,112025,1218,0,7405,13371576,2,4,1,1,,01/01/1900,,30.0
032,112025,1220,0,7405,13096739,2,4,1,1,,01/01/1900,,45.0
032,112025,1221,0,7403,13088149,2,4,1,1,,01/01/1900,,30.0
032,112025,1222,0,8409,13083833,2,4,1,1,,01/01/1900,,15.0
032,112025,1224,0,7404,13075269,2,4,1,1,,01/01/1900,,45.0
032,112025,1225,0,7405,12315303,2,4,1,1,,01/01/1900,,45.0
032,112025,1226,0,7405,12323850,2,4,1,1,,01/01/1900,,10.0
032,112025,1229,0,7405,12366768,2,4,1,1,,01/01/1900,,30.0
032,112025,1237,0,7404,12581461,2,4,1,1,,01/01/1900,,30.0
032,112025,1238,0,7403,12822262,2,4,1,1,,01/01/1900,,45.0
032,112025,1246,0,7405,12341050,2,4,1,1,,01/01/1900,,10.0
032,112025,1247,0,7405,12349557,2,4,1,1,,01/01/1900,,75.0
032,112025,1248,0,7404,12379611,2,4,1,1,,01/01/1900,,45.0
032,112025,1249,0,7405,13616785,2,4,1,1,,01/01/1900,,300.0
032,112025,1251,0,7405,13616584,2,4,1,1,,01/01/1900,,100.0
032,112025,1252,0,7403,12826218,2,4,1,1,,01/01/1900,,30.0
032,112025,1254,0,8416,13474709,2,4,1,1,,01/01/1900,,30.0
032,112025,1257,0,8416,13612220,2,4,1,1,,01/01/1900,,200.0
032,112025,1258,0,8416,13612255,2,4,1,1,,01/01/1900,,45.0
032,112025,1259,0,8416,13612285,2,4,1,1,,01/01/1900,,75.0
032,112025,1265,0,7404,12731764,2,4,1,1,,01/01/1900,,75.0
032,112025,1280,0,8409,14088640,2,4,1,1,,01/01/1900,,50.0
032,112025,1290,0,7404,14011331,2,4,1,1,,01/01/1900,,75.0
032,112025,1303,0,7404,14483664,2,4,1,1,,01/01/1900,,30.0
032,112025,1304,0,7405,12727481,2,1,1,1,0230000000320001304,04/09/2009,SA2AS1040015,25.0
032,112025,1305,0,7405,18082248,2,4,1,1,,01/01/1900,,300.0
032,112025,1306,0,7405,18086538,2,4,1,1,,01/01/1900,,75.0
032,112025,1307,0,8409,18129346,2,1,1,1,0230000000320001307,01/03/2010,SA2AS1040025,25.0
032,112025,1308,0,7404,24677667,2,1,1,1,0230000000320001308,20/04/2011,SAA3AS0100,100.0
032,112025,1309,0,7404,18125372,2,4,1,1,,01/01/1900,,500.0
032,112025,1310,0,7405,18133644,2,1,1,1,0230000000320001310,01/03/2010,SA2AS1040010,10.0
032,112025,1311,0,7405,18142558,2,4,1,1,,01/01/1900,,75.0
032,112025,1312,0,7403,18146522,2,1,1,1,0230000000320001312,01/03/2010,SAA2AS0005,5.0
032,112025,1313,0,7404,18155272,2,4,1,1,,01/01/1900,,45.0
032,112025,1314,0,7404,18159422,2,4,1,1,,01/01/1900,,75.0
032,112025,1315,0,7404,39214529,2,1,1,1,0230000000320001315,17/07/2015,SA2AS1040015,15.0
032,112025,1316,0,8409,18167988,2,1,1,1,0230000000320001316,01/03/2010,SAA2AS0025,25.0
032,112025,1317,0,7405,18172276,2,1,1,1,0230000000320001317,01/03/2010,SA2AS1040015,15.0
032,112025,1318,0,7404,18180908,2,1,1,1,0230000000320001318,01/03/2010,SAA3AS0015,15.0
032,112025,1319,0,7405,18185232,2,4,1,1,,01/01/1900,,30.0
032,112025,1320,0,7404,18189384,2,4,1,1,,01/01/1900,,30.0
032,112025,1321,0,8416,18198039,2,4,1,1,,01/01/1900,,30.0
032,112025,1322,0,7405,18215456,2,1,1,1,0230000000320001322,01/03/2010,SAA2AS0010,10.0
032,112025,1323,0,7404,18150801,2,1,1,1,0230000000320001323,01/03/2010,SA2AS1840003,3.0
032,112025,1324,0,7405,18516063,2,1,1,1,0230000000320001324,30/12/2009,SA2AS1440005,5.0
032,112025,1325,0,7201,18541762,2,4,1,1,,01/01/1900,,150.0
032,112025,1326,0,7201,18541796,2,4,1,1,,01/01/1900,,45.0
032,112025,1327,0,7405,18438584,2,4,1,1,,01/01/1900,,30.0
032,112025,1328,0,7405,18675120,2,1,1,1,0230000000320001328,01/04/2010,SA1AS1140002,1.5
032,112025,1329,0,7405,18721923,2,4,1,1,,01/01/1900,,75.0
032,112025,1330,0,7405,18726214,2,4,1,1,,01/01/1900,,45.0
032,112025,1331,0,8409,18687589,2,4,1,1,,01/01/1900,,75.0
032,112025,1332,0,8409,18717601,2,1,1,1,0230000000320001332,01/04/2010,SAA3AS0015,15.0
032,112025,1333,0,7404,18696111,2,4,1,1,,01/01/1900,,75.0
032,112025,1334,0,7404,25094162,2,1,1,1,0230000000320001334,01/06/2011,SA2AS1040010,10.0
032,112025,1335,0,7404,18734831,2,4,1,1,,01/01/1900,,300.0
032,112025,1336,0,7404,18739088,2,4,1,1,,01/01/1900,,75.0
032,112025,1337,0,7403,18794947,2,4,1,1,,01/01/1900,,75.0
032,112025,1339,0,7403,12010352,2,4,1,1,,01/01/1900,,15.0
032,112025,1340,0,7405,18812074,2,1,1,1,0230000000320001340,28/05/2010,SA3AS0740100,100.0
032,112025,1341,0,7405,18816366,2,1,1,1,0230000000320001341,28/05/2010,SA2AS1840003,3.0
032,112025,1342,0,7404,18824948,2,1,1,1,0230000000320001342,01/05/2010,SAA1AS0010,10.0
032,112025,1343,0,7405,18838587,2,1,1,1,0230000000320001343,11/05/2010,SAA3AS0150,150.0
032,112025,1344,0,8409,18855054,2,1,1,1,0230000000320001344,01/05/2010,SAA2AS0001,1.0
032,112025,1345,0,8409,18872283,2,1,1,1,0230000000320001345,01/05/2010,SA2AS1440005,5.0
032,112025,1346,0,8409,34240586,2,1,1,1,0230000000320001346,18/07/2014,SA2AS1840003,3.0
032,112025,1347,0,8409,18897956,2,1,1,1,0230000000320001347,01/05/2010,SAA2AS0003,3.0
032,112025,1348,0,8409,19074334,2,1,1,1,0230000000320001348,30/06/2010,SAA2AS0025,25.0
032,112025,1349,0,7404,19078386,2,1,1,1,0230000000320001349,25/06/2010,SAA2AS0010,10.0
032,112025,1350,0,7404,19082665,2,1,1,1,0230000000320001350,25/06/2010,SAA3AS0050,50.0
032,112025,1351,0,7403,19087010,2,1,1,1,0230000000320001351,25/06/2010,SAA2AS0025,25.0
032,112025,1352,0,7405,19104024,2,1,1,1,0230000000320001352,25/06/2010,SAA2AS0015,15.0
032,112025,1353,0,7405,19147261,2,1,1,1,0230000000320001353,15/06/2010,SAA3AS0010,10.0
032,112025,1354,0,7404,19142728,2,1,1,1,0230000000320001354,01/06/2010,SA3AS0940015,15.0
032,112025,1355,0,7405,19155605,2,1,1,1,0230000000320001355,25/06/2010,SA2AS1040025,25.0
032,112025,1356,0,8409,19159970,2,1,1,1,0230000000320001356,30/06/2010,SA1AS1540025,25.0
032,112025,1358,0,7404,19164327,2,1,1,1,0230000000320001358,25/06/2010,SA2AS1840003,3.0
032,112025,1359,0,7405,19301635,2,1,1,1,0230000000320001359,01/07/2010,SA1AS1440005,5.0
032,112025,1360,0,8409,19305973,2,1,1,1,0230000000320001360,23/07/2010,SAA2AS0005,5.0
032,112025,1361,0,7404,19310188,2,1,1,1,0230000000320001361,01/07/2010,SA2AS1440005,5.0
032,112025,1362,0,7403,19314707,2,1,1,1,0230000000320001362,02/07/2010,SAA2AS0005,5.0
032,112025,1363,0,7404,19318763,2,1,1,1,0230000000320001363,19/07/2010,SAA2AS0015,15.0
032,112025,1365,0,7403,19327396,2,1,1,1,0230000000320001365,16/07/2010,SAA1AS0025,25.0
032,112025,1366,0,7405,19335952,2,1,1,1,0230000000320001366,16/07/2010,SAA1AS0025,25.0
032,112025,1367,0,7404,19340305,2,1,1,1,0230000000320001367,16/07/2010,SAA1AS0025,25.0
032,112025,1368,0,7404,19348832,2,1,1,1,0230000000320001368,16/07/2010,SA1AS0940015,15.0
032,112025,1371,0,7405,19391780,2,1,1,1,0230000000320001371,19/07/2010,SA2AS1040010,10.0
032,112025,1372,0,7404,19409109,2,1,1,1,0230000000320001372,19/07/2010,SAA3AS0050,50.0
032,112025,1373,0,7404,19417662,2,1,1,1,0230000000320001373,05/07/2010,SAA2AS0010,10.0
032,112025,1374,0,8409,19447889,2,1,1,1,0230000000320001374,22/07/2010,SAA2AS0025,25.0
032,112025,1375,0,7405,19456188,2,1,1,1,0230000000320001375,16/07/2010,SA1AS0940015,15.0
032,112025,1376,0,7404,19460464,2,1,1,1,0230000000320001376,23/07/2010,SA2AS1040015,15.0
032,112025,1377,0,8409,19559239,2,1,1,1,0230000000320001377,30/08/2010,SAA2AS0003,3.0
032,112025,1378,0,7405,19567790,2,4,1,1,,01/01/1900,,45.0
032,112025,1379,0,7404,19584975,2,4,1,1,,01/01/1900,,15.0
032,112025,1380,0,7405,19589243,2,4,1,1,,01/01/1900,,15.0
032,112025,1381,0,7201,19620728,2,4,1,1,,01/01/1900,,500.0
032,112025,1382,0,7404,19761032,2,4,1,1,,01/01/1900,,75.0
032,112025,1383,0,7403,19773974,2,4,1,1,,01/01/1900,,150.0
032,112025,1384,0,7404,19778449,2,4,1,1,,01/01/1900,,150.0
032,112025,1385,0,7404,19786980,2,4,1,1,,01/01/1900,,75.0
032,112025,1386,0,7404,19908290,2,1,1,1,0230000000320001386,20/10/2010,SA2AS1040010,10.0
032,112025,1387,0,7404,19908373,2,1,1,1,0230000000320001387,20/10/2010,SA2AS1040015,15.0
032,112025,1388,0,7404,19998911,2,4,1,1,,01/01/1900,,15.0
032,112025,1389,0,7405,20059019,2,1,1,1,0230000000320001389,27/10/2010,SA2AS1840003,3.0
032,112025,1390,0,7405,20059203,2,1,1,1,0230000000320001390,27/10/2010,SA2AS1040010,10.0
032,112025,1391,0,7405,20059357,2,1,1,1,0230000000320001391,27/10/2010,SA2AS1040010,10.0
032,112025,1392,0,7403,25639931,2,1,1,1,0230000000320001392,01/07/2011,SAA2AS0015,15.0
032,112025,1393,0,7403,21182930,2,1,1,1,0230000000320001393,17/11/2010,SA2AS1140001,1.0
032,112025,1394,0,8416,21251549,2,4,1,1,,01/01/1900,,150.0
032,112025,1395,0,8416,21251574,2,4,1,1,,01/01/1900,,150.0
032,112025,1396,0,7405,21276899,2,1,1,1,0230000000320001396,12/11/2010,SA1AS1040010,10.0
032,112025,1397,0,7403,21319936,2,1,1,1,0230000000320001397,19/11/2010,SAA2AS0010,10.0
032,112025,1398,0,7404,21478633,2,4,1,1,,01/01/1900,,15.0
032,112025,1399,0,7403,21448850,2,4,1,1,,01/01/1900,,5.0
032,112025,1400,0,7403,21448875,2,4,1,1,,01/01/1900,,200.0
032,112025,1401,0,7404,21474334,2,4,1,1,,01/01/1900,,15.0
032,112025,1402,0,7405,23617040,2,4,1,1,,01/01/1900,,30.0
032,112025,1403,0,7403,23621395,2,4,1,1,,01/01/1900,,45.0
032,112025,1404,0,7404,23642975,2,1,1,1,0230000000320001404,01/01/2011,SA2AS1040010,10.0
032,112025,1405,0,7405,23672955,2,1,1,1,0230000000320001405,01/01/2011,SAA2AS0003,3.0
032,112025,1406,0,8409,23848918,2,4,1,1,,01/01/1900,,15.0
032,112025,1407,0,8409,23853210,2,4,1,1,,01/01/1900,,75.0
032,112025,1408,0,7403,23857709,2,1,1,1,0230000000320001408,01/02/2011,SAA2AS0010,10.0
032,112025,1409,0,7404,23866093,2,4,1,1,,01/01/1900,,45.0
032,112025,1410,0,7404,24119437,2,4,1,1,,01/01/1900,,15.0
032,112025,1411,0,7403,24153789,2,4,1,1,,01/01/1900,,30.0
032,112025,1412,0,7403,24209944,2,4,1,1,,01/01/1900,,75.0
032,112025,1413,0,7403,24209974,2,4,1,1,,01/01/1900,,45.0
032,112025,1414,0,8416,24295703,2,1,1,1,0230000000320001414,27/03/2011,SAA2AS0005,5.0
032,112025,1415,0,8416,24291609,2,1,1,1,0230000000320001415,27/03/2011,SAA2AS0005,5.0
032,112025,1416,0,8416,24377105,2,1,1,1,0230000000320001416,28/03/2011,SAA2AS0005,5.0
032,112025,1417,0,8416,24390060,2,1,1,1,0230000000320001417,28/03/2011,SAA1AS0010,10.0
032,112025,1418,0,8416,24432949,2,1,1,1,0230000000320001418,28/03/2011,SAA2AS0005,5.0
032,112025,1419,0,7403,24214548,2,4,1,1,,01/01/1900,,150.0
032,112025,1420,0,7403,24214592,2,4,1,1,,01/01/1900,,15.0
032,112025,1421,0,7403,24214685,2,4,1,1,,01/01/1900,,45.0
032,112025,1422,0,7403,24214719,2,4,1,1,,01/01/1900,,30.0
032,112025,1423,0,7403,24214857,2,4,1,1,,01/01/1900,,150.0
032,112025,1424,0,7403,24214825,2,4,1,1,,01/01/1900,,45.0
032,112025,1425,0,7403,24214925,2,4,1,1,,01/01/1900,,200.0
032,112025,1426,0,7403,24214983,2,4,1,1,,01/01/1900,,150.0
032,112025,1427,0,7403,24215041,2,4,1,1,,01/01/1900,,200.0
032,112025,1428,0,8416,24441574,2,1,1,1,0230000000320001428,28/03/2011,SAA2AS0005,5.0
032,112025,1429,0,8416,24394351,2,1,1,1,0230000000320001429,28/03/2011,SAA1AS0003,3.0
032,112025,1430,0,8416,24398605,2,1,1,1,0230000000320001430,28/03/2011,SAA2AS0005,5.0
032,112025,1431,0,8416,24445883,2,1,1,1,0230000000320001431,28/03/2011,SA2AS1440005,5.0
032,112025,1432,0,8409,24505969,2,1,1,1,0230000000320001432,30/04/2011,SAA1AS0005,5.0
032,112025,1433,0,8409,24514892,2,1,1,1,0230000000320001433,25/04/2011,SA1AS1040010,10.0
032,112025,1434,0,7405,24536289,2,1,1,1,0230000000320001434,18/04/2011,SAA2AS0025,25.0
032,112025,1435,0,8409,24519094,2,1,1,1,0230000000320001435,25/04/2011,SAA1AS0015,15.0
032,112025,1436,0,7404,24544584,2,1,1,1,0230000000320001436,12/04/2011,SAA3AS0015,15.0
032,112025,1437,0,7404,24609017,2,4,1,1,,01/01/1900,,100.0
032,112025,1438,0,7405,24613249,2,4,1,1,,01/01/1900,,15.0
032,112025,1439,0,7405,24617544,2,1,1,1,0230000000320001439,20/04/2011,SA3AS0940015,15.0
032,112025,1440,0,7404,24626148,2,1,1,1,0230000000320001440,14/04/2011,SA3AS0840045,45.0
032,112025,1442,0,7403,24643287,2,4,1,1,,01/01/1900,,30.0
032,112025,1443,0,7404,24656430,2,4,1,1,,01/01/1900,,10.0
032,112025,1444,0,7404,24669071,2,1,1,1,0230000000320001444,20/04/2011,SA1AS1540025,25.0
032,112025,1445,0,7404,24673335,2,1,1,1,0230000000320001445,20/04/2011,SAA3AS0045,45.0
032,112025,1446,0,7405,24686249,2,1,1,1,0230000000320001446,14/04/2011,SA2AS1040015,15.0
032,112025,1447,0,7404,24712012,2,1,1,1,0230000000320001447,14/04/2011,SA2AS1040015,15.0
032,112025,1448,0,7404,24707719,2,1,1,1,0230000000320001448,14/04/2011,SA2AS1040010,10.0
032,112025,1449,0,7404,34098735,2,1,1,1,0230000000320001449,04/07/2014,SA2AS1040010,10.0
032,112025,1450,0,7404,24797995,2,4,1,1,,01/01/1900,,50.0
032,112025,1451,0,7403,24823710,2,1,1,1,0230000000320001451,12/04/2011,SAA3AS0030,30.0
032,112025,1452,0,7404,24828065,2,1,1,1,0230000000320001452,18/04/2011,SAA3AS0150,150.0
032,112025,1453,0,7405,24840938,2,4,1,1,,01/01/1900,,30.0
032,112025,1454,0,7404,24849442,2,4,1,1,,01/01/1900,,75.0
032,112025,1455,0,8416,24853685,2,1,1,1,0230000000320001455,01/06/2011,SAA1AS0002,1.5
032,112025,1456,0,7405,25042710,2,1,1,1,0230000000320001456,07/07/2011,SA2AS1840003,3.0
032,112025,1457,0,8416,25051237,2,1,1,1,0230000000320001457,30/06/2011,SAA2AS0025,25.0
032,112025,1458,0,8416,25055531,2,1,1,1,0230000000320001458,30/06/2011,SAA1AS0010,10.0
032,112025,1459,0,8409,25069307,2,1,1,1,0230000000320001459,30/06/2011,SAA2AS0025,25.0
032,112025,1460,0,7405,25077093,2,1,1,1,0230000000320001460,23/06/2011,SA1AS1840003,3.0
032,112025,1461,0,7405,25090105,2,4,1,1,,01/01/1900,,30.0
032,112025,1462,0,7403,25098537,2,1,1,1,0230000000320001462,07/07/2011,SA2AS1040010,10.0
032,112025,1463,0,7404,25102846,2,1,1,1,0230000000320001463,07/07/2011,SAA2AS0025,25.0
032,112025,1464,0,7405,32613040,2,1,1,1,0230000000320001464,18/01/2013,SA2AS1040025,25.0
032,112025,1465,0,7404,25141412,2,1,1,1,0230000000320001465,10/06/2011,SAA2AS0015,15.0
032,112025,1466,0,7405,25167240,2,1,1,1,0230000000320001466,03/06/2011,SAA3AS0030,30.0
032,112025,1468,0,7405,25184351,2,1,1,1,0230000000320001468,10/06/2011,SAA1AS0025,25.0
032,112025,1469,0,7405,25158756,2,1,1,1,0230000000320001469,15/06/2011,SAA3AS0030,30.0
032,112025,1470,0,8409,25227356,2,1,1,1,0230000000320001470,30/06/2011,SAA2AS0002,1.0
032,112025,1472,0,7404,25510723,2,1,1,1,0230000000320001472,31/12/2010,SA2AS1440005,5.0
032,112025,1473,0,7403,24806529,2,4,1,1,,01/01/1900,,45.0
032,112025,1474,0,7403,25742790,2,4,1,1,,01/01/1900,,75.0
032,112025,1475,0,7403,25639848,2,4,1,1,,01/01/1900,,45.0
032,112025,1476,0,7403,25639818,2,4,1,1,,01/01/1900,,45.0
032,112025,1477,0,7403,25639828,2,4,1,1,,01/01/1900,,500.0
032,112025,1478,0,7403,25639838,2,4,1,1,,01/01/1900,,500.0
032,112025,1479,0,7404,25132828,2,1,1,1,0230000000320001479,10/06/2011,SA3AS0840075,75.0
032,112025,1480,0,7404,26952265,2,1,1,1,0230000000320001480,17/02/2012,SA2AS1040010,10.0
032,112025,1481,0,7404,25759743,2,4,1,1,,01/01/1900,,75.0
032,112025,1482,0,7405,25764238,2,1,1,1,0230000000320001482,14/09/2011,SA2AS1040015,15.0
032,112025,1483,0,7405,25755540,2,1,1,1,0230000000320001483,31/12/2010,SAA2AS0005,5.0
032,112025,1484,0,7404,25772602,2,1,1,1,0230000000320001484,01/09/2011,SAA1AS0005,5.0
032,112025,1485,0,7403,25746836,2,1,1,1,0230000000320001485,20/09/2011,SAA2AS0025,25.0
032,112025,1486,0,7405,26863357,2,4,1,1,,01/01/1900,,30.0
032,112025,1487,0,7405,25652395,2,4,1,1,,01/01/1900,,45.0
032,112025,1488,0,7403,25802704,2,1,1,1,0230000000320001488,11/08/2011,SAA3AS0045,45.0
032,112025,1489,0,7404,25794072,2,1,1,1,0230000000320001489,30/05/2011,SAA1AS0005,5.0
032,112025,1490,0,7405,25974473,2,4,1,1,,01/01/1900,,200.0
032,112025,1491,0,7403,25983104,2,4,1,1,,01/01/1900,,75.0
032,112025,1492,0,7403,25995918,2,4,1,1,,01/01/1900,,75.0
032,112025,1493,0,7405,26004626,2,4,1,1,,01/01/1900,,200.0
032,112025,1494,0,7404,26008934,2,4,1,1,,01/01/1900,,75.0
032,112025,1495,0,7404,26219177,2,1,1,1,0230000000320001495,04/11/2011,SAA1AS0003,3.0
032,112025,1496,0,8409,26223606,2,4,1,1,,01/01/1900,,75.0
032,112025,1498,0,7404,26270732,2,4,1,1,,01/01/1900,,15.0
032,112025,1499,0,7403,26279469,2,4,1,1,,01/01/1900,,300.0
032,112025,1500,0,7403,26279445,2,4,1,1,,01/01/1900,,400.0
032,112025,1501,0,7404,26464043,2,4,1,1,,01/01/1900,,250.0
032,112025,1502,0,7404,26464066,2,4,1,1,,01/01/1900,,200.0
032,112025,1503,0,7405,26528510,2,4,1,1,,01/01/1900,,75.0
032,112025,1504,0,7405,26528506,2,4,1,1,,01/01/1900,,100.0
032,112025,1505,0,7405,26528514,2,4,1,1,,01/01/1900,,200.0
032,112025,1506,0,7403,26532952,2,4,1,1,,01/01/1900,,75.0
032,112025,1507,0,7404,26811913,2,4,1,1,,01/01/1900,,75.0
032,112025,1508,0,7403,26867574,2,4,1,1,,01/01/1900,,30.0
032,112025,1509,0,7405,26871891,2,4,1,1,,01/01/1900,,30.0
032,112025,1510,0,7404,26876259,2,4,1,1,,01/01/1900,,150.0
032,112025,1511,0,7405,26884763,2,4,1,1,,01/01/1900,,30.0
032,112025,1512,0,7403,26889104,2,1,1,1,0230000000320001512,05/01/2012,SAA2AS0005,5.0
032,112025,1513,0,7403,26897675,2,4,1,1,,01/01/1900,,45.0
032,112025,1514,0,8409,26902860,2,1,1,1,0230000000320001514,01/02/2012,SA3AS0840045,45.0
032,112025,1515,0,7405,26953450,2,1,1,1,0230000000320001515,02/02/2012,SAA2AS0010,10.0
032,112025,1516,0,7403,26957735,2,4,1,1,,01/01/1900,,45.0
032,112025,1517,0,7405,26906870,2,1,1,1,0230000000320001517,01/02/2012,SAA2AS0025,25.0
032,112025,1518,0,7405,26906935,2,1,1,1,0230000000320001518,01/02/2012,SA2AS1040025,25.0
032,112025,1519,0,7405,26941051,2,1,1,1,0230000000320001519,29/02/2012,SAA2AS0025,25.0
032,112025,1520,0,7404,26951309,2,1,1,1,0230000000320001520,17/02/2012,SA2AS1040010,10.0
032,112025,1521,0,7404,26951430,2,1,1,1,0230000000320001521,17/02/2012,SA2AS1440005,5.0
032,112025,1522,0,7404,26951530,2,1,1,1,0230000000320001522,17/02/2012,SA2AS1440005,5.0
032,112025,1523,0,7404,26951696,2,1,1,1,0230000000320001523,17/02/2012,SA1AS1840003,3.0
032,112025,1524,0,7404,30895341,2,1,1,1,0230000000320001524,01/03/2013,SA1AS0940015,15.0
032,112025,1525,0,7404,26952012,2,1,1,1,0230000000320001525,17/02/2012,SA1AS1440005,5.0
032,112025,1526,0,7405,26975056,2,4,1,1,,01/01/1900,,30.0
032,112025,1527,0,7403,26979238,2,4,1,1,,01/01/1900,,75.0
032,112025,1528,0,7403,26987864,2,1,1,1,0230000000320001528,07/03/2012,SAA3AS0150,150.0
032,112025,1529,0,7405,26992100,2,1,1,1,0230000000320001529,07/03/2012,SAA1AS0015,15.0
032,112025,1530,0,7405,26996391,2,1,1,1,0230000000320001530,07/03/2012,SA2AS1040015,15.0
032,112025,1531,0,7405,26825114,2,4,1,1,,01/01/1900,,150.0
032,112025,1532,0,7405,27893836,2,1,1,1,0230000000320001532,31/12/2011,SAA2AS0010,10.0
032,112025,1533,0,7405,27889565,2,4,1,1,,01/01/1900,,45.0
032,112025,1534,0,7404,28065660,2,4,1,1,,01/01/1900,,45.0
032,112025,1535,0,7405,28074289,2,1,1,1,0230000000320001535,27/04/2012,SAA2AS0010,10.0
032,112025,1536,0,7403,28649663,2,1,1,1,0230000000320001536,29/06/2012,SAA1AS0025,25.0
032,112025,1537,0,8416,28666758,2,1,1,1,0230000000320001537,16/03/2012,SAA2AS0015,15.0
032,112025,1538,0,8409,28675346,2,1,1,1,0230000000320001538,16/03/2012,SAA1AS0010,10.0
032,112025,1539,0,7404,28701463,2,1,1,1,0230000000320001539,08/06/2012,SA3AS0840045,45.0
032,112025,1540,0,7404,28710829,2,1,1,1,0230000000320001540,23/05/2012,SAA2AS0015,15.0
032,112025,1541,0,7404,28710899,2,1,1,1,0230000000320001541,23/05/2012,SA2AS1040025,25.0
032,112025,1542,0,7403,28731265,2,4,1,1,,01/01/1900,,300.0
032,112025,1543,0,8409,3296401,2,1,1,1,0230000000320001543,01/09/1988,SAA2AS0015,15.0
032,112025,1544,0,8409,28945987,2,4,1,1,,01/01/1900,,1000.0
032,112025,1545,0,8409,28946019,2,4,1,1,,01/01/1900,,500.0
032,112025,1546,0,8409,28946046,2,4,1,1,,01/01/1900,,500.0
032,112025,1547,0,7405,28950411,2,4,1,1,,01/01/1900,,300.0
032,112025,1548,0,7405,28950372,2,4,1,1,,01/01/1900,,500.0
032,112025,1549,0,7405,28950318,2,4,1,1,,01/01/1900,,400.0
032,112025,1550,0,7405,28950349,2,4,1,1,,01/01/1900,,300.0
032,112025,1551,0,7405,28950291,2,4,1,1,,01/01/1900,,250.0
032,112025,1552,0,7405,28950275,2,4,1,1,,01/01/1900,,800.0
032,112025,1553,0,7405,28954525,2,4,1,1,,01/01/1900,,750.0
032,112025,1555,0,7405,28954541,2,4,1,1,,01/01/1900,,750.0
032,112025,1556,0,7405,39528097,2,1,1,1,0230000000320001556,02/03/2016,SA3AS1140010,10.0
032,112025,1557,0,7403,28928479,2,1,1,1,0230000000320001557,31/07/2012,SAB2AS0015,25.0
032,112025,1558,0,7403,28928444,2,1,1,1,0230000000320001558,31/07/2012,SA2AS1040025,25.0
032,112025,1559,0,7403,28928552,2,1,1,1,0230000000320001559,31/07/2012,SA3AS0840075,75.0
032,112025,1560,0,7403,28928401,2,1,1,1,0230000000320001560,31/07/2012,SA2AS1440005,5.0
032,112025,1561,0,7405,29091998,2,1,1,1,0230000000320001561,20/06/2012,SA2AS1040015,15.0
032,112025,1562,0,7404,29225013,2,1,1,1,0230000000320001562,29/06/2012,SAA2AS0025,25.0
032,112025,1563,0,7405,29229306,2,1,1,1,0230000000320001563,29/06/2012,SAA3AS0075,75.0
032,112025,1564,0,7404,29383875,2,4,1,1,,01/01/1900,,75.0
032,112025,1565,0,8409,29538610,2,1,1,1,0230000000320001565,01/08/2012,SAA2AS0010,10.0
032,112025,1566,0,8409,29529960,2,1,1,1,0230000000320001566,01/08/2012,SAA2AS0002,1.5
032,112025,1567,0,7405,29590008,2,1,1,1,0230000000320001567,31/12/2011,SAA2AS0010,10.0
032,112025,1568,0,7403,29624459,2,4,1,1,,01/01/1900,,100.0
032,112025,1570,0,8409,29703215,2,1,1,1,0230000000320001570,16/10/2012,SAA2AS0025,25.0
032,112025,1571,0,7404,29667410,2,4,1,1,,01/01/1900,,250.0
032,112025,1572,0,7405,29671640,2,4,1,1,,01/01/1900,,100.0
032,112025,1573,0,7404,29676014,2,1,1,1,0230000000320001573,05/09/2012,SAA3AS0025,25.0
032,112025,1574,0,7405,29714519,2,1,1,1,0230000000320001574,12/10/2012,SA3AS0840045,45.0
032,112025,1575,0,7403,29718790,2,1,1,1,0230000000320001575,12/10/2012,SAA2AS0003,3.0
032,112025,1576,0,7405,29723094,2,1,1,1,0230000000320001576,19/10/2012,SAA2AS0025,25.0
032,112025,1577,0,7405,29727374,2,1,1,1,0230000000320001577,19/10/2012,SAA1AS0010,10.0
032,112025,1578,0,7405,29843470,2,4,1,1,,01/01/1900,,150.0
032,112025,1579,0,7405,29847773,2,1,1,1,0230000000320001579,26/10/2012,SAA2AS0003,3.0
032,112025,1580,0,7404,29886332,2,4,1,1,,01/01/1900,,100.0
032,112025,1581,0,8409,29917518,2,1,1,1,0230000000320001581,09/11/2012,SA2AS1040025,25.0
032,112025,1582,0,8409,29917657,2,1,1,1,0230000000320001582,09/11/2012,SA2AS1040015,15.0
032,112025,1583,0,8409,29917767,2,1,1,1,0230000000320001583,09/11/2012,SA2AS1040025,25.0
032,112025,1584,0,8409,29917873,2,1,1,1,0230000000320001584,09/11/2012,SA2AS1040025,25.0
032,112025,1585,0,7405,29860572,2,1,1,1,0230000000320001585,18/08/2012,SA1AS1440005,5.0
032,112025,1586,0,7404,30045328,2,4,1,1,,01/01/1900,,150.0
032,112025,1587,0,7404,33875539,2,1,1,1,0230000000320001587,16/04/2014,SA2AS1440005,5.0
032,112025,1588,0,7405,30058473,2,1,1,1,0230000000320001588,20/11/2012,SAA2AS0003,3.0
032,112025,1589,0,7405,30062406,2,4,1,1,,01/01/1900,,45.0
032,112025,1590,0,8409,30066970,2,1,1,1,0230000000320001590,22/11/2012,SAA2AS0005,5.0
032,112025,1591,0,7405,30071028,2,4,1,1,,01/01/1900,,75.0
032,112025,1592,0,7405,30127213,2,4,1,1,,01/01/1900,,75.0
032,112025,1593,0,7405,30127144,2,1,1,1,0230000000320001593,04/12/2012,SAA2AS0003,3.0
032,112025,1594,0,7403,30169963,2,4,1,1,,01/01/1900,,150.0
032,112025,1595,0,7405,39497032,2,1,1,1,0230000000320001595,31/12/2015,SA2AS1440005,5.0
032,112025,1596,0,8409,30178304,2,1,1,1,0230000000320001596,22/11/2012,SAA3AS0015,15.0
032,112025,1597,0,7404,30228186,2,1,1,1,0230000000320001597,01/12/2012,SAA2AS0003,3.0
032,112025,1598,0,7405,30228315,2,1,1,1,0230000000320001598,01/12/2012,SAA3AS0030,30.0
032,112025,1599,0,7405,30295077,2,1,1,1,0230000000320001599,19/12/2012,SAA2AS0025,25.0
032,112025,1600,0,8409,30302818,2,1,1,1,0230000000320001600,02/01/2013,SA2AS1840003,3.0
032,112025,1601,0,7403,30307086,2,4,1,1,,01/01/1900,,75.0
032,112025,1602,0,7403,30315708,2,1,1,1,0230000000320001602,14/12/2012,SAA1AS0005,5.0
032,112025,1603,0,7405,30319973,2,4,1,1,,01/01/1900,,45.0
032,112025,1604,0,7405,30328641,2,4,1,1,,01/01/1900,,30.0
032,112025,1605,0,8416,24402891,2,1,1,1,0230000000320001605,28/03/2011,SAA2AS0005,5.0
032,112025,1606,0,7403,30792319,2,1,1,1,0230000000320001606,01/03/2013,SA2AS1040025,25.0
032,112025,1607,0,8409,30801609,2,4,1,1,,01/01/1900,,75.0
032,112025,1608,0,8409,30801706,2,1,1,1,0230000000320001608,22/01/2013,SA1AS1440005,5.0
032,112025,1609,0,7405,30822643,2,4,1,1,,01/01/1900,,15.0
032,112025,1610,0,7405,30822666,2,4,1,1,,01/01/1900,,30.0
032,112025,1611,0,7405,30822689,2,4,1,1,,01/01/1900,,20.0
032,112025,1612,0,7405,30827375,2,4,1,1,,01/01/1900,,75.0
032,112025,1613,0,7405,30827431,2,4,1,1,,01/01/1900,,30.0
032,112025,1614,0,7405,30839567,2,1,1,1,0230000000320001614,01/03/2013,SAA2AS0005,5.0
032,112025,1615,0,8416,30844009,2,4,1,1,,01/01/1900,,100.0
032,112025,1617,0,7405,30856718,2,4,1,1,,01/01/1900,,10.0
032,112025,1618,0,7405,30861096,2,4,1,1,,01/01/1900,,75.0
032,112025,1619,0,7404,30865359,2,1,1,1,0230000000320001619,03/12/2012,SAB2AS0010,10.0
032,112025,1620,0,7403,30869626,2,1,1,1,0230000000320001620,18/01/2013,SAA1AS0005,5.0
032,112025,1621,0,8409,30874178,2,1,1,1,0230000000320001621,24/01/2013,SAA3AS0015,15.0
032,112025,1622,0,7405,30899636,2,1,1,1,0230000000320001622,01/03/2013,SA2AS1040015,15.0
032,112025,1624,0,7405,30908225,2,1,1,1,0230000000320001624,01/03/2013,SA2AS1040015,15.0
032,112025,1625,0,7405,30955745,2,4,1,1,,01/01/1900,,75.0
032,112025,1626,0,8416,30818143,2,1,1,1,0230000000320001626,24/01/2013,SAA2AS0005,5.0
032,112025,1628,0,7405,30964336,2,4,1,1,,01/01/1900,,45.0
032,112025,1629,0,7403,30972711,2,4,1,1,,01/01/1900,,45.0
032,112025,1630,0,7405,32754958,2,1,1,1,0230000000320001630,12/06/2013,SA2AS1040015,15.0
032,112025,1631,0,7403,31080678,2,1,1,1,0230000000320001631,11/04/2013,SAA3AS0075,75.0
032,112025,1632,0,7403,31080954,2,1,1,1,0230000000320001632,11/04/2013,SA3AS0840075,75.0
032,112025,1634,0,7404,30959772,2,4,1,1,,01/01/1900,,300.0
032,112025,1635,0,7405,30882597,2,1,1,1,0230000000320001635,18/01/2013,SAA2AS0005,5.0
032,112025,1636,0,7403,31874397,2,1,1,1,0230000000320001636,01/03/2013,SA2AS1440005,5.0
032,112025,1638,0,7405,31878703,2,1,1,1,0230000000320001638,10/07/2013,SA2AS1440005,5.0
032,112025,1639,0,7404,32411213,2,1,1,1,0230000000320001639,28/08/2013,SA2AS1040015,15.0
032,112025,1640,0,7404,32462731,2,1,1,1,0230000000320001640,27/09/2013,SA2AS1040010,10.0
032,112025,1641,0,7403,32471346,2,1,1,1,0230000000320001641,19/09/2013,SA2AS1040010,10.0
032,112025,1642,0,7405,31861688,2,1,1,1,0230000000320001642,08/08/2013,SA2AS1440005,5.0
032,112025,1643,0,7404,32625950,2,1,1,1,0230000000320001643,17/04/2013,SA1AS1440005,5.0
032,112025,1644,0,7405,32789679,2,1,1,1,0230000000320001644,27/09/2013,SA2AS1040010,10.0
032,112025,1645,0,7405,32802165,2,1,1,1,0230000000320001645,28/08/2013,SA1AS1440005,5.0
032,112025,1646,0,7405,32836285,2,4,1,1,,01/01/1900,,75.0
032,112025,1647,0,7404,32844883,2,4,1,1,,01/01/1900,,100.0
032,112025,1648,0,7403,32849130,2,4,1,1,,01/01/1900,,45.0
032,112025,1649,0,7405,32841060,2,4,1,1,,01/01/1900,,100.0
032,112025,1650,0,7405,32841038,2,4,1,1,,01/01/1900,,45.0
032,112025,1651,0,7405,32841082,2,4,1,1,,01/01/1900,,300.0
032,112025,1652,0,8409,32853469,2,4,1,1,,01/01/1900,,75.0
032,112025,1653,0,7405,32450033,2,1,1,1,0230000000320001653,01/05/2013,SA2AS1440005,5.0
032,112025,1654,0,7405,32450863,2,1,1,1,0230000000320001654,01/05/2013,SA2AS1440005,5.0
032,112025,1655,0,7405,32450404,2,1,1,1,0230000000320001655,01/05/2013,SA2AS1040015,15.0
032,112025,1656,0,7405,32452300,2,1,1,1,0230000000320001656,01/05/2013,SA2AS1040015,15.0
032,112025,1657,0,7405,32451563,2,1,1,1,0230000000320001657,01/05/2013,SA1AS1440005,5.0
032,112025,1658,0,7405,32754872,2,1,1,1,0230000000320001658,12/06/2013,SA1AS1840003,3.0
032,112025,1659,0,8416,32600134,2,1,1,1,0230000000320001659,26/04/2013,SA2AS1040025,25.0
032,112025,1660,0,8409,32600554,2,1,1,1,0230000000320001660,26/04/2013,SA2AS1040025,25.0
032,112025,1661,0,7404,32664648,2,1,1,1,0230000000320001661,28/06/2013,SA3AS1040030,30.0
032,112025,1662,0,8409,32651671,2,1,1,1,0230000000320001662,13/06/2013,SAA2AS0025,25.0
032,112025,1663,0,7405,32638805,2,1,1,1,0230000000320001663,31/05/2013,SA3AS0840045,45.0
032,112025,1664,0,7404,32110603,2,1,1,1,0230000000320001664,31/05/2013,SA2AS1440005,5.0
032,112025,1665,0,7405,32630179,2,1,1,1,0230000000320001665,28/06/2013,SA1AS0940015,15.0
032,112025,1666,0,7405,32630285,2,1,1,1,0230000000320001666,28/06/2013,SA1AS0940015,15.0
032,112025,1667,0,7405,32630396,2,1,1,1,0230000000320001667,28/06/2013,SA1AS1040010,10.0
032,112025,1668,0,7405,32930840,2,1,1,1,0230000000320001668,01/05/2013,SA2AS1040015,15.0
032,112025,1669,0,8409,32943609,2,1,1,1,0230000000320001669,08/07/2013,SA2AS1440005,5.0
032,112025,1670,0,7405,32930939,2,1,1,1,0230000000320001670,01/05/2013,SA1AS1440005,5.0
032,112025,1671,0,7405,32956556,2,1,1,1,0230000000320001671,05/12/2013,SA3AS1040030,30.0
032,112025,1672,0,7404,32505740,2,4,1,1,,01/01/1900,,200.0
032,112025,1673,0,7404,33021211,2,1,1,1,0230000000320001673,25/12/2013,SA3AS0840075,75.0
032,112025,1679,0,7405,33051170,2,4,1,1,,01/01/1900,,30.0
032,112025,1680,0,7404,32857841,2,4,1,1,,01/01/1900,,100.0
032,112025,1681,0,7403,28963068,2,4,1,1,,01/01/1900,,45.0
032,112025,1682,0,7405,33098629,2,1,1,1,0230000000320001682,24/05/2013,SA2AS1040025,25.0
032,112025,1683,0,7403,33124082,2,4,1,1,,01/01/1900,,45.0
032,112025,1684,0,7403,33124053,2,4,1,1,,01/01/1900,,45.0
032,112025,1685,0,7403,33141234,2,4,1,1,,01/01/1900,,75.0
032,112025,1686,0,7403,33205634,2,4,1,1,,01/01/1900,,100.0
032,112025,1687,0,7404,33209929,2,4,1,1,,01/01/1900,,30.0
032,112025,1688,0,8409,33428845,2,1,1,1,0230000000320001688,19/08/2013,SA2AS1440005,5.0
032,112025,1689,0,7404,33425635,2,1,1,1,0230000000320001689,10/01/2014,SA3AS0840075,75.0
032,112025,1690,0,7404,33425670,2,1,1,1,0230000000320001690,10/01/2014,SA3AS0840075,75.0
032,112025,1691,0,7404,33441803,2,1,1,1,0230000000320001691,27/11/2013,SA1AS1540025,25.0
032,112025,1692,0,7403,33446070,2,1,1,1,0230000000320001692,29/11/2013,SA2AS1440005,5.0
032,112025,1693,0,8409,33454585,2,1,1,1,0230000000320001693,11/12/2013,SA2AS1040025,25.0
032,112025,1694,0,8416,33454694,2,4,1,1,,01/01/1900,,100.0
032,112025,1695,0,7405,33501861,2,1,1,1,0230000000320001695,24/01/2014,SA2AS1040025,25.0
032,112025,1696,0,7403,33532330,2,1,1,1,0230000000320001696,04/04/2014,SA2AS1040025,25.0
032,112025,1697,0,7403,33536721,2,1,1,1,0230000000320001697,04/04/2014,SA2AS1040010,10.0
032,112025,1698,0,8409,33561993,2,1,1,1,0230000000320001698,14/04/2014,SA2AS1040015,15.0
032,112025,1699,0,7404,33596673,2,1,1,1,0230000000320001699,17/12/2013,SA1AS1040010,10.0
032,112025,1700,0,7403,33592257,2,1,1,1,0230000000320001700,04/04/2014,SA1AS1040010,10.0
032,112025,1701,0,7404,33605006,2,1,1,1,0230000000320001701,20/12/2013,SA2AS1840003,3.0
032,112025,1702,0,7403,33669454,2,1,1,1,0230000000320001702,01/01/2014,SA3AS0540500,500.0
032,112025,1703,0,7403,33669501,2,1,1,1,0230000000320001703,01/01/2014,SA3AS0640300,300.0
032,112025,1704,0,7403,33669622,2,1,1,1,0230000000320001704,01/01/2014,SAA2AS0003,3.0
032,112025,1705,0,7405,33729482,2,4,1,1,,01/01/1900,,500.0
032,112025,1706,0,7405,33742522,2,1,1,1,0230000000320001706,17/04/2014,SA2AS1040015,15.0
032,112025,1707,0,7405,33828289,2,1,1,1,0230000000320001707,17/04/2014,SA2AS1040015,15.0
032,112025,1708,0,7405,33849710,2,1,1,1,0230000000320001708,17/04/2014,SA3AS0840045,45.0
032,112025,1709,0,7405,33854002,2,1,1,1,0230000000320001709,17/04/2014,SA1AS1440005,5.0
032,112025,1710,0,7404,33858290,2,1,1,1,0230000000320001710,11/04/2014,SA2AS1440005,5.0
032,112025,1711,0,7403,33476136,2,1,1,1,0230000000320001711,23/05/2014,SAA2AS0003,3.0
032,112025,1712,0,7404,33868291,2,1,1,1,0230000000320001712,30/04/2016,SA2AS1440005,5.0
032,112025,1713,0,7404,33871304,2,1,1,1,0230000000320001713,12/06/2014,SAA1AS0002,1.5
032,112025,1714,0,7403,33884215,2,1,1,1,0230000000320001714,23/06/2014,SAA2AS0003,3.0
032,112025,1715,0,7403,33884248,2,1,1,1,0230000000320001715,23/06/2014,SAA2AS0003,3.0
032,112025,1716,0,7404,33888397,2,1,1,1,0230000000320001716,30/06/2014,SA1AS1440005,5.0
032,112025,1717,0,7405,33901205,2,1,1,1,0230000000320001717,03/06/2014,SA2AS1040015,15.0
032,112025,1718,0,7404,33987085,2,1,1,1,0230000000320001718,04/07/2014,SA2AS1040015,15.0
032,112025,1720,0,7404,34004308,2,4,1,1,,01/01/1900,,75.0
032,112025,1721,0,8416,34021426,2,4,1,1,,01/01/1900,,30.0
032,112025,1722,0,8409,34060110,2,1,1,1,0230000000320001722,11/06/2014,SA1AS1040010,10.0
032,112025,1723,0,7404,34064389,2,1,1,1,0230000000320001723,04/07/2014,SA1AS1440005,5.0
032,112025,1724,0,7403,34073352,2,1,1,1,0230000000320001724,29/07/2014,SA1AS0940015,15.0
032,112025,1725,0,7405,34077263,2,4,1,1,,01/01/1900,,45.0
032,112025,1726,0,7405,34081562,2,4,1,1,,01/01/1900,,45.0
032,112025,1727,0,7405,34090190,2,4,1,1,,01/01/1900,,45.0
032,112025,1728,0,7404,34094446,2,1,1,1,0230000000320001728,04/07/2014,SA1AS1840003,3.0
032,112025,1730,0,7405,30964304,2,4,1,1,,01/01/1900,,150.0
032,112025,1731,0,7405,34133100,2,4,1,1,,01/01/1900,,200.0
032,112025,1732,0,7405,34137387,2,4,1,1,,01/01/1900,,45.0
032,112025,1733,0,7403,34141696,2,4,1,1,,01/01/1900,,45.0
032,112025,1734,0,7403,34150238,2,4,1,1,,01/01/1900,,30.0
032,112025,1735,0,7404,34158850,2,4,1,1,,01/01/1900,,75.0
032,112025,1736,0,7403,32768220,2,4,1,1,,01/01/1900,,5.0
032,112025,1737,0,7405,34168436,2,4,1,1,,01/01/1900,,200.0
032,112025,1738,0,7405,34167645,2,4,1,1,,01/01/1900,,200.0
032,112025,1739,0,7405,34167951,2,1,1,1,0230000000320001739,29/11/2013,SA2AS1840003,3.0
032,112025,1740,0,7405,34279267,2,4,1,1,,01/01/1900,,75.0
032,112025,1741,0,7403,34291991,2,1,1,1,0230000000320001741,25/08/2014,SAA3AS0030,30.0
032,112025,1742,0,7405,34296313,2,1,1,1,0230000000320001742,26/08/2014,SAA2AS0005,5.0
032,112025,1743,0,7403,34313711,2,4,1,1,,01/01/1900,,75.0
032,112025,1744,0,7406,34339199,2,4,1,1,,01/01/1900,,100.0
032,112025,1745,0,7404,34343628,2,1,1,1,0230000000320001745,12/09/2014,SA2AS1840003,3.0
032,112025,1746,0,7405,34347963,2,4,1,1,,01/01/1900,,150.0
032,112025,1748,0,7405,34437947,2,4,1,1,,01/01/1900,,150.0
032,112025,1749,0,7405,34442215,2,4,1,1,,01/01/1900,,30.0
032,112025,1750,0,7405,34472293,2,4,1,1,,01/01/1900,,30.0
032,112025,1751,0,7404,34404119,2,1,1,1,0230000000320001751,19/09/2014,SAA3AS0100,100.0
032,112025,1752,0,7404,34502936,2,1,1,1,0230000000320001752,07/10/2014,SA2AS1840003,3.0
032,112025,1753,0,7405,34523839,2,1,1,1,0230000000320001753,24/10/2014,SA2AS1040010,10.0
032,112025,1755,0,7405,34407976,2,4,1,1,,01/01/1900,,45.0
032,112025,1756,0,7404,34571170,2,4,1,1,,01/01/1900,,75.0
032,112025,1757,0,8416,34656932,2,4,1,1,,01/01/1900,,100.0
032,112025,1758,0,7403,34661252,2,4,1,1,,01/01/1900,,150.0
032,112025,1759,0,7405,34674075,2,4,1,1,,01/01/1900,,45.0
032,112025,1760,0,7405,34682677,2,4,1,1,,01/01/1900,,45.0
032,112025,1761,0,7405,34686962,2,4,1,1,,01/01/1900,,150.0
032,112025,1762,0,7404,34742812,2,4,1,1,,01/01/1900,,300.0
032,112025,1763,0,7405,34747099,2,4,1,1,,01/01/1900,,300.0
032,112025,1767,0,7403,34773097,2,4,1,1,,01/01/1900,,45.0
032,112025,1768,0,7405,35379030,2,1,1,1,0230000000320001768,05/01/2015,SA3AS0840075,75.0
032,112025,1769,0,8416,35400606,2,1,1,1,0230000000320001769,01/01/2015,SA3AS1040030,30.0
032,112025,1770,0,7404,35416991,2,1,1,1,0230000000320001770,11/12/2014,SA2AS1040025,25.0
032,112025,1772,0,7405,35764840,2,1,1,1,0230000000320001772,23/03/2015,SA2AS1040010,10.0
032,112025,1773,0,7404,35792004,2,1,1,1,0230000000320001773,13/04/2015,SAA3AS0075,75.0
032,112025,1774,0,7404,35786731,2,1,1,1,0230000000320001774,03/02/2015,SA3AS0840075,75.0
032,112025,1775,0,7403,35807824,2,1,1,1,0230000000320001775,26/03/2015,SA2AS1040025,25.0
032,112025,1776,0,8409,35820601,2,1,1,1,0230000000320001776,21/03/2015,SA2AS1040010,10.0
032,112025,1777,0,7404,35813327,2,1,1,1,0230000000320001777,10/04/2015,SA3AS0740100,100.0
032,112025,1778,0,7404,35813124,2,1,1,1,0230000000320001778,10/04/2015,SA3AS0740100,100.0
032,112025,1779,0,8416,35988051,2,1,1,1,0230000000320001779,05/06/2015,SA2AS1040015,15.0
032,112025,1780,0,7404,35992378,2,1,1,1,0230000000320001780,01/07/2015,SA2AS1440005,5.0
032,112025,1781,0,7405,35996674,2,4,1,1,,01/01/1900,,45.0
032,112025,1782,0,7405,39523436,2,1,1,1,0230000000320001782,16/03/2016,SA2AS0940002,3.0
032,112025,1783,0,8409,36009507,2,1,1,1,0230000000320001783,08/07/2015,SA1AS1040010,10.0
032,112025,1784,0,7404,36013836,2,1,1,1,0230000000320001784,28/07/2015,SA2AS1440005,5.0
032,112025,1785,0,8409,36022852,2,1,1,1,0230000000320001785,05/06/2015,SA2AS1040025,25.0
032,112025,1786,0,7404,36043898,2,1,1,1,0230000000320001786,28/07/2015,SA3AS1040038,37.5
032,112025,1787,0,7404,36044306,2,1,1,1,0230000000320001787,28/07/2015,SA3AS0840075,75.0
032,112025,1788,0,7404,36044128,2,1,1,1,0230000000320001788,28/07/2015,SA3AS0840075,75.0
032,112025,1789,0,7405,36146906,2,4,1,1,,01/01/1900,,45.0
032,112025,1790,0,8409,36164101,2,1,1,1,0230000000320001790,06/08/2015,SA2AS1040010,10.0
032,112025,1000004,0,7404,3227766,2,1,1,1,0230000000321000004,01/10/2001,SA3AS1140010,10.0
032,112025,1000005,0,7404,3227803,2,1,1,1,0230000000321000005,01/01/1966,SA3AS1140010,10.0
032,112025,1000010,0,7404,3227877,2,1,1,1,0230000000321000010,01/01/1973,SA2AS1840003,3.0
032,112025,1000011,0,7404,41316372,2,1,1,1,0230000000321000011,12/08/2016,SA3AS0840075,75.0
032,112025,1000012,0,7404,3227951,2,1,1,1,0230000000321000012,01/01/1996,SA2AS1440005,5.0
032,112025,1000014,0,7404,3227988,2,1,1,1,0230000000321000014,01/01/1962,SA2AS1440005,5.0
032,112025,1000015,0,7404,3228025,2,1,1,1,0230000000321000015,01/03/1966,SA2AS1440005,5.0
032,112025,1000016,0,7404,3228062,2,1,1,1,0230000000321000016,01/01/1990,SA2AS1040015,15.0
032,112025,1000017,0,8409,3228099,2,1,1,1,0230000000321000017,01/05/1962,SA3AS1140010,10.0
032,112025,1000018,0,8409,3228136,2,1,1,1,0230000000321000018,01/02/1997,SA2AS1840003,3.0
032,112025,1000020,0,8409,3228210,2,1,1,1,0230000000321000020,01/09/1991,SA2AS1040010,10.0
032,112025,1000021,0,7404,3228247,2,1,1,1,0230000000321000021,01/03/1967,SA2AS1440005,5.0
032,112025,1000022,0,7404,3228284,2,1,1,1,0230000000321000022,01/05/1967,SA2AS1440005,5.0
032,112025,1000023,0,8409,3228321,2,1,1,1,0230000000321000023,01/03/1975,SA3AS0940015,15.0
032,112025,1000024,0,8409,3228358,2,1,1,1,0230000000321000024,01/01/1996,SA3AS0040050,50.0
032,112025,1000028,0,8409,3228432,2,1,1,1,0230000000321000028,01/03/1995,SA2AS1840003,3.0
032,112025,1000029,0,7404,3228469,2,1,1,1,0230000000321000029,01/03/1954,SA3AS1140010,10.0
032,112025,1000030,0,8409,3228506,2,1,1,1,0230000000321000030,01/07/1973,SA2AS1840003,3.0
032,112025,1000031,0,8409,3228543,2,1,1,1,0230000000321000031,01/07/1981,SA3AS0940015,15.0
032,112025,1000032,0,8409,3228580,2,1,1,1,0230000000321000032,01/03/1965,SA2AS1440005,5.0
032,112025,1000034,0,8409,3228617,2,1,1,1,0230000000321000034,01/08/1992,SA3AS0840045,45.0
032,112025,1000035,0,8416,3228654,2,1,1,1,0230000000321000035,01/01/1985,SA2AS1040010,10.0
032,112025,1000036,0,8416,3228691,2,1,1,1,0230000000321000036,01/06/1990,SA2AS1040010,10.0
032,112025,1000037,0,8416,3228728,2,1,1,1,0230000000321000037,01/02/1964,SA2AS1040010,10.0
032,112025,1000038,0,8416,3228765,2,1,1,1,0230000000321000038,01/05/1979,SA2AS1440005,5.0
032,112025,1000039,0,8416,3228802,2,1,1,1,0230000000321000039,01/07/1966,SA2AS1040010,10.0
032,112025,1000040,0,8416,3228839,2,1,1,1,0230000000321000040,01/05/1970,SA2AS1440005,5.0
032,112025,1000041,0,8416,3228876,2,1,1,1,0230000000321000041,01/05/1969,SA2AS1040010,10.0
032,112025,1000042,0,8416,3228913,2,1,1,1,0230000000321000042,01/08/1966,SA2AS1440005,5.0
032,112025,1000043,0,8416,3228950,2,1,1,1,0230000000321000043,01/04/1974,SA2AS1840003,3.0
032,112025,1000044,0,8416,3228987,2,1,1,1,0230000000321000044,01/03/1970,SA2AS1440005,5.0
032,112025,1000045,0,8416,3229024,2,1,1,1,0230000000321000045,01/02/1962,SA3AS0940015,15.0
032,112025,1000046,0,8416,3229061,2,1,1,1,0230000000321000046,01/02/1962,SA3AS0940015,15.0
032,112025,1000048,0,8416,3229135,2,1,1,1,0230000000321000048,01/01/1960,SA3AS0940015,15.0
032,112025,1000049,0,7404,3229172,2,1,1,1,0230000000321000049,01/02/1966,SA2AS1440005,5.0
032,112025,1000050,0,7405,3229209,2,1,1,1,0230000000321000050,01/07/1969,SA3AS0940015,15.0
032,112025,1000051,0,7405,3229246,2,1,1,1,0230000000321000051,01/07/1997,SA3AS0840045,45.0
032,112025,1000053,0,7405,3229320,2,1,1,1,0230000000321000053,01/02/1996,SA3AS0840075,75.0
032,112025,1000057,0,7405,3229357,2,1,1,1,0230000000321000057,01/05/2000,SA2AS1040025,25.0
032,112025,1000058,0,7405,3229394,2,1,1,1,0230000000321000058,01/04/1968,SA3AS1040035,35.0
032,112025,1000059,0,7404,3229431,2,1,1,1,0230000000321000059,01/04/1988,SA2AS1440005,5.0
032,112025,1000061,0,7404,3229505,2,1,1,1,0230000000321000061,01/03/1991,SA2AS1040015,15.0
032,112025,1000063,0,7404,3229542,2,1,1,1,0230000000321000063,01/02/1997,SA2AS1440005,5.0
032,112025,1000064,0,7404,3229579,2,1,1,1,0230000000321000064,01/06/1993,SA2AS1040015,15.0
032,112025,1000066,0,7404,3229616,2,4,1,1,0230000000321000066,01/07/1996,SA3AS0840045,45.0
032,112025,1000070,0,7404,3229727,2,1,1,1,0230000000321000070,01/01/1996,SA2AS1440005,5.0
032,112025,1000071,0,7404,3229764,2,1,1,1,0230000000321000071,01/12/2001,SA3AS1040030,30.0
032,112025,1000072,0,7404,3229801,2,1,1,1,0230000000321000072,01/01/1990,SA2AS1440005,5.0
032,112025,1000073,0,7404,3229838,2,1,1,1,0230000000321000073,01/06/1957,SA3AS1540025,25.0
032,112025,1000075,0,7404,3229912,2,1,1,1,0230000000321000075,01/09/1992,SA2AS1040015,15.0
032,112025,1000076,0,7404,3229949,2,1,1,1,0230000000321000076,01/09/1973,SA1AS1840003,3.0
032,112025,1000077,0,7404,3229986,2,1,1,1,0230000000321000077,01/03/1999,SA2AS1440005,5.0
032,112025,1000078,0,7404,3230023,2,1,1,1,0230000000321000078,01/05/1999,SA2AS1440005,5.0
032,112025,1000080,0,7404,3230060,2,1,1,1,0230000000321000080,01/05/1988,SA1AS1040010,10.0
032,112025,1000083,0,7405,3230097,2,1,1,1,0230000000321000083,01/08/1966,SA1AS1040010,10.0
032,112025,1000087,0,7405,3230171,2,1,1,1,0230000000321000087,01/08/1968,SA1AS1440005,5.0
032,112025,1000088,0,7405,3230208,2,1,1,1,0230000000321000088,01/06/1970,SA3AS1140010,10.0
032,112025,1000090,0,7405,3230245,2,1,1,1,0230000000321000090,01/04/1984,SA2AS1440005,5.0
032,112025,1000093,0,7405,3230282,2,1,1,1,0230000000321000093,01/04/1962,SA3AS0940015,15.0
032,112025,1000094,0,7405,3230319,2,1,1,1,0230000000321000094,01/01/1974,SA2AS1840003,3.0
032,112025,1000095,0,7405,3230356,2,1,1,1,0230000000321000095,01/07/1988,SA2AS1440005,5.0
032,112025,1000096,0,7403,3230393,2,1,1,1,0230000000321000096,01/07/1999,SA2AS1040015,15.0
032,112025,1000097,0,7403,3230430,2,1,1,1,0230000000321000097,01/05/1997,SA2AS1040010,10.0
032,112025,1000101,0,8409,3230578,2,1,1,1,0230000000321000101,01/07/1981,SA3AS1140010,10.0
032,112025,1000105,0,8409,3230689,2,1,1,1,0230000000321000105,01/05/1979,SA3AS0940015,15.0
032,112025,1000107,0,8409,3230763,2,1,1,1,0230000000321000107,01/02/1987,SA1AS0940015,15.0
032,112025,1000109,0,8409,41635229,2,1,1,1,0230000000321000109,22/06/2016,SA3AS0840075,75.0
032,112025,1000110,0,8409,3230837,2,1,1,1,0230000000321000110,01/06/1956,SA1AS1440005,5.0
032,112025,1000112,0,8416,3230874,2,1,1,1,0230000000321000112,01/08/1981,SA3AS0940015,15.0
032,112025,1000113,0,8409,3230911,2,1,1,1,0230000000321000113,01/05/1980,SA2AS1840003,3.0
032,112025,1000114,0,8416,3230948,2,1,1,1,0230000000321000114,01/05/1968,SA3AS1540025,25.0
032,112025,1000115,0,8416,3230985,2,1,1,1,0230000000321000115,01/07/1986,SA1AS1440005,5.0
032,112025,1000116,0,8409,3231022,2,1,1,1,0230000000321000116,01/09/1974,SA1AS1040010,10.0
032,112025,1000117,0,8409,3231059,2,1,1,1,0230000000321000117,01/06/1992,SA1AS1540025,25.0
032,112025,1000119,0,8409,3231096,2,1,1,1,0230000000321000119,01/01/1969,SA1AS1040010,10.0
032,112025,1000120,0,8409,3231133,2,1,1,1,0230000000321000120,01/05/1968,SA1AS1040010,10.0
032,112025,1000123,0,8409,3231170,2,1,1,1,0230000000321000123,01/06/1992,SA1AS1540025,25.0
032,112025,1000125,0,8416,3231207,2,1,1,1,0230000000321000125,01/02/1970,SA1AS1440005,5.0
032,112025,1000126,0,8416,3231244,2,1,1,1,0230000000321000126,01/03/1970,SA1AS1440005,5.0
032,112025,1000127,0,8416,3231281,2,1,1,1,0230000000321000127,01/09/1968,SA1AS1440005,5.0
032,112025,1000129,0,8416,3231318,2,1,1,1,0230000000321000129,01/09/1970,SA1AS1440005,5.0
032,112025,1000131,0,8416,3231355,2,1,1,1,0230000000321000131,01/08/1970,SA1AS1440005,5.0
032,112025,1000132,0,8416,3231392,2,1,1,1,0230000000321000132,01/02/1970,SA1AS1040010,10.0
032,112025,1000133,0,8416,3231429,2,1,1,1,0230000000321000133,01/02/1970,SA1AS1440005,5.0
032,112025,1000134,0,8416,3231466,2,1,1,1,0230000000321000134,01/03/1970,SA1AS1440005,5.0
032,112025,1000138,0,8416,3231540,2,1,1,1,0230000000321000138,01/01/1971,SA1AS1840003,3.0
032,112025,1000139,0,8409,3231577,2,1,1,1,0230000000321000139,01/03/1995,SA3AS0940015,15.0
032,112025,1000140,0,8409,3231614,2,1,1,1,0230000000321000140,01/04/1993,SA2AS1040015,15.0
032,112025,1000141,0,8409,3231651,2,1,1,1,0230000000321000141,01/09/1968,SA1AS1040010,10.0
032,112025,1000143,0,8416,3231688,2,1,1,1,0230000000321000143,01/09/1995,SA2AS1040025,25.0
032,112025,1000144,0,8416,3231725,2,1,1,1,0230000000321000144,01/09/1990,SA2AS1040025,25.0
032,112025,1000145,0,8416,3231762,2,1,1,1,0230000000321000145,01/07/1990,SA2AS1040015,15.0
032,112025,1000148,0,8416,3231836,2,1,1,1,0230000000321000148,01/05/1970,SA1AS1040010,10.0
032,112025,1000149,0,8416,42661188,2,1,1,1,0230000000321000149,31/12/2015,SA2AS1040015,15.0
032,112025,1000150,0,8416,3231910,2,1,1,1,0230000000321000150,01/12/2001,SA3AS0940015,15.0
032,112025,1000151,0,8416,3231947,2,1,1,1,0230000000321000151,01/09/1985,SA2AS1040015,15.0
032,112025,1000152,0,8416,3231984,2,1,1,1,0230000000321000152,01/04/1975,SA2AS1440005,5.0
032,112025,1000154,0,7405,3232021,2,1,1,1,0230000000321000154,01/04/1991,SAA2AS0005,5.0
032,112025,1000155,0,7405,3232058,2,1,1,1,0230000000321000155,01/08/1970,SAA2AS0003,3.0
032,112025,1000157,0,7405,3232095,2,1,1,1,0230000000321000157,01/01/1967,SAA2AS0005,5.0
032,112025,1000158,0,7405,3232132,2,1,1,1,0230000000321000158,01/06/1963,SAA3AS0025,25.0
032,112025,1000160,0,7405,3232169,2,1,1,1,0230000000321000160,01/01/1985,SAA2AS0015,15.0
032,112025,1000161,0,7405,3232206,2,1,1,1,0230000000321000161,01/06/1968,SAA3AS0075,75.0
032,112025,1000162,0,7405,3232243,2,1,1,1,0230000000321000162,01/09/1962,SA3AS1040035,35.0
032,112025,1000163,0,7405,3232280,2,1,1,1,0230000000321000163,01/07/1993,SA2AS1040010,10.0
032,112025,1000166,0,7405,3232317,2,1,1,1,0230000000321000166,01/03/1967,SA2AS1040010,10.0
032,112025,1000167,0,7405,3232354,2,1,1,1,0230000000321000167,01/01/1973,SA2AS1440005,5.0
032,112025,1000168,0,7405,3232391,2,4,1,1,0230000000321000168,01/06/1962,SA3AS0740100,100.0
032,112025,1000169,0,7405,3232428,2,1,1,1,0230000000321000169,01/08/1962,SA3AS0040050,50.0
032,112025,1000170,0,7405,3232465,2,1,1,1,0230000000321000170,01/05/1958,SA3AS1540025,25.0
032,112025,1000171,0,7405,3232502,2,1,1,1,0230000000321000171,01/07/1980,SA2AS1440005,5.0
032,112025,1000176,0,7403,3232650,2,1,1,1,0230000000321000176,01/04/1958,SAA3AS0025,25.0
032,112025,1000178,0,7403,3232687,2,4,1,1,0230000000321000178,01/01/1964,SAA3AS0015,15.0
032,112025,1000179,0,7403,3232724,2,1,1,1,0230000000321000179,01/05/1991,SAA3AS0100,100.0
032,112025,1000180,0,7403,3232761,2,1,1,1,0230000000321000180,01/02/1981,SA3AS0940015,15.0
032,112025,1000181,0,7403,3232798,2,1,1,1,0230000000321000181,01/04/1966,SAA2AS0005,5.0
032,112025,1000182,0,7403,3232835,2,1,1,1,0230000000321000182,01/03/1966,SAA2AS0010,10.0
032,112025,1000183,0,7403,3232872,2,1,1,1,0230000000321000183,01/08/1967,SAA3AS0015,15.0
032,112025,1000184,0,7403,3232909,2,1,1,1,0230000000321000184,01/07/1966,SAA2AS0005,5.0
032,112025,1000186,0,7403,3232983,2,1,1,1,0230000000321000186,01/08/1981,SAA3AS0025,25.0
032,112025,1000188,0,7403,3233057,2,1,1,1,0230000000321000188,01/08/1966,SAA1AS0005,5.0
032,112025,1000189,0,7403,3233094,2,1,1,1,0230000000321000189,01/01/1990,SAA2AS0010,10.0
032,112025,1000190,0,7403,3233131,2,1,1,1,0230000000321000190,01/03/1999,SAA3AS0075,75.0
032,112025,1000191,0,7403,3233168,2,1,1,1,0230000000321000191,01/09/1991,SAA1AS0015,15.0
032,112025,1000193,0,7403,3233242,2,1,1,1,0230000000321000193,01/03/1966,SAA1AS0010,10.0
032,112025,1000194,0,7403,3233279,2,1,1,1,0230000000321000194,01/02/1988,SAA2AS0010,10.0
032,112025,1000195,0,7404,3233316,2,1,1,1,0230000000321000195,01/02/1988,SA2AS1440005,5.0
032,112025,1000196,0,7404,3233353,2,1,1,1,0230000000321000196,01/07/1970,SA2AS1840003,3.0
032,112025,1000198,0,7404,3233427,2,1,1,1,0230000000321000198,01/08/1996,SAA2AS0015,15.0
032,112025,1000199,0,7404,3233464,2,1,1,1,0230000000321000199,01/01/1983,SA2AS1440005,5.0
032,112025,1000202,0,7405,3233538,2,1,1,1,0230000000321000202,01/04/1995,SA2AS1440005,5.0
032,112025,1000203,0,7404,3233575,2,1,1,1,0230000000321000203,01/08/1962,SA3AS0940015,15.0
032,112025,1000209,0,7405,3233649,2,1,1,1,0230000000321000209,01/01/1957,SAA3AS0035,35.0
032,112025,1000210,0,7405,3233686,2,1,1,1,0230000000321000210,01/07/1997,SAA2AS0005,5.0
032,112025,1000212,0,7405,3233723,2,1,1,1,0230000000321000212,01/05/1956,SAA3AS0150,150.0
032,112025,1000213,0,7405,3233760,2,1,1,1,0230000000321000213,01/02/1981,SAA3AS0030,30.0
032,112025,1000214,0,7405,3233797,2,1,1,1,0230000000321000214,01/04/1957,SA2AS1440005,5.0
032,112025,1000216,0,7405,3233871,2,1,1,1,0230000000321000216,01/02/1981,SA3AS1140010,10.0
032,112025,1000217,0,7403,3233908,2,1,1,1,0230000000321000217,01/01/1981,SAA3AS0010,10.0
032,112025,1000219,0,7403,3233982,2,1,1,1,0230000000321000219,01/05/1988,SAA1AS0010,10.0
032,112025,1000220,0,7405,3234019,2,1,1,1,0230000000321000220,01/02/1996,SA2AS1040010,10.0
032,112025,1000221,0,7405,3234056,2,1,1,1,0230000000321000221,01/01/1996,SA3AS0040050,50.0
032,112025,1000222,0,7405,3234093,2,1,1,1,0230000000321000222,01/05/1987,SAA2AS0005,5.0
032,112025,1000223,0,7405,3234130,2,1,1,1,0230000000321000223,01/04/1990,SAA2AS0010,10.0
032,112025,1000224,0,7405,3234167,2,1,1,1,0230000000321000224,01/01/1968,SAA3AS0010,10.0
032,112025,1000226,0,7405,3234204,2,1,1,1,0230000000321000226,01/09/1981,SAA2AS0010,10.0
032,112025,1000228,0,7405,3234241,2,4,1,1,0230000000321000228,01/03/1992,SA3AS0840075,75.0
032,112025,1000229,0,7405,3234278,2,1,1,1,0230000000321000229,01/03/1992,SAA1AS0015,15.0
032,112025,1000231,0,7405,3234352,2,1,1,1,0230000000321000231,02/01/1971,SAA3AS0010,10.0
032,112025,1000233,0,7405,3234426,2,1,1,1,0230000000321000233,01/09/1966,SAA2AS0005,5.0
032,112025,1000234,0,7405,3234463,2,1,1,1,0230000000321000234,01/05/1971,SAA2AS0003,3.0
032,112025,1000235,0,7405,3234500,2,1,1,1,0230000000321000235,01/01/1965,SAA3AS0015,15.0
032,112025,1000236,0,7405,3234537,2,1,1,1,0230000000321000236,01/03/1991,SAA2AS0005,5.0
032,112025,1000237,0,7405,3234574,2,1,1,1,0230000000321000237,01/03/1961,SA3AS1540025,25.0
032,112025,1000240,0,7405,3234685,2,1,1,1,0230000000321000240,01/09/1960,SAA3AS0035,35.0
032,112025,1000244,0,7404,3234759,2,1,1,1,0230000000321000244,01/06/1974,SA1AS1040010,10.0
032,112025,1000246,0,7404,3234796,2,1,1,1,0230000000321000246,01/01/1994,SA3AS1140010,10.0
032,112025,1000248,0,7405,3234833,2,1,1,1,0230000000321000248,01/02/1991,SA2AS1040015,15.0
032,112025,1000249,0,7403,3234870,2,1,1,1,0230000000321000249,01/06/1973,SAA2AS0010,10.0
032,112025,1000250,0,7403,3234907,2,1,1,1,0230000000321000250,01/01/1974,SAA1AS0010,10.0
032,112025,1000257,0,8409,3234944,2,1,1,1,0230000000321000257,01/09/1970,SAA2AS0005,5.0
032,112025,1000258,0,8416,3234981,2,1,1,1,0230000000321000258,01/01/1988,SAA1AS0015,15.0
032,112025,1000259,0,8416,3235018,2,1,1,1,0230000000321000259,01/06/1990,SAA1AS0015,15.0
032,112025,1000260,0,8409,3235055,2,1,1,1,0230000000321000260,01/09/2000,SAA3AS0075,75.0
032,112025,1000263,0,7404,3235129,2,1,1,1,0230000000321000263,01/08/1994,SAA2AS0010,10.0
032,112025,1000264,0,8409,3235166,2,1,1,1,0230000000321000264,01/06/1975,SAA2AS0010,10.0
032,112025,1000265,0,7405,3235203,2,1,1,1,0230000000321000265,01/08/1976,SA2AS1440005,5.0
032,112025,1000266,0,7405,3235240,2,1,1,1,0230000000321000266,01/06/1966,SA1AS1040010,10.0
032,112025,1000268,0,8409,3235277,2,1,1,1,0230000000321000268,01/03/1977,SAA2AS0010,10.0
032,112025,1000269,0,7405,3235314,2,1,1,1,0230000000321000269,01/08/1977,SA2AS1440005,5.0
032,112025,1000271,0,7404,3235388,2,1,1,1,0230000000321000271,01/06/1992,SAA2AS0025,45.0
032,112025,1000272,0,7404,3235425,2,1,1,1,0230000000321000272,01/02/1990,SAA3AS0075,75.0
032,112025,1000275,0,7403,3235462,2,1,1,1,0230000000321000275,01/06/1974,SA1AS1040010,10.0
032,112025,1000276,0,7403,3235499,2,1,1,1,0230000000321000276,01/07/1999,SAA2AS0010,10.0
032,112025,1000277,0,7403,3235536,2,1,1,1,0230000000321000277,01/08/1960,SA3AS0940015,15.0
032,112025,1000280,0,7405,41690757,2,1,1,1,0230000000321000280,01/08/2016,SA2AS1040010,10.0
032,112025,1000281,0,8409,3235610,2,1,1,1,0230000000321000281,01/03/1991,SAA2AS0005,5.0
032,112025,1000282,0,7405,3235647,2,1,1,1,0230000000321000282,01/02/1988,SA2AS1040025,25.0
032,112025,1000283,0,7404,3235684,2,1,1,1,0230000000321000283,01/02/1988,SA2AS1840003,3.0
032,112025,1000285,0,7405,3235721,2,1,1,1,0230000000321000285,01/01/2003,SA3AS0040050,50.0
032,112025,1000286,0,8416,3235758,2,1,1,1,0230000000321000286,01/03/1997,SAA1AS0005,5.0
032,112025,1000287,0,7403,3235795,2,1,1,1,0230000000321000287,01/09/1989,SA1AS1040010,10.0
032,112025,1000289,0,8416,3235832,2,1,1,1,0230000000321000289,01/05/1967,SA2AS1040025,25.0
032,112025,1000293,0,7405,3235906,2,1,1,1,0230000000321000293,01/06/1997,SAA2AS0010,10.0
032,112025,1000295,0,7404,3235943,2,4,1,1,0230000000321000295,01/01/2000,SAA3AS0400,400.0
032,112025,1000296,0,7404,3235980,2,1,1,1,0230000000321000296,01/01/1966,SAA3AS0015,15.0
032,112025,1000298,0,8409,3236017,2,1,1,1,0230000000321000298,01/05/1975,SAA1AS0010,10.0
032,112025,1000300,0,7403,3236054,2,1,1,1,0230000000321000300,01/02/1981,SA3AS1040030,30.0
032,112025,1000301,0,8409,3236091,2,1,1,1,0230000000321000301,01/01/1986,SAA1AS0010,10.0
032,112025,1000302,0,7403,3236128,2,1,1,1,0230000000321000302,01/01/1986,SAA2AS0003,3.0
032,112025,1000304,0,7404,3236165,2,1,1,1,0230000000321000304,01/08/1973,SA1AS1040010,10.0
032,112025,1000305,0,7404,3236202,2,1,1,1,0230000000321000305,01/09/1968,SA1AS1440005,5.0
032,112025,1000307,0,8409,3236276,2,1,1,1,0230000000321000307,01/01/1980,SAA1AS0005,5.0
032,112025,1000308,0,8409,3236313,2,1,1,1,0230000000321000308,01/03/1980,SAA1AS0005,5.0
032,112025,1000309,0,8409,3236350,2,1,1,1,0230000000321000309,01/02/2003,SAA1AS0005,5.0
032,112025,1000310,0,8409,3236387,2,1,1,1,0230000000321000310,01/07/1981,SAA1AS0003,3.0
032,112025,1000312,0,8409,3236424,2,1,1,1,0230000000321000312,01/02/1980,SAA1AS0010,10.0
032,112025,1000313,0,8409,3236461,2,1,1,1,0230000000321000313,01/01/1980,SAA1AS0005,5.0
032,112025,1000316,0,8409,3236498,2,1,1,1,0230000000321000316,01/01/1981,SAA2AS0015,15.0
032,112025,1000318,0,8409,3236535,2,1,1,1,0230000000321000318,01/05/1981,SAA1AS0003,3.0
032,112025,1000320,0,8409,3236572,2,1,1,1,0230000000321000320,01/04/1981,SAA1AS0005,5.0
032,112025,1000323,0,8409,3236609,2,1,1,1,0230000000321000323,01/07/1981,SAA2AS0003,3.0
032,112025,1000324,0,7405,3236646,2,1,1,1,0230000000321000324,01/07/1963,SAA2AS0003,3.0
032,112025,1000326,0,7405,3236683,2,1,1,1,0230000000321000326,01/05/1997,SAA2AS0010,10.0
032,112025,1000327,0,8409,3236720,2,1,1,1,0230000000321000327,01/03/1981,SAA2AS0003,3.0
032,112025,1000328,0,7405,3236757,2,1,1,1,0230000000321000328,01/01/1979,SAA2AS0015,15.0
032,112025,1000329,0,8409,3236794,2,1,1,1,0230000000321000329,01/04/1991,SAA2AS0010,10.0
032,112025,1000330,0,7404,3236831,2,1,1,1,0230000000321000330,01/03/1998,SAA2AS0015,15.0
032,112025,1000331,0,7404,3236868,2,1,1,1,0230000000321000331,01/09/1988,SAA2AS0025,25.0
032,112025,1000332,0,7405,3236905,2,1,1,1,0230000000321000332,01/02/1998,SAA2AS0015,15.0
032,112025,1000333,0,7404,3236942,2,1,1,1,0230000000321000333,01/04/1996,SAA1AS0010,10.0
032,112025,1000334,0,7404,3236979,2,1,1,1,0230000000321000334,01/09/1998,SAA2AS0015,15.0
032,112025,1000336,0,7404,3237016,2,1,1,1,0230000000321000336,01/06/1977,SA1AS1840003,3.0
032,112025,1000338,0,7405,3237053,2,1,1,1,0230000000321000338,01/09/1966,SAA1AS0010,10.0
032,112025,1000339,0,7405,3237090,2,1,1,1,0230000000321000339,01/02/1999,SAA2AS0003,3.0
032,112025,1000340,0,7404,3237127,2,1,1,1,0230000000321000340,01/09/1982,SA2AS1440005,5.0
032,112025,1000341,0,7404,3237164,2,1,1,1,0230000000321000341,01/01/1986,SA1AS1840003,3.0
032,112025,1000342,0,8409,3237201,2,1,1,1,0230000000321000342,01/03/1992,SAA1AS0015,15.0
032,112025,1000343,0,8409,3237238,2,1,1,1,0230000000321000343,01/06/1983,SAA1AS0010,10.0
032,112025,1000344,0,8409,3237275,2,1,1,1,0230000000321000344,01/01/1983,SAA1AS0010,10.0
032,112025,1000345,0,8409,3237312,2,1,1,1,0230000000321000345,01/03/1983,SAA2AS0003,3.0
032,112025,1000346,0,8409,3237349,2,1,1,1,0230000000321000346,01/08/1981,SAA2AS0003,3.0
032,112025,1000347,0,8409,3237386,2,1,1,1,0230000000321000347,01/06/1981,SAA2AS0010,10.0
032,112025,1000348,0,8409,3237423,2,1,1,1,0230000000321000348,01/09/1983,SAA2AS0003,3.0
032,112025,1000349,0,8409,3237460,2,1,1,1,0230000000321000349,01/01/1983,SAA1AS0010,10.0
032,112025,1000350,0,8409,3237497,2,1,1,1,0230000000321000350,01/04/1983,SAA2AS0010,10.0
032,112025,1000358,0,7405,3237608,2,1,1,1,0230000000321000358,01/04/1981,SAA3AS0025,25.0
032,112025,1000361,0,8416,3237645,2,1,1,1,0230000000321000361,01/08/1998,SAA2AS0010,10.0
032,112025,1000363,0,7404,3237682,2,1,1,1,0230000000321000363,01/08/1970,SAA1AS0010,10.0
032,112025,1000366,0,7405,3237719,2,1,1,1,0230000000321000366,01/05/1978,SAA3AS0015,15.0
032,112025,1000367,0,7405,3237756,2,1,1,1,0230000000321000367,01/01/1996,SAA2AS0005,5.0
032,112025,1000368,0,7405,3237793,2,1,1,1,0230000000321000368,01/02/1994,SAA2AS0005,5.0
032,112025,1000369,0,7404,3237830,2,1,1,1,0230000000321000369,01/04/1969,SA1AS1440005,5.0
032,112025,1000371,0,7403,3237867,2,1,1,1,0230000000321000371,01/01/1999,SAA2AS0010,10.0
032,112025,1000374,0,7405,3237978,2,1,1,1,0230000000321000374,01/05/1999,SAA3AS0050,50.0
032,112025,1000376,0,7405,3238015,2,1,1,1,0230000000321000376,01/04/1997,SAA2AS0003,3.0
032,112025,1000379,0,8416,3238052,2,1,1,1,0230000000321000379,01/09/1984,SAA1AS0005,5.0
032,112025,1000383,0,8409,3238126,2,1,1,1,0230000000321000383,01/07/1998,SAA3AS0025,25.0
032,112025,1000384,0,8409,3238163,2,1,1,1,0230000000321000384,01/01/1998,SAA1AS0010,10.0
032,112025,1000385,0,8409,3238200,2,1,1,1,0230000000321000385,01/04/1984,SAA1AS0003,3.0
032,112025,1000388,0,8409,3238274,2,1,1,1,0230000000321000388,01/03/1986,SA1AS0940015,15.0
032,112025,1000389,0,8409,3238311,2,1,1,1,0230000000321000389,01/08/1990,SAA1AS0010,10.0
032,112025,1000390,0,8409,3238348,2,1,1,1,0230000000321000390,01/01/1984,SAA1AS0005,5.0
032,112025,1000391,0,8409,3238385,2,1,1,1,0230000000321000391,01/02/1984,SAA1AS0005,5.0
032,112025,1000393,0,8409,3238422,2,1,1,1,0230000000321000393,01/01/1984,SAA2AS0003,3.0
032,112025,1000395,0,7403,3238459,2,1,1,1,0230000000321000395,01/08/1999,SA1AS1040010,10.0
032,112025,1000396,0,7404,3238496,2,1,1,1,0230000000321000396,01/01/1985,SAA1AS0003,3.0
032,112025,1000397,0,8409,3238533,2,1,1,1,0230000000321000397,01/06/1971,SA1AS1440005,5.0
032,112025,1000399,0,8409,39574269,2,1,1,1,0230000000321000399,24/02/2016,SA2AS1040025,25.0
032,112025,1000401,0,7404,3238644,2,1,1,1,0230000000321000401,01/06/1994,SA2AS1840003,3.0
032,112025,1000404,0,7404,3238718,2,1,1,1,0230000000321000404,01/03/1985,SA1AS1840003,3.0
032,112025,1000405,0,7404,3238755,2,1,1,1,0230000000321000405,01/07/1985,SA1AS1440005,5.0
032,112025,1000406,0,8416,3238792,2,1,1,1,0230000000321000406,01/04/1984,SAA1AS0005,5.0
032,112025,1000409,0,8409,3238866,2,1,1,1,0230000000321000409,01/02/1985,SAA2AS0005,5.0
032,112025,1000412,0,7405,3238903,2,1,1,1,0230000000321000412,01/08/1998,SAA2AS0010,10.0
032,112025,1000414,0,7403,3238940,2,1,1,1,0230000000321000414,02/01/1971,SAA1AS0005,5.0
032,112025,1000416,0,7403,3238977,2,1,1,1,0230000000321000416,01/07/1984,SAA1AS0003,3.0
032,112025,1000417,0,7403,3239014,2,1,1,1,0230000000321000417,01/04/1996,SAA2AS0010,10.0
032,112025,1000419,0,7403,3239051,2,1,1,1,0230000000321000419,01/01/1988,SAA1AS0010,10.0
032,112025,1000420,0,7403,3239088,2,1,1,1,0230000000321000420,01/08/1985,SAA1AS0005,5.0
032,112025,1000421,0,7403,3239125,2,1,1,1,0230000000321000421,01/06/1997,SAA2AS0003,3.0
032,112025,1000422,0,7403,3239162,2,1,1,1,0230000000321000422,01/08/1986,SA1AS0940015,15.0
032,112025,1000424,0,7403,3239199,2,1,1,1,0230000000321000424,01/05/1996,SAA2AS0010,10.0
032,112025,1000425,0,7403,3239236,2,1,1,1,0230000000321000425,01/03/1991,SAA1AS0010,10.0
032,112025,1000427,0,7403,3239273,2,1,1,1,0230000000321000427,01/06/1988,SAA2AS0010,10.0
032,112025,1000431,0,7403,3239347,2,1,1,1,0230000000321000431,01/05/1986,SAA1AS0005,5.0
032,112025,1000432,0,7403,3239384,2,1,1,1,0230000000321000432,01/04/1994,SAA1AS0010,10.0
032,112025,1000434,0,7405,3239421,2,1,1,1,0230000000321000434,01/01/1981,SA3AS1140010,10.0
032,112025,1000437,0,8416,3239495,2,1,1,1,0230000000321000437,01/09/1984,SAA2AS0003,3.0
032,112025,1000452,0,7404,3239791,2,1,1,1,0230000000321000452,01/07/1999,SAA2AS0003,3.0
032,112025,1000454,0,7404,3239828,2,1,1,1,0230000000321000454,01/02/2002,SAA1AS0010,10.0
032,112025,1000455,0,8416,3239865,2,1,1,1,0230000000321000455,01/05/1964,SAA2AS0005,5.0
032,112025,1000456,0,8409,3239902,2,1,1,1,0230000000321000456,01/09/1985,SAA1AS0010,10.0
032,112025,1000457,0,7403,33914205,2,4,1,1,,01/01/1900,,100.0
032,112025,1000458,0,7404,3239976,2,1,1,1,0230000000321000458,01/09/1998,SA2AS1840003,3.0
032,112025,1000459,0,7404,3240013,2,1,1,1,0230000000321000459,01/05/1987,SA2AS1840003,3.0
032,112025,1000462,0,7405,3240087,2,1,1,1,0230000000321000462,01/06/1995,SAA2AS0010,10.0
032,112025,1000463,0,7404,3240124,2,1,1,1,0230000000321000463,01/04/1989,SA1AS1440005,5.0
032,112025,1000464,0,7405,3240161,2,1,1,1,0230000000321000464,01/01/1967,SA3AS0940015,15.0
032,112025,1000465,0,7403,3240198,2,1,1,1,0230000000321000465,01/02/1999,SAA2AS0015,15.0
032,112025,1000466,0,7403,3240235,2,1,1,1,0230000000321000466,01/04/1993,SAA2AS0005,5.0
032,112025,1000467,0,7403,3240272,2,1,1,1,0230000000321000467,01/01/1992,SAA2AS0010,10.0
032,112025,1000469,0,7405,3240309,2,1,1,1,0230000000321000469,01/04/1987,SA1AS1840003,3.0
032,112025,1000473,0,7405,3240346,2,1,1,1,0230000000321000473,01/01/1990,SAA1AS0010,10.0
032,112025,1000475,0,7403,3240383,2,1,1,1,0230000000321000475,01/03/1986,SAA2AS0005,5.0
032,112025,1000478,0,7405,3240420,2,1,1,1,0230000000321000478,01/01/1987,SAA1AS0003,3.0
032,112025,1000479,0,8409,3240457,2,1,1,1,0230000000321000479,01/09/1981,SAA3AS0015,15.0
032,112025,1000485,0,8409,3240568,2,1,1,1,0230000000321000485,01/01/1986,SAA1AS0003,3.0
032,112025,1000486,0,8409,3240605,2,1,1,1,0230000000321000486,01/09/1986,SAA1AS0005,5.0
032,112025,1000487,0,8409,3240642,2,1,1,1,0230000000321000487,01/09/1994,SAA1AS0010,10.0
032,112025,1000489,0,8409,3240679,2,1,1,1,0230000000321000489,01/03/1986,SAA1AS0003,3.0
032,112025,1000492,0,8409,3240716,2,1,1,1,0230000000321000492,01/06/1986,SA1AS1840003,3.0
032,112025,1000493,0,7403,3240753,2,1,1,1,0230000000321000493,01/03/1970,SAA1AS0010,10.0
032,112025,1000496,0,7405,3240827,2,1,1,1,0230000000321000496,01/09/1987,SA2AS1440005,5.0
032,112025,1000497,0,7405,3240864,2,1,1,1,0230000000321000497,01/01/1991,SA1AS1840003,3.0
032,112025,1000499,0,7405,3240901,2,1,1,1,0230000000321000499,01/09/1986,SA1AS1840003,3.0
032,112025,1000501,0,7405,3240938,2,1,1,1,0230000000321000501,01/09/1987,SA1AS1840003,3.0
032,112025,1000503,0,7405,3240975,2,1,1,1,0230000000321000503,01/05/1979,SA1AS1040010,10.0
032,112025,1000506,0,7405,3241049,2,1,1,1,0230000000321000506,01/01/1995,SA1AS1840003,3.0
032,112025,1000512,0,7403,3241123,2,1,1,1,0230000000321000512,01/09/1996,SAA1AS0010,10.0
032,112025,1000513,0,7403,3241160,2,1,1,1,0230000000321000513,01/08/1987,SAA1AS0005,5.0
032,112025,1000514,0,7403,3241197,2,1,1,1,0230000000321000514,01/01/1999,SA2AS1040010,10.0
032,112025,1000515,0,7403,3241234,2,1,1,1,0230000000321000515,01/02/1993,SAA1AS0005,5.0
032,112025,1000516,0,7403,3241271,2,1,1,1,0230000000321000516,01/02/1987,SAA1AS0005,5.0
032,112025,1000518,0,7403,3241308,2,1,1,1,0230000000321000518,01/07/1996,SAA2AS0003,3.0
032,112025,1000519,0,7403,3241345,2,1,1,1,0230000000321000519,01/03/1986,SAA1AS0010,10.0
032,112025,1000520,0,7403,3241382,2,1,1,1,0230000000321000520,01/06/1984,SAA2AS0025,25.0
032,112025,1000521,0,7403,3241419,2,1,1,1,0230000000321000521,01/06/1984,SAA2AS0010,10.0
032,112025,1000522,0,7405,3241456,2,1,1,1,0230000000321000522,01/07/1993,SAA1AS0010,10.0
032,112025,1000524,0,7403,3241493,2,1,1,1,0230000000321000524,01/01/1998,SAA1AS0005,5.0
032,112025,1000525,0,7405,3241530,2,1,1,1,0230000000321000525,01/04/1998,SA2AS1440005,5.0
032,112025,1000528,0,7405,3241604,2,1,1,1,0230000000321000528,01/08/1999,SA2AS1040010,10.0
032,112025,1000533,0,7404,3241678,2,1,1,1,0230000000321000533,01/01/1988,SA1AS1840003,3.0
032,112025,1000534,0,7404,3241715,2,1,1,1,0230000000321000534,01/03/1986,SA1AS1440005,5.0
032,112025,1000536,0,7404,3241752,2,1,1,1,0230000000321000536,01/05/1986,SA1AS1440005,5.0
032,112025,1000537,0,7405,3241789,2,1,1,1,0230000000321000537,01/05/1986,SAA1AS0005,5.0
032,112025,1000541,0,8409,3241826,2,1,1,1,0230000000321000541,01/07/1992,SA1AS0940015,15.0
032,112025,1000542,0,8409,3241863,2,1,1,1,0230000000321000542,01/04/1986,SA1AS1840003,3.0
032,112025,1000543,0,8409,3241900,2,1,1,1,0230000000321000543,01/03/1990,SA1AS0940015,15.0
032,112025,1000544,0,8409,3241937,2,1,1,1,0230000000321000544,01/01/1986,SA1AS1440005,5.0
032,112025,1000546,0,8409,3241974,2,1,1,1,0230000000321000546,01/01/1988,SA1AS1440005,5.0
032,112025,1000547,0,7405,3242011,2,1,1,1,0230000000321000547,01/02/1986,SAA1AS0005,5.0
032,112025,1000548,0,7405,3242048,2,1,1,1,0230000000321000548,01/02/1986,SAA1AS0010,10.0
032,112025,1000549,0,8409,3242085,2,1,1,1,0230000000321000549,01/09/1995,SAA1AS0005,5.0
032,112025,1000550,0,7404,3242122,2,1,1,1,0230000000321000550,01/05/1986,SAA1AS0010,10.0
032,112025,1000551,0,8409,3242159,2,1,1,1,0230000000321000551,01/06/1997,SA2AS1840003,3.0
032,112025,1000554,0,7404,3242196,2,1,1,1,0230000000321000554,01/07/1994,SA2AS1440005,5.0
032,112025,1000555,0,7404,3242233,2,1,1,1,0230000000321000555,01/03/1993,SA2AS1840003,3.0
032,112025,1000556,0,7404,3242270,2,1,1,1,0230000000321000556,01/04/1999,SA2AS1840003,3.0
032,112025,1000557,0,7404,3242307,2,1,1,1,0230000000321000557,01/06/1998,SA2AS1040010,10.0
032,112025,1000558,0,7404,3242344,2,1,1,1,0230000000321000558,01/01/1993,SA2AS1440005,5.0
032,112025,1000559,0,7404,3242381,2,1,1,1,0230000000321000559,01/08/1993,SA2AS1840003,3.0
032,112025,1000560,0,7404,3242418,2,1,1,1,0230000000321000560,01/07/1988,SA1AS1840003,3.0
032,112025,1000561,0,7404,3242455,2,1,1,1,0230000000321000561,01/02/1988,SA1AS1840003,3.0
032,112025,1000562,0,8409,3242492,2,1,1,1,0230000000321000562,01/05/1988,SAA1AS0005,5.0
032,112025,1000563,0,8409,3242529,2,1,1,1,0230000000321000563,01/05/1988,SAA1AS0005,5.0
032,112025,1000564,0,8409,3242566,2,1,1,1,0230000000321000564,01/01/1988,SAA1AS0005,5.0
032,112025,1000566,0,8409,3242603,2,1,1,1,0230000000321000566,01/01/1992,SAA1AS0005,5.0
032,112025,1000567,0,7404,41644499,2,1,1,1,0230000000321000567,12/08/2016,SA2AS1040015,15.0
032,112025,1000568,0,7404,3242677,2,1,1,1,0230000000321000568,01/06/1988,SAA1AS0005,5.0
032,112025,1000571,0,7404,3242788,2,1,1,1,0230000000321000571,01/08/1977,SAA2AS0010,10.0
032,112025,1000573,0,7405,3242825,2,1,1,1,0230000000321000573,01/08/1997,SA1AS1440005,5.0
032,112025,1000574,0,8416,3242862,2,1,1,1,0230000000321000574,01/01/1987,SAA1AS0005,5.0
032,112025,1000575,0,7404,3242899,2,1,1,1,0230000000321000575,01/04/1998,SAA2AS0010,10.0
032,112025,1000576,0,7404,3242936,2,1,1,1,0230000000321000576,01/08/1987,SA1AS1840003,3.0
032,112025,1000577,0,7404,3242973,2,1,1,1,0230000000321000577,01/01/1987,SAA1AS0003,3.0
032,112025,1000578,0,7404,3243010,2,1,1,1,0230000000321000578,01/02/1998,SAA2AS0003,3.0
032,112025,1000579,0,7405,3243047,2,1,1,1,0230000000321000579,01/02/1998,SAA2AS0003,3.0
032,112025,1000580,0,7404,3243084,2,1,1,1,0230000000321000580,01/02/1996,SA2AS1440005,5.0
032,112025,1000581,0,7404,3243121,2,1,1,1,0230000000321000581,01/01/1982,SA1AS1040010,10.0
032,112025,1000583,0,7404,3243158,2,1,1,1,0230000000321000583,01/09/1987,SAA1AS0003,3.0
032,112025,1000586,0,7404,3243232,2,1,1,1,0230000000321000586,01/02/1999,SA2AS1440005,5.0
032,112025,1000587,0,7404,3243269,2,1,1,1,0230000000321000587,01/08/1990,SA2AS1440005,5.0
032,112025,1000588,0,7404,3243306,2,1,1,1,0230000000321000588,01/05/1999,SA2AS1040010,10.0
032,112025,1000589,0,7404,3243343,2,1,1,1,0230000000321000589,01/06/1999,SA2AS1440005,5.0
032,112025,1000590,0,7404,3243380,2,1,1,1,0230000000321000590,01/09/1999,SA2AS1440005,5.0
032,112025,1000591,0,7404,3243417,2,1,1,1,0230000000321000591,01/05/1999,SA2AS1040010,10.0
032,112025,1000592,0,7404,3243454,2,1,1,1,0230000000321000592,01/06/1999,SA2AS1440005,5.0
032,112025,1000593,0,7404,3243491,2,1,1,1,0230000000321000593,01/03/1999,SA2AS1040010,10.0
032,112025,1000594,0,7404,3243528,2,1,1,1,0230000000321000594,01/02/1999,SA2AS1440005,5.0
032,112025,1000595,0,7404,3243565,2,1,1,1,0230000000321000595,01/04/1999,SA2AS1040010,10.0
032,112025,1000596,0,7404,3243602,2,1,1,1,0230000000321000596,01/08/1999,SA2AS1440005,5.0
032,112025,1000597,0,7404,3243639,2,1,1,1,0230000000321000597,01/02/1999,SA2AS1440005,5.0
032,112025,1000598,0,7404,3243676,2,1,1,1,0230000000321000598,01/02/1999,SA2AS1440005,5.0
032,112025,1000599,0,7404,3243713,2,1,1,1,0230000000321000599,01/08/1999,SA2AS1440005,5.0
032,112025,1000601,0,7404,3243750,2,1,1,1,0230000000321000601,01/06/1999,SA2AS1440005,5.0
032,112025,1000603,0,8409,3243824,2,1,1,1,0230000000321000603,01/08/1991,SA2AS1840003,3.0
032,112025,1000605,0,7404,3243861,2,1,1,1,0230000000321000605,01/09/1998,SAA2AS0003,3.0
032,112025,1000613,0,7404,3244120,2,1,1,1,0230000000321000613,01/05/1986,SA1AS1440005,5.0
032,112025,1000614,0,7405,3244157,2,1,1,1,0230000000321000614,01/01/1991,SAA1AS0005,5.0
032,112025,1000615,0,7405,3244194,2,4,1,1,0230000000321000615,01/01/1972,SAA3AS0075,75.0
032,112025,1000617,0,7403,3244231,2,1,1,1,0230000000321000617,01/08/1999,SAA2AS0015,15.0
032,112025,1000623,0,7404,3244268,2,1,1,1,0230000000321000623,01/02/1998,SA2AS1840003,3.0
032,112025,1000626,0,7403,3244342,2,1,1,1,0230000000321000626,01/06/1998,SAA2AS0010,10.0
032,112025,1000629,0,7405,3244379,2,1,1,1,0230000000321000629,01/01/1988,SAA1AS0003,3.0
032,112025,1000631,0,8409,3244453,2,1,1,1,0230000000321000631,01/05/1988,SAA1AS0003,3.0
032,112025,1000632,0,8409,3244490,2,1,1,1,0230000000321000632,01/01/1984,SAA1AS0005,5.0
032,112025,1000635,0,7405,3244527,2,1,1,1,0230000000321000635,01/06/1988,SAA1AS0003,3.0
032,112025,1000637,0,8409,3244601,2,1,1,1,0230000000321000637,01/08/1987,SAA1AS0010,10.0
032,112025,1000638,0,7403,3244638,2,1,1,1,0230000000321000638,01/08/1988,SAA1AS0003,3.0
032,112025,1000639,0,7405,3244675,2,1,1,1,0230000000321000639,01/01/1981,SAA3AS0015,15.0
032,112025,1000641,0,7405,3244712,2,1,1,1,0230000000321000641,01/07/1994,SA2AS1440005,5.0
032,112025,1000643,0,7405,3244749,2,1,1,1,0230000000321000643,01/03/1995,SAA2AS0005,5.0
032,112025,1000647,0,7404,3244786,2,1,1,1,0230000000321000647,01/01/1988,SA1AS1440005,5.0
032,112025,1000649,0,7404,3244823,2,1,1,1,0230000000321000649,01/09/1987,SA1AS1040010,10.0
032,112025,1000650,0,7404,3244860,2,1,1,1,0230000000321000650,01/09/1988,SA1AS1840003,3.0
032,112025,1000651,0,7404,3244897,2,1,1,1,0230000000321000651,01/03/1996,SA1AS1440005,5.0
032,112025,1000654,0,7404,3244934,2,1,1,1,0230000000321000654,01/07/1998,SA1AS1440005,5.0
032,112025,1000655,0,7404,3244971,2,1,1,1,0230000000321000655,01/04/1988,SA1AS1840003,3.0
032,112025,1000656,0,7404,3245008,2,1,1,1,0230000000321000656,01/09/1988,SA1AS1840003,3.0
032,112025,1000658,0,7404,3245045,2,1,1,1,0230000000321000658,01/04/1990,SA1AS1840003,3.0
032,112025,1000660,0,7405,3245082,2,1,1,1,0230000000321000660,01/06/1981,SA3AS1140010,10.0
032,112025,1000661,0,7403,3245119,2,1,1,1,0230000000321000661,01/03/1988,SAA1AS0003,3.0
032,112025,1000663,0,8416,3245156,2,1,1,1,0230000000321000663,01/08/1988,SA1AS1040010,10.0
032,112025,1000664,0,8416,3245193,2,1,1,1,0230000000321000664,01/01/1988,SAA1AS0005,5.0
032,112025,1000665,0,8416,3245230,2,1,1,1,0230000000321000665,01/01/1988,SAA1AS0010,10.0
032,112025,1000666,0,7404,3245267,2,1,1,1,0230000000321000666,01/03/1998,SA2AS1840003,3.0
032,112025,1000667,0,7404,3245304,2,1,1,1,0230000000321000667,01/03/1998,SA2AS1040010,10.0
032,112025,1000672,0,8409,3245378,2,1,1,1,0230000000321000672,01/08/1985,SAA2AS0003,3.0
032,112025,1000673,0,7404,3245415,2,1,1,1,0230000000321000673,01/01/1988,SAA2AS0003,3.0
032,112025,1000674,0,7405,3245452,2,1,1,1,0230000000321000674,01/09/1988,SAA1AS0005,5.0
032,112025,1000677,0,7405,3245489,2,1,1,1,0230000000321000677,01/07/1996,SA1AS1440005,5.0
032,112025,1000679,0,7405,3245563,2,1,1,1,0230000000321000679,01/06/1988,SA1AS1840003,3.0
032,112025,1000680,0,7404,3245600,2,1,1,1,0230000000321000680,01/06/1988,SA2AS1440005,5.0
032,112025,1000681,0,7405,3245637,2,1,1,1,0230000000321000681,01/06/1992,SAA1AS0005,5.0
032,112025,1000682,0,8409,3245674,2,1,1,1,0230000000321000682,01/05/1988,SA2AS1440005,5.0
032,112025,1000683,0,7405,3245711,2,1,1,1,0230000000321000683,01/05/1985,SAA1AS0005,5.0
032,112025,1000684,0,7405,3245748,2,1,1,1,0230000000321000684,01/09/1988,SA2AS1840003,3.0
032,112025,1000685,0,7405,3245785,2,1,1,1,0230000000321000685,01/09/1994,SA2AS1040010,10.0
032,112025,1000686,0,7405,3245822,2,1,1,1,0230000000321000686,01/06/1988,SA2AS1840003,3.0
032,112025,1000689,0,7405,3245859,2,1,1,1,0230000000321000689,01/01/1993,SA2AS1440005,5.0
032,112025,1000691,0,7405,3245896,2,1,1,1,0230000000321000691,01/09/1988,SA2AS1840003,3.0
032,112025,1000692,0,7405,3245933,2,1,1,1,0230000000321000692,01/08/1988,SA2AS1840003,3.0
032,112025,1000693,0,7405,3245970,2,1,1,1,0230000000321000693,01/08/1998,SA2AS1440005,5.0
032,112025,1000694,0,7405,3246007,2,1,1,1,0230000000321000694,01/04/1994,SA2AS1040010,10.0
032,112025,1000695,0,7405,3246044,2,1,1,1,0230000000321000695,01/02/1989,SA1AS0940015,15.0
032,112025,1000697,0,7405,3246081,2,1,1,1,0230000000321000697,01/08/1988,SA1AS1840003,3.0
032,112025,1000699,0,7405,3246118,2,1,1,1,0230000000321000699,01/06/1988,SA2AS1440005,5.0
032,112025,1000700,0,7405,3246155,2,1,1,1,0230000000321000700,01/07/1988,SA2AS1840003,3.0
032,112025,1000701,0,7405,3246192,2,1,1,1,0230000000321000701,01/02/1995,SAA2AS0010,10.0
032,112025,1000703,0,7404,3246229,2,1,1,1,0230000000321000703,01/03/1998,SA2AS1840003,3.0
032,112025,1000704,0,7404,3246266,2,1,1,1,0230000000321000704,01/02/1998,SA2AS1840003,3.0
032,112025,1000705,0,7404,3246303,2,1,1,1,0230000000321000705,01/05/2000,SA2AS1440005,5.0
032,112025,1000706,0,7404,3246340,2,1,1,1,0230000000321000706,01/07/1999,SA2AS1840003,3.0
032,112025,1000707,0,7404,3246377,2,1,1,1,0230000000321000707,01/01/1998,SA2AS1840003,3.0
032,112025,1000708,0,7404,3246414,2,1,1,1,0230000000321000708,01/05/1999,SA2AS1440005,5.0
032,112025,1000709,0,7404,3246451,2,1,1,1,0230000000321000709,01/01/1999,SA2AS1840003,3.0
032,112025,1000710,0,7404,3246488,2,1,1,1,0230000000321000710,01/02/1987,SA2AS1440005,5.0
032,112025,1000712,0,7404,3246562,2,1,1,1,0230000000321000712,01/03/1990,SA1AS1040010,10.0
032,112025,1000713,0,7404,3246599,2,1,1,1,0230000000321000713,01/08/1999,SA2AS1040025,25.0
032,112025,1000714,0,7404,3246636,2,1,1,1,0230000000321000714,01/05/1999,SA2AS1440005,5.0
032,112025,1000716,0,7404,3246673,2,1,1,1,0230000000321000716,01/08/1999,SA2AS1840003,3.0
032,112025,1000718,0,7405,3246710,2,4,1,1,0230000000321000718,01/04/1988,SAA3AS0075,75.0
032,112025,1000719,0,7405,3246747,2,1,1,1,0230000000321000719,01/05/1994,SAA1AS0010,10.0
032,112025,1000720,0,7405,3246784,2,1,1,1,0230000000321000720,01/05/1994,SAA2AS0010,10.0
032,112025,1000721,0,7405,3246821,2,1,1,1,0230000000321000721,01/03/1984,SAA2AS0003,3.0
032,112025,1000722,0,7405,3246858,2,1,1,1,0230000000321000722,01/07/1990,SAA2AS0005,5.0
032,112025,1000725,0,7405,3246895,2,4,1,1,0230000000321000725,01/09/1995,SAA3AS0045,45.0
032,112025,1000727,0,7405,3246969,2,1,1,1,0230000000321000727,01/01/1981,SAA3AS0045,45.0
032,112025,1000729,0,7403,3247006,2,1,1,1,0230000000321000729,01/07/1981,SAA3AS0010,10.0
032,112025,1000734,0,7404,3247043,2,1,1,1,0230000000321000734,01/01/1988,SA1AS1440005,5.0
032,112025,1000736,0,7404,3247080,2,1,1,1,0230000000321000736,01/05/1988,SA1AS1840003,3.0
032,112025,1000737,0,7404,3247117,2,1,1,1,0230000000321000737,01/02/1996,SA1AS1840003,3.0
032,112025,1000738,0,7404,3247154,2,1,1,1,0230000000321000738,01/01/1988,SA1AS1840003,3.0
032,112025,1000739,0,7404,3247191,2,1,1,1,0230000000321000739,01/03/1993,SA1AS0940015,15.0
032,112025,1000740,0,7404,3247228,2,1,1,1,0230000000321000740,01/05/1987,SA1AS1840003,3.0
032,112025,1000741,0,7404,3247265,2,1,1,1,0230000000321000741,01/02/1997,SA1AS1440005,5.0
032,112025,1000746,0,7404,3247339,2,1,1,1,0230000000321000746,01/03/1988,SAA1AS0010,10.0
032,112025,1000747,0,7404,3247376,2,1,1,1,0230000000321000747,01/02/1994,SA2AS1840003,3.0
032,112025,1000750,0,7403,3247413,2,1,1,1,0230000000321000750,01/01/1956,SAA1AS0003,3.0
032,112025,1000753,0,8409,3247487,2,1,1,1,0230000000321000753,01/07/1988,SAA1AS0003,3.0
032,112025,1000754,0,8409,3247524,2,1,1,1,0230000000321000754,01/03/1988,SAA1AS0005,5.0
032,112025,1000757,0,7404,3247598,2,1,1,1,0230000000321000757,01/05/1999,SA2AS1440005,5.0
032,112025,1000758,0,8409,3247635,2,1,1,1,0230000000321000758,01/08/1988,SAA1AS0005,5.0
032,112025,1000760,0,7405,3247672,2,1,1,1,0230000000321000760,01/06/1989,SA1AS1440005,5.0
032,112025,1000761,0,7405,3247709,2,1,1,1,0230000000321000761,01/01/1989,SA1AS1040010,10.0
032,112025,1000764,0,7405,3247820,2,1,1,1,0230000000321000764,01/07/1988,SAA1AS0010,10.0
032,112025,1000765,0,7405,3247857,2,1,1,1,0230000000321000765,01/01/1990,SAA3AS0075,75.0
032,112025,1000766,0,7404,3247894,2,1,1,1,0230000000321000766,01/01/1990,SAA3AS0045,45.0
032,112025,1000767,0,7405,3247931,2,4,1,1,0230000000321000767,01/05/1995,SAA3AS0025,25.0
032,112025,1000770,0,7404,3248042,2,1,1,1,0230000000321000770,01/01/1989,SA1AS1840003,3.0
032,112025,1000772,0,7404,3248079,2,1,1,1,0230000000321000772,01/08/1989,SAA1AS0010,10.0
032,112025,1000773,0,7404,3248116,2,1,1,1,0230000000321000773,01/08/1974,SAA1AS0015,15.0
032,112025,1000774,0,7405,3248153,2,1,1,1,0230000000321000774,01/09/1995,SAA3AS0045,45.0
032,112025,1000775,0,7404,3248190,2,1,1,1,0230000000321000775,01/09/1995,SAA3AS0030,30.0
032,112025,1000776,0,7405,3248227,2,4,1,1,0230000000321000776,01/08/1989,SAA3AS0075,75.0
032,112025,1000779,0,7405,3248301,2,1,1,1,0230000000321000779,01/08/1988,SA2AS1040010,10.0
032,112025,1000780,0,7405,3248338,2,1,1,1,0230000000321000780,01/01/1969,SAA3AS0035,35.0
032,112025,1000781,0,7405,3248375,2,1,1,1,0230000000321000781,01/02/1971,SA2AS1840003,3.0
032,112025,1000782,0,7405,3248412,2,4,1,1,0230000000321000782,01/05/1992,SA3AS0040050,50.0
032,112025,1000783,0,7405,3248449,2,4,1,1,0230000000321000783,01/01/1981,SAA3AS0100,100.0
032,112025,1000784,0,7404,3248486,2,1,1,1,0230000000321000784,01/02/1992,SAA1AS0005,5.0
032,112025,1000785,0,7405,3248523,2,1,1,1,0230000000321000785,01/09/1981,SA2AS1840003,3.0
032,112025,1000786,0,7405,3248560,2,1,1,1,0230000000321000786,02/01/1970,SAA1AS0005,5.0
032,112025,1000787,0,7405,3248597,2,1,1,1,0230000000321000787,01/02/1990,SAA1AS0010,10.0
032,112025,1000791,0,7405,3248634,2,1,1,1,0230000000321000791,01/03/1990,SAA1AS0010,10.0
032,112025,1000792,0,7404,3248671,2,1,1,1,0230000000321000792,01/06/1983,SAA1AS0010,10.0
032,112025,1000793,0,8409,3248708,2,1,1,1,0230000000321000793,01/02/1978,SAA2AS0005,5.0
032,112025,1000795,0,7405,3248782,2,1,1,1,0230000000321000795,01/04/1988,SAA2AS0003,3.0
032,112025,1000796,0,7405,3248819,2,1,1,1,0230000000321000796,01/08/1990,SAA1AS0010,10.0
032,112025,1000797,0,7404,3248856,2,1,1,1,0230000000321000797,01/03/1993,SAA2AS0015,15.0
032,112025,1000798,0,8409,3248893,2,1,1,1,0230000000321000798,01/08/1990,SAA2AS0005,5.0
032,112025,1000799,0,7404,3248930,2,1,1,1,0230000000321000799,01/06/1988,SA2AS1840003,3.0
032,112025,1000801,0,7404,3248967,2,1,1,1,0230000000321000801,01/06/1998,SAA1AS0005,5.0
032,112025,1000802,0,7406,3249004,2,4,1,1,0230000000321000802,01/06/1981,SAA3AS0150,150.0
032,112025,1000803,0,7404,3249041,2,1,1,1,0230000000321000803,01/09/1990,SA1AS1440005,5.0
032,112025,1000805,0,7403,3249115,2,1,1,1,0230000000321000805,01/03/1991,SAA1AS0010,10.0
032,112025,1000809,0,7405,3249189,2,1,1,1,0230000000321000809,01/08/1993,SAA3AS0150,150.0
032,112025,1000811,0,7405,3249226,2,1,1,1,0230000000321000811,01/08/1987,SAA1AS0010,10.0
032,112025,1000812,0,7404,3249263,2,1,1,1,0230000000321000812,01/04/1984,SAA1AS0003,3.0
032,112025,1000815,0,8416,3249374,2,1,1,1,0230000000321000815,01/07/1990,SA1AS1840003,3.0
032,112025,1000817,0,8416,3249448,2,1,1,1,0230000000321000817,01/02/1996,SA1AS1040010,10.0
032,112025,1000818,0,7405,3249485,2,1,1,1,0230000000321000818,01/09/1991,SA1AS1040010,10.0
032,112025,1000820,0,7404,3249559,2,1,1,1,0230000000321000820,01/04/1991,SAA1AS0003,3.0
032,112025,1000824,0,7404,3249633,2,1,1,1,0230000000321000824,01/03/1990,SAA1AS0003,3.0
032,112025,1000825,0,7404,3249670,2,1,1,1,0230000000321000825,01/04/1991,SAA1AS0010,10.0
032,112025,1000827,0,7403,3249744,2,1,1,1,0230000000321000827,01/06/1996,SAA3AS0075,75.0
032,112025,1000828,0,7405,3249781,2,1,1,1,0230000000321000828,01/06/1996,SA3AS1040030,30.0
032,112025,1000829,0,7405,3249818,2,1,1,1,0230000000321000829,01/05/1990,SA1AS1840003,3.0
032,112025,1000830,0,7405,3249855,2,1,1,1,0230000000321000830,01/09/1996,SA2AS1840003,3.0
032,112025,1000831,0,8409,3249892,2,1,1,1,0230000000321000831,01/03/1990,SAA1AS0003,3.0
032,112025,1000832,0,7404,3249929,2,1,1,1,0230000000321000832,01/01/1974,SAA1AS0003,3.0
032,112025,1000834,0,7404,3249966,2,1,1,1,0230000000321000834,01/03/1991,SA1AS1840003,3.0
032,112025,1000836,0,7404,3250003,2,1,1,1,0230000000321000836,01/04/1991,SA1AS1840003,3.0
032,112025,1000837,0,7404,3250040,2,1,1,1,0230000000321000837,01/06/1991,SA1AS1840003,3.0
032,112025,1000838,0,7404,3250077,2,1,1,1,0230000000321000838,01/05/1991,SA1AS1840003,3.0
032,112025,1000839,0,7404,3250114,2,1,1,1,0230000000321000839,01/08/1991,SA1AS1440005,5.0
032,112025,1000840,0,7404,3250151,2,1,1,1,0230000000321000840,01/06/1990,SA1AS1840003,3.0
032,112025,1000841,0,7404,3250188,2,1,1,1,0230000000321000841,01/02/1981,SA1AS0940015,15.0
032,112025,1000843,0,7404,3250225,2,1,1,1,0230000000321000843,01/05/1991,SA1AS1840003,3.0
032,112025,1000845,0,7404,3250299,2,1,1,1,0230000000321000845,01/06/1968,SA1AS0940015,15.0
032,112025,1000846,0,7404,3250336,2,1,1,1,0230000000321000846,01/07/1991,SA1AS1840003,3.0
032,112025,1000847,0,7405,42910620,2,1,1,1,0230000000321000847,21/12/2016,SA1AS1440005,3.0
032,112025,1000848,0,7404,3250410,2,1,1,1,0230000000321000848,01/07/1991,SA1AS1440005,5.0
032,112025,1000849,0,7404,3250447,2,1,1,1,0230000000321000849,01/03/1991,SA1AS1840003,3.0
032,112025,1000850,0,7404,3250484,2,1,1,1,0230000000321000850,01/03/1986,SA1AS1440005,5.0
032,112025,1000851,0,7404,3250521,2,1,1,1,0230000000321000851,01/08/1997,SA2AS1840003,3.0
032,112025,1000853,0,7404,3250558,2,1,1,1,0230000000321000853,01/02/1986,SA1AS0940015,15.0
032,112025,1000854,0,7404,3250595,2,1,1,1,0230000000321000854,01/01/1990,SAA1AS0003,3.0
032,112025,1000855,0,7404,3250632,2,1,1,1,0230000000321000855,01/09/1993,SAA2AS0003,3.0
032,112025,1000856,0,7405,3250669,2,1,1,1,0230000000321000856,01/04/1991,SAA1AS0003,3.0
032,112025,1000857,0,7404,3250706,2,1,1,1,0230000000321000857,01/01/1991,SAA1AS0005,5.0
032,112025,1000858,0,7404,3250743,2,1,1,1,0230000000321000858,01/09/1991,SA1AS1840003,3.0
032,112025,1000859,0,8409,3250780,2,1,1,1,0230000000321000859,01/01/1991,SAA1AS0005,5.0
032,112025,1000862,0,8409,3250817,2,1,1,1,0230000000321000862,01/01/1988,SAA2AS0003,3.0
032,112025,1000863,0,8416,3250854,2,1,1,1,0230000000321000863,01/03/1990,SAA3AS0010,10.0
032,112025,1000864,0,7405,3250891,2,4,1,1,0230000000321000864,01/02/1991,SA3AS0740100,100.0
032,112025,1000865,0,7404,3250928,2,1,1,1,0230000000321000865,01/01/1991,SAA1AS0003,3.0
032,112025,1000866,0,7405,3250965,2,1,1,1,0230000000321000866,01/02/1992,SAA2AS0025,25.0
032,112025,1000867,0,7403,3251002,2,1,1,1,0230000000321000867,01/03/1990,SAA1AS0010,10.0
032,112025,1000868,0,7403,3251039,2,1,1,1,0230000000321000868,01/01/1991,SAA1AS0010,10.0
032,112025,1000869,0,7403,3251076,2,1,1,1,0230000000321000869,01/05/1991,SAA1AS0005,5.0
032,112025,1000870,0,7405,3251113,2,1,1,1,0230000000321000870,01/01/1990,SA3AS1140010,10.0
032,112025,1000871,0,7405,3251150,2,1,1,1,0230000000321000871,01/01/1980,SA3AS0740150,150.0
032,112025,1000874,0,7404,3251224,2,1,1,1,0230000000321000874,01/08/1991,SA2AS1440005,5.0
032,112025,1000875,0,7405,3251261,2,1,1,1,0230000000321000875,01/03/2003,SAA3AS0030,30.0
032,112025,1000876,0,7405,3251298,2,1,1,1,0230000000321000876,01/07/1993,SAA2AS0015,15.0
032,112025,1000877,0,7403,3251335,2,1,1,1,0230000000321000877,01/03/1994,SAA1AS0010,10.0
032,112025,1000878,0,7404,3251372,2,1,1,1,0230000000321000878,01/06/1991,SA1AS1440005,5.0
032,112025,1000879,0,7404,3251409,2,1,1,1,0230000000321000879,01/07/1999,SA2AS1440005,5.0
032,112025,1000882,0,7404,3251483,2,1,1,1,0230000000321000882,01/08/1991,SA1AS0940015,15.0
032,112025,1000886,0,7404,3251557,2,4,1,1,0230000000321000886,01/01/1974,SA3AS0940015,15.0
032,112025,1000887,0,7405,3251594,2,1,1,1,0230000000321000887,01/01/1991,SAA1AS0005,5.0
032,112025,1000888,0,7405,3251631,2,1,1,1,0230000000321000888,01/05/1991,SAA1AS0005,5.0
032,112025,1000889,0,7404,3251668,2,1,1,1,0230000000321000889,01/01/1980,SA2AS1840003,3.0
032,112025,1000890,0,8409,3251705,2,1,1,1,0230000000321000890,01/03/1991,SAA2AS0005,5.0
032,112025,1000891,0,7405,3251742,2,1,1,1,0230000000321000891,01/03/1991,SAA3AS0045,45.0
032,112025,1000892,0,7403,3251779,2,1,1,1,0230000000321000892,01/07/1991,SAA1AS0015,15.0
032,112025,1000894,0,7405,3251816,2,1,1,1,0230000000321000894,01/05/1992,SAA2AS0010,10.0
032,112025,1000898,0,7404,3251853,2,1,1,1,0230000000321000898,01/08/1991,SAA1AS0005,5.0
032,112025,1000899,0,7404,3251890,2,1,1,1,0230000000321000899,01/03/1991,SAA1AS0010,10.0
032,112025,1000900,0,7404,3251927,2,1,1,1,0230000000321000900,01/08/1991,SAA1AS0003,3.0
032,112025,1000901,0,7404,3251964,2,1,1,1,0230000000321000901,01/08/1991,SAA2AS0005,5.0
032,112025,1000903,0,7405,3252001,2,1,1,1,0230000000321000903,01/03/1991,SAA2AS0003,3.0
032,112025,1000904,0,7404,3252038,2,1,1,1,0230000000321000904,01/06/1998,SAA2AS0005,5.0
032,112025,1000906,0,7405,3252075,2,1,1,1,0230000000321000906,01/03/1992,SAA1AS0010,10.0
032,112025,1000907,0,7405,3252112,2,1,1,1,0230000000321000907,01/05/1992,SA1AS1040010,10.0
032,112025,1000908,0,7405,3252149,2,1,1,1,0230000000321000908,01/04/1992,SAA1AS0003,3.0
032,112025,1000909,0,7403,3252186,2,1,1,1,0230000000321000909,01/03/1981,SAA3AS0010,10.0
032,112025,1000913,0,7403,3252260,2,1,1,1,0230000000321000913,01/08/1999,SAA2AS0025,25.0
032,112025,1000914,0,7403,3252297,2,1,1,1,0230000000321000914,01/02/1996,SAA2AS0010,10.0
032,112025,1000915,0,7403,3252334,2,1,1,1,0230000000321000915,01/05/1996,SAA2AS0010,10.0
032,112025,1000916,0,7403,3252371,2,1,1,1,0230000000321000916,01/07/1970,SAA2AS0010,10.0
032,112025,1000917,0,7403,3252408,2,1,1,1,0230000000321000917,01/05/1970,SAA2AS0010,10.0
032,112025,1000918,0,7405,3252445,2,1,1,1,0230000000321000918,01/02/1991,SA2AS1040015,15.0
032,112025,1000919,0,7405,3252482,2,4,1,1,0230000000321000919,01/06/1991,SA3AS1040030,30.0
032,112025,1000920,0,8416,3252519,2,1,1,1,0230000000321000920,01/07/1992,SAA1AS0010,10.0
032,112025,1000923,0,7404,39228945,2,1,1,1,0230000000321000923,31/03/2016,SA2AS1040025,25.0
032,112025,1000925,0,7404,3252593,2,1,1,1,0230000000321000925,01/03/1991,SA3AS0940015,15.0
032,112025,1000926,0,7403,3252630,2,1,1,1,0230000000321000926,01/04/1993,SAA1AS0010,10.0
032,112025,1000927,0,8416,3252667,2,1,1,1,0230000000321000927,01/03/1992,SA1AS1840003,3.0
032,112025,1000928,0,7405,3252704,2,1,1,1,0230000000321000928,01/08/1992,SAA1AS0010,10.0
032,112025,1000929,0,7405,3252741,2,1,1,1,0230000000321000929,01/02/1997,SAA2AS0005,5.0
032,112025,1000931,0,7403,3252815,2,1,1,1,0230000000321000931,01/09/1992,SAA1AS0010,10.0
032,112025,1000932,0,7405,3252852,2,1,1,1,0230000000321000932,01/04/1982,SAA1AS0005,5.0
032,112025,1000934,0,7405,3252889,2,1,1,1,0230000000321000934,01/03/1996,SAA2AS0005,5.0
032,112025,1000935,0,7405,3252926,2,1,1,1,0230000000321000935,01/06/1992,SAA2AS0003,3.0
032,112025,1000936,0,7403,3252963,2,1,1,1,0230000000321000936,01/08/1988,SAA1AS0005,5.0
032,112025,1000937,0,8416,3253000,2,1,1,1,0230000000321000937,01/06/1989,SA1AS1440005,5.0
032,112025,1000938,0,7403,3253037,2,1,1,1,0230000000321000938,01/06/1988,SA1AS1840003,3.0
032,112025,1000939,0,7403,3253074,2,1,1,1,0230000000321000939,01/01/1992,SA1AS1440005,5.0
032,112025,1000940,0,7404,3253111,2,1,1,1,0230000000321000940,01/06/1988,SAA1AS0003,3.0
032,112025,1000941,0,7405,3253148,2,1,1,1,0230000000321000941,01/03/1991,SA2AS1840003,3.0
032,112025,1000943,0,7403,3253185,2,1,1,1,0230000000321000943,01/01/1991,SAA2AS0003,3.0
032,112025,1000944,0,8416,3253222,2,1,1,1,0230000000321000944,01/04/1986,SAA1AS0005,5.0
032,112025,1000945,0,7405,3253259,2,1,1,1,0230000000321000945,01/06/1992,SA3AS1040030,30.0
032,112025,1000949,0,8416,3253296,2,1,1,1,0230000000321000949,01/03/1991,SAA2AS0010,10.0
032,112025,1000952,0,7404,3253370,2,1,1,1,0230000000321000952,01/07/1984,SAA3AS0010,10.0
032,112025,1000953,0,7403,3253407,2,1,1,1,0230000000321000953,01/01/1991,SAA3AS0050,50.0
032,112025,1000954,0,7405,3253444,2,1,1,1,0230000000321000954,01/08/1992,SAA3AS0025,25.0
032,112025,1000956,0,7404,3253518,2,1,1,1,0230000000321000956,01/03/1992,SA3AS0940015,15.0
032,112025,1000957,0,8409,3253555,2,1,1,1,0230000000321000957,01/05/1996,SAA2AS0003,3.0
032,112025,1000959,0,7403,3253592,2,1,1,1,0230000000321000959,01/06/1992,SAA1AS0005,5.0
032,112025,1000961,0,8409,3253629,2,1,1,1,0230000000321000961,01/02/1989,SAA2AS0010,10.0
032,112025,1000963,0,7404,3253666,2,1,1,1,0230000000321000963,01/01/1992,SAA2AS0003,3.0
032,112025,1000964,0,7403,3253703,2,1,1,1,0230000000321000964,01/05/1994,SAA1AS0010,10.0
032,112025,1000966,0,7404,3253777,2,1,1,1,0230000000321000966,01/03/1992,SAA3AS0050,50.0
032,112025,1000967,0,7405,3253814,2,1,1,1,0230000000321000967,01/01/1991,SAA2AS0010,10.0
032,112025,1000968,0,8409,3253851,2,1,1,1,0230000000321000968,01/02/1992,SAA2AS0003,3.0
032,112025,1000969,0,7404,3253888,2,4,1,1,0230000000321000969,01/04/1981,SAA3AS0150,150.0
032,112025,1000972,0,8416,3253925,2,1,1,1,0230000000321000972,01/02/1992,SA1AS1840003,3.0
032,112025,1000973,0,7403,3253962,2,1,1,1,0230000000321000973,01/01/1987,SAA1AS0003,3.0
032,112025,1000974,0,7405,3253999,2,1,1,1,0230000000321000974,01/08/1985,SAA2AS0005,5.0
032,112025,1000975,0,7405,3254036,2,1,1,1,0230000000321000975,01/03/1999,SAA2AS0003,3.0
032,112025,1000976,0,7405,3254073,2,4,1,1,0230000000321000976,01/05/1987,SA3AS0840075,75.0
032,112025,1000977,0,7406,3254110,2,1,1,1,0230000000321000977,01/04/1987,SAA1AS0003,3.0
032,112025,1000978,0,7404,3254147,2,1,1,1,0230000000321000978,01/06/1992,SAA2AS0010,10.0
032,112025,1000979,0,8409,3254184,2,1,1,1,0230000000321000979,01/07/1988,SAA1AS0005,5.0
032,112025,1000980,0,8409,3254221,2,1,1,1,0230000000321000980,01/03/1993,SAA1AS0005,5.0
032,112025,1000982,0,8409,3254295,2,1,1,1,0230000000321000982,01/08/1991,SAA2AS0010,10.0
032,112025,1000983,0,7405,3254332,2,1,1,1,0230000000321000983,01/03/1994,SAA2AS0005,5.0
032,112025,1000988,0,7405,3254406,2,1,1,1,0230000000321000988,01/08/1993,SAA1AS0003,3.0
032,112025,1000989,0,7405,3254443,2,1,1,1,0230000000321000989,01/01/1993,SAA1AS0005,5.0
032,112025,1000990,0,7405,3254480,2,1,1,1,0230000000321000990,01/09/1993,SAA1AS0003,3.0
032,112025,1000991,0,7405,3254517,2,1,1,1,0230000000321000991,01/03/1993,SAA1AS0003,3.0
032,112025,1000992,0,7405,3254554,2,1,1,1,0230000000321000992,01/02/1993,SAA1AS0003,3.0
032,112025,1000993,0,7404,3254591,2,1,1,1,0230000000321000993,01/05/1993,SAA1AS0010,10.0
032,112025,1000996,0,7404,3254665,2,1,1,1,0230000000321000996,01/06/1998,SAA1AS0003,3.0
032,112025,1000997,0,7404,3254702,2,1,1,1,0230000000321000997,01/05/1993,SAA1AS0010,10.0
032,112025,1000998,0,8409,3254739,2,1,1,1,0230000000321000998,01/06/1992,SAA1AS0003,3.0
032,112025,1000999,0,7404,3254776,2,1,1,1,0230000000321000999,01/07/1996,SA3AS0840075,75.0
032,112025,1001001,0,7404,3254813,2,1,1,1,0230000000321001001,01/03/1994,SAA1AS0010,10.0
032,112025,1001002,0,7404,3254850,2,1,1,1,0230000000321001002,01/06/1993,SAA1AS0003,3.0
032,112025,1001003,0,8409,3254887,2,1,1,1,0230000000321001003,01/01/1994,SAA2AS0003,3.0
032,112025,1001004,0,7403,3254924,2,1,1,1,0230000000321001004,01/09/1999,SAA2AS0015,15.0
032,112025,1001005,0,8409,3254961,2,1,1,1,0230000000321001005,01/03/1993,SAA1AS0003,3.0
032,112025,1001006,0,8409,3254998,2,1,1,1,0230000000321001006,01/08/1985,SAA1AS0005,5.0
032,112025,1001007,0,8409,3255035,2,1,1,1,0230000000321001007,01/06/1993,SAA1AS0005,5.0
032,112025,1001009,0,7403,3255072,2,1,1,1,0230000000321001009,01/04/1994,SAA1AS0010,10.0
032,112025,1001011,0,7403,3255109,2,1,1,1,0230000000321001011,01/01/1993,SAA1AS0005,5.0
032,112025,1001012,0,7403,3255146,2,1,1,1,0230000000321001012,01/09/1993,SAA1AS0005,5.0
032,112025,1001013,0,7403,3255183,2,1,1,1,0230000000321001013,01/07/1986,SAA1AS0005,5.0
032,112025,1001015,0,7403,3255220,2,1,1,1,0230000000321001015,01/03/1988,SAA2AS0005,5.0
032,112025,1001016,0,7403,3255257,2,1,1,1,0230000000321001016,01/03/1988,SAA1AS0005,5.0
032,112025,1001017,0,7403,3255294,2,1,1,1,0230000000321001017,01/03/1991,SAA1AS0010,10.0
032,112025,1001019,0,7403,3255368,2,1,1,1,0230000000321001019,01/09/1993,SAA1AS0003,3.0
032,112025,1001020,0,7405,3255405,2,1,1,1,0230000000321001020,01/09/1992,SAA3AS0030,30.0
032,112025,1001023,0,7404,3255442,2,1,1,1,0230000000321001023,01/02/1998,SAA1AS0005,5.0
032,112025,1001025,0,7405,3255516,2,1,1,1,0230000000321001025,01/07/1993,SA1AS1840003,3.0
032,112025,1001026,0,7405,3255553,2,1,1,1,0230000000321001026,01/08/1993,SAA1AS0005,5.0
032,112025,1001027,0,7405,3255590,2,1,1,1,0230000000321001027,01/06/1993,SAA1AS0003,3.0
032,112025,1001028,0,7405,3255627,2,1,1,1,0230000000321001028,01/05/1993,SAA2AS0005,5.0
032,112025,1001030,0,7403,3255701,2,1,1,1,0230000000321001030,01/02/1993,SAA1AS0010,10.0
032,112025,1001031,0,7405,3255738,2,1,1,1,0230000000321001031,01/03/1993,SA1AS1840003,3.0
032,112025,1001034,0,7404,3255812,2,1,1,1,0230000000321001034,01/04/1991,SA1AS1840003,3.0
032,112025,1001037,0,8409,3255849,2,1,1,1,0230000000321001037,01/01/1993,SAA1AS0005,5.0
032,112025,1001038,0,7403,3255886,2,1,1,1,0230000000321001038,01/02/1999,SAA2AS0010,10.0
032,112025,1001040,0,7404,3255923,2,1,1,1,0230000000321001040,01/09/1983,SA2AS1040025,25.0
032,112025,1001041,0,7405,3255960,2,1,1,1,0230000000321001041,01/05/1993,SAA1AS0003,3.0
032,112025,1001044,0,8416,3255997,2,1,1,1,0230000000321001044,01/06/1984,SAA2AS0003,3.0
032,112025,1001045,0,7405,3256034,2,1,1,1,0230000000321001045,01/09/1993,SA3AS1540025,25.0
032,112025,1001047,0,7404,3256071,2,1,1,1,0230000000321001047,01/03/1964,SA3AS0940015,15.0
032,112025,1001048,0,8409,3256108,2,1,1,1,0230000000321001048,01/01/1995,SAA1AS0005,5.0
032,112025,1001049,0,8409,3256145,2,1,1,1,0230000000321001049,01/06/1980,SAA1AS0005,5.0
032,112025,1001051,0,8409,3256219,2,1,1,1,0230000000321001051,01/02/1996,SAA2AS0005,5.0
032,112025,1001054,0,7405,3256256,2,4,1,1,0230000000321001054,01/06/1990,SAA3AS0025,25.0
032,112025,1001055,0,7405,3256293,2,1,1,1,0230000000321001055,01/02/1960,SA2AS1440005,5.0
032,112025,1001056,0,7405,3256330,2,1,1,1,0230000000321001056,01/08/1987,SA3AS0840075,75.0
032,112025,1001057,0,7403,3256367,2,1,1,1,0230000000321001057,01/04/1980,SAA1AS0003,3.0
032,112025,1001058,0,7403,3256404,2,1,1,1,0230000000321001058,01/01/1991,SAA1AS0003,3.0
032,112025,1001060,0,7405,3256478,2,1,1,1,0230000000321001060,01/01/1981,SA3AS0940015,15.0
032,112025,1001061,0,7403,3256515,2,1,1,1,0230000000321001061,01/06/1993,SAA2AS0015,15.0
032,112025,1001062,0,7403,3256552,2,1,1,1,0230000000321001062,01/04/1993,SAA1AS0005,5.0
032,112025,1001063,0,7403,3256589,2,1,1,1,0230000000321001063,01/01/1994,SAA2AS0005,5.0
032,112025,1001064,0,7403,3256626,2,1,1,1,0230000000321001064,01/09/1969,SAA2AS0010,10.0
032,112025,1001065,0,7403,3256663,2,1,1,1,0230000000321001065,01/09/1988,SAA1AS0003,3.0
032,112025,1001066,0,7403,3256700,2,1,1,1,0230000000321001066,01/04/1969,SAA2AS0005,5.0
032,112025,1001067,0,7405,3256737,2,4,1,1,0230000000321001067,01/01/1998,SAA3AS0025,25.0
032,112025,1001070,0,7405,3256774,2,1,1,1,0230000000321001070,01/06/1992,SAA1AS0010,10.0
032,112025,1001071,0,7405,3256811,2,1,1,1,0230000000321001071,01/01/1993,SAA1AS0005,5.0
032,112025,1001072,0,8409,3256848,2,1,1,1,0230000000321001072,01/01/1993,SAA1AS0003,3.0
032,112025,1001073,0,7405,3256885,2,1,1,1,0230000000321001073,01/08/1994,SA2AS1440005,5.0
032,112025,1001074,0,7403,3256922,2,1,1,1,0230000000321001074,01/01/1993,SAA2AS0015,15.0
032,112025,1001076,0,7404,3256959,2,1,1,1,0230000000321001076,01/04/1990,SAA2AS0010,10.0
032,112025,1001077,0,7404,3256996,2,1,1,1,0230000000321001077,01/03/1973,SA1AS1040010,10.0
032,112025,1001078,0,7405,3257033,2,1,1,1,0230000000321001078,01/01/1957,SAA3AS0005,5.0
032,112025,1001080,0,7403,3257070,2,1,1,1,0230000000321001080,01/01/1993,SAA2AS0025,25.0
032,112025,1001084,0,7403,3257144,2,1,1,1,0230000000321001084,01/04/1986,SAA1AS0010,10.0
032,112025,1001085,0,7405,3257181,2,1,1,1,0230000000321001085,01/08/1991,SAA2AS0005,5.0
032,112025,1001086,0,8416,3257218,2,1,1,1,0230000000321001086,01/01/1994,SAA2AS0010,10.0
032,112025,1001088,0,8416,3257255,2,1,1,1,0230000000321001088,01/07/1998,SAA2AS0010,10.0
032,112025,1001090,0,7405,3257329,2,1,1,1,0230000000321001090,01/05/1993,SAA3AS0030,30.0
032,112025,1001091,0,7403,3257366,2,1,1,1,0230000000321001091,01/04/1994,SAA2AS0010,10.0
032,112025,1001093,0,7403,3257403,2,1,1,1,0230000000321001093,01/07/1994,SA2AS1440005,5.0
032,112025,1001094,0,7405,3257440,2,1,1,1,0230000000321001094,01/09/1967,SAA3AS0010,10.0
032,112025,1001097,0,8409,3257514,2,1,1,1,0230000000321001097,01/09/1994,SAA1AS0003,3.0
032,112025,1001098,0,7404,10249791,2,1,1,1,0230000000321001098,07/04/2007,SA1AS1040010,10.0
032,112025,1001100,0,7404,10434633,2,1,1,1,0230000000321001100,23/02/2008,SA2AS1840003,3.0
032,112025,1001102,0,7404,10348551,2,1,1,1,0230000000321001102,07/04/2007,SA1AS1040010,10.0
032,112025,1001103,0,8409,10146923,2,1,1,1,0230000000321001103,28/09/2007,SA2AS1440005,5.0
032,112025,1001104,0,7405,5672704,2,1,1,1,0230000000321001104,24/08/2007,SAA2AS0025,25.0
032,112025,1001105,0,7405,5681172,2,1,1,1,0230000000321001105,09/01/2007,SAA3AS0075,75.0
032,112025,1001106,0,7404,5685495,2,1,1,1,0230000000321001106,25/04/2007,SAA2AS0025,25.0
032,112025,1001107,0,7405,5702603,2,1,1,1,0230000000321001107,14/09/2007,SA2AS1840003,3.0
032,112025,1001109,0,7405,10211323,2,1,1,1,0230000000321001109,31/12/2014,SAA1AS0002,1.5
032,112025,1001110,0,8409,10219855,2,1,1,1,0230000000321001110,29/09/2007,SAA2AS0003,3.0
032,112025,1001111,0,7404,10241208,2,1,1,1,0230000000321001111,13/04/2007,SA2AS1440005,5.0
032,112025,1001112,0,7405,10245527,2,1,1,1,0230000000321001112,22/04/2007,SAA1AS0015,15.0
032,112025,1001113,0,8409,10275562,2,1,1,1,0230000000321001113,30/04/2007,SAA3AS0030,30.0
032,112025,1001114,0,7404,5707328,2,1,1,1,0230000000321001114,26/01/2007,SA2AS1040010,10.0
032,112025,1001115,0,7404,5707424,2,1,1,1,0230000000321001115,26/01/2007,SA2AS1040010,10.0
032,112025,1001116,0,7404,10185379,2,1,1,1,0230000000321001116,15/09/2007,SAA3AS0400,400.0
032,112025,1001117,0,7404,10279847,2,1,1,1,0230000000321001117,27/04/2007,SA2AS1840003,3.0
032,112025,1001118,0,7405,10288436,2,1,1,1,0230000000321001118,20/07/2007,SAA2AS0003,3.0
032,112025,1001119,0,8409,10292729,2,1,1,1,0230000000321001119,30/04/2007,SAA1AS0005,5.0
032,112025,1001120,0,7403,10301355,2,1,1,1,0230000000321001120,02/08/2007,SAA1AS0002,2.0
032,112025,1001121,0,7405,10305611,2,1,1,1,0230000000321001121,13/07/2007,SAA2AS0005,5.0
032,112025,1001123,0,7404,10327081,2,1,1,1,0230000000321001123,27/04/2007,SAA1AS0003,3.0
032,112025,1001124,0,7404,10391767,2,1,1,1,0230000000321001124,30/12/2006,SAA2AS0003,5.0
032,112025,1001125,0,7405,10335670,2,1,1,1,0230000000321001125,27/04/2007,SA2AS1040015,15.0
032,112025,1001126,0,7404,3258439,2,1,1,1,0230000000321001126,01/07/1999,SAA2AS0003,3.0
032,112025,1001127,0,7404,10344257,2,1,1,1,0230000000321001127,27/04/2007,SA1AS1040010,10.0
032,112025,1001128,0,7403,10352873,2,1,1,1,0230000000321001128,27/04/2007,SAA3AS0045,45.0
032,112025,1001129,0,8409,3258550,2,1,1,1,0230000000321001129,01/04/1988,SAA1AS0003,3.0
032,112025,1001131,0,8416,10361433,2,1,1,1,0230000000321001131,30/04/2007,SAA2AS0003,3.0
032,112025,1001132,0,8409,10322845,2,1,1,1,0230000000321001132,24/07/2007,SAA2AS0003,3.0
032,112025,1001133,0,8416,10374365,2,1,1,1,0230000000321001133,29/09/2007,SAA1AS0015,15.0
032,112025,1001137,0,7404,10430241,2,1,1,1,0230000000321001137,23/02/2007,SA2AS1440005,5.0
032,112025,1001139,0,7404,10447529,2,1,1,1,0230000000321001139,23/02/2007,SA1AS1140002,1.5
032,112025,1001140,0,7404,10451993,2,1,1,1,0230000000321001140,23/02/2007,SAA2AS0005,5.0
032,112025,1001141,0,7404,10460519,2,1,1,1,0230000000321001141,23/02/2007,SA2AS1440005,5.0
032,112025,1001142,0,7405,10486037,2,1,1,1,0230000000321001142,13/04/2007,SAA1AS0005,5.0
032,112025,1001143,0,7405,10511865,2,1,1,1,0230000000321001143,13/04/2007,SA1AS1440005,5.0
032,112025,1001144,0,7405,10524903,2,1,1,1,0230000000321001144,13/04/2007,SAA2AS0005,5.0
032,112025,1001145,0,7405,10529104,2,1,1,1,0230000000321001145,13/04/2007,SAA2AS0005,5.0
032,112025,1001146,0,7404,26820420,2,1,1,1,0230000000321001146,02/02/2012,SAA2AS0005,5.0
032,112025,1001147,0,7405,10232871,2,1,1,1,0230000000321001147,29/06/2007,SA2AS1440005,5.0
032,112025,1001150,0,8409,11473590,2,1,1,1,0230000000321001150,24/07/2007,SAA2AS0003,3.0
032,112025,1001151,0,7405,10538116,2,1,1,1,0230000000321001151,13/04/2007,SAA1AS0005,5.0
032,112025,1001155,0,7405,10541946,2,1,1,1,0230000000321001155,25/04/2007,SAA1AS0005,5.0
032,112025,1001156,0,7404,3259327,2,1,1,1,0230000000321001156,01/05/1995,SAA3AS0075,75.0
032,112025,1001157,0,7403,11405473,2,1,1,1,0230000000321001157,22/06/2007,SAA2AS0025,25.0
032,112025,1001158,0,7403,11407573,2,1,1,1,0230000000321001158,22/06/2007,SAA2AS0025,25.0
032,112025,1001159,0,7403,11409580,2,1,1,1,0230000000321001159,22/06/2007,SAA2AS0025,25.0
032,112025,1001160,0,7403,11411735,2,1,1,1,0230000000321001160,22/06/2007,SAA3AS0045,45.0
032,112025,1001161,0,7403,3259438,2,1,1,1,0230000000321001161,01/04/1993,SAA1AS0010,10.0
032,112025,1001167,0,7403,3259660,2,1,1,1,0230000000321001167,01/01/1988,SAA1AS0005,5.0
032,112025,1001168,0,7405,12117734,2,1,1,1,0230000000321001168,05/12/2008,SA1AS1440005,5.0
032,112025,1001169,0,8416,12233623,2,1,1,1,0230000000321001169,30/06/2008,SA2AS1040010,10.0
032,112025,1001170,0,7404,10988404,2,1,1,1,0230000000321001170,30/06/2008,SA2AS1040010,10.0
032,112025,1001172,0,7403,11001598,2,1,1,1,0230000000321001172,01/01/2008,SA3AS0940015,15.0
032,112025,1001173,0,7405,11040046,2,1,1,1,0230000000321001173,22/01/2008,SA2AS1040015,15.0
032,112025,1001174,0,8409,11031387,2,1,1,1,0230000000321001174,11/12/2008,SA2AS1840003,3.0
032,112025,1001175,0,7403,11014279,2,1,1,1,0230000000321001175,18/01/2008,SA2AS1040010,10.0
032,112025,1001176,0,7403,3259845,2,1,1,1,0230000000321001176,01/09/1985,SAA1AS0003,3.0
032,112025,1001177,0,7404,11190441,2,1,1,1,0230000000321001177,06/03/2008,SA2AS1040010,10.0
032,112025,1001180,0,7405,11234360,2,1,1,1,0230000000321001180,11/02/2008,SA3AS0840075,75.0
032,112025,1001181,0,7405,11234325,2,1,1,1,0230000000321001181,11/02/2008,SA3AS0740150,150.0
032,112025,1001182,0,7404,11293588,2,1,1,1,0230000000321001182,08/02/2008,SA2AS1440005,5.0
032,112025,1001183,0,8409,29917981,2,1,1,1,0230000000321001183,09/11/2012,SA2AS1040015,15.0
032,112025,1001184,0,8416,11306200,2,1,1,1,0230000000321001184,29/06/2008,SA2AS1040025,25.0
032,112025,1001187,0,7404,11641266,2,1,1,1,0230000000321001187,21/10/2008,SA2AS1040010,10.0
032,112025,1001190,0,8416,11301902,2,1,1,1,0230000000321001190,30/06/2008,SA1AS0940015,15.0
032,112025,1001191,0,8409,11654211,2,1,1,1,0230000000321001191,02/10/2008,SA1AS1040010,10.0
032,112025,1001192,0,7404,3260252,2,1,1,1,0230000000321001192,01/09/1998,SA2AS1840003,3.0
032,112025,1001194,0,7403,11885885,2,1,1,1,0230000000321001194,31/03/2008,SA2AS1440005,5.0
032,112025,1001195,0,7405,11894719,2,1,1,1,0230000000321001195,08/11/2008,SA2AS1840003,3.0
032,112025,1001212,0,7404,3260844,2,1,1,1,0230000000321001212,01/06/1996,SAA2AS0015,15.0
032,112025,1001213,0,7405,3260881,2,1,1,1,0230000000321001213,01/06/1997,SAA2AS0003,3.0
032,112025,1001216,0,7404,3260992,2,4,1,1,0230000000321001216,01/09/1993,SAA3AS0250,250.0
032,112025,1001219,0,7404,3257995,2,1,1,1,0230000000321001219,01/05/1994,SAA2AS0005,5.0
032,112025,1001223,0,8409,12577247,2,1,1,1,0230000000321001223,08/02/2008,SA1AS1440005,5.0
032,112025,1001227,0,7404,12336689,2,1,1,1,0230000000321001227,01/07/2009,SA3AS0840075,75.0
032,112025,1001228,0,7404,12362699,2,1,1,1,0230000000321001228,16/04/2009,SA3AS0940015,15.0
032,112025,1001230,0,7404,12383976,2,1,1,1,0230000000321001230,27/04/2009,SA1AS1040010,10.0
032,112025,1001232,0,8416,12353943,2,1,1,1,0230000000321001232,12/04/2009,SA1AS1440005,5.0
032,112025,1001233,0,7404,12405446,2,1,1,1,0230000000321001233,23/06/2009,SA2AS1440005,5.0
032,112025,1001235,0,7404,12426924,2,1,1,1,0230000000321001235,25/02/2009,SA1AS1540025,25.0
032,112025,1001236,0,7404,12435512,2,1,1,1,0230000000321001236,23/01/2009,SA2AS1040015,15.0
032,112025,1001239,0,7404,12835541,2,1,1,1,0230000000321001239,01/08/2009,SA1AS1540025,25.0
032,112025,1001240,0,7404,12835432,2,1,1,1,0230000000321001240,01/08/2009,SA3AS1040030,30.0
032,112025,1001241,0,7405,12894905,2,1,1,1,0230000000321001241,04/09/2009,SA1AS1540025,25.0
032,112025,1001242,0,8416,3315752,2,1,1,1,0230000000321001242,01/11/2006,SA3AS1040030,30.0
032,112025,1001243,0,7404,12312469,2,1,1,1,0230000000321001243,13/02/2009,SA2AS1840003,3.0
032,112025,1001244,0,7404,12312794,2,1,1,1,0230000000321001244,13/02/2009,SA2AS1440005,5.0
032,112025,1001245,0,7405,3261658,2,1,1,1,0230000000321001245,01/07/1996,SA2AS1440005,5.0
032,112025,1001253,0,7405,3261880,2,4,1,1,0230000000321001253,01/04/1996,SAA3AS0025,25.0
032,112025,1001255,0,8416,13474785,2,1,1,1,0230000000321001255,04/09/2009,SAA2AS0005,5.0
032,112025,1001256,0,7405,13478961,2,1,1,1,0230000000321001256,25/01/2009,SAA3AS0030,30.0
032,112025,1001260,0,7405,12761946,2,1,1,1,0230000000321001260,04/02/2009,SA2AS1440005,5.0
032,112025,1001261,0,7405,12766142,2,1,1,1,0230000000321001261,04/02/2009,SA2AS1440005,5.0
032,112025,1001262,0,7405,12774904,2,1,1,1,0230000000321001262,04/02/2009,SA2AS1440005,5.0
032,112025,1001263,0,7405,12787862,2,1,1,1,0230000000321001263,04/02/2009,SA2AS1440005,5.0
032,112025,1001264,0,7405,12788039,2,1,1,1,0230000000321001264,04/02/2009,SA2AS1440005,5.0
032,112025,1001266,0,7405,12749090,2,1,1,1,0230000000321001266,04/02/2009,SA2AS1440005,5.0
032,112025,1001267,0,7405,12723879,2,1,1,1,0230000000321001267,01/08/2009,SAA3AS0150,150.0
032,112025,1001268,0,7405,12757562,2,1,1,1,0230000000321001268,04/02/2009,SA2AS1440005,5.0
032,112025,1001269,0,7405,13227969,2,1,1,1,0230000000321001269,15/09/2009,SA2AS1040015,15.0
032,112025,1001270,0,7405,13228393,2,1,1,1,0230000000321001270,15/09/2009,SA3AS1040030,30.0
032,112025,1001271,0,7405,13228298,2,1,1,1,0230000000321001271,15/09/2009,SA3AS1040038,37.5
032,112025,1001272,0,8409,3262361,2,1,1,1,0230000000321001272,01/03/1996,SAA2AS0003,3.0
032,112025,1001273,0,8409,3262398,2,1,1,1,0230000000321001273,01/07/1991,SAA2AS0003,3.0
032,112025,1001274,0,7405,13938386,2,1,1,1,0230000000321001274,01/10/2009,SAA2AS0010,10.0
032,112025,1001275,0,7404,13959888,2,1,1,1,0230000000321001275,18/11/2009,SA2AS1440005,5.0
032,112025,1001276,0,7405,14015929,2,1,1,1,0230000000321001276,10/10/2009,SA3AS0740150,150.0
032,112025,1001277,0,7405,19134138,2,1,1,1,0230000000321001277,15/06/2010,SA3AS0840075,75.0
032,112025,1001278,0,7405,14045749,2,1,1,1,0230000000321001278,01/10/2009,SAA3AS0045,45.0
032,112025,1001279,0,8409,14054329,2,1,1,1,0230000000321001279,01/10/2009,SAA1AS0002,1.5
032,112025,1001281,0,7403,3262620,2,1,1,1,0230000000321001281,01/01/1996,SAA3AS0010,10.0
032,112025,1001282,0,7405,13268699,2,1,1,1,0230000000321001282,15/09/2009,SAA2AS0005,5.0
032,112025,1001283,0,7404,14092983,2,1,1,1,0230000000321001283,01/10/2009,SA2AS1440005,5.0
032,112025,1001284,0,8416,14153117,2,1,1,1,0230000000321001284,18/11/2009,SAA2AS0010,10.0
032,112025,1001285,0,8416,14303370,2,1,1,1,0230000000321001285,01/10/2009,SAA2AS0010,10.0
032,112025,1001286,0,7404,14290473,2,1,1,1,0230000000321001286,01/10/2009,SAA1AS0010,10.0
032,112025,1001287,0,8409,14230392,2,1,1,1,0230000000321001287,01/10/2009,SAA2AS0025,25.0
032,112025,1001288,0,7406,14204616,2,1,1,1,0230000000321001288,01/10/2009,SAA2AS0025,25.0
032,112025,1001289,0,7403,14200321,2,1,1,1,0230000000321001289,01/10/2009,SAA2AS0005,5.0
032,112025,1001291,0,7404,14281889,2,1,1,1,0230000000321001291,01/10/2009,SA2AS1040010,10.0
032,112025,1001292,0,7404,14281958,2,1,1,1,0230000000321001292,01/10/2009,SA2AS1840003,3.0
032,112025,1001293,0,8416,14174542,2,1,1,1,0230000000321001293,01/10/2009,SAA3AS0010,10.0
032,112025,1001294,0,8409,14307678,2,1,1,1,0230000000321001294,01/10/2009,SAA2AS0003,3.0
032,112025,1001295,0,8409,27241333,2,1,1,1,0230000000321001295,01/02/2012,SAA2AS0025,25.0
032,112025,1001296,0,7403,3263064,2,1,1,1,0230000000321001296,01/01/1997,SAA1AS0003,3.0
032,112025,1001297,0,7403,3263101,2,1,1,1,0230000000321001297,01/04/1997,SAA1AS0003,3.0
032,112025,1001298,0,7405,14350622,2,1,1,1,0230000000321001298,01/10/2009,SAA2AS0003,3.0
032,112025,1001299,0,8416,14376378,2,1,1,1,0230000000321001299,01/10/2009,SAA2AS0025,25.0
032,112025,1001301,0,8409,14367788,2,1,1,1,0230000000321001301,01/10/2009,SAA1AS0003,3.0
032,112025,1001302,0,7404,14397910,2,1,1,1,0230000000321001302,01/10/2009,SAA2AS0003,3.0
032,112025,1001304,0,7405,3263360,2,1,1,1,0230000000321001304,01/09/1997,SAA1AS0003,3.0
032,112025,1001307,0,7404,3263397,2,1,1,1,0230000000321001307,01/03/1997,SA2AS1840003,3.0
032,112025,1001308,0,7404,3263434,2,1,1,1,0230000000321001308,01/04/1996,SA2AS1040010,10.0
032,112025,1001311,0,7405,3263508,2,1,1,1,0230000000321001311,01/02/1996,SAA2AS0003,3.0
032,112025,1001312,0,7405,3263545,2,1,1,1,0230000000321001312,01/04/1997,SAA2AS0003,3.0
032,112025,1001314,0,7403,3263619,2,1,1,1,0230000000321001314,01/08/1999,SAA3AS0015,15.0
032,112025,1001315,0,7403,3263656,2,1,1,1,0230000000321001315,01/05/1991,SAA1AS0005,5.0
032,112025,1001318,0,7404,3263730,2,1,1,1,0230000000321001318,01/09/1996,SAA2AS0005,5.0
032,112025,1001319,0,7403,3263767,2,1,1,1,0230000000321001319,01/03/1997,SAA1AS0003,3.0
032,112025,1001325,0,7405,3263878,2,1,1,1,0230000000321001325,01/03/1995,SA3AS0940015,15.0
032,112025,1001330,0,7404,3263952,2,1,1,1,0230000000321001330,01/06/1996,SA2AS1840003,3.0
032,112025,1001331,0,8409,3263989,2,1,1,1,0230000000321001331,01/07/1997,SA2AS1840003,3.0
032,112025,1001332,0,8409,3264026,2,1,1,1,0230000000321001332,01/09/1997,SA2AS1840003,3.0
032,112025,1001333,0,7404,3264063,2,1,1,1,0230000000321001333,01/09/1997,SAA2AS0003,3.0
032,112025,1001334,0,7405,3264100,2,1,1,1,0230000000321001334,01/08/1996,SA2AS1440005,5.0
032,112025,1001335,0,7405,3264137,2,1,1,1,0230000000321001335,01/07/1997,SA2AS1840003,3.0
032,112025,1001336,0,7405,3264174,2,1,1,1,0230000000321001336,01/05/1997,SA2AS1840003,3.0
032,112025,1001337,0,7405,3264211,2,1,1,1,0230000000321001337,01/03/1996,SA2AS1840003,3.0
032,112025,1001338,0,7405,39606606,2,1,1,1,0230000000321001338,31/03/2016,SA2AS1040025,25.0
032,112025,1001339,0,7405,3264285,2,1,1,1,0230000000321001339,01/09/1997,SA2AS1840003,3.0
032,112025,1001340,0,7405,3264322,2,1,1,1,0230000000321001340,01/08/1993,SA1AS1840003,3.0
032,112025,1001341,0,7405,3264359,2,1,1,1,0230000000321001341,01/05/1996,SA2AS1440005,5.0
032,112025,1001342,0,7405,3264396,2,1,1,1,0230000000321001342,01/06/1996,SA2AS1840003,3.0
032,112025,1001343,0,7405,3264433,2,1,1,1,0230000000321001343,01/09/1996,SA2AS1440005,5.0
032,112025,1001345,0,7405,3264470,2,1,1,1,0230000000321001345,01/01/1995,SA2AS1840003,3.0
032,112025,1001346,0,7405,3264507,2,1,1,1,0230000000321001346,01/05/1996,SA2AS1840003,3.0
032,112025,1001347,0,7405,3264544,2,1,1,1,0230000000321001347,01/09/1996,SA2AS1840003,3.0
032,112025,1001348,0,7405,3264581,2,1,1,1,0230000000321001348,01/01/1996,SA2AS1840003,3.0
032,112025,1001349,0,7405,3264618,2,1,1,1,0230000000321001349,01/01/1997,SAA1AS0005,5.0
032,112025,1001350,0,7405,3264655,2,1,1,1,0230000000321001350,01/06/1996,SAA1AS0003,3.0
032,112025,1001351,0,7405,3264692,2,1,1,1,0230000000321001351,01/06/1996,SAA1AS0003,3.0
032,112025,1001353,0,7405,3264729,2,1,1,1,0230000000321001353,01/08/1996,SAA2AS0010,10.0
032,112025,1001354,0,7404,3264766,2,1,1,1,0230000000321001354,01/01/1994,SA2AS1440005,5.0
032,112025,1001355,0,7404,3264803,2,1,1,1,0230000000321001355,01/01/1996,SAA2AS0005,5.0
032,112025,1001358,0,7403,3264840,2,1,1,1,0230000000321001358,01/02/1997,SAA2AS0003,3.0
032,112025,1001360,0,7405,3264914,2,1,1,1,0230000000321001360,01/08/1992,SAA3AS0025,25.0
032,112025,1001362,0,7405,3264951,2,1,1,1,0230000000321001362,01/08/1998,SAA2AS0003,3.0
032,112025,1001364,0,7403,3265025,2,1,1,1,0230000000321001364,01/09/1996,SAA3AS0100,100.0
032,112025,1001365,0,8409,3265062,2,1,1,1,0230000000321001365,01/01/1997,SAA2AS0003,3.0
032,112025,1001367,0,7404,3265136,2,1,1,1,0230000000321001367,01/03/1989,SAA3AS0030,30.0
032,112025,1001368,0,7405,3265173,2,1,1,1,0230000000321001368,01/07/1996,SAA2AS0010,10.0
032,112025,1001369,0,8409,3265210,2,1,1,1,0230000000321001369,01/09/1974,SAA1AS0010,10.0
032,112025,1001370,0,7404,3265247,2,1,1,1,0230000000321001370,01/03/1970,SA1AS1040010,10.0
032,112025,1001372,0,7405,3265284,2,1,1,1,0230000000321001372,01/02/1996,SAA3AS0010,10.0
032,112025,1001373,0,7405,3265321,2,1,1,1,0230000000321001373,01/07/1997,SAA2AS0005,5.0
032,112025,1001374,0,7404,3265358,2,1,1,1,0230000000321001374,01/01/1997,SAA2AS0003,3.0
032,112025,1001376,0,7403,3265395,2,1,1,1,0230000000321001376,01/07/1997,SAA2AS0010,10.0
032,112025,1001378,0,7404,3265432,2,1,1,1,0230000000321001378,01/01/1997,SA1AS1040010,10.0
032,112025,1001379,0,7403,3265469,2,1,1,1,0230000000321001379,01/07/1997,SAA2AS0005,5.0
032,112025,1001380,0,7403,3265506,2,1,1,1,0230000000321001380,01/06/1997,SAA2AS0003,3.0
032,112025,1001381,0,7404,3265543,2,1,1,1,0230000000321001381,01/01/1997,SAA2AS0005,5.0
032,112025,1001382,0,7405,3265580,2,4,1,1,0230000000321001382,01/09/1999,SAA3AS0075,75.0
032,112025,1001383,0,7405,3265617,2,1,1,1,0230000000321001383,01/02/1997,SAA2AS0003,3.0
032,112025,1001384,0,7405,3265654,2,1,1,1,0230000000321001384,01/03/1997,SAA2AS0003,3.0
032,112025,1001385,0,7405,3265691,2,1,1,1,0230000000321001385,01/08/1997,SAA2AS0003,3.0
032,112025,1001387,0,7405,3265765,2,1,1,1,0230000000321001387,01/09/1997,SAA2AS0005,5.0
032,112025,1001388,0,7404,3265802,2,1,1,1,0230000000321001388,01/09/1998,SA2AS1840003,3.0
032,112025,1001390,0,7405,3265839,2,1,1,1,0230000000321001390,01/01/1999,SA2AS1840003,3.0
032,112025,1001391,0,7405,3265876,2,1,1,1,0230000000321001391,01/07/1996,SA2AS1840003,3.0
032,112025,1001392,0,7405,3265913,2,1,1,1,0230000000321001392,01/01/1997,SA2AS1440005,5.0
032,112025,1001393,0,7405,3265950,2,1,1,1,0230000000321001393,01/09/1997,SA2AS1840003,3.0
032,112025,1001394,0,7405,3265987,2,1,1,1,0230000000321001394,01/03/1997,SA2AS1840003,3.0
032,112025,1001395,0,7405,3266024,2,1,1,1,0230000000321001395,01/08/1997,SA2AS1840003,3.0
032,112025,1001396,0,7405,3266061,2,1,1,1,0230000000321001396,01/02/1997,SA2AS1840003,3.0
032,112025,1001398,0,7405,3266135,2,1,1,1,0230000000321001398,01/08/1984,SAA1AS0003,3.0
032,112025,1001399,0,7405,3266172,2,1,1,1,0230000000321001399,01/01/1997,SAA2AS0003,3.0
032,112025,1001400,0,7405,3266209,2,1,1,1,0230000000321001400,01/07/1997,SAA2AS0003,3.0
032,112025,1001402,0,7405,3266246,2,1,1,1,0230000000321001402,01/04/1997,SAA2AS0003,3.0
032,112025,1001403,0,7405,3266283,2,1,1,1,0230000000321001403,01/01/1995,SAA2AS0003,3.0
032,112025,1001405,0,7405,3266320,2,1,1,1,0230000000321001405,01/03/1997,SAA1AS0003,3.0
032,112025,1001406,0,7405,3266357,2,1,1,1,0230000000321001406,01/04/1997,SAA2AS0003,3.0
032,112025,1001407,0,7405,3266394,2,1,1,1,0230000000321001407,01/04/1997,SAA2AS0005,5.0
032,112025,1001409,0,7403,3266431,2,1,1,1,0230000000321001409,01/09/1987,SAA1AS0003,3.0
032,112025,1001411,0,7405,3266468,2,1,1,1,0230000000321001411,01/09/1997,SAA2AS0005,5.0
032,112025,1001412,0,7405,3266505,2,4,1,1,0230000000321001412,01/07/1997,SAA3AS0045,45.0
032,112025,1001413,0,7405,3266542,2,1,1,1,0230000000321001413,01/08/1997,SA2AS1440005,5.0
032,112025,1001414,0,7405,3266579,2,1,1,1,0230000000321001414,01/06/1997,SA2AS1840003,3.0
032,112025,1001415,0,7405,3266616,2,1,1,1,0230000000321001415,01/07/1988,SA1AS1440005,5.0
032,112025,1001419,0,7404,3266653,2,1,1,1,0230000000321001419,01/01/1996,SAA1AS0005,5.0
032,112025,1001420,0,8416,3266690,2,1,1,1,0230000000321001420,01/06/1996,SAA1AS0005,5.0
032,112025,1001422,0,7403,3266727,2,1,1,1,0230000000321001422,01/04/1997,SAA2AS0010,10.0
032,112025,1001423,0,7404,3266764,2,1,1,1,0230000000321001423,01/04/1997,SAA2AS0005,5.0
032,112025,1001424,0,7405,3266801,2,1,1,1,0230000000321001424,01/04/1987,SAA3AS0075,75.0
032,112025,1001426,0,7405,3266838,2,1,1,1,0230000000321001426,01/01/1999,SAA2AS0005,5.0
032,112025,1001427,0,8409,3266875,2,1,1,1,0230000000321001427,01/01/1996,SAA2AS0010,10.0
032,112025,1001428,0,8409,3266912,2,1,1,1,0230000000321001428,01/03/1997,SAA2AS0010,10.0
032,112025,1001429,0,8409,3266949,2,1,1,1,0230000000321001429,01/03/1984,SAA2AS0005,5.0
032,112025,1001430,0,7405,3266986,2,1,1,1,0230000000321001430,01/07/1997,SAA2AS0005,5.0
032,112025,1001431,0,7405,3267023,2,1,1,1,0230000000321001431,01/05/1997,SAA2AS0005,5.0
032,112025,1001432,0,7404,3267060,2,1,1,1,0230000000321001432,01/05/1999,SAA2AS0003,3.0
032,112025,1001433,0,7404,3267097,2,1,1,1,0230000000321001433,01/09/1999,SAA2AS0003,3.0
032,112025,1001434,0,7404,3267134,2,1,1,1,0230000000321001434,01/07/1999,SAA2AS0003,3.0
032,112025,1001437,0,7405,3267171,2,1,1,1,0230000000321001437,01/09/1981,SA3AS1140010,10.0
032,112025,1001438,0,7404,3267208,2,1,1,1,0230000000321001438,01/02/1998,SAA2AS0025,25.0
032,112025,1001439,0,7404,3267245,2,1,1,1,0230000000321001439,01/08/1993,SAA3AS0030,30.0
032,112025,1001443,0,7403,3267319,2,1,1,1,0230000000321001443,01/03/1998,SAA2AS0010,10.0
032,112025,1001445,0,8416,3267356,2,1,1,1,0230000000321001445,01/03/1997,SAA1AS0015,15.0
032,112025,1001449,0,8416,3267393,2,1,1,1,0230000000321001449,01/07/1998,SAA2AS0003,3.0
032,112025,1001451,0,7405,3267430,2,1,1,1,0230000000321001451,01/07/1998,SAA2AS0015,15.0
032,112025,1001453,0,7405,3267504,2,1,1,1,0230000000321001453,01/06/1997,SA2AS1840003,3.0
032,112025,1001455,0,7405,3267578,2,1,1,1,0230000000321001455,11/04/2014,SAA2AS0003,3.0
032,112025,1001457,0,7405,3267615,2,1,1,1,0230000000321001457,01/04/1998,SAA3AS0030,30.0
032,112025,1001458,0,7404,3267652,2,4,1,1,0230000000321001458,01/01/1998,SAA3AS0030,30.0
032,112025,1001459,0,7405,3267689,2,4,1,1,0230000000321001459,01/05/1998,SA3AS0840045,45.0
032,112025,1001460,0,7404,3267726,2,1,1,1,0230000000321001460,01/03/1998,SA3AS0840045,45.0
032,112025,1001463,0,7404,3267800,2,1,1,1,0230000000321001463,01/01/1988,SAA1AS0003,3.0
032,112025,1001465,0,7403,3267837,2,4,1,1,0230000000321001465,01/07/1998,SAA3AS0030,30.0
032,112025,1001466,0,7405,3267874,2,1,1,1,0230000000321001466,01/07/1990,SAA1AS0005,5.0
032,112025,1001467,0,8409,3267911,2,1,1,1,0230000000321001467,01/04/1973,SAA2AS0003,3.0
032,112025,1001468,0,8409,3267948,2,1,1,1,0230000000321001468,01/12/1999,SAA3AS0015,15.0
032,112025,1001470,0,7404,3267985,2,1,1,1,0230000000321001470,01/07/1998,SAA2AS0003,3.0
032,112025,1001471,0,8409,3268022,2,1,1,1,0230000000321001471,01/04/1998,SAA2AS0003,3.0
032,112025,1001472,0,7404,3268059,2,1,1,1,0230000000321001472,01/06/1998,SAA2AS0003,3.0
032,112025,1001473,0,8409,3268096,2,1,1,1,0230000000321001473,01/02/1997,SAA2AS0003,3.0
032,112025,1001474,0,8416,3268133,2,1,1,1,0230000000321001474,01/05/1998,SAA2AS0003,3.0
032,112025,1001476,0,8409,3268170,2,1,1,1,0230000000321001476,01/07/1997,SAA2AS0003,3.0
032,112025,1001477,0,8409,3268207,2,1,1,1,0230000000321001477,01/09/1997,SAA2AS0003,3.0
032,112025,1001480,0,7403,3268244,2,4,1,1,0230000000321001480,01/05/1998,SAA3AS0030,30.0
032,112025,1001481,0,7403,3268281,2,1,1,1,0230000000321001481,01/05/1998,SAA2AS0005,5.0
032,112025,1001482,0,8409,3268318,2,1,1,1,0230000000321001482,01/09/1998,SAA2AS0003,3.0
032,112025,1001483,0,8409,3268355,2,1,1,1,0230000000321001483,01/08/1998,SAA2AS0003,3.0
032,112025,1001486,0,8409,3268392,2,1,1,1,0230000000321001486,01/08/1998,SAA2AS0003,3.0
032,112025,1001487,0,8409,3268429,2,1,1,1,0230000000321001487,01/01/1998,SAA2AS0003,3.0
032,112025,1001488,0,8409,3268466,2,1,1,1,0230000000321001488,01/05/1998,SAA2AS0003,3.0
032,112025,1001490,0,8409,3268540,2,1,1,1,0230000000321001490,01/08/1973,SAA1AS0005,5.0
032,112025,1001491,0,8409,42804334,2,1,1,1,0230000000321001491,18/08/2016,SA2AS1440005,5.0
032,112025,1001493,0,8409,3268614,2,1,1,1,0230000000321001493,01/06/1998,SAA2AS0003,3.0
032,112025,1001494,0,8409,3268651,2,1,1,1,0230000000321001494,01/03/1998,SAA2AS0003,3.0
032,112025,1001496,0,8409,3268725,2,1,1,1,0230000000321001496,01/01/1998,SAA2AS0003,3.0
032,112025,1001497,0,8409,3268762,2,1,1,1,0230000000321001497,01/02/1998,SAA2AS0003,3.0
032,112025,1001498,0,8409,3268799,2,1,1,1,0230000000321001498,01/09/1998,SAA2AS0005,5.0
032,112025,1001499,0,8409,3268836,2,1,1,1,0230000000321001499,01/07/1973,SAA1AS0005,5.0
032,112025,1001500,0,8409,3268873,2,1,1,1,0230000000321001500,01/05/1987,SAA1AS0003,3.0
032,112025,1001502,0,8409,3268910,2,1,1,1,0230000000321001502,01/02/1998,SAA1AS0003,3.0
032,112025,1001503,0,8409,3268947,2,1,1,1,0230000000321001503,01/04/1998,SAA2AS0003,3.0
032,112025,1001505,0,8409,3268984,2,1,1,1,0230000000321001505,01/01/1998,SAA2AS0003,3.0
032,112025,1001506,0,8409,3269021,2,1,1,1,0230000000321001506,01/04/1998,SAA2AS0003,3.0
032,112025,1001507,0,8409,3269058,2,1,1,1,0230000000321001507,01/02/1998,SAA2AS0003,3.0
032,112025,1001508,0,8409,3269095,2,1,1,1,0230000000321001508,01/05/1998,SAA2AS0003,3.0
032,112025,1001509,0,8409,3269132,2,1,1,1,0230000000321001509,01/06/1998,SAA2AS0003,3.0
032,112025,1001510,0,8409,3269169,2,1,1,1,0230000000321001510,01/01/1998,SAA2AS0003,3.0
032,112025,1001511,0,8409,3269206,2,1,1,1,0230000000321001511,01/04/1998,SAA2AS0003,3.0
032,112025,1001512,0,8409,3269243,2,1,1,1,0230000000321001512,01/04/1998,SAA2AS0003,3.0
032,112025,1001513,0,8409,3269280,2,1,1,1,0230000000321001513,01/09/1998,SAA2AS0003,3.0
032,112025,1001514,0,8409,3269317,2,1,1,1,0230000000321001514,01/05/1998,SAA2AS0003,3.0
032,112025,1001515,0,8409,3269354,2,1,1,1,0230000000321001515,01/03/1998,SAA2AS0003,3.0
032,112025,1001516,0,8409,3269391,2,1,1,1,0230000000321001516,01/09/1998,SAA2AS0003,3.0
032,112025,1001517,0,8409,3269428,2,1,1,1,0230000000321001517,01/01/1998,SAA2AS0003,3.0
032,112025,1001520,0,8409,3269502,2,1,1,1,0230000000321001520,01/09/1998,SAA2AS0003,3.0
032,112025,1001521,0,8409,3269539,2,1,1,1,0230000000321001521,01/01/1998,SAA2AS0003,3.0
032,112025,1001522,0,8409,3269576,2,1,1,1,0230000000321001522,01/01/1998,SAA2AS0003,3.0
032,112025,1001523,0,8409,3269613,2,1,1,1,0230000000321001523,01/01/1998,SAA2AS0003,3.0
032,112025,1001525,0,8409,3269650,2,1,1,1,0230000000321001525,01/09/1998,SAA2AS0003,3.0
032,112025,1001526,0,8409,3269687,2,1,1,1,0230000000321001526,01/07/1998,SAA2AS0003,3.0
032,112025,1001527,0,8409,3269724,2,1,1,1,0230000000321001527,01/06/1998,SAA2AS0003,3.0
032,112025,1001528,0,8409,41653705,2,1,1,1,0230000000321001528,22/06/2016,SA2AS1840003,25.0
032,112025,1001530,0,8416,3269798,2,1,1,1,0230000000321001530,01/01/1998,SAA2AS0003,3.0
032,112025,1001531,0,8409,3269835,2,1,1,1,0230000000321001531,01/01/1998,SAA2AS0003,3.0
032,112025,1001533,0,8416,3269872,2,1,1,1,0230000000321001533,01/03/1998,SAA2AS0003,3.0
032,112025,1001537,0,8416,3269946,2,1,1,1,0230000000321001537,01/07/1998,SAA2AS0003,3.0
032,112025,1001538,0,8409,3269983,2,1,1,1,0230000000321001538,01/07/1998,SA2AS1840003,3.0
032,112025,1001540,0,8409,3270020,2,1,1,1,0230000000321001540,01/09/1998,SAA2AS0003,3.0
032,112025,1001541,0,8409,3270057,2,1,1,1,0230000000321001541,01/08/1998,SAA2AS0003,3.0
032,112025,1001542,0,8409,3270094,2,1,1,1,0230000000321001542,01/07/1997,SAA2AS0003,3.0
032,112025,1001543,0,8409,3270131,2,1,1,1,0230000000321001543,01/09/1998,SAA2AS0003,3.0
032,112025,1001544,0,8409,3270168,2,1,1,1,0230000000321001544,01/05/1998,SAA2AS0003,3.0
032,112025,1001545,0,8409,3270205,2,1,1,1,0230000000321001545,01/02/1998,SAA2AS0003,3.0
032,112025,1001546,0,8409,3270242,2,1,1,1,0230000000321001546,01/01/1997,SAA2AS0003,3.0
032,112025,1001547,0,8409,3270279,2,1,1,1,0230000000321001547,01/08/1998,SAA2AS0010,10.0
032,112025,1001549,0,8409,3270316,2,1,1,1,0230000000321001549,01/08/1998,SAA2AS0003,3.0
032,112025,1001550,0,8409,3270353,2,1,1,1,0230000000321001550,01/03/1998,SAA2AS0003,3.0
032,112025,1001552,0,8409,3270390,2,1,1,1,0230000000321001552,01/06/1998,SAA2AS0003,3.0
032,112025,1001553,0,8409,3270427,2,1,1,1,0230000000321001553,01/01/1997,SAA2AS0003,3.0
032,112025,1001554,0,8409,3270464,2,1,1,1,0230000000321001554,01/06/1998,SAA2AS0003,3.0
032,112025,1001555,0,8409,3270501,2,1,1,1,0230000000321001555,01/08/1999,SAA2AS0010,10.0
032,112025,1001556,0,8409,3270538,2,1,1,1,0230000000321001556,01/01/1998,SAA2AS0003,3.0
032,112025,1001558,0,8409,3270575,2,1,1,1,0230000000321001558,01/09/1998,SAA2AS0003,3.0
032,112025,1001559,0,8409,3270612,2,1,1,1,0230000000321001559,01/04/1998,SAA2AS0003,3.0
032,112025,1001560,0,8409,3270649,2,1,1,1,0230000000321001560,01/07/1998,SAA2AS0003,3.0
032,112025,1001561,0,8409,3270686,2,1,1,1,0230000000321001561,01/08/1998,SAA2AS0003,3.0
032,112025,1001562,0,8409,3270723,2,1,1,1,0230000000321001562,01/01/1998,SAA2AS0003,3.0
032,112025,1001563,0,7404,3270760,2,1,1,1,0230000000321001563,01/01/1998,SA1AS1440005,5.0
032,112025,1001564,0,7405,3270797,2,1,1,1,0230000000321001564,01/01/1999,SAA2AS0005,5.0
032,112025,1001565,0,7404,3270834,2,1,1,1,0230000000321001565,01/05/1994,SA1AS1440005,5.0
032,112025,1001572,0,7403,3270945,2,4,1,1,0230000000321001572,01/06/1997,SAA3AS0150,150.0
032,112025,1001575,0,7405,3271019,2,1,1,1,0230000000321001575,01/04/1996,SAA1AS0005,5.0
032,112025,1001576,0,7405,3271056,2,4,1,1,0230000000321001576,01/04/1989,SA3AS0740100,100.0
032,112025,1001577,0,8409,3271093,2,1,1,1,0230000000321001577,01/06/1998,SAA2AS0003,3.0
032,112025,1001578,0,8416,3271130,2,1,1,1,0230000000321001578,01/07/1998,SAA2AS0003,3.0
032,112025,1001579,0,8409,3271167,2,1,1,1,0230000000321001579,01/01/1998,SAA2AS0003,3.0
032,112025,1001580,0,8409,3271204,2,1,1,1,0230000000321001580,01/09/1998,SAA2AS0003,3.0
032,112025,1001581,0,8409,3271241,2,1,1,1,0230000000321001581,01/04/1998,SAA2AS0003,3.0
032,112025,1001582,0,8409,3271278,2,1,1,1,0230000000321001582,01/08/1998,SAA2AS0003,3.0
032,112025,1001583,0,8409,3271315,2,1,1,1,0230000000321001583,01/03/1998,SA2AS1840003,3.0
032,112025,1001586,0,7405,3271352,2,4,1,1,0230000000321001586,01/05/1998,SAA3AS0045,45.0
032,112025,1001590,0,7404,3271389,2,1,1,1,0230000000321001590,01/09/1997,SAA1AS0005,5.0
032,112025,1001592,0,8416,3271426,2,1,1,1,0230000000321001592,01/02/1991,SAA1AS0003,3.0
032,112025,1001596,0,8416,3271463,2,1,1,1,0230000000321001596,01/01/1973,SAA1AS0005,5.0
032,112025,1001599,0,8416,3271500,2,1,1,1,0230000000321001599,01/01/1997,SAA1AS0005,5.0
032,112025,1001600,0,8416,3271537,2,1,1,1,0230000000321001600,01/07/1974,SAA1AS0005,5.0
032,112025,1001601,0,8416,3271574,2,1,1,1,0230000000321001601,01/03/1997,SAA1AS0005,5.0
032,112025,1001602,0,8416,3271611,2,1,1,1,0230000000321001602,01/07/1997,SAA1AS0005,5.0
032,112025,1001605,0,8416,3271685,2,1,1,1,0230000000321001605,01/08/1986,SAA1AS0005,5.0
032,112025,1001606,0,7405,3271722,2,1,1,1,0230000000321001606,01/09/1987,SAA1AS0003,3.0
032,112025,1001612,0,7405,3271833,2,1,1,1,0230000000321001612,01/02/1998,SAA2AS0015,15.0
032,112025,1001613,0,8416,3271870,2,1,1,1,0230000000321001613,01/09/1996,SAA1AS0010,10.0
032,112025,1001614,0,8416,3271907,2,1,1,1,0230000000321001614,01/02/1974,SAA1AS0003,3.0
032,112025,1001615,0,8416,3271944,2,1,1,1,0230000000321001615,01/01/1998,SAA2AS0010,10.0
032,112025,1001616,0,8409,3271981,2,1,1,1,0230000000321001616,01/06/1999,SAA2AS0003,3.0
032,112025,1001617,0,7404,3272018,2,1,1,1,0230000000321001617,01/08/1998,SA2AS1440005,5.0
032,112025,1001618,0,7404,3272055,2,4,1,1,0230000000321001618,01/01/1981,SAA3AS0150,150.0
032,112025,1001621,0,7405,3272092,2,1,1,1,0230000000321001621,01/08/1977,SA2AS1440005,5.0
032,112025,1001622,0,7404,3272129,2,1,1,1,0230000000321001622,01/08/1998,SAA2AS0010,10.0
032,112025,1001625,0,7404,3272166,2,4,1,1,0230000000321001625,01/04/1997,SAA3AS0030,30.0
032,112025,1001627,0,8409,3272240,2,1,1,1,0230000000321001627,01/08/1998,SA2AS1040010,10.0
032,112025,1001629,0,7405,3272277,2,1,1,1,0230000000321001629,01/07/1993,SAA2AS0003,3.0
032,112025,1001630,0,7405,3272314,2,1,1,1,0230000000321001630,01/01/1994,SA3AS0840075,75.0
032,112025,1001634,0,8409,3272388,2,1,1,1,0230000000321001634,01/01/1999,SA2AS1440005,5.0
032,112025,1001636,0,7403,3272425,2,1,1,1,0230000000321001636,01/02/1999,SA2AS1040010,10.0
032,112025,1001638,0,7404,3272462,2,1,1,1,0230000000321001638,01/02/1998,SA2AS1440005,5.0
032,112025,1001639,0,8409,3272499,2,1,1,1,0230000000321001639,01/02/2002,SAA3AS0045,45.0
032,112025,1001640,0,7404,3272536,2,1,1,1,0230000000321001640,01/08/1998,SAA2AS0015,15.0
032,112025,1001641,0,7405,3272573,2,1,1,1,0230000000321001641,01/09/1998,SAA2AS0003,3.0
032,112025,1001642,0,7405,3272610,2,1,1,1,0230000000321001642,01/01/1999,SAA2AS0010,10.0
032,112025,1001643,0,7405,3272647,2,1,1,1,0230000000321001643,01/06/1998,SAA2AS0003,3.0
032,112025,1001645,0,7405,3272684,2,1,1,1,0230000000321001645,01/05/1998,SAA2AS0003,3.0
032,112025,1001647,0,7405,3272758,2,1,1,1,0230000000321001647,01/01/1998,SA2AS1840003,3.0
032,112025,1001648,0,7405,3272795,2,1,1,1,0230000000321001648,01/01/2003,SAA2AS0003,3.0
032,112025,1001651,0,7403,3272906,2,1,1,1,0230000000321001651,01/02/1996,SAA2AS0003,3.0
032,112025,1001652,0,7403,3272943,2,1,1,1,0230000000321001652,01/02/1999,SAA2AS0003,3.0
032,112025,1001653,0,7403,3272980,2,1,1,1,0230000000321001653,01/07/1998,SAA2AS0003,3.0
032,112025,1001656,0,7403,3273017,2,1,1,1,0230000000321001656,01/05/1998,SAA2AS0005,5.0
032,112025,1001657,0,7403,3273054,2,1,1,1,0230000000321001657,01/01/1999,SAA2AS0010,10.0
032,112025,1001658,0,7403,3273091,2,1,1,1,0230000000321001658,01/01/1998,SAA2AS0003,3.0
032,112025,1001660,0,8409,3273128,2,1,1,1,0230000000321001660,01/01/1999,SA2AS1840003,3.0
032,112025,1001661,0,7404,3273165,2,1,1,1,0230000000321001661,01/09/1986,SAA1AS0003,3.0
032,112025,1001665,0,7403,3273202,2,1,1,1,0230000000321001665,01/07/1985,SAA2AS0005,5.0
032,112025,1001666,0,7403,3273239,2,1,1,1,0230000000321001666,01/02/1998,SAA2AS0003,3.0
032,112025,1001667,0,8409,3273276,2,1,1,1,0230000000321001667,01/02/1998,SAA2AS0005,5.0
032,112025,1001668,0,7404,3273313,2,1,1,1,0230000000321001668,01/05/1999,SA3AS0840045,45.0
032,112025,1001669,0,7403,3273350,2,1,1,1,0230000000321001669,01/09/1998,SAA2AS0005,5.0
032,112025,1001670,0,7403,3273387,2,1,1,1,0230000000321001670,01/09/1994,SAA2AS0015,15.0
032,112025,1001674,0,7404,3273498,2,1,1,1,0230000000321001674,01/02/1996,SA1AS1840003,3.0
032,112025,1001675,0,7404,3273535,2,1,1,1,0230000000321001675,01/08/1996,SA1AS1440005,5.0
032,112025,1001677,0,7404,3273609,2,1,1,1,0230000000321001677,01/03/1998,SA2AS1840003,3.0
032,112025,1001678,0,7404,3273646,2,1,1,1,0230000000321001678,01/03/1998,SA2AS1840003,3.0
032,112025,1001679,0,7404,3273683,2,1,1,1,0230000000321001679,01/05/1998,SA2AS1840003,3.0
032,112025,1001680,0,7404,3273720,2,1,1,1,0230000000321001680,01/04/1998,SA2AS1840003,3.0
032,112025,1001681,0,7404,3273757,2,1,1,1,0230000000321001681,01/09/1998,SA2AS1840003,3.0
032,112025,1001682,0,7404,3273794,2,1,1,1,0230000000321001682,01/05/1998,SA2AS1840003,3.0
032,112025,1001683,0,7404,3273831,2,1,1,1,0230000000321001683,01/04/1998,SA2AS1840003,3.0
032,112025,1001684,0,7404,3273868,2,1,1,1,0230000000321001684,01/06/1998,SA2AS1840003,3.0
032,112025,1001685,0,7404,3273905,2,1,1,1,0230000000321001685,01/08/1998,SA2AS1840003,3.0
032,112025,1001686,0,7404,3273942,2,1,1,1,0230000000321001686,01/05/1998,SA2AS1840003,3.0
032,112025,1001688,0,7404,3274016,2,1,1,1,0230000000321001688,01/03/1971,SA1AS1440005,5.0
032,112025,1001689,0,7404,3274053,2,1,1,1,0230000000321001689,01/01/1996,SA1AS1840003,3.0
032,112025,1001690,0,7404,3274090,2,1,1,1,0230000000321001690,01/07/1971,SA2AS1440005,5.0
032,112025,1001691,0,7404,3274127,2,1,1,1,0230000000321001691,01/07/1971,SA1AS1840003,3.0
032,112025,1001692,0,7404,3274164,2,1,1,1,0230000000321001692,01/01/1990,SA1AS1840003,3.0
032,112025,1001693,0,7404,3274201,2,1,1,1,0230000000321001693,01/08/1998,SA2AS1840003,3.0
032,112025,1001695,0,7405,3274275,2,4,1,1,0230000000321001695,01/01/1999,SAA3AS0150,150.0
032,112025,1001696,0,7404,3274312,2,1,1,1,0230000000321001696,01/01/1998,SAA3AS0015,15.0
032,112025,1001697,0,7404,3274349,2,4,1,1,0230000000321001697,01/07/1998,SA3AS0840045,45.0
032,112025,1001698,0,7404,3274386,2,1,1,1,0230000000321001698,01/03/1974,SAA1AS0010,10.0
032,112025,1001699,0,7405,3274423,2,1,1,1,0230000000321001699,01/01/1998,SA3AS1040030,30.0
032,112025,1001700,0,7405,3274460,2,4,1,1,0230000000321001700,01/08/1995,SAA3AS0075,75.0
032,112025,1001702,0,7404,3274497,2,1,1,1,0230000000321001702,01/09/1997,SA2AS1440005,5.0
032,112025,1001703,0,7405,3274534,2,1,1,1,0230000000321001703,01/08/1991,SAA1AS0005,5.0
032,112025,1001704,0,7404,3274571,2,1,1,1,0230000000321001704,01/08/1999,SAA2AS0005,5.0
032,112025,1001706,0,7405,3274608,2,1,1,1,0230000000321001706,01/08/1998,SAA2AS0010,10.0
032,112025,1001709,0,7403,3274645,2,1,1,1,0230000000321001709,01/05/1984,SAA1AS0005,5.0
032,112025,1001710,0,7403,3274682,2,1,1,1,0230000000321001710,01/05/1993,SAA1AS0003,3.0
032,112025,1001711,0,8416,3274719,2,1,1,1,0230000000321001711,01/04/1985,SAA1AS0005,5.0
032,112025,1001712,0,8416,3274756,2,1,1,1,0230000000321001712,01/01/1986,SAA1AS0005,5.0
032,112025,1001713,0,8416,3274793,2,1,1,1,0230000000321001713,01/01/1986,SAA1AS0005,5.0
032,112025,1001714,0,8416,3274830,2,1,1,1,0230000000321001714,01/03/1997,SAA1AS0003,3.0
032,112025,1001715,0,8416,3274867,2,1,1,1,0230000000321001715,01/06/1986,SAA1AS0005,5.0
032,112025,1001716,0,7403,3274904,2,4,1,1,0230000000321001716,01/03/1999,SAA3AS0050,50.0
032,112025,1001717,0,7405,3274941,2,4,1,1,0230000000321001717,01/07/1999,SA3AS1040030,30.0
032,112025,1001719,0,8416,3275015,2,1,1,1,0230000000321001719,01/02/1999,SA1AS1840003,3.0
032,112025,1001721,0,7403,3275052,2,1,1,1,0230000000321001721,01/03/1999,SAA3AS0050,50.0
032,112025,1001725,0,7403,3275089,2,4,1,1,0230000000321001725,01/11/1999,SAA3AS0025,25.0
032,112025,1001726,0,7404,3275126,2,4,1,1,0230000000321001726,01/07/1999,SAA3AS0075,75.0
032,112025,1001727,0,7405,3275163,2,4,1,1,0230000000321001727,01/02/1999,SAA3AS0030,30.0
032,112025,1001728,0,8409,3275200,2,1,1,1,0230000000321001728,01/02/1999,SAA1AS0003,3.0
032,112025,1001729,0,8416,3275237,2,1,1,1,0230000000321001729,01/01/2000,SA1AS1040010,10.0
032,112025,1001730,0,8416,3275274,2,1,1,1,0230000000321001730,01/04/1974,SAA1AS0005,5.0
032,112025,1001731,0,8409,3275311,2,1,1,1,0230000000321001731,01/02/1991,SAA1AS0003,3.0
032,112025,1001732,0,7403,3275348,2,1,1,1,0230000000321001732,01/04/2000,SAA2AS0005,5.0
032,112025,1001736,0,8416,3275422,2,1,1,1,0230000000321001736,01/07/1974,SAA1AS0003,3.0
032,112025,1001737,0,7201,3275459,2,1,1,1,0230000000321001737,01/04/1974,SAA1AS0003,3.0
032,112025,1001740,0,7201,3275496,2,1,1,1,0230000000321001740,01/04/1979,SAA1AS0003,3.0
032,112025,1001741,0,8416,3275533,2,1,1,1,0230000000321001741,01/09/1979,SAA1AS0003,3.0
032,112025,1001744,0,8416,3275570,2,1,1,1,0230000000321001744,01/04/1979,SA1AS1840003,3.0
032,112025,1001745,0,8416,3275607,2,1,1,1,0230000000321001745,01/03/1979,SAA1AS0003,3.0
032,112025,1001746,0,8416,3275644,2,1,1,1,0230000000321001746,01/09/1979,SAA1AS0003,3.0
032,112025,1001747,0,8416,3275681,2,1,1,1,0230000000321001747,01/04/1979,SAA1AS0003,3.0
032,112025,1001748,0,8416,3275718,2,1,1,1,0230000000321001748,01/03/1979,SAA1AS0003,3.0
032,112025,1001749,0,8416,3275755,2,1,1,1,0230000000321001749,01/06/1979,SAA1AS0003,3.0
032,112025,1001750,0,8416,3275792,2,1,1,1,0230000000321001750,01/03/1979,SAA1AS0003,3.0
032,112025,1001751,0,8416,3275829,2,1,1,1,0230000000321001751,01/09/1979,SAA1AS0010,10.0
032,112025,1001753,0,8416,3275866,2,1,1,1,0230000000321001753,01/04/1979,SAA1AS0003,3.0
032,112025,1001754,0,8416,3275903,2,1,1,1,0230000000321001754,01/05/1979,SAA1AS0005,5.0
032,112025,1001756,0,8416,3275940,2,1,1,1,0230000000321001756,01/08/1979,SAA1AS0003,3.0
032,112025,1001758,0,8416,3275977,2,1,1,1,0230000000321001758,01/01/1979,SAA1AS0003,3.0
032,112025,1001760,0,8416,3276014,2,1,1,1,0230000000321001760,01/07/1980,SAA1AS0003,3.0
032,112025,1001761,0,7404,3276051,2,1,1,1,0230000000321001761,01/06/1999,SA1AS1040010,10.0
032,112025,1001762,0,7403,3276088,2,1,1,1,0230000000321001762,01/02/1995,SAA3AS0075,75.0
032,112025,1001766,0,8416,3276125,2,1,1,1,0230000000321001766,01/02/1995,SAA1AS0005,5.0
032,112025,1001767,0,8416,3276162,2,1,1,1,0230000000321001767,01/07/2000,SAA3AS0075,75.0
032,112025,1001769,0,8416,3276199,2,1,1,1,0230000000321001769,01/02/1995,SAA1AS0010,10.0
032,112025,1001770,0,8416,3276236,2,1,1,1,0230000000321001770,01/02/1995,SAA1AS0005,5.0
032,112025,1001772,0,7403,3276273,2,1,1,1,0230000000321001772,01/02/1995,SAA3AS0015,15.0
032,112025,1001773,0,8416,3276310,2,1,1,1,0230000000321001773,01/07/2000,SAA1AS0005,5.0
032,112025,1001775,0,8416,3276347,2,1,1,1,0230000000321001775,01/07/2000,SAA1AS0003,3.0
032,112025,1001777,0,8416,3276384,2,1,1,1,0230000000321001777,01/07/2000,SAA1AS0003,3.0
032,112025,1001778,0,8416,3276421,2,1,1,1,0230000000321001778,01/07/2000,SAA1AS0003,3.0
032,112025,1001779,0,8416,3276458,2,1,1,1,0230000000321001779,01/07/2000,SAA1AS0003,3.0
032,112025,1001780,0,8416,3276495,2,1,1,1,0230000000321001780,01/07/2000,SAA1AS0005,5.0
032,112025,1001781,0,7201,3276532,2,1,1,1,0230000000321001781,01/07/2000,SAA1AS0003,3.0
032,112025,1001783,0,7201,3276569,2,1,1,1,0230000000321001783,01/07/2000,SAA1AS0003,3.0
032,112025,1001784,0,8416,3276606,2,1,1,1,0230000000321001784,01/07/2000,SAA1AS0003,3.0
032,112025,1001785,0,8416,3276643,2,1,1,1,0230000000321001785,01/07/2000,SAA1AS0005,5.0
032,112025,1001786,0,8416,3276680,2,1,1,1,0230000000321001786,01/07/2000,SAA1AS0003,3.0
032,112025,1001787,0,8416,3276717,2,1,1,1,0230000000321001787,01/07/2000,SAA1AS0003,3.0
032,112025,1001788,0,8416,3276754,2,1,1,1,0230000000321001788,01/07/2000,SAA1AS0005,5.0
032,112025,1001789,0,8416,36461287,2,1,1,1,0230000000321001789,01/07/2000,SA1AS1040010,10.0
032,112025,1001790,0,8416,3276828,2,1,1,1,0230000000321001790,01/07/2000,SAA1AS0005,5.0
032,112025,1001792,0,8416,3276865,2,1,1,1,0230000000321001792,01/07/2000,SAA1AS0003,3.0
032,112025,1001793,0,8416,3276902,2,1,1,1,0230000000321001793,01/07/2000,SAA1AS0005,5.0
032,112025,1001795,0,8416,3276939,2,1,1,1,0230000000321001795,01/07/2000,SAA1AS0005,5.0
032,112025,1001796,0,7405,3276976,2,1,1,1,0230000000321001796,01/02/1995,SAA2AS0003,3.0
032,112025,1001797,0,7404,3277013,2,1,1,1,0230000000321001797,01/01/1981,SAA3AS0015,15.0
032,112025,1001801,0,7404,3277050,2,1,1,1,0230000000321001801,01/12/2000,SA2AS1440005,5.0
032,112025,1001802,0,7404,3277087,2,1,1,1,0230000000321001802,01/12/2000,SA1AS1840003,3.0
032,112025,1001806,0,7404,3277124,2,1,1,1,0230000000321001806,01/01/1980,SAA2AS0010,10.0
032,112025,1001808,0,7404,3277161,2,1,1,1,0230000000321001808,01/09/1980,SA1AS1440005,5.0
032,112025,1001814,0,7404,3277235,2,1,1,1,0230000000321001814,01/01/1998,SAA3AS0030,30.0
032,112025,1001816,0,7404,3277272,2,4,1,1,0230000000321001816,01/02/2001,SAA3AS0045,45.0
032,112025,1001817,0,8409,3277309,2,1,1,1,0230000000321001817,01/03/2001,SAA2AS0010,10.0
032,112025,1001819,0,8409,3277346,2,1,1,1,0230000000321001819,01/03/2001,SAA2AS0010,10.0
032,112025,1001820,0,8409,3277383,2,1,1,1,0230000000321001820,01/03/2001,SAA2AS0010,10.0
032,112025,1001821,0,8409,3277420,2,1,1,1,0230000000321001821,01/03/2001,SAA2AS0010,10.0
032,112025,1001823,0,7404,3277457,2,1,1,1,0230000000321001823,01/03/2001,SA2AS1440005,5.0
032,112025,1001825,0,7404,3277494,2,1,1,1,0230000000321001825,01/03/2001,SA2AS1840003,3.0
032,112025,1001826,0,7404,3277531,2,1,1,1,0230000000321001826,01/03/2001,SA2AS1440005,5.0
032,112025,1001827,0,7404,3277568,2,1,1,1,0230000000321001827,01/03/2001,SA2AS1840003,3.0
032,112025,1001828,0,7404,3277605,2,1,1,1,0230000000321001828,01/03/2001,SA2AS1840003,3.0
032,112025,1001829,0,7403,3277642,2,1,1,1,0230000000321001829,01/03/2001,SAA2AS0010,10.0
032,112025,1001830,0,7404,3277679,2,1,1,1,0230000000321001830,01/04/2001,SAA1AS0015,15.0
032,112025,1001831,0,7404,3277716,2,4,1,1,0230000000321001831,01/04/2001,SAA3AS0045,45.0
032,112025,1001833,0,7404,3277753,2,4,1,1,0230000000321001833,01/04/2001,SAA2AS0010,10.0
032,112025,1001835,0,7404,3277790,2,1,1,1,0230000000321001835,01/04/2001,SAA2AS0003,3.0
032,112025,1001837,0,7405,3277827,2,1,1,1,0230000000321001837,01/05/2001,SAA1AS0003,3.0
032,112025,1001840,0,7404,3277864,2,4,1,1,0230000000321001840,01/05/2001,SA3AS0740100,100.0
032,112025,1001843,0,7405,3277901,2,1,1,1,0230000000321001843,01/06/2001,SAA2AS0003,3.0
032,112025,1001844,0,7405,3277938,2,1,1,1,0230000000321001844,01/06/2001,SAA2AS0005,5.0
032,112025,1001845,0,7405,3277975,2,1,1,1,0230000000321001845,01/06/2001,SAA2AS0003,3.0
032,112025,1001846,0,7405,3278012,2,1,1,1,0230000000321001846,01/06/2001,SAA2AS0005,5.0
032,112025,1001857,0,7404,3278049,2,1,1,1,0230000000321001857,01/07/2001,SA1AS1840003,3.0
032,112025,1001858,0,7405,3278086,2,1,1,1,0230000000321001858,01/07/2001,SA1AS1840003,3.0
032,112025,1001859,0,8409,3278123,2,1,1,1,0230000000321001859,01/06/2000,SAA2AS0010,10.0
032,112025,1001861,0,7405,3278197,2,1,1,1,0230000000321001861,01/07/2001,SA2AS1840003,3.0
032,112025,1001862,0,7405,3278234,2,1,1,1,0230000000321001862,01/07/2001,SA1AS1840003,3.0
032,112025,1001863,0,7405,3278271,2,1,1,1,0230000000321001863,01/07/2001,SA2AS1840003,3.0
032,112025,1001865,0,7405,3278308,2,1,1,1,0230000000321001865,01/07/2001,SA1AS1040010,10.0
032,112025,1001867,0,7405,3278345,2,1,1,1,0230000000321001867,01/07/2001,SA2AS1840003,3.0
032,112025,1001868,0,7405,3278382,2,1,1,1,0230000000321001868,01/07/2001,SA2AS1840003,3.0
032,112025,1001871,0,7405,3278493,2,1,1,1,0230000000321001871,01/07/2001,SA2AS1840003,3.0
032,112025,1001872,0,7405,3278530,2,1,1,1,0230000000321001872,01/07/2001,SA2AS1840003,3.0
032,112025,1001873,0,7405,3278567,2,1,1,1,0230000000321001873,01/07/2001,SA2AS1840003,3.0
032,112025,1001874,0,7405,3278604,2,1,1,1,0230000000321001874,01/07/2001,SA2AS1840003,3.0
032,112025,1001875,0,7405,3278641,2,1,1,1,0230000000321001875,01/07/2001,SA2AS1840003,3.0
032,112025,1001877,0,7405,3278678,2,1,1,1,0230000000321001877,01/07/2001,SA2AS1840003,3.0
032,112025,1001879,0,7405,3278715,2,1,1,1,0230000000321001879,01/07/2001,SA2AS1840003,3.0
032,112025,1001880,0,7405,3278752,2,1,1,1,0230000000321001880,01/07/2001,SA2AS1840003,3.0
032,112025,1001882,0,7404,3278789,2,1,1,1,0230000000321001882,01/07/2001,SA2AS1840003,3.0
032,112025,1001886,0,7404,3278826,2,1,1,1,0230000000321001886,01/10/2001,SA2AS1040010,10.0
032,112025,1001888,0,7405,3278863,2,1,1,1,0230000000321001888,01/10/2001,SA3AS1540025,25.0
032,112025,1001890,0,8416,3278900,2,1,1,1,0230000000321001890,01/10/2001,SAA2AS0003,3.0
032,112025,1001893,0,8416,3278937,2,1,1,1,0230000000321001893,01/10/2001,SAA2AS0003,3.0
032,112025,1001894,0,7404,3278974,2,1,1,1,0230000000321001894,01/10/2001,SAA1AS0005,5.0
032,112025,1001896,0,7406,3279011,2,4,1,1,0230000000321001896,01/10/2001,SAA3AS0045,45.0
032,112025,1001897,0,8416,3279048,2,1,1,1,0230000000321001897,01/10/2001,SAA2AS0003,3.0
032,112025,1001899,0,7403,3279085,2,4,1,1,0230000000321001899,01/10/2001,SAA3AS0030,30.0
032,112025,1001901,0,8409,3279159,2,1,1,1,0230000000321001901,01/11/2001,SAA1AS0010,10.0
032,112025,1001902,0,7403,3279196,2,1,1,1,0230000000321001902,01/11/2001,SA3AS0840045,45.0
032,112025,1001903,0,7403,3279233,2,1,1,1,0230000000321001903,01/11/2001,SAA2AS0010,10.0
032,112025,1001905,0,7405,3279307,2,1,1,1,0230000000321001905,01/11/2001,SA1AS1040010,10.0
032,112025,1001906,0,7403,3279344,2,1,1,1,0230000000321001906,01/11/2001,SAA3AS0045,45.0
032,112025,1001910,0,7404,3279381,2,1,1,1,0230000000321001910,01/11/2001,SA3AS1540025,25.0
032,112025,1001911,0,7404,3279418,2,1,1,1,0230000000321001911,01/11/2001,SAA1AS0005,5.0
032,112025,1001914,0,7405,3279455,2,1,1,1,0230000000321001914,01/05/2000,SAA2AS0010,10.0
032,112025,1001916,0,7405,3279492,2,1,1,1,0230000000321001916,01/07/1996,SA2AS1440005,5.0
032,112025,1001918,0,7405,3279529,2,1,1,1,0230000000321001918,01/02/1965,SAA3AS0025,25.0
032,112025,1001919,0,7405,3279566,2,1,1,1,0230000000321001919,01/01/1980,SAA3AS0075,75.0
032,112025,1001922,0,7404,3279603,2,1,1,1,0230000000321001922,01/05/1986,SA1AS1040010,10.0
032,112025,1001926,0,7405,3279640,2,1,1,1,0230000000321001926,01/11/1971,SA1AS1040010,10.0
032,112025,1001927,0,7404,3279677,2,1,1,1,0230000000321001927,01/09/1981,SA1AS1040010,10.0
032,112025,1001928,0,7404,3279714,2,1,1,1,0230000000321001928,01/05/1986,SA2AS1040010,10.0
032,112025,1001935,0,7405,3279788,2,1,1,1,0230000000321001935,01/08/1999,SAA2AS0005,5.0
032,112025,1001936,0,7405,3279825,2,1,1,1,0230000000321001936,01/01/1989,SA1AS1040010,10.0
032,112025,1001938,0,7405,3279862,2,1,1,1,0230000000321001938,01/11/1989,SAA2AS0005,5.0
032,112025,1001940,0,7404,3279899,2,1,1,1,0230000000321001940,01/05/1979,SA2AS1040010,10.0
032,112025,1001942,0,7403,3279936,2,1,1,1,0230000000321001942,01/11/1999,SAA1AS0015,15.0
032,112025,1001943,0,7403,3279973,2,1,1,1,0230000000321001943,01/07/1996,SAA1AS0015,15.0
032,112025,1001945,0,7405,3280010,2,1,1,1,0230000000321001945,01/01/1987,SAA1AS0003,3.0
032,112025,1001947,0,7404,3280047,2,1,1,1,0230000000321001947,01/01/1987,SAA1AS0010,10.0
032,112025,1001950,0,7405,3280084,2,1,1,1,0230000000321001950,01/07/2001,SA2AS1840003,3.0
032,112025,1001955,0,7404,3280121,2,4,1,1,0230000000321001955,01/01/2002,SAA3AS0030,30.0
032,112025,1001956,0,7403,3280158,2,1,1,1,0230000000321001956,01/02/2002,SAA2AS0015,15.0
032,112025,1001957,0,7403,3280195,2,1,1,1,0230000000321001957,01/02/2002,SA2AS1040015,15.0
032,112025,1001958,0,7404,3280232,2,1,1,1,0230000000321001958,01/02/2002,SA2AS1440005,5.0
032,112025,1001959,0,7405,3280269,2,1,1,1,0230000000321001959,01/01/1980,SAA2AS0010,10.0
032,112025,1001963,0,7404,3280306,2,1,1,1,0230000000321001963,01/04/2002,SA2AS1840003,3.0
032,112025,1001967,0,7405,3280380,2,4,1,1,0230000000321001967,01/01/1980,SAA3AS0015,15.0
032,112025,1001968,0,8416,3280417,2,4,1,1,0230000000321001968,01/05/2002,SA3AS0940015,15.0
032,112025,1001972,0,7403,3280454,2,1,1,1,0230000000321001972,01/05/1999,SAA3AS0030,30.0
032,112025,1001973,0,7405,3280491,2,1,1,1,0230000000321001973,01/12/1986,SAA2AS0010,10.0
032,112025,1001976,0,7405,3280528,2,1,1,1,0230000000321001976,01/08/1984,SAA2AS0005,5.0
032,112025,1001977,0,7405,3280565,2,1,1,1,0230000000321001977,01/09/2001,SAA3AS0050,50.0
032,112025,1001983,0,7404,3280602,2,1,1,1,0230000000321001983,01/05/1979,SA2AS1840003,3.0
032,112025,1001985,0,7405,3280639,2,1,1,1,0230000000321001985,01/09/1991,SAA2AS0015,15.0
032,112025,1001986,0,7405,3280676,2,1,1,1,0230000000321001986,01/09/1991,SAA3AS0015,15.0
032,112025,1001992,0,7404,3280787,2,1,1,1,0230000000321001992,01/05/1979,SA1AS1840003,3.0
032,112025,1001994,0,7405,3280861,2,1,1,1,0230000000321001994,01/06/1991,SAA2AS0005,5.0
032,112025,1001997,0,7404,3280898,2,1,1,1,0230000000321001997,01/05/1981,SAA1AS0015,15.0
032,112025,1001998,0,7404,3280935,2,1,1,1,0230000000321001998,01/05/1987,SAA2AS0005,5.0
032,112025,1002001,0,7404,3281046,2,1,1,1,0230000000321002001,01/01/1980,SAA2AS0005,5.0
032,112025,1002002,0,7404,3281083,2,1,1,1,0230000000321002002,01/06/1991,SAA2AS0010,10.0
032,112025,1002004,0,7405,3281120,2,1,1,1,0230000000321002004,01/08/1991,SAA2AS0005,5.0
032,112025,1002005,0,7405,3281157,2,1,1,1,0230000000321002005,01/08/1991,SAA2AS0003,3.0
032,112025,1002009,0,8416,3281194,2,1,1,1,0230000000321002009,01/05/1988,SAA3AS0015,15.0
032,112025,1002017,0,7404,3281231,2,1,1,1,0230000000321002017,01/04/2002,SA1AS1840003,3.0
032,112025,1002018,0,7404,3281268,2,4,1,1,0230000000321002018,01/03/2002,SA3AS0640200,200.0
032,112025,1002025,0,7404,3281305,2,1,1,1,0230000000321002025,01/10/1997,SA3AS1040030,30.0
032,112025,1002028,0,7403,3281342,2,4,1,1,0230000000321002028,01/06/1991,SAA3AS0015,15.0
032,112025,1002031,0,7404,3281379,2,1,1,1,0230000000321002031,01/10/1969,SAA1AS0005,5.0
032,112025,1002034,0,8409,3281453,2,4,1,1,0230000000321002034,01/04/2002,SAA3AS0010,10.0
032,112025,1002036,0,7405,3281527,2,1,1,1,0230000000321002036,01/08/1999,SA3AS1140010,10.0
032,112025,1002040,0,7405,3281564,2,1,1,1,0230000000321002040,01/06/1969,SAA1AS0003,3.0
032,112025,1002042,0,7403,3281638,2,1,1,1,0230000000321002042,01/04/2002,SAA2AS0010,10.0
032,112025,1002043,0,7405,3281675,2,1,1,1,0230000000321002043,01/08/1986,SAA3AS0015,15.0
032,112025,1002045,0,7405,3281712,2,1,1,1,0230000000321002045,01/01/1987,SAA1AS0003,3.0
032,112025,1002050,0,8416,3281786,2,1,1,1,0230000000321002050,01/04/1973,SAA1AS0003,3.0
032,112025,1002052,0,8416,3281823,2,1,1,1,0230000000321002052,01/04/1973,SAA1AS0005,5.0
032,112025,1002057,0,7403,3281860,2,1,1,1,0230000000321002057,01/06/1991,SAA1AS0003,3.0
032,112025,1002059,0,8409,3281897,2,1,1,1,0230000000321002059,01/01/1997,SA1AS1440005,5.0
032,112025,1002062,0,7405,3281934,2,1,1,1,0230000000321002062,01/08/1991,SAA2AS0003,3.0
032,112025,1002068,0,7405,3281971,2,1,1,1,0230000000321002068,01/06/1991,SAA2AS0003,3.0
032,112025,1002069,0,7405,3282008,2,1,1,1,0230000000321002069,01/06/1991,SAA2AS0003,3.0
032,112025,1002070,0,7405,3282045,2,1,1,1,0230000000321002070,01/03/1973,SAA2AS0003,3.0
032,112025,1002071,0,7405,3282082,2,1,1,1,0230000000321002071,01/06/1991,SA2AS1840003,3.0
032,112025,1002074,0,7405,3282156,2,1,1,1,0230000000321002074,01/06/1991,SAA3AS0150,150.0
032,112025,1002077,0,7405,3282193,2,1,1,1,0230000000321002077,01/06/1991,SAA3AS0010,10.0
032,112025,1002081,0,7405,41325616,2,1,1,1,0230000000321002081,12/08/2016,SA2AS1040010,10.0
032,112025,1002084,0,7405,3282267,2,1,1,1,0230000000321002084,01/06/1991,SAA2AS0010,10.0
032,112025,1002086,0,7405,3282304,2,1,1,1,0230000000321002086,01/11/1971,SA2AS1440005,5.0
032,112025,1002095,0,7404,3282341,2,1,1,1,0230000000321002095,01/05/1986,SA1AS1440005,5.0
032,112025,1002097,0,7404,3282378,2,1,1,1,0230000000321002097,01/05/1986,SA1AS1440005,5.0
032,112025,1002100,0,7404,3282415,2,1,1,1,0230000000321002100,01/05/1986,SA1AS1440005,5.0
032,112025,1002105,0,7405,3282452,2,1,1,1,0230000000321002105,01/01/1980,SAA3AS0025,25.0
032,112025,1002106,0,7405,3282489,2,1,1,1,0230000000321002106,01/10/1988,SA2AS1440005,5.0
032,112025,1002107,0,7405,3282526,2,1,1,1,0230000000321002107,01/01/2003,SAA2AS0005,5.0
032,112025,1002111,0,7405,3282563,2,1,1,1,0230000000321002111,01/11/1971,SA1AS1440005,5.0
032,112025,1002112,0,7405,3282600,2,1,1,1,0230000000321002112,01/01/1987,SAA1AS0003,3.0
032,112025,1002113,0,7405,3282637,2,1,1,1,0230000000321002113,01/01/1987,SAA1AS0010,10.0
032,112025,1002114,0,7405,3282674,2,1,1,1,0230000000321002114,01/05/1966,SAA1AS0005,5.0
032,112025,1002118,0,7405,3282711,2,1,1,1,0230000000321002118,01/11/1971,SA2AS1440005,5.0
032,112025,1002121,0,7405,3282748,2,1,1,1,0230000000321002121,01/09/1981,SA1AS1440005,5.0
032,112025,1002122,0,8409,3282785,2,1,1,1,0230000000321002122,01/08/1999,SA2AS1440005,5.0
032,112025,1002124,0,7405,3282822,2,1,1,1,0230000000321002124,01/10/1996,SA2AS1440005,5.0
032,112025,1002127,0,7405,3282896,2,1,1,1,0230000000321002127,01/01/1969,SAA1AS0005,5.0
032,112025,1002129,0,7405,3282933,2,1,1,1,0230000000321002129,01/06/1991,SA2AS1440005,5.0
032,112025,1002142,0,7405,3283007,2,1,1,1,0230000000321002142,01/08/1984,SA2AS1040010,10.0
032,112025,1002148,0,7405,3283118,2,4,1,1,0230000000321002148,01/06/1991,SA3AS0840045,45.0
032,112025,1002164,0,7403,3283155,2,1,1,1,0230000000321002164,01/10/2002,SAA1AS0003,3.0
032,112025,1002165,0,7405,3283192,2,1,1,1,0230000000321002165,01/01/2003,SAA2AS0005,5.0
032,112025,1002166,0,7405,3283229,2,1,1,1,0230000000321002166,01/01/2003,SAA2AS0005,5.0
032,112025,1002167,0,7405,3283266,2,1,1,1,0230000000321002167,01/01/2003,SAA2AS0005,5.0
032,112025,1002168,0,7405,3283303,2,1,1,1,0230000000321002168,01/01/2003,SA2AS1440005,5.0
032,112025,1002169,0,7405,3283340,2,1,1,1,0230000000321002169,01/01/2003,SAA2AS0005,5.0
032,112025,1002170,0,7405,3283377,2,1,1,1,0230000000321002170,01/01/2003,SAA2AS0005,5.0
032,112025,1002171,0,7405,3283414,2,1,1,1,0230000000321002171,01/03/2003,SA2AS1440005,5.0
032,112025,1002173,0,7403,3283451,2,1,1,1,0230000000321002173,01/10/2002,SAA1AS0005,5.0
032,112025,1002174,0,7405,3283488,2,1,1,1,0230000000321002174,01/01/2003,SAA2AS0005,5.0
032,112025,1002175,0,7405,3283525,2,1,1,1,0230000000321002175,01/01/2003,SA2AS1440005,5.0
032,112025,1002177,0,7405,3283599,2,1,1,1,0230000000321002177,01/01/2003,SA2AS1440005,5.0
032,112025,1002180,0,7403,3283636,2,1,1,1,0230000000321002180,01/10/2002,SAA1AS0005,5.0
032,112025,1002181,0,7403,3283673,2,1,1,1,0230000000321002181,01/10/2002,SAA1AS0005,5.0
032,112025,1002186,0,7405,3283710,2,1,1,1,0230000000321002186,01/11/1985,SAA1AS0003,3.0
032,112025,1002187,0,7405,3283747,2,1,1,1,0230000000321002187,01/08/1984,SAA2AS0010,10.0
032,112025,1002190,0,7405,3283784,2,1,1,1,0230000000321002190,01/05/1957,SA2AS1840003,3.0
032,112025,1002192,0,7405,3283821,2,1,1,1,0230000000321002192,01/01/2003,SAA2AS0005,5.0
032,112025,1002218,0,7405,3283858,2,1,1,1,0230000000321002218,01/01/2003,SA1AS1440005,5.0
032,112025,1002219,0,7405,42813598,2,1,1,1,0230000000321002219,21/12/2016,SA2AS1040015,15.0
032,112025,1002221,0,7404,3283969,2,1,1,1,0230000000321002221,01/01/2003,SA2AS1040015,15.0
032,112025,1002223,0,7403,3284043,2,4,1,1,0230000000321002223,01/01/2003,SAA3AS0030,30.0
032,112025,1002232,0,8416,3284080,2,1,1,1,0230000000321002232,01/01/2003,SAA1AS0005,5.0
032,112025,1002234,0,7405,3284117,2,1,1,1,0230000000321002234,01/01/2014,SA2AS1040015,15.0
032,112025,1002238,0,8409,3284154,2,1,1,1,0230000000321002238,01/02/2003,SAA2AS0005,5.0
032,112025,1002240,0,8409,3284191,2,1,1,1,0230000000321002240,01/02/2003,SAA1AS0005,5.0
032,112025,1002241,0,8416,3284228,2,1,1,1,0230000000321002241,01/02/2003,SAA2AS0010,10.0
032,112025,1002247,0,8409,3284265,2,1,1,1,0230000000321002247,01/02/2003,SAA2AS0005,5.0
032,112025,1002250,0,8409,3284302,2,1,1,1,0230000000321002250,01/02/2003,SAA2AS0005,5.0
032,112025,1002251,0,8409,3284339,2,1,1,1,0230000000321002251,01/02/2003,SAA2AS0005,5.0
032,112025,1002252,0,8409,3284376,2,1,1,1,0230000000321002252,01/02/2003,SAA2AS0005,5.0
032,112025,1002253,0,8409,3284413,2,1,1,1,0230000000321002253,01/02/2003,SAA2AS0005,5.0
032,112025,1002256,0,8409,3284450,2,1,1,1,0230000000321002256,01/01/2003,SAA2AS0005,5.0
032,112025,1002258,0,8409,3284487,2,1,1,1,0230000000321002258,01/02/2003,SAA2AS0005,5.0
032,112025,1002262,0,7405,3284524,2,4,1,1,0230000000321002262,01/03/2003,SA3AS0740150,150.0
032,112025,1002266,0,7404,42901436,2,1,1,1,0230000000321002266,14/12/2016,SA2AS1440005,5.0
032,112025,1002269,0,8409,3284598,2,4,1,1,0230000000321002269,01/02/2003,SAA3AS0030,30.0
032,112025,1002271,0,7404,3284635,2,1,1,1,0230000000321002271,01/03/2003,SA3AS0840045,45.0
032,112025,1002276,0,7405,3284672,2,1,1,1,0230000000321002276,01/03/2003,SA2AS1040010,10.0
032,112025,1002277,0,7404,3284709,2,1,1,1,0230000000321002277,01/03/2003,SAA1AS0010,10.0
032,112025,1002278,0,8416,3284746,2,1,1,1,0230000000321002278,01/04/2003,SAA2AS0010,10.0
032,112025,1002279,0,7404,3284783,2,4,1,1,0230000000321002279,01/04/2003,SAA3AS0075,75.0
032,112025,1002280,0,7404,3284820,2,1,1,1,0230000000321002280,06/05/2016,SA1AS1440005,15.0
032,112025,1002282,0,7404,3284857,2,1,1,1,0230000000321002282,01/04/2003,SAA1AS0005,5.0
032,112025,1002284,0,7403,3284894,2,1,1,1,0230000000321002284,01/04/2003,SAA1AS0005,5.0
032,112025,1002286,0,7403,3284931,2,1,1,1,0230000000321002286,01/04/2003,SAA2AS0010,10.0
032,112025,1002290,0,7405,3284968,2,1,1,1,0230000000321002290,01/05/2003,SAA3AS0045,45.0
032,112025,1002294,0,8409,3285005,2,1,1,1,0230000000321002294,01/06/2003,SAA1AS0005,5.0
032,112025,1002297,0,7405,3285042,2,1,1,1,0230000000321002297,01/07/2003,SA3AS1140010,10.0
032,112025,1002300,0,7405,3285079,2,4,1,1,0230000000321002300,01/12/2003,SAA1AS0005,5.0
032,112025,1002307,0,7403,3285153,2,1,1,1,0230000000321002307,01/09/2003,SAA1AS0025,25.0
032,112025,1002320,0,7404,3285190,2,1,1,1,0230000000321002320,01/12/2003,SA1AS1840003,3.0
032,112025,1002321,0,7404,3285227,2,4,1,1,0230000000321002321,01/12/2003,SA1AS1040010,10.0
032,112025,1002322,0,7405,3285264,2,1,1,1,0230000000321002322,01/12/2003,SAA2AS0005,5.0
032,112025,1002325,0,7404,3285301,2,4,1,1,0230000000321002325,01/12/2003,SAA3AS0100,100.0
032,112025,1002336,0,7405,3285338,2,1,1,1,0230000000321002336,01/12/2003,SAA2AS0005,5.0
032,112025,1002337,0,7405,3285375,2,1,1,1,0230000000321002337,01/12/2003,SAA1AS0005,5.0
032,112025,1002338,0,7405,3285412,2,1,1,1,0230000000321002338,01/12/2003,SAA1AS0005,5.0
032,112025,1002339,0,7405,3285449,2,1,1,1,0230000000321002339,01/12/2003,SAA1AS0005,5.0
032,112025,1002340,0,7405,3285486,2,1,1,1,0230000000321002340,01/12/2003,SAA2AS0005,5.0
032,112025,1002341,0,7405,3285523,2,1,1,1,0230000000321002341,01/12/2003,SAA2AS0005,5.0
032,112025,1002349,0,7404,3285560,2,1,1,1,0230000000321002349,01/12/2003,SA1AS1440005,5.0
032,112025,1002352,0,7404,3285597,2,1,1,1,0230000000321002352,01/12/2003,SA2AS1440005,5.0
032,112025,1002353,0,7404,3285634,2,1,1,1,0230000000321002353,01/12/2003,SA2AS1440005,5.0
032,112025,1002357,0,7404,3285671,2,1,1,1,0230000000321002357,01/12/2003,SA1AS1440005,5.0
032,112025,1002358,0,7405,34168514,2,4,1,1,,01/01/1900,,75.0
032,112025,1002359,0,8409,3285745,2,1,1,1,0230000000321002359,01/12/2003,SAA3AS0010,10.0
032,112025,1002360,0,7405,3285782,2,1,1,1,0230000000321002360,01/12/2003,SAA3AS0045,45.0
032,112025,1002361,0,7404,3285819,2,1,1,1,0230000000321002361,01/12/2003,SAA3AS0100,100.0
032,112025,1002426,0,7403,3285856,2,1,1,1,0230000000321002426,01/10/1998,SAA2AS0005,5.0
032,112025,1002429,0,7404,3285893,2,1,1,1,0230000000321002429,01/10/1978,SA2AS1440005,5.0
032,112025,1002430,0,7404,3285930,2,1,1,1,0230000000321002430,01/06/1980,SAA1AS0005,5.0
032,112025,1002530,0,7404,3285967,2,4,1,1,0230000000321002530,01/01/2004,SA2AS1040015,15.0
032,112025,1002531,0,7403,3286004,2,1,1,1,0230000000321002531,01/01/2004,SAA2AS0005,5.0
032,112025,1002534,0,7403,3286041,2,1,1,1,0230000000321002534,01/07/2004,SA3AS0840045,45.0
032,112025,1002535,0,7404,3286078,2,1,1,1,0230000000321002535,01/02/2004,SA2AS1440005,5.0
032,112025,1002536,0,7404,3286115,2,1,1,1,0230000000321002536,01/02/2004,SAA2AS0015,15.0
032,112025,1002538,0,7405,3286152,2,1,1,1,0230000000321002538,01/03/2004,SAA2AS0005,5.0
032,112025,1002540,0,8416,3286189,2,1,1,1,0230000000321002540,01/11/2004,SAA2AS0005,5.0
032,112025,1002541,0,7405,3286226,2,1,1,1,0230000000321002541,01/03/2004,SA2AS1040010,10.0
032,112025,1002542,0,7404,3286263,2,1,1,1,0230000000321002542,01/05/2004,SAA3AS0150,150.0
032,112025,1002543,0,7405,3286300,2,1,1,1,0230000000321002543,01/04/2004,SAA1AS0010,10.0
032,112025,1002547,0,7403,3286411,2,1,1,1,0230000000321002547,01/05/2004,SAA2AS0005,5.0
032,112025,1002548,0,7403,3286448,2,1,1,1,0230000000321002548,01/05/2004,SAA2AS0005,5.0
032,112025,1002551,0,7403,3286485,2,1,1,1,0230000000321002551,01/05/2004,SAA2AS0005,5.0
032,112025,1002552,0,7403,3286522,2,1,1,1,0230000000321002552,01/05/2004,SAA2AS0010,10.0
032,112025,1002553,0,7403,3286559,2,1,1,1,0230000000321002553,01/04/2004,SAA1AS0003,3.0
032,112025,1002555,0,8416,3286596,2,1,1,1,0230000000321002555,01/07/2004,SAA2AS0015,15.0
032,112025,1002556,0,7405,3286633,2,4,1,1,0230000000321002556,01/07/2004,SAA3AS0075,75.0
032,112025,1002557,0,7404,3286670,2,1,1,1,0230000000321002557,01/08/2004,SAA2AS0010,10.0
032,112025,1002558,0,7403,3286707,2,1,1,1,0230000000321002558,01/07/2004,SAA2AS0005,5.0
032,112025,1002559,0,7403,3286744,2,1,1,1,0230000000321002559,01/07/2004,SAA2AS0005,5.0
032,112025,1002560,0,7403,3286781,2,1,1,1,0230000000321002560,01/07/2004,SAA1AS0002,1.5
032,112025,1002563,0,7403,3286818,2,1,1,1,0230000000321002563,01/07/2004,SAA2AS0005,5.0
032,112025,1002564,0,7403,3286855,2,1,1,1,0230000000321002564,01/07/2004,SAA2AS0005,5.0
032,112025,1002566,0,7403,3286892,2,1,1,1,0230000000321002566,01/07/2004,SAA1AS0002,1.5
032,112025,1002567,0,7403,3286929,2,1,1,1,0230000000321002567,01/07/2004,SAA2AS0003,3.0
032,112025,1002569,0,7403,3286966,2,1,1,1,0230000000321002569,01/08/2004,SAA1AS0015,15.0
032,112025,1002572,0,7405,3287040,2,1,1,1,0230000000321002572,01/08/2004,SAA2AS0015,15.0
032,112025,1002576,0,7405,3287077,2,1,1,1,0230000000321002576,01/11/2004,SAA2AS0015,15.0
032,112025,1002585,0,7405,3287114,2,4,1,1,0230000000321002585,01/04/2004,SAA3AS0015,15.0
032,112025,1002857,0,7403,3287151,2,1,1,1,0230000000321002857,01/01/2003,SA1AS1440005,5.0
032,112025,1002859,0,7403,3287188,2,1,1,1,0230000000321002859,01/01/2003,SA1AS1840003,3.0
032,112025,1002865,0,7405,3287225,2,1,1,1,0230000000321002865,01/01/2003,SAA2AS0005,5.0
032,112025,1002867,0,8416,3287262,2,1,1,1,0230000000321002867,01/01/2003,SAA1AS0010,10.0
032,112025,1002869,0,8409,3287299,2,1,1,1,0230000000321002869,01/02/2003,SAA2AS0010,10.0
032,112025,1002871,0,8409,3287336,2,1,1,1,0230000000321002871,01/02/2003,SAA2AS0010,10.0
032,112025,1002872,0,8409,3287373,2,1,1,1,0230000000321002872,01/02/2003,SAA2AS0005,5.0
032,112025,1002873,0,8409,3287410,2,1,1,1,0230000000321002873,01/02/2003,SAA2AS0005,5.0
032,112025,1002874,0,8409,3287447,2,1,1,1,0230000000321002874,01/02/2003,SAA2AS0005,5.0
032,112025,1002875,0,8409,3287484,2,1,1,1,0230000000321002875,01/02/2003,SAA2AS0005,5.0
032,112025,1002876,0,8409,3287521,2,1,1,1,0230000000321002876,01/02/2003,SAA2AS0005,5.0
032,112025,1002877,0,8409,3287558,2,1,1,1,0230000000321002877,01/02/2003,SAA2AS0005,5.0
032,112025,1002878,0,8409,3287595,2,1,1,1,0230000000321002878,01/01/2003,SAA2AS0005,5.0
032,112025,1002881,0,7405,3287632,2,1,1,1,0230000000321002881,01/01/2003,SAA2AS0005,5.0
032,112025,1003001,0,7405,3287669,2,1,1,1,0230000000321003001,01/09/2000,SAA2AS0005,5.0
032,112025,1003002,0,7405,3287706,2,1,1,1,0230000000321003002,01/09/2000,SAA2AS0005,5.0
032,112025,1003004,0,7405,3287743,2,1,1,1,0230000000321003004,01/09/2000,SAA1AS0005,5.0
032,112025,1003008,0,7404,3287780,2,1,1,1,0230000000321003008,01/09/2000,SAA3AS0075,75.0
032,112025,1010950,0,8409,3287817,2,1,1,1,0230000000321010950,01/12/1998,SAA1AS0010,10.0
032,112025,1011682,0,8409,3287965,2,1,1,1,0230000000321011682,01/03/2003,SAA1AS0010,10.0
032,112025,1011834,0,7405,3288002,2,1,1,1,0230000000321011834,01/03/2003,SA3AS0740150,150.0
032,112025,1011933,0,7405,3288039,2,1,1,1,0230000000321011933,01/03/2003,SA3AS0740100,100.0
032,112025,1012060,0,7405,3288076,2,1,1,1,0230000000321012060,01/09/2000,SAA2AS0003,3.0
032,112025,1012061,0,7405,3288113,2,1,1,1,0230000000321012061,01/01/2000,SAA2AS0003,3.0
032,112025,1012064,0,7405,3288150,2,1,1,1,0230000000321012064,01/07/2000,SAA1AS0003,3.0
032,112025,1012067,0,7405,3288187,2,1,1,1,0230000000321012067,01/02/2000,SA2AS1840003,3.0
032,112025,1012094,0,7404,3288224,2,1,1,1,0230000000321012094,01/03/2003,SAA1AS0002,1.5
032,112025,1012095,0,7404,3288261,2,1,1,1,0230000000321012095,01/03/2003,SAA1AS0002,1.5
032,112025,1012174,0,7404,3288298,2,1,1,1,0230000000321012174,01/11/2000,SA2AS1840003,3.0
032,112025,1012178,0,7404,3288335,2,1,1,1,0230000000321012178,01/11/2000,SA2AS1840003,3.0
032,112025,1012179,0,7404,3288372,2,1,1,1,0230000000321012179,01/11/2000,SA1AS1840003,3.0
032,112025,1012231,0,7405,3288409,2,1,1,1,0230000000321012231,01/01/2001,SAA2AS0003,3.0
032,112025,1012458,0,7404,3288446,2,1,1,1,0230000000321012458,01/03/2003,SA1AS1840003,3.0
032,112025,1012488,0,7405,3288483,2,1,1,1,0230000000321012488,01/06/2003,SAA2AS0003,3.0
032,112025,1012489,0,7405,3288520,2,1,1,1,0230000000321012489,01/06/2003,SAA2AS0003,3.0
032,112025,1012491,0,7405,3288557,2,1,1,1,0230000000321012491,01/03/2003,SA1AS1440005,5.0
032,112025,1012492,0,7405,3288594,2,1,1,1,0230000000321012492,01/03/2003,SA1AS1440005,5.0
032,112025,1012493,0,7405,3288631,2,1,1,1,0230000000321012493,01/03/2003,SA1AS1840003,3.0
032,112025,1012528,0,7405,3288668,2,1,1,1,0230000000321012528,01/03/2003,SAA3AS0010,10.0
032,112025,1012529,0,7405,36318707,2,4,1,1,,01/01/1900,,45.0
032,112025,1012532,0,7405,3288742,2,1,1,1,0230000000321012532,01/03/2003,SAA1AS0010,10.0
032,112025,1012537,0,7404,3288779,2,4,1,1,0230000000321012537,01/01/2004,SA3AS1040030,30.0
032,112025,1012574,0,7405,3288816,2,4,1,1,0230000000321012574,01/03/2003,SAA3AS0075,75.0
032,112025,1012582,0,7404,3288853,2,1,1,1,0230000000321012582,01/12/2004,SA3AS0740150,150.0
032,112025,1012587,0,7403,3288890,2,1,1,1,0230000000321012587,01/12/2004,SAA2AS0005,5.0
032,112025,1012589,0,7403,3288964,2,1,1,1,0230000000321012589,01/12/2004,SAA2AS0005,5.0
032,112025,1012590,0,7403,3289001,2,1,1,1,0230000000321012590,01/12/2004,SAA2AS0005,5.0
032,112025,1012609,0,7404,3289038,2,1,1,1,0230000000321012609,01/07/2005,SA1AS1440005,5.0
032,112025,1012610,0,7404,3289075,2,1,1,1,0230000000321012610,01/07/2005,SAA1AS0005,5.0
032,112025,1012611,0,7404,3289112,2,1,1,1,0230000000321012611,01/07/2005,SA1AS1040010,10.0
032,112025,1012612,0,7404,3289149,2,1,1,1,0230000000321012612,01/07/2005,SA1AS1440005,5.0
032,112025,1012613,0,7404,3289186,2,1,1,1,0230000000321012613,01/07/2005,SAA1AS0005,5.0
032,112025,1012614,0,7404,3289223,2,1,1,1,0230000000321012614,01/07/2005,SA2AS1440005,5.0
032,112025,1012615,0,7404,3289260,2,1,1,1,0230000000321012615,01/07/2005,SA1AS1440005,5.0
032,112025,1012618,0,7403,3289334,2,1,1,1,0230000000321012618,01/07/2005,SAA2AS0010,10.0
032,112025,1012619,0,7403,3289371,2,1,1,1,0230000000321012619,01/07/2005,SAA2AS0005,5.0
032,112025,1012620,0,7403,3289408,2,1,1,1,0230000000321012620,01/07/2005,SAA1AS0005,5.0
032,112025,1012621,0,7403,3289445,2,1,1,1,0230000000321012621,01/07/2005,SAA2AS0010,10.0
032,112025,1012622,0,7403,3289482,2,1,1,1,0230000000321012622,01/07/2005,SAA2AS0005,5.0
032,112025,1012624,0,7405,3289519,2,4,1,1,0230000000321012624,01/01/2005,SAA3AS0075,75.0
032,112025,1012626,0,7403,3289556,2,4,1,1,0230000000321012626,01/03/2005,SA3AS0940015,15.0
032,112025,1012628,0,7405,3289593,2,1,1,1,0230000000321012628,01/07/2005,SAA3AS0075,75.0
032,112025,1012629,0,7404,3289630,2,1,1,1,0230000000321012629,01/07/2005,SA1AS1040010,10.0
032,112025,1012630,0,7403,3289667,2,1,1,1,0230000000321012630,01/07/2005,SAA2AS0005,5.0
032,112025,1012631,0,8409,3289704,2,1,1,1,0230000000321012631,01/08/2005,SAA2AS0010,10.0
032,112025,1012632,0,7403,3289741,2,4,1,1,0230000000321012632,01/05/2005,SA3AS1040030,30.0
032,112025,1012633,0,8409,3289778,2,1,1,1,0230000000321012633,01/08/2005,SA3AS1040030,30.0
032,112025,1012634,0,8409,3289815,2,4,1,1,0230000000321012634,01/06/2005,SAA2AS0015,15.0
032,112025,1012635,0,7404,3289852,2,4,1,1,0230000000321012635,01/12/2004,SAA3AS0045,45.0
032,112025,1012637,0,8416,3289889,2,1,1,1,0230000000321012637,01/09/2005,SAA1AS0005,5.0
032,112025,1012638,0,8409,3289926,2,4,1,1,0230000000321012638,01/09/2005,SAA3AS0015,15.0
032,112025,1012639,0,7405,3289963,2,1,1,1,0230000000321012639,01/03/2003,SAA2AS0003,3.0
032,112025,1012640,0,7405,3290000,2,1,1,1,0230000000321012640,01/03/2003,SAA2AS0003,3.0
032,112025,1012641,0,7405,3290037,2,4,1,1,0230000000321012641,01/10/2005,SA3AS0940015,15.0
032,112025,1012647,0,7405,3290148,2,1,1,1,0230000000321012647,01/10/2005,SA2AS1840003,3.0
032,112025,1012648,0,7405,3290185,2,4,1,1,0230000000321012648,01/10/2005,SAA3AS0010,10.0
032,112025,1012649,0,7405,3290222,2,1,1,1,0230000000321012649,01/10/2005,SAA2AS0003,3.0
032,112025,1012650,0,7405,3290259,2,4,1,1,0230000000321012650,01/10/2005,SAA3AS0030,30.0
032,112025,1012651,0,7403,3290296,2,1,1,1,0230000000321012651,01/11/2005,SAA2AS0010,10.0
032,112025,1012653,0,7404,3290333,2,1,1,1,0230000000321012653,01/11/2005,SAA3AS0150,150.0
032,112025,1012655,0,7405,3290407,2,4,1,1,0230000000321012655,01/11/2005,SA3AS1040030,10.0
032,112025,1012656,0,7405,3290444,2,1,1,1,0230000000321012656,01/11/2005,SAA3AS0030,30.0
032,112025,1012657,0,7404,3290481,2,4,1,1,0230000000321012657,01/03/2005,SAA3AS0030,30.0
032,112025,1012658,0,8409,3290518,2,4,1,1,0230000000321012658,01/06/2005,SAA2AS0010,10.0
032,112025,1012661,0,7405,3290555,2,1,1,1,0230000000321012661,01/03/2003,SAA3AS0030,30.0
032,112025,1015001,0,7405,3290592,2,1,1,1,0230000000321015001,01/06/2001,SAA1AS0005,5.0
032,112025,1015003,0,7405,3290629,2,1,1,1,0230000000321015003,01/01/2000,SAA1AS0003,3.0
032,112025,1015007,0,7405,3290666,2,1,1,1,0230000000321015007,01/11/2000,SA2AS1440005,5.0
032,112025,1015008,0,7404,3290703,2,4,1,1,0230000000321015008,01/06/2001,SAA3AS0045,45.0
032,112025,1015013,0,7404,3290740,2,1,1,1,0230000000321015013,01/07/1999,SA3AS0740100,100.0
032,112025,1015029,0,7404,3290814,2,1,1,1,0230000000321015029,01/03/2003,SA1AS1840003,3.0
032,112025,1015031,0,7405,3290888,2,4,1,1,0230000000321015031,01/03/2003,SAA2AS0025,25.0
032,112025,1016400,0,7405,3290925,2,1,1,1,0230000000321016400,01/03/2003,SAA3AS0010,10.0
032,112025,1016672,0,7404,3291036,2,1,1,1,0230000000321016672,01/01/2003,SA2AS1840003,3.0
032,112025,1016674,0,7404,3291073,2,1,1,1,0230000000321016674,01/01/2002,SAA2AS0005,5.0
032,112025,1016676,0,8409,3291110,2,1,1,1,0230000000321016676,01/07/1971,SAA1AS0010,10.0
032,112025,1016679,0,7405,3291147,2,1,1,1,0230000000321016679,01/05/2002,SAA2AS0003,3.0
032,112025,1016680,0,7405,3291184,2,1,1,1,0230000000321016680,01/06/1987,SAA3AS0050,50.0
032,112025,1016682,0,7405,3291221,2,1,1,1,0230000000321016682,01/10/1988,SAA3AS0045,45.0
032,112025,1016683,0,7403,3291258,2,1,1,1,0230000000321016683,01/09/1974,SAA2AS0003,3.0
032,112025,1016686,0,7404,3291332,2,1,1,1,0230000000321016686,01/04/1999,SAA2AS0003,3.0
032,112025,1016687,0,7405,3291369,2,1,1,1,0230000000321016687,01/04/1996,SA1AS1440005,5.0
032,112025,1016694,0,7403,3291406,2,1,1,1,0230000000321016694,01/01/2005,SA2AS1040015,15.0
032,112025,1016695,0,7403,3291443,2,1,1,1,0230000000321016695,01/01/2005,SAA1AS0015,10.0
032,112025,1016697,0,7405,3291480,2,4,1,1,0230000000321016697,01/01/2005,SAA3AS0045,45.0
032,112025,1016698,0,7405,3291517,2,4,1,1,0230000000321016698,01/12/2004,SA3AS1140010,15.0
032,112025,1016699,0,7404,3291554,2,4,1,1,0230000000321016699,07/10/2014,SA3AS0540750,750.0
032,112025,1016700,0,8409,3291591,2,1,1,1,0230000000321016700,01/01/2005,SA3AS1040030,30.0
032,112025,1016701,0,7404,3291628,2,1,1,1,0230000000321016701,01/03/2005,SA2AS1040010,10.0
032,112025,1016702,0,8409,3291665,2,1,1,1,0230000000321016702,01/03/2005,SAA3AS0010,10.0
032,112025,1016703,0,7404,3291702,2,4,1,1,0230000000321016703,01/03/2005,SA3AS1040030,30.0
032,112025,1016704,0,7406,3291739,2,4,1,1,0230000000321016704,01/03/2005,SA3AS0840075,75.0
032,112025,1016705,0,7404,3291776,2,4,1,1,0230000000321016705,01/03/2005,SA3AS0740100,100.0
032,112025,1016706,0,7404,3291813,2,1,1,1,0230000000321016706,01/03/2005,SA2AS1440005,5.0
032,112025,1016708,0,8409,3291850,2,1,1,1,0230000000321016708,01/04/2005,SAA1AS0005,5.0
032,112025,1016710,0,7404,3291887,2,1,1,1,0230000000321016710,01/03/2003,SA3AS0740100,100.0
032,112025,1016719,0,7405,3291998,2,1,1,1,0230000000321016719,01/03/2003,SAA2AS0003,3.0
032,112025,1016720,0,8416,3292035,2,1,1,1,0230000000321016720,01/03/2003,SAA2AS0003,3.0
032,112025,1016722,0,7405,3292072,2,1,1,1,0230000000321016722,01/03/2003,SAA2AS0003,3.0
032,112025,1016723,0,7403,3292109,2,1,1,1,0230000000321016723,01/03/2003,SA2AS1440005,5.0
032,112025,1016724,0,8409,3292146,2,1,1,1,0230000000321016724,01/03/2003,SAA3AS0030,30.0
032,112025,1016727,0,7405,3292220,2,1,1,1,0230000000321016727,01/03/2003,SA1AS1540025,25.0
032,112025,1016733,0,7404,3292331,2,1,1,1,0230000000321016733,01/03/2003,SAA3AS0030,30.0
032,112025,1016735,0,7404,3292368,2,1,1,1,0230000000321016735,01/03/2003,SA1AS1440005,5.0
032,112025,1016737,0,7405,3292405,2,1,1,1,0230000000321016737,01/03/2003,SAA2AS0003,3.0
032,112025,1016738,0,7405,3292442,2,1,1,1,0230000000321016738,01/08/1999,SAA2AS0003,3.0
032,112025,1016741,0,7405,3292479,2,1,1,1,0230000000321016741,01/04/2005,SA2AS1440005,5.0
032,112025,1016742,0,8409,3292516,2,1,1,1,0230000000321016742,01/03/2003,SAA2AS0010,10.0
032,112025,1016743,0,8416,3292553,2,1,1,1,0230000000321016743,01/03/2003,SAA2AS0003,3.0
032,112025,1016744,0,7404,3292590,2,1,1,1,0230000000321016744,01/03/2003,SA2AS1840003,3.0
032,112025,1016746,0,7404,3292664,2,1,1,1,0230000000321016746,01/03/2003,SAA2AS0010,10.0
032,112025,1016748,0,7403,3292701,2,4,1,1,0230000000321016748,01/04/2005,SA3AS0840075,75.0
032,112025,1016750,0,8409,3292738,2,1,1,1,0230000000321016750,01/03/2003,SAA3AS0010,10.0
032,112025,1016752,0,8409,3292775,2,4,1,1,0230000000321016752,01/03/2003,SAA1AS0010,10.0
032,112025,1016754,0,8416,3292812,2,1,1,1,0230000000321016754,01/03/2003,SAA1AS0003,3.0
032,112025,1016758,0,7405,3292886,2,1,1,1,0230000000321016758,01/03/2003,SAA2AS0005,5.0
032,112025,1016760,0,7404,3292960,2,1,1,1,0230000000321016760,01/03/2003,SAA2AS0010,10.0
032,112025,1016761,0,8416,3292997,2,1,1,1,0230000000321016761,01/03/2003,SAA1AS0005,5.0
032,112025,1016762,0,7404,3293034,2,1,1,1,0230000000321016762,01/03/2003,SA2AS1440005,5.0
032,112025,1016765,0,8409,3293071,2,1,1,1,0230000000321016765,01/03/2003,SAA2AS0005,5.0
032,112025,1016767,0,7405,3293108,2,1,1,1,0230000000321016767,01/03/2003,SA2AS1440005,5.0
032,112025,1016768,0,7404,3293145,2,1,1,1,0230000000321016768,01/03/2003,SA2AS1440005,5.0
032,112025,1016769,0,7405,3293182,2,4,1,1,0230000000321016769,01/01/2004,SA3AS0840075,75.0
032,112025,1016770,0,7405,3293219,2,4,1,1,0230000000321016770,01/03/2003,SA2AS1440005,5.0
032,112025,1016771,0,7403,3293256,2,4,1,1,0230000000321016771,01/03/2003,SAA3AS0030,30.0
032,112025,1016772,0,7403,3293293,2,1,1,1,0230000000321016772,01/05/2004,SAA2AS0003,3.0
032,112025,1016773,0,7403,3293330,2,1,1,1,0230000000321016773,01/05/2004,SAA2AS0003,3.0
032,112025,1016774,0,8409,3293367,2,1,1,1,0230000000321016774,01/06/2004,SAA2AS0010,10.0
032,112025,1016775,0,7405,3293404,2,1,1,1,0230000000321016775,01/03/2003,SA1AS1840003,3.0
032,112025,1016776,0,7405,3293441,2,4,1,1,0230000000321016776,01/09/2004,SAA3AS0010,10.0
032,112025,1016778,0,8409,3293478,2,4,1,1,0230000000321016778,01/11/2004,SAA1AS0010,10.0
032,112025,1016781,0,7404,3293515,2,4,1,1,0230000000321016781,01/11/2004,SA3AS0840045,45.0
032,112025,1016782,0,7403,3293552,2,4,1,1,0230000000321016782,01/12/2004,SAA3AS0030,30.0
032,112025,1016783,0,7405,3293589,2,4,1,1,0230000000321016783,01/01/2004,SAA3AS0030,30.0
032,112025,1016784,0,7403,3293626,2,4,1,1,0230000000321016784,01/03/2005,SA1AS1440005,5.0
032,112025,1016786,0,7404,3293663,2,1,1,1,0230000000321016786,01/03/2003,SAA2AS0005,5.0
032,112025,1016787,0,7404,3293700,2,1,1,1,0230000000321016787,01/03/2003,SA2AS1840003,3.0
032,112025,1016791,0,7405,3293774,2,1,1,1,0230000000321016791,01/03/2003,SAA2AS0003,3.0
032,112025,1016795,0,7404,3293811,2,1,1,1,0230000000321016795,01/03/2003,SAA1AS0003,3.0
032,112025,1016797,0,7406,3293885,2,4,1,1,0230000000321016797,01/09/2000,SAA3AS0045,45.0
032,112025,1016799,0,8416,3293959,2,4,1,1,0230000000321016799,01/09/2000,SAA3AS0045,45.0
032,112025,1016803,0,7404,3293996,2,1,1,1,0230000000321016803,01/03/2003,SA3AS0740100,100.0
032,112025,1016806,0,7404,3294033,2,1,1,1,0230000000321016806,01/03/2003,SAA1AS0003,3.0
032,112025,1016807,0,7405,3294070,2,1,1,1,0230000000321016807,01/03/2003,SAA2AS0003,3.0
032,112025,1016808,0,7405,39893116,2,1,1,1,0230000000321016808,06/05/2016,SA2AS1440005,5.0
032,112025,1016809,0,7404,3294144,2,1,1,1,0230000000321016809,01/03/2003,SAA1AS0010,10.0
032,112025,1016816,0,7405,3294255,2,1,1,1,0230000000321016816,01/03/2003,SA3AS1140010,10.0
032,112025,1016817,0,7405,3294292,2,1,1,1,0230000000321016817,01/03/2003,SAA3AS0030,30.0
032,112025,1016818,0,7404,3294329,2,1,1,1,0230000000321016818,01/03/2003,SAA1AS0025,25.0
032,112025,1016819,0,7403,3294366,2,1,1,1,0230000000321016819,01/06/2005,SAA2AS0003,3.0
032,112025,2000002,0,7405,3294440,2,1,1,1,0230000000322000002,01/07/1981,SAA2AS0005,5.0
032,112025,2000033,0,8409,3294551,2,1,1,1,0230000000322000033,01/03/1965,SAA1AS0003,3.0
032,112025,2000062,0,7405,3294625,2,1,1,1,0230000000322000062,01/01/1957,SA2AS1440005,5.0
032,112025,2000065,0,7404,3294662,2,1,1,1,0230000000322000065,01/07/1975,SA2AS1440005,5.0
032,112025,2000068,0,7404,3294699,2,1,1,1,0230000000322000068,01/05/1960,SAA2AS0005,5.0
032,112025,2000082,0,7405,3294773,2,1,1,1,0230000000322000082,01/01/1981,SAA3AS0075,75.0
032,112025,2000092,0,7405,3294884,2,1,1,1,0230000000322000092,01/04/1967,SA3AS0940015,15.0
032,112025,2000102,0,8409,3294921,2,1,1,1,0230000000322000102,01/02/1970,SAA3AS0025,25.0
032,112025,2000108,0,8409,3294958,2,1,1,1,0230000000322000108,01/01/1968,SAA1AS0025,25.0
032,112025,2000122,0,8409,3295032,2,1,1,1,0230000000322000122,01/04/1975,SAA2AS0015,15.0
032,112025,2000128,0,8416,3295069,2,1,1,1,0230000000322000128,01/02/1994,SA2AS1040015,15.0
032,112025,2000130,0,8416,3295106,2,1,1,1,0230000000322000130,01/08/1970,SAA1AS0010,10.0
032,112025,2000136,0,8416,3295143,2,1,1,1,0230000000322000136,01/07/1971,SAA2AS0015,15.0
032,112025,2000137,0,8416,3295180,2,1,1,1,0230000000322000137,01/04/2004,SA2AS1040010,10.0
032,112025,2000142,0,7403,3295217,2,1,1,1,0230000000322000142,01/01/1995,SAA2AS0005,5.0
032,112025,2000153,0,7405,3295291,2,1,1,1,0230000000322000153,01/04/1991,SA3AS1140010,10.0
032,112025,2000175,0,7403,3295439,2,1,1,1,0230000000322000175,01/02/1956,SAA3AS0045,45.0
032,112025,2000177,0,7403,3295476,2,1,1,1,0230000000322000177,01/07/1996,SAA3AS0075,75.0
032,112025,2000201,0,8409,3295513,2,1,1,1,0230000000322000201,01/03/1980,SAA1AS0010,10.0
032,112025,2000204,0,7404,3295550,2,1,1,1,0230000000322000204,01/08/1970,SAA2AS0010,10.0
032,112025,2000206,0,7405,3295587,2,1,1,1,0230000000322000206,01/08/1991,SAA2AS0003,3.0
032,112025,2000208,0,7404,3295661,2,1,1,1,0230000000322000208,01/05/1979,SA2AS1840003,3.0
032,112025,2000211,0,7404,3295698,2,1,1,1,0230000000322000211,01/03/2003,SAA3AS0035,35.0
032,112025,2000225,0,7405,3295735,2,1,1,1,0230000000322000225,01/03/1996,SAA2AS0005,5.0
032,112025,2000247,0,7403,3295809,2,1,1,1,0230000000322000247,01/06/1994,SAA3AS0075,75.0
032,112025,2000252,0,7405,3295846,2,1,1,1,0230000000322000252,01/01/2004,SA2AS1040015,15.0
032,112025,2000253,0,7403,3295883,2,1,1,1,0230000000322000253,01/01/1985,SAA2AS0025,25.0
032,112025,2000254,0,7403,3295920,2,1,1,1,0230000000322000254,01/09/1998,SAA2AS0025,25.0
032,112025,2000255,0,7405,3295957,2,1,1,1,0230000000322000255,01/01/1975,SA3AS0940015,15.0
032,112025,2000256,0,7403,3295994,2,1,1,1,0230000000322000256,01/01/1975,SA2AS1040010,10.0
032,112025,2000273,0,7404,3296068,2,1,1,1,0230000000322000273,01/01/1977,SA2AS1440005,5.0
032,112025,2000274,0,8409,3296105,2,1,1,1,0230000000322000274,01/01/1977,SAA1AS0002,1.5
032,112025,2000278,0,7404,3296142,2,1,1,1,0230000000322000278,01/08/1967,SAA1AS0005,5.0
032,112025,2000284,0,7403,3296179,2,1,1,1,0230000000322000284,01/02/1988,SA3AS0740100,100.0
032,112025,2000288,0,7403,3296216,2,1,1,1,0230000000322000288,31/12/2014,SA2AS1040015,15.0
032,112025,2000299,0,8409,3296253,2,1,1,1,0230000000322000299,01/01/1981,SAA1AS0002,1.5
032,112025,2000303,0,8409,3296290,2,1,1,1,0230000000322000303,01/01/1973,SAA1AS0005,5.0
032,112025,2000319,0,8409,3296364,2,1,1,1,0230000000322000319,01/01/1981,SAA1AS0002,1.5
032,112025,2000325,0,7404,28710864,2,1,1,1,0230000000322000325,23/05/2012,SA2AS1040015,15.0
032,112025,2000335,0,7404,3296438,2,1,1,1,0230000000322000335,01/08/1982,SAA1AS0025,25.0
032,112025,2000337,0,7404,3296475,2,1,1,1,0230000000322000337,01/08/2004,SAA1AS0015,15.0
032,112025,2000351,0,8416,41649084,2,1,1,1,0230000000322000351,22/06/2016,SA2AS1040010,10.0
032,112025,2000354,0,7404,3296549,2,1,1,1,0230000000322000354,01/02/1993,SA2AS1040025,25.0
032,112025,2000356,0,7405,3296586,2,1,1,1,0230000000322000356,01/01/1984,SAA2AS0002,1.5
032,112025,2000357,0,8409,3296623,2,1,1,1,0230000000322000357,01/09/1984,SAA1AS0002,1.5
032,112025,2000359,0,7404,3296660,2,1,1,1,0230000000322000359,01/08/1994,SA2AS1440005,5.0
032,112025,2000364,0,8409,3296697,2,1,1,1,0230000000322000364,01/05/1978,SAA3AS0025,25.0
032,112025,2000365,0,7404,3296734,2,1,1,1,0230000000322000365,01/05/1978,SA2AS1440005,5.0
032,112025,2000370,0,8409,3296771,2,1,1,1,0230000000322000370,01/07/1983,SAA1AS0015,15.0
032,112025,2000375,0,7405,3296808,2,1,1,1,0230000000322000375,01/07/1991,SAA3AS0025,25.0
032,112025,2000378,0,8416,3296845,2,1,1,1,0230000000322000378,01/06/1983,SAA1AS0015,15.0
032,112025,2000381,0,8409,3296882,2,1,1,1,0230000000322000381,01/03/1984,SAA2AS0005,5.0
032,112025,2000387,0,8409,3296919,2,1,1,1,0230000000322000387,01/05/1984,SAA1AS0010,10.0
032,112025,2000394,0,8409,3296956,2,1,1,1,0230000000322000394,01/01/1984,SAA2AS0003,3.0
032,112025,2000398,0,7405,3296993,2,1,1,1,0230000000322000398,01/02/1998,SAA2AS0010,10.0
032,112025,2000413,0,7405,3297104,2,1,1,1,0230000000322000413,01/07/2004,SAA2AS0003,3.0
032,112025,2000418,0,7403,3297141,2,1,1,1,0230000000322000418,01/05/1989,SAA2AS0010,10.0
032,112025,2000426,0,7403,3297178,2,1,1,1,0230000000322000426,01/05/1986,SAA1AS0010,10.0
032,112025,2000429,0,7403,3297215,2,1,1,1,0230000000322000429,01/02/1986,SAA1AS0015,15.0
032,112025,2000433,0,8409,3297252,2,1,1,1,0230000000322000433,01/07/1985,SAA2AS0002,1.5
032,112025,2000440,0,8409,3297363,2,1,1,1,0230000000322000440,01/03/1982,SA2AS1440005,5.0
032,112025,2000448,0,7405,3297437,2,1,1,1,0230000000322000448,01/01/1985,SAA1AS0005,5.0
032,112025,2000470,0,7405,3297548,2,1,1,1,0230000000322000470,01/01/1987,SA1AS1040010,10.0
032,112025,2000472,0,7405,3297585,2,1,1,1,0230000000322000472,01/06/2004,SAA2AS0003,3.0
032,112025,2000474,0,7405,3297622,2,1,1,1,0230000000322000474,01/03/1986,SAA1AS0010,10.0
032,112025,2000476,0,7405,3297659,2,1,1,1,0230000000322000476,01/09/1980,SA1AS1040010,10.0
032,112025,2000477,0,7405,39897729,2,1,1,1,0230000000322000477,13/05/2016,SA1AS1040010,25.0
032,112025,2000480,0,8409,3297733,2,1,1,1,0230000000322000480,01/08/1986,SA1AS1440005,5.0
032,112025,2000482,0,7405,3297770,2,1,1,1,0230000000322000482,01/05/1985,SAA2AS0003,3.0
032,112025,2000491,0,8416,40090840,2,1,1,1,0230000000322000491,07/02/2014,SA1AS1140002,1.5
032,112025,2000495,0,7405,3297844,2,1,1,1,0230000000322000495,01/03/1986,SA1AS1440005,5.0
032,112025,2000527,0,7405,3297992,2,1,1,1,0230000000322000527,01/09/1988,SA2AS1840003,3.0
032,112025,2000529,0,7404,3298029,2,1,1,1,0230000000322000529,01/03/1997,SA1AS1840003,5.0
032,112025,2000532,0,7404,3298103,2,1,1,1,0230000000322000532,01/06/1986,SA1AS1140002,1.5
032,112025,2000535,0,7405,3298140,2,1,1,1,0230000000322000535,01/02/1996,SAA1AS0003,3.0
032,112025,2000540,0,7404,3298214,2,1,1,1,0230000000322000540,01/02/1992,SA1AS1440005,5.0
032,112025,2000545,0,8409,3298251,2,1,1,1,0230000000322000545,01/08/1992,SA1AS1840003,3.0
032,112025,2000552,0,8409,42795092,2,1,1,1,0230000000322000552,18/08/2016,SA2AS0940002,5.0
032,112025,2000553,0,7403,3298325,2,1,1,1,0230000000322000553,01/01/1986,SAA1AS0002,1.5
032,112025,2000565,0,8409,3298362,2,1,1,1,0230000000322000565,01/09/1978,SAA1AS0003,3.0
032,112025,2000600,0,7404,3298399,2,1,1,1,0230000000322000600,01/07/1988,SA2AS1440005,5.0
032,112025,2000616,0,7403,3298436,2,1,1,1,0230000000322000616,01/02/2002,SAA3AS0030,30.0
032,112025,2000619,0,8416,3298510,2,1,1,1,0230000000322000619,01/06/1987,SAA1AS0002,1.5
032,112025,2000624,0,7404,3298547,2,1,1,1,0230000000322000624,01/03/1987,SA1AS1440005,5.0
032,112025,2000628,0,7405,3298584,2,1,1,1,0230000000322000628,01/03/1988,SAA1AS0002,1.5
032,112025,2000633,0,7405,3298621,2,1,1,1,0230000000322000633,01/04/1997,SAA3AS0035,35.0
032,112025,2000634,0,7405,3298658,2,1,1,1,0230000000322000634,01/05/1997,SAA2AS0003,3.0
032,112025,2000640,0,7403,3298695,2,4,1,1,0230000000322000640,01/12/1999,SA3AS0540750,750.0
032,112025,2000642,0,7405,3298732,2,1,1,1,0230000000322000642,01/01/1988,SAA1AS0002,1.5
032,112025,2000646,0,7404,3298769,2,1,1,1,0230000000322000646,01/02/1988,SAA2AS0003,3.0
032,112025,2000648,0,7404,3298806,2,1,1,1,0230000000322000648,01/09/1986,SAA2AS0005,5.0
032,112025,2000652,0,7404,3298843,2,1,1,1,0230000000322000652,01/01/1988,SA1AS1140002,1.5
032,112025,2000662,0,8409,3298880,2,1,1,1,0230000000322000662,01/08/1988,SAA2AS0005,5.0
032,112025,2000669,0,8409,3298917,2,1,1,1,0230000000322000669,01/07/1994,SAA1AS0010,10.0
032,112025,2000675,0,7405,3298954,2,1,1,1,0230000000322000675,01/01/1985,SAA1AS0010,10.0
032,112025,2000676,0,7405,3298991,2,1,1,1,0230000000322000676,01/06/1996,SA1AS1440005,5.0
032,112025,2000688,0,7405,3299028,2,1,1,1,0230000000322000688,01/05/1989,SA3AS1040035,35.0
032,112025,2000696,0,7405,3299065,2,1,1,1,0230000000322000696,01/08/2004,SA2AS1840003,3.0
032,112025,2000715,0,7403,3299102,2,1,1,1,0230000000322000715,01/01/1999,SAA1AS0010,10.0
032,112025,2000724,0,7405,3299176,2,1,1,1,0230000000322000724,01/05/1960,SA1AS1040010,10.0
032,112025,2000728,0,7405,3299213,2,1,1,1,0230000000322000728,01/06/1998,SAA2AS0005,5.0
032,112025,2000730,0,7403,3299250,2,1,1,1,0230000000322000730,01/04/1988,SAA1AS0002,1.5
032,112025,2000731,0,7404,3299287,2,1,1,1,0230000000322000731,01/09/1987,SAA2AS0005,5.0
032,112025,2000732,0,8416,3299324,2,1,1,1,0230000000322000732,01/02/1988,SAA1AS0015,15.0
032,112025,2000733,0,7404,3299361,2,1,1,1,0230000000322000733,01/03/1988,SA2AS1040015,15.0
032,112025,2000735,0,7404,3299398,2,1,1,1,0230000000322000735,01/08/1987,SA1AS1140002,1.5
032,112025,2000742,0,7404,3299435,2,1,1,1,0230000000322000742,01/07/1987,SA1AS1140002,1.5
032,112025,2000745,0,7404,3299472,2,1,1,1,0230000000322000745,01/05/1996,SA2AS0940002,1.5
032,112025,2000748,0,7404,3299509,2,1,1,1,0230000000322000748,01/09/1999,SA2AS1040015,15.0
032,112025,2000749,0,7404,3299546,2,1,1,1,0230000000322000749,01/03/1998,SAA3AS0025,25.0
032,112025,2000752,0,8409,3299583,2,1,1,1,0230000000322000752,01/03/1996,SAA1AS0002,1.5
032,112025,2000756,0,8416,3299620,2,1,1,1,0230000000322000756,01/08/1988,SAA1AS0010,10.0
032,112025,2000759,0,7405,3299657,2,1,1,1,0230000000322000759,01/06/1991,SAA3AS0150,150.0
032,112025,2000771,0,7404,3299694,2,1,1,1,0230000000322000771,01/09/1989,SA1AS1840003,3.0
032,112025,2000808,0,7404,3299731,2,1,1,1,0230000000322000808,01/08/1980,SAA2AS0002,1.5
032,112025,2000810,0,7405,3299768,2,1,1,1,0230000000322000810,01/03/1990,SAA2AS0002,1.5
032,112025,2000823,0,7404,3299805,2,1,1,1,0230000000322000823,01/02/1990,SAA1AS0002,1.5
032,112025,2000835,0,7404,3299842,2,1,1,1,0230000000322000835,01/04/1990,SA1AS1840003,3.0
032,112025,2000842,0,7404,3299879,2,1,1,1,0230000000322000842,01/01/1990,SA1AS0940015,15.0
032,112025,2000860,0,7404,3299916,2,1,1,1,0230000000322000860,01/01/1986,SA1AS1140002,1.5
032,112025,2000897,0,8409,3300027,2,1,1,1,0230000000322000897,01/07/1991,SAA3AS0075,75.0
032,112025,2000902,0,7405,3300064,2,1,1,1,0230000000322000902,01/03/1993,SAA2AS0025,25.0
032,112025,2000910,0,8416,3300138,2,1,1,1,0230000000322000910,01/01/1991,SAA1AS0005,5.0
032,112025,2000922,0,8409,3300212,2,1,1,1,0230000000322000922,01/05/1998,SA2AS1840003,3.0
032,112025,2000924,0,7403,3300249,2,1,1,1,0230000000322000924,01/01/1992,SAA2AS0025,25.0
032,112025,2000933,0,7405,3300286,2,1,1,1,0230000000322000933,01/01/1992,SAA2AS0005,5.0
032,112025,2000942,0,7405,3300323,2,1,1,1,0230000000322000942,01/03/2003,SA3AS1540025,25.0
032,112025,2000948,0,7404,3300360,2,1,1,1,0230000000322000948,01/04/2004,SA1AS0940015,15.0
032,112025,2000951,0,7404,3300397,2,1,1,1,0230000000322000951,01/01/1984,SAA1AS0003,3.0
032,112025,2000958,0,7404,3300434,2,1,1,1,0230000000322000958,01/06/1992,SAA2AS0015,15.0
032,112025,2000962,0,7404,3300508,2,4,1,1,0230000000322000962,01/05/1992,SAA3AS0045,45.0
032,112025,2000971,0,7405,3300582,2,1,1,1,0230000000322000971,01/04/1992,SAA2AS0005,5.0
032,112025,2000987,0,7404,3300619,2,1,1,1,0230000000322000987,01/09/1993,SAB1AS0010,10.0
032,112025,2000995,0,7404,3300656,2,1,1,1,0230000000322000995,01/07/1986,SAA1AS0005,5.0
032,112025,2001000,0,7201,3300693,2,1,1,1,0230000000322001000,01/08/1993,SA2AS1840003,3.0
032,112025,2001008,0,8409,3300730,2,1,1,1,0230000000322001008,01/03/1996,SAA1AS0015,15.0
032,112025,2001010,0,7403,3300767,2,1,1,1,0230000000322001010,01/04/1996,SAA1AS0010,10.0
032,112025,2001014,0,7403,3300804,2,1,1,1,0230000000322001014,01/03/1993,SAA2AS0010,10.0
032,112025,2001022,0,7405,3300841,2,1,1,1,0230000000322001022,01/01/1992,SAA2AS0005,5.0
032,112025,2001039,0,7404,3300915,2,1,1,1,0230000000322001039,01/06/1992,SAA3AS0150,150.0
032,112025,2001092,0,7404,3300989,2,1,1,1,0230000000322001092,01/09/1994,SAA3AS0050,50.0
032,112025,2001117,0,8416,3301026,2,1,1,1,0230000000322001117,01/07/1994,SAA2AS0003,3.0
032,112025,2001121,0,7404,3301100,2,1,1,1,0230000000322001121,01/05/1979,SA2AS1840003,3.0
032,112025,2001148,0,8409,3301137,2,1,1,1,0230000000322001148,01/07/1986,SAA1AS0002,1.5
032,112025,2001153,0,7405,3301174,2,1,1,1,0230000000322001153,01/09/1995,SA2AS1040010,10.0
032,112025,2001159,0,7405,3301248,2,1,1,1,0230000000322001159,01/08/2004,SAA3AS0025,25.0
032,112025,2001168,0,7403,3301285,2,1,1,1,0230000000322001168,01/05/1986,SAA1AS0002,1.5
032,112025,2001171,0,7403,3301322,2,1,1,1,0230000000322001171,01/01/1981,SAA1AS0002,1.5
032,112025,2001172,0,7403,3301359,2,1,1,1,0230000000322001172,01/02/1981,SAA1AS0005,5.0
032,112025,2001180,0,8416,3301433,2,1,1,1,0230000000322001180,01/01/1995,SAA2AS0002,1.5
032,112025,2001188,0,7404,3301470,2,1,1,1,0230000000322001188,01/08/1988,SAA1AS0005,5.0
032,112025,2001195,0,7404,3301544,2,1,1,1,0230000000322001195,01/01/1987,SA2AS1440005,5.0
032,112025,2001219,0,7403,3301581,2,1,1,1,0230000000322001219,01/02/1988,SAA1AS0002,1.5
032,112025,2001221,0,7403,3301618,2,1,1,1,0230000000322001221,01/07/1986,SAA1AS0002,1.5
032,112025,2001222,0,7403,3301655,2,1,1,1,0230000000322001222,01/03/1987,SAA1AS0002,1.5
032,112025,2001232,0,7403,3301692,2,1,1,1,0230000000322001232,01/02/1996,SAA2AS0015,15.0
032,112025,2001233,0,7405,3301729,2,1,1,1,0230000000322001233,01/05/1996,SA1AS1840003,3.0
032,112025,2001234,0,8409,3301766,2,1,1,1,0230000000322001234,01/06/1996,SAA2AS0003,3.0
032,112025,2001247,0,7405,3301840,2,1,1,1,0230000000322001247,01/07/1994,SAA3AS0025,25.0
032,112025,2001257,0,8409,3301877,2,1,1,1,0230000000322001257,01/09/1988,SAA1AS0002,1.5
032,112025,2001258,0,8409,3301914,2,1,1,1,0230000000322001258,01/09/1999,SAA2AS0015,15.0
032,112025,2001262,0,8409,3301951,2,1,1,1,0230000000322001262,01/01/1996,SAA2AS0005,5.0
032,112025,2001266,0,8409,3301988,2,1,1,1,0230000000322001266,01/03/1996,SAA2AS0010,10.0
032,112025,2001267,0,8409,3302025,2,1,1,1,0230000000322001267,01/09/1996,SAA2AS0005,5.0
032,112025,2001269,0,8409,3302062,2,1,1,1,0230000000322001269,01/05/1996,SAA2AS0005,5.0
032,112025,2001309,0,7404,3302136,2,1,1,1,0230000000322001309,01/06/1980,SA2AS1040010,10.0
032,112025,2001320,0,7404,3302173,2,1,1,1,0230000000322001320,01/04/1997,SA1AS0940015,15.0
032,112025,2001323,0,7404,34503114,2,4,1,1,,01/01/1900,,45.0
032,112025,2001326,0,7405,3302247,2,1,1,1,0230000000322001326,01/01/1995,SA3AS1140010,10.0
032,112025,2001328,0,7404,3302284,2,1,1,1,0230000000322001328,01/08/1996,SAB1AS0005,5.0
032,112025,2001329,0,7404,3302321,2,1,1,1,0230000000322001329,01/02/1990,SAB1AS0005,5.0
032,112025,2001356,0,7405,3302358,2,1,1,1,0230000000322001356,01/01/1996,SAA2AS0015,15.0
032,112025,2001357,0,7403,3302395,2,1,1,1,0230000000322001357,01/04/1996,SAA2AS0003,3.0
032,112025,2001377,0,7405,3302469,2,1,1,1,0230000000322001377,01/06/1997,SAA2AS0003,5.0
032,112025,2001389,0,7405,3302506,2,1,1,1,0230000000322001389,01/03/1998,SA2AS1040015,15.0
032,112025,2001408,0,7403,3302543,2,1,1,1,0230000000322001408,01/04/1997,SAA1AS0002,1.5
032,112025,2001410,0,7405,3302580,2,1,1,1,0230000000322001410,01/05/1998,SAA2AS0015,15.0
032,112025,2001416,0,7404,3302617,2,1,1,1,0230000000322001416,01/06/1997,SAA1AS0010,10.0
032,112025,2001418,0,7404,3302654,2,1,1,1,0230000000322001418,01/01/1988,SAA1AS0005,5.0
032,112025,2001435,0,7404,3302728,2,1,1,1,0230000000322001435,01/09/1999,SAA2AS0003,3.0
032,112025,2001436,0,7404,3302765,2,1,1,1,0230000000322001436,01/03/1999,SAA2AS0015,15.0
032,112025,2001442,0,7405,3302802,2,1,1,1,0230000000322001442,01/02/1966,SAA3AS0025,25.0
032,112025,2001446,0,7404,3302839,2,1,1,1,0230000000322001446,01/01/1996,SAA3AS0015,15.0
032,112025,2001456,0,7404,3302950,2,1,1,1,0230000000322001456,01/08/1996,SA1AS1840003,3.0
032,112025,2001462,0,8409,3302987,2,1,1,1,0230000000322001462,01/04/1973,SAA2AS0002,1.5
032,112025,2001464,0,7403,3303024,2,1,1,1,0230000000322001464,01/09/1985,SAA1AS0002,1.5
032,112025,2001469,0,7404,3303061,2,1,1,1,0230000000322001469,01/06/1997,SAA2AS0005,5.0
032,112025,2001475,0,8416,3303098,2,1,1,1,0230000000322001475,01/01/1993,SAA3AS0045,45.0
032,112025,2001479,0,8409,3303172,2,1,1,1,0230000000322001479,01/01/1986,SAA2AS0003,3.0
032,112025,2001484,0,8409,3303209,2,1,1,1,0230000000322001484,01/02/1996,SAA1AS0003,3.0
032,112025,2001485,0,8409,3303246,2,1,1,1,0230000000322001485,01/04/1986,SAA1AS0002,1.5
032,112025,2001504,0,8409,3303283,2,1,1,1,0230000000322001504,01/03/1998,SAA2AS0005,5.0
032,112025,2001518,0,8409,3303320,2,1,1,1,0230000000322001518,01/07/1998,SAA2AS0010,10.0
032,112025,2001524,0,8409,3303357,2,1,1,1,0230000000322001524,01/05/1998,SAA2AS0025,25.0
032,112025,2001529,0,8409,3303394,2,1,1,1,0230000000322001529,01/07/1998,SAA2AS0010,10.0
032,112025,2001534,0,8416,3303431,2,1,1,1,0230000000322001534,01/01/1999,SAA2AS0003,3.0
032,112025,2001535,0,8416,3303468,2,1,1,1,0230000000322001535,01/01/1998,SAA2AS0015,15.0
032,112025,2001539,0,8409,3303505,2,1,1,1,0230000000322001539,01/06/1998,SAA2AS0003,3.0
032,112025,2001548,0,8409,3303542,2,1,1,1,0230000000322001548,01/04/1973,SAA2AS0003,3.0
032,112025,2001551,0,8409,3303579,2,1,1,1,0230000000322001551,01/05/1998,SAA2AS0015,15.0
032,112025,2001566,0,7405,3303616,2,1,1,1,0230000000322001566,01/01/1998,SA2AS1440005,5.0
032,112025,2001568,0,7405,3303653,2,4,1,1,0230000000322001568,01/05/1996,SAA2AS0002,2.0
032,112025,2001585,0,7403,3303690,2,1,1,1,0230000000322001585,01/09/1999,SAA2AS0015,15.0
032,112025,2001587,0,7403,3303727,2,4,1,1,0230000000322001587,01/08/1996,SAA3AS0750,750.0
032,112025,2001595,0,8409,3303801,2,1,1,1,0230000000322001595,01/02/2003,SAA1AS0005,5.0
032,112025,2001598,0,8416,3303838,2,1,1,1,0230000000322001598,01/01/1973,SAA1AS0002,1.5
032,112025,2001607,0,8416,3303875,2,1,1,1,0230000000322001607,01/07/1985,SA2AS0940002,1.5
032,112025,2001608,0,7405,3303912,2,1,1,1,0230000000322001608,01/06/2004,SAA2AS0005,5.0
032,112025,2001610,0,7404,3303949,2,1,1,1,0230000000322001610,01/07/1998,SAA2AS0005,5.0
032,112025,2001619,0,7405,3303986,2,1,1,1,0230000000322001619,01/02/1998,SAA2AS0005,5.0
032,112025,2001620,0,7405,3304023,2,1,1,1,0230000000322001620,01/01/1998,SA2AS1040010,10.0
032,112025,2001628,0,8409,3304060,2,1,1,1,0230000000322001628,01/07/1998,SA2AS1840003,3.0
032,112025,2001633,0,8409,3304097,2,1,1,1,0230000000322001633,01/08/1974,SA2AS1040010,10.0
032,112025,2001635,0,7403,3304134,2,1,1,1,0230000000322001635,01/05/1998,SAA2AS0010,10.0
032,112025,2001644,0,7405,3304171,2,1,1,1,0230000000322001644,01/05/1998,SAA2AS0010,10.0
032,112025,2001654,0,7403,3304208,2,1,1,1,0230000000322001654,01/03/1994,SAA2AS0003,3.0
032,112025,2001659,0,7404,3304245,2,1,1,1,0230000000322001659,01/02/1974,SA2AS1040015,15.0
032,112025,2001664,0,7404,3304282,2,1,1,1,0230000000322001664,01/07/1985,SAA1AS0010,10.0
032,112025,2001705,0,8409,3304356,2,1,1,1,0230000000322001705,01/04/1970,SAA2AS0003,3.0
032,112025,2001723,0,7403,3304393,2,1,1,1,0230000000322001723,01/01/1995,SA3AS0840045,45.0
032,112025,2001734,0,8416,3304430,2,1,1,1,0230000000322001734,01/09/1974,SAA1AS0005,5.0
032,112025,2001735,0,8416,3304467,2,1,1,1,0230000000322001735,01/07/1974,SAA1AS0003,3.0
032,112025,2001738,0,8416,3304504,2,1,1,1,0230000000322001738,01/01/1974,SAA1AS0002,1.5
032,112025,2001752,0,8416,3304541,2,1,1,1,0230000000322001752,01/05/1979,SAA1AS0002,1.5
032,112025,2001764,0,8416,3304578,2,1,1,1,0230000000322001764,01/02/1995,SAA2AS0005,5.0
032,112025,2001765,0,8416,3304615,2,1,1,1,0230000000322001765,01/02/1995,SAA2AS0005,5.0
032,112025,2001768,0,8416,3304652,2,1,1,1,0230000000322001768,01/02/1995,SAA2AS0005,5.0
032,112025,2001771,0,8416,3304689,2,1,1,1,0230000000322001771,01/02/1995,SAA2AS0010,5.0
032,112025,2001791,0,8416,3304726,2,1,1,1,0230000000322001791,01/07/2000,SAA1AS0003,3.0
032,112025,2001804,0,8416,3304763,2,1,1,1,0230000000322001804,01/01/1980,SAA1AS0003,3.0
032,112025,2001805,0,8409,3304800,2,1,1,1,0230000000322001805,01/01/1980,SAA3AS0100,100.0
032,112025,2001807,0,7404,3304837,2,1,1,1,0230000000322001807,01/03/1980,SAA3AS0250,250.0
032,112025,2001809,0,8409,3304874,2,1,1,1,0230000000322001809,01/09/1980,SAA1AS0010,10.0
032,112025,2001810,0,8409,3304911,2,1,1,1,0230000000322001810,01/09/1980,SAA1AS0003,3.0
032,112025,2001815,0,7405,3304948,2,1,1,1,0230000000322001815,01/02/2001,SAA3AS0010,10.0
032,112025,2001818,0,8409,3304985,2,1,1,1,0230000000322001818,01/03/2001,SAA3AS0015,15.0
032,112025,2001832,0,7404,3305022,2,4,1,1,0230000000322001832,01/04/2001,SAA3AS0030,30.0
032,112025,2001838,0,7405,3305096,2,1,1,1,0230000000322001838,01/05/2001,SA1AS1040010,10.0
032,112025,2001839,0,7405,3305133,2,1,1,1,0230000000322001839,01/05/2001,SAA2AS0010,10.0
032,112025,2001841,0,8409,3305170,2,1,1,1,0230000000322001841,01/06/2001,SAA1AS0015,15.0
032,112025,2001847,0,7405,3305207,2,1,1,1,0230000000322001847,01/06/2001,SAA3AS0045,45.0
032,112025,2001853,0,7403,3305281,2,1,1,1,0230000000322001853,01/07/2001,SAA3AS0050,50.0
032,112025,2001854,0,7405,3305318,2,1,1,1,0230000000322001854,01/07/2001,SAA3AS0010,10.0
032,112025,2001866,0,7405,3305392,2,1,1,1,0230000000322001866,01/07/2001,SA1AS1040010,10.0
032,112025,2001878,0,7405,3305429,2,1,1,1,0230000000322001878,01/07/2001,SA2AS1040010,10.0
032,112025,2001883,0,7403,3305503,2,1,1,1,0230000000322001883,01/08/2001,SAA1AS0010,10.0
032,112025,2001884,0,7404,3305540,2,1,1,1,0230000000322001884,01/10/2001,SAA3AS0045,45.0
032,112025,2001885,0,7404,3305577,2,1,1,1,0230000000322001885,01/10/2001,SA2AS1840003,3.0
032,112025,2001889,0,7404,3305614,2,4,1,1,0230000000322001889,01/10/2001,SAA3AS0075,75.0
032,112025,2001891,0,8416,3305651,2,1,1,1,0230000000322001891,01/10/2001,SAA2AS0010,10.0
032,112025,2001892,0,8409,3305688,2,1,1,1,0230000000322001892,01/10/2001,SAA1AS0010,10.0
032,112025,2001908,0,7404,3305725,2,1,1,1,0230000000322001908,01/11/2001,SAB2AS0005,5.0
032,112025,2001909,0,7403,3305762,2,1,1,1,0230000000322001909,01/11/2001,SA3AS1040030,30.0
032,112025,2001915,0,7405,3305799,2,1,1,1,0230000000322001915,01/10/1970,SAA3AS0050,50.0
032,112025,2001917,0,7404,3305836,2,1,1,1,0230000000322001917,01/02/1958,SAA3AS0025,25.0
032,112025,2001920,0,7405,3305873,2,1,1,1,0230000000322001920,01/08/1999,SAA3AS0045,45.0
032,112025,2001925,0,7406,3305910,2,1,1,1,0230000000322001925,01/08/1999,SAA1AS0005,5.0
032,112025,2001929,0,7404,3305947,2,1,1,1,0230000000322001929,01/05/1986,SA2AS1840003,3.0
032,112025,2001932,0,7405,3305984,2,1,1,1,0230000000322001932,01/05/1957,SA2AS1440005,5.0
032,112025,2001934,0,7404,3306058,2,1,1,1,0230000000322001934,01/06/1991,SAA3AS0045,45.0
032,112025,2001937,0,7201,3306095,2,1,1,1,0230000000322001937,01/05/1993,SA2AS1840003,3.0
032,112025,2001944,0,7404,3306132,2,1,1,1,0230000000322001944,01/05/1979,SA1AS1840003,3.0
032,112025,2001948,0,7405,3306169,2,1,1,1,0230000000322001948,01/10/1988,SA2AS1840003,3.0
032,112025,2001949,0,7405,3306206,2,1,1,1,0230000000322001949,01/08/1984,SA2AS1440005,5.0
032,112025,2001951,0,7404,3306243,2,1,1,1,0230000000322001951,01/01/1987,SAA1AS0003,3.0
032,112025,2001953,0,7404,3306317,2,1,1,1,0230000000322001953,01/05/1986,SA3AS0040050,50.0
032,112025,2001962,0,8409,3306354,2,1,1,1,0230000000322001962,01/06/2000,SAA3AS0015,30.0
032,112025,2001965,0,7404,3306391,2,1,1,1,0230000000322001965,01/05/1981,SA3AS1140010,10.0
032,112025,2001971,0,8409,3306428,2,1,1,1,0230000000322001971,01/03/2000,SAA3AS0045,45.0
032,112025,2001974,0,7405,3306465,2,1,1,1,0230000000322001974,01/10/1985,SAA2AS0010,10.0
032,112025,2001978,0,7405,3306539,2,1,1,1,0230000000322001978,01/08/1991,SAA3AS0015,15.0
032,112025,2001981,0,7404,3306576,2,1,1,1,0230000000322001981,01/10/1997,SA3AS1140010,10.0
032,112025,2001990,0,7405,3306613,2,1,1,1,0230000000322001990,01/06/1991,SAA3AS0030,30.0
032,112025,2001996,0,7404,3306650,2,1,1,1,0230000000322001996,01/06/1980,SAA2AS0010,10.0
032,112025,2002007,0,7404,3306724,2,1,1,1,0230000000322002007,01/06/1991,SAA2AS0010,10.0
032,112025,2002008,0,8416,3306761,2,1,1,1,0230000000322002008,01/05/1988,SAA3AS0075,75.0
032,112025,2002010,0,8416,3306798,2,1,1,1,0230000000322002010,01/05/1988,SAA2AS0005,5.0
032,112025,2002015,0,8409,3306872,2,1,1,1,0230000000322002015,01/06/1980,SAA2AS0005,5.0
032,112025,2002016,0,7404,3306909,2,1,1,1,0230000000322002016,01/04/2002,SA2AS1440005,5.0
032,112025,2002019,0,7403,3306946,2,1,1,1,0230000000322002019,01/06/1991,SAA3AS0045,45.0
032,112025,2002020,0,7403,3306983,2,1,1,1,0230000000322002020,01/01/1960,SAA3AS0075,75.0
032,112025,2002021,0,7403,3307020,2,1,1,1,0230000000322002021,01/03/2003,SAA3AS0045,45.0
032,112025,2002024,0,8409,3307094,2,1,1,1,0230000000322002024,01/05/1987,SAA3AS0010,10.0
032,112025,2002029,0,7403,3307131,2,1,1,1,0230000000322002029,01/09/1999,SAA2AS0025,25.0
032,112025,2002037,0,8409,3307168,2,1,1,1,0230000000322002037,01/06/1980,SAA1AS0002,1.5
032,112025,2002044,0,7405,3307242,2,1,1,1,0230000000322002044,01/06/1991,SAA1AS0005,5.0
032,112025,2002046,0,7405,3307279,2,1,1,1,0230000000322002046,01/06/2004,SAA2AS0005,5.0
032,112025,2002047,0,7403,3307316,2,1,1,1,0230000000322002047,01/04/2002,SAA2AS0005,5.0
032,112025,2002049,0,8416,3307353,2,1,1,1,0230000000322002049,01/11/1980,SA1AS1840003,3.0
032,112025,2002053,0,8416,3307390,2,1,1,1,0230000000322002053,01/04/1973,SAA2AS0005,5.0
032,112025,2002054,0,8416,3307427,2,1,1,1,0230000000322002054,01/04/1973,SAA2AS0003,3.0
032,112025,2002055,0,7403,3307464,2,1,1,1,0230000000322002055,01/06/1991,SAA1AS0010,10.0
032,112025,2002056,0,7403,3307501,2,1,1,1,0230000000322002056,01/06/1991,SAA1AS0015,15.0
032,112025,2002061,0,7403,3307538,2,1,1,1,0230000000322002061,01/04/2002,SAA1AS0005,5.0
032,112025,2002063,0,7405,3307575,2,1,1,1,0230000000322002063,01/06/1991,SAA2AS0005,5.0
032,112025,2002064,0,7403,3307612,2,1,1,1,0230000000322002064,01/10/1998,SAA1AS0003,3.0
032,112025,2002073,0,7405,3307649,2,1,1,1,0230000000322002073,01/06/1991,SA3AS1140010,10.0
032,112025,2002075,0,7405,3307686,2,1,1,1,0230000000322002075,01/12/1986,SAA2AS0005,5.0
032,112025,2002078,0,7405,3307723,2,1,1,1,0230000000322002078,01/09/1991,SAA3AS0150,150.0
032,112025,2002079,0,7405,3307760,2,1,1,1,0230000000322002079,01/09/1991,SAA2AS0015,15.0
032,112025,2002085,0,7405,3307797,2,1,1,1,0230000000322002085,01/01/1969,SAA3AS0050,50.0
032,112025,2002089,0,7405,3307834,2,1,1,1,0230000000322002089,01/06/1969,SAA2AS0003,3.0
032,112025,2002090,0,7404,3307871,2,1,1,1,0230000000322002090,01/05/1986,SA2AS1840003,3.0
032,112025,2002091,0,7404,3307908,2,1,1,1,0230000000322002091,01/05/1986,SA2AS1840003,3.0
032,112025,2002092,0,7404,3307945,2,1,1,1,0230000000322002092,01/05/1986,SA2AS1840003,3.0
032,112025,2002093,0,7404,3307982,2,1,1,1,0230000000322002093,01/05/1986,SA1AS1140002,1.5
032,112025,2002094,0,7404,3308019,2,1,1,1,0230000000322002094,01/05/1986,SA1AS1840003,3.0
032,112025,2002098,0,7404,3308056,2,1,1,1,0230000000322002098,01/05/1986,SA1AS1840003,3.0
032,112025,2002099,0,7404,3308093,2,1,1,1,0230000000322002099,01/05/1986,SA1AS1840003,3.0
032,112025,2002101,0,7405,3308130,2,1,1,1,0230000000322002101,01/01/1968,SAA2AS0003,3.0
032,112025,2002103,0,7404,3308167,2,1,1,1,0230000000322002103,01/05/1986,SA1AS1840003,3.0
032,112025,2002104,0,7405,3308204,2,1,1,1,0230000000322002104,01/01/1969,SA3AS1040030,30.0
032,112025,2002109,0,7405,3308241,2,1,1,1,0230000000322002109,01/10/1988,SA3AS0040050,50.0
032,112025,2002119,0,8409,3308278,2,1,1,1,0230000000322002119,01/07/2000,SA2AS1840003,3.0
032,112025,2002120,0,7405,3308315,2,1,1,1,0230000000322002120,01/09/1981,SA1AS1140002,1.5
032,112025,2002125,0,7405,3308352,2,1,1,1,0230000000322002125,01/05/1957,SAA2AS0003,3.0
032,112025,2002130,0,7405,3308426,2,1,1,1,0230000000322002130,01/12/1986,SAA2AS0010,10.0
032,112025,2002132,0,7404,3308463,2,1,1,1,0230000000322002132,01/01/1978,SA1AS1140002,1.5
032,112025,2002133,0,7201,3308500,2,1,1,1,0230000000322002133,01/08/1984,SA3AS0740100,100.0
032,112025,2002134,0,7404,3308537,2,1,1,1,0230000000322002134,01/01/1958,SA3AS0940015,15.0
032,112025,2002135,0,7404,3308574,2,1,1,1,0230000000322002135,01/01/1958,SA3AS0740150,150.0
032,112025,2002136,0,7404,3308611,2,1,1,1,0230000000322002136,01/05/1986,SA1AS1840003,3.0
032,112025,2002137,0,7405,3308648,2,1,1,1,0230000000322002137,01/05/1993,SAA2AS0003,3.0
032,112025,2002138,0,7404,3308685,2,1,1,1,0230000000322002138,01/04/1968,SAA3AS0075,75.0
032,112025,2002139,0,7404,3308722,2,1,1,1,0230000000322002139,01/01/1978,SA1AS1040010,10.0
032,112025,2002140,0,7404,3308759,2,1,1,1,0230000000322002140,01/02/1998,SA2AS1840003,3.0
032,112025,2002141,0,7405,3308796,2,1,1,1,0230000000322002141,01/08/1984,SA3AS0740150,150.0
032,112025,2002157,0,7405,3308833,2,1,1,1,0230000000322002157,01/06/2001,SAA2AS0003,3.0
032,112025,2002161,0,7403,3308870,2,1,1,1,0230000000322002161,01/10/2002,SAA1AS0003,3.0
032,112025,2002162,0,7403,3308907,2,1,1,1,0230000000322002162,01/10/2002,SAA1AS0005,5.0
032,112025,2002163,0,7403,3308944,2,1,1,1,0230000000322002163,01/10/2002,SAA1AS0003,3.0
032,112025,2002172,0,7403,3308981,2,1,1,1,0230000000322002172,01/10/2002,SAA1AS0005,5.0
032,112025,2002184,0,7405,3309055,2,1,1,1,0230000000322002184,01/01/1969,SAA3AS0015,15.0
032,112025,2002235,0,7405,3309092,2,1,1,1,0230000000322002235,01/01/2003,SAA2AS0015,15.0
032,112025,2002239,0,8409,3309129,2,1,1,1,0230000000322002239,01/02/2003,SAA1AS0010,10.0
032,112025,2002242,0,8409,3309166,2,1,1,1,0230000000322002242,01/02/2003,SAA1AS0002,1.5
032,112025,2002243,0,8409,3309203,2,1,1,1,0230000000322002243,01/02/2003,SAA1AS0003,3.0
032,112025,2002244,0,8409,3309240,2,1,1,1,0230000000322002244,01/01/2003,SAA1AS0010,10.0
032,112025,2002246,0,8409,3309277,2,1,1,1,0230000000322002246,01/02/2003,SAA1AS0005,5.0
032,112025,2002248,0,8409,3309314,2,1,1,1,0230000000322002248,01/01/2003,SAA1AS0003,3.0
032,112025,2002249,0,8409,3309351,2,1,1,1,0230000000322002249,01/01/2003,SAA1AS0010,10.0
032,112025,2002254,0,8409,3309388,2,1,1,1,0230000000322002254,01/01/2003,SAA1AS0005,5.0
032,112025,2002255,0,8409,3309425,2,1,1,1,0230000000322002255,01/01/2003,SAA2AS0003,3.0
032,112025,2002260,0,8409,3309462,2,1,1,1,0230000000322002260,01/01/2003,SAA2AS0005,5.0
032,112025,2002261,0,8409,3309499,2,1,1,1,0230000000322002261,01/01/2003,SAA2AS0005,5.0
032,112025,2002275,0,7405,3309536,2,1,1,1,0230000000322002275,01/06/2004,SAA3AS0025,25.0
032,112025,2002281,0,7404,3309573,2,1,1,1,0230000000322002281,01/04/2003,SAA1AS0003,3.0
032,112025,2002283,0,7403,3309610,2,1,1,1,0230000000322002283,01/04/2003,SAA2AS0005,5.0
032,112025,2002285,0,7403,3309647,2,1,1,1,0230000000322002285,01/04/2003,SA2AS1440005,5.0
032,112025,2002287,0,7403,3309684,2,1,1,1,0230000000322002287,01/04/2003,SAA2AS0005,5.0
032,112025,2002291,0,7404,3309721,2,1,1,1,0230000000322002291,01/05/2003,SA3AS1140010,10.0
032,112025,2002298,0,7405,3309758,2,4,1,1,0230000000322002298,01/08/2003,SAA3AS0015,15.0
032,112025,2002342,0,7405,3309832,2,1,1,1,0230000000322002342,01/12/2003,SAA2AS0005,5.0
032,112025,2002343,0,7405,3309869,2,1,1,1,0230000000322002343,01/12/2003,SAA2AS0003,3.0
032,112025,2002344,0,7404,3309906,2,1,1,1,0230000000322002344,01/12/2003,SA1AS1840003,3.0
032,112025,2002348,0,7404,3309943,2,1,1,1,0230000000322002348,01/12/2003,SA2AS1840003,3.0
032,112025,2002350,0,7404,3309980,2,1,1,1,0230000000322002350,01/12/2003,SA1AS1840003,3.0
032,112025,2002354,0,7404,3310017,2,1,1,1,0230000000322002354,01/12/2003,SA1AS1040010,10.0
032,112025,2002356,0,7404,3310054,2,1,1,1,0230000000322002356,01/12/2003,SA2AS1840003,3.0
032,112025,2002427,0,7403,3310091,2,1,1,1,0230000000322002427,01/10/1998,SAA3AS0050,50.0
032,112025,2002533,0,7405,3310128,2,1,1,1,0230000000322002533,01/02/2004,SAA1AS0005,5.0
032,112025,2002539,0,8416,3310165,2,1,1,1,0230000000322002539,01/02/2004,SAA2AS0005,5.0
032,112025,2002561,0,7403,3310202,2,1,1,1,0230000000322002561,01/07/2004,SAA1AS0003,3.0
032,112025,2002562,0,7403,3310239,2,1,1,1,0230000000322002562,01/07/2004,SAA1AS0003,3.0
032,112025,2002565,0,7403,3310276,2,1,1,1,0230000000322002565,01/07/2004,SAA1AS0003,3.0
032,112025,2002858,0,7403,3310313,2,1,1,1,0230000000322002858,01/01/2003,SAA1AS0005,5.0
032,112025,2002860,0,7403,3310350,2,1,1,1,0230000000322002860,01/01/2003,SAA1AS0002,1.5
032,112025,2002861,0,7403,3310387,2,1,1,1,0230000000322002861,01/01/2003,SAA1AS0005,5.0
032,112025,2002879,0,8409,3310461,2,1,1,1,0230000000322002879,01/01/2003,SAA2AS0005,5.0
032,112025,2003009,0,7404,3310498,2,1,1,1,0230000000322003009,01/09/2000,SAA3AS0100,100.0
032,112025,2003010,0,8409,3310535,2,1,1,1,0230000000322003010,01/09/2000,SAA1AS0005,5.0
032,112025,2003012,0,7403,3310572,2,4,1,1,0230000000322003012,01/09/2000,SAA3AS0015,15.0
032,112025,2010346,0,7404,3310609,2,1,1,1,0230000000322010346,01/07/1999,SA3AS0040050,50.0
032,112025,2011205,0,7405,3310646,2,1,1,1,0230000000322011205,01/01/1992,SAA3AS0010,10.0
032,112025,2012058,0,7405,3310683,2,1,1,1,0230000000322012058,01/09/2000,SAA2AS0005,5.0
032,112025,2012063,0,7405,3310720,2,1,1,1,0230000000322012063,01/01/2000,SAA1AS0005,5.0
032,112025,2012081,0,7404,3310757,2,1,1,1,0230000000322012081,01/01/2000,SA1AS1140002,1.5
032,112025,2012088,0,7404,3310794,2,1,1,1,0230000000322012088,01/01/2001,SA2AS1840003,3.0
032,112025,2012150,0,7405,3310831,2,4,1,1,0230000000322012150,01/02/2000,SA3AS0840045,45.0
032,112025,2012316,0,7405,3310868,2,1,1,1,0230000000322012316,01/01/2000,SA2AS1440005,5.0
032,112025,2012495,0,7405,3310905,2,1,1,1,0230000000322012495,01/07/2003,SAA1AS0005,5.0
032,112025,2012496,0,7405,3310942,2,1,1,1,0230000000322012496,01/07/2003,SA1AS1440005,5.0
032,112025,2012497,0,7405,3310979,2,1,1,1,0230000000322012497,01/01/2001,SAA1AS0005,5.0
032,112025,2012573,0,8409,3311016,2,1,1,1,0230000000322012573,01/12/2004,SAA1AS0010,10.0
032,112025,2012591,0,7403,3311053,2,1,1,1,0230000000322012591,01/12/2004,SAA1AS0005,5.0
032,112025,2012642,0,7404,3311090,2,1,1,1,0230000000322012642,01/09/2005,SAB1AS0005,5.0
032,112025,2012643,0,7403,3311127,2,1,1,1,0230000000322012643,01/09/2005,SAA3AS0150,150.0
032,112025,2012652,0,7404,3311164,2,1,1,1,0230000000322012652,01/11/2005,SAA3AS0015,15.0
032,112025,2015005,0,7405,3311201,2,1,1,1,0230000000322015005,01/10/2000,SAA2AS0010,10.0
032,112025,2015011,0,7405,3311238,2,1,1,1,0230000000322015011,01/02/2000,SAA2AS0010,10.0
032,112025,2016669,0,7404,3311275,2,1,1,1,0230000000322016669,01/01/2003,SAB2AS0010,10.0
032,112025,2016670,0,7404,3311312,2,1,1,1,0230000000322016670,01/01/2003,SAB2AS0010,10.0
032,112025,2016673,0,7405,3311349,2,1,1,1,0230000000322016673,01/01/2003,SAA3AS0025,25.0
032,112025,2016675,0,8409,3311386,2,1,1,1,0230000000322016675,01/01/2002,SAA2AS0005,5.0
032,112025,2016677,0,7405,3311423,2,1,1,1,0230000000322016677,01/04/2002,SAA2AS0002,1.5
032,112025,2016678,0,7405,3311460,2,1,1,1,0230000000322016678,01/04/2001,SAA3AS0100,100.0
032,112025,2016681,0,7404,3311497,2,1,1,1,0230000000322016681,01/03/2001,SAA2AS0005,5.0
032,112025,2016684,0,7405,3311534,2,1,1,1,0230000000322016684,01/08/1955,SA3AS0940015,15.0
032,112025,2016688,0,7404,3311571,2,4,1,1,0230000000322016688,01/01/2003,SAA3AS1000,1000.0
032,112025,2016692,0,7405,3311608,2,1,1,1,0230000000322016692,01/03/2003,SA2AS1840003,3.0
032,112025,2016693,0,7405,31702675,2,4,1,1,0230000000322016693,01/03/2005,SAA3AS0250,300.0
032,112025,2016696,0,7405,3311682,2,1,1,1,0230000000322016696,01/01/2005,SAA2AS0025,25.0
032,112025,2016709,0,7406,3311719,2,1,1,1,0230000000322016709,01/03/2005,SA3AS1140010,10.0
032,112025,2016713,0,7404,3311756,2,1,1,1,0230000000322016713,01/03/2003,SAA2AS0002,1.5
032,112025,2016714,0,7403,3311793,2,1,1,1,0230000000322016714,01/12/2004,SAA2AS0003,3.0
032,112025,2016716,0,7404,3311830,2,1,1,1,0230000000322016716,01/03/2003,SA1AS1440005,5.0
032,112025,2016717,0,7405,3311867,2,4,1,1,0230000000322016717,01/03/2003,SAA3AS0010,10.0
032,112025,2016721,0,7405,3311904,2,1,1,1,0230000000322016721,01/03/2003,SA3AS0940015,15.0
032,112025,2016731,0,7404,3311941,2,1,1,1,0230000000322016731,01/03/2003,SAA3AS0025,25.0
032,112025,2016747,0,7404,3311978,2,1,1,1,0230000000322016747,01/03/2003,SAA2AS0003,3.0
032,112025,2016749,0,7405,3312015,2,1,1,1,0230000000322016749,01/03/2003,SAA2AS0005,5.0
032,112025,2016751,0,8409,3312052,2,1,1,1,0230000000322016751,01/03/2003,SAA3AS0010,10.0
032,112025,2016756,0,7405,3312089,2,1,1,1,0230000000322016756,01/03/2003,SA2AS1840003,3.0
032,112025,2016757,0,7405,3312126,2,1,1,1,0230000000322016757,01/03/2003,SA2AS1440005,5.0
032,112025,2016764,0,7403,3312163,2,1,1,1,0230000000322016764,01/03/2003,SAA1AS0005,5.0
032,112025,2016777,0,7403,3312237,2,4,1,1,0230000000322016777,01/03/2003,SA3AS1140010,10.0
032,112025,2016789,0,7405,3312274,2,1,1,1,0230000000322016789,01/03/2003,SAA1AS0002,1.5
032,112025,2016792,0,7405,3312348,2,1,1,1,0230000000322016792,01/03/2003,SAA2AS0015,15.0
032,112025,2016793,0,7405,3312385,2,1,1,1,0230000000322016793,01/03/2003,SAA1AS0005,5.0
032,112025,2016794,0,8409,3312422,2,1,1,1,0230000000322016794,01/03/2003,SAA3AS0015,15.0
032,112025,2016801,0,7403,3312459,2,4,1,1,0230000000322016801,01/03/2003,SA3AS1040030,30.0
032,112025,2016802,0,7404,3312496,2,1,1,1,0230000000322016802,01/03/2003,SAA3AS0075,75.0
032,112025,2016804,0,8409,3312533,2,1,1,1,0230000000322016804,01/03/2003,SAA3AS0030,30.0
032,112025,2016805,0,7403,3312570,2,1,1,1,0230000000322016805,01/03/2003,SAA3AS0030,30.0
032,112025,2016810,0,7404,3312607,2,1,1,1,0230000000322016810,01/03/2003,SAA2AS0005,5.0
032,112025,2016814,0,7404,3312681,2,1,1,1,0230000000322016814,01/03/2003,SAA3AS0010,10.0
032,112025,3000009,0,7404,3312718,2,1,1,1,0230000000323000009,01/07/2004,SA2AS1440005,5.0
032,112025,3000111,0,8409,3312755,2,1,1,1,0230000000323000111,02/01/1970,SAA1AS0015,15.0
032,112025,3000483,0,7405,3312829,2,1,1,1,0230000000323000483,01/02/1992,SAA2AS0010,10.0
032,112025,3000517,0,7403,3312903,2,1,1,1,0230000000323000517,01/01/2004,SAA2AS0015,15.0
032,112025,3000584,0,7404,3312940,2,1,1,1,0230000000323000584,01/05/1987,SA2AS1840003,3.0
032,112025,3000985,0,7404,3312977,2,1,1,1,0230000000323000985,01/05/1993,SAB1AS0005,5.0
032,112025,3001035,0,7403,3313051,2,1,1,1,0230000000323001035,01/04/1991,SAA1AS0010,10.0
032,112025,3001082,0,8416,3313088,2,1,1,1,0230000000323001082,01/08/1981,SAA3AS0075,75.0
032,112025,3001169,0,7403,3313125,2,1,1,1,0230000000323001169,01/09/1986,SAA1AS0003,3.0
032,112025,3001303,0,7405,3313162,2,4,1,1,0230000000323001303,30/12/2009,SA2AS1040015,15.0
032,112025,3001304,0,7404,3313199,2,1,1,1,0230000000323001304,01/12/2005,SAA3AS0045,45.0
032,112025,3001306,0,7405,3313273,2,1,1,1,0230000000323001306,01/12/2005,SAA2AS0005,5.0
032,112025,3001307,0,7404,3313310,2,1,1,1,0230000000323001307,01/12/2005,SA2AS1440005,5.0
032,112025,3001308,0,8416,24793602,2,1,1,1,0230000000323001308,30/05/2011,SAA3AS0010,10.0
032,112025,3001309,0,8409,3313384,2,4,1,1,0230000000323001309,01/12/2005,SAA1AS0010,10.0
032,112025,3001311,0,7405,3313458,2,1,1,1,0230000000323001311,01/01/2006,SAA2AS0025,25.0
032,112025,3001312,0,7405,3313495,2,1,1,1,0230000000323001312,01/01/2006,SAA2AS0015,15.0
032,112025,3001313,0,8409,3313532,2,1,1,1,0230000000323001313,01/01/2006,SAA2AS0005,5.0
032,112025,3001314,0,7405,3313569,2,1,1,1,0230000000323001314,01/01/2006,SAA2AS0005,5.0
032,112025,3001315,0,7405,3313606,2,1,1,1,0230000000323001315,01/01/2006,SA1AS1440005,5.0
032,112025,3001316,0,7405,24621815,2,1,1,1,0230000000323001316,20/04/2011,SA2AS1440005,5.0
032,112025,3001317,0,8416,3313680,2,4,1,1,0230000000323001317,01/01/2006,SAA2AS0003,3.0
032,112025,3001318,0,7403,3313717,2,4,1,1,0230000000323001318,01/11/2005,SA3AS1040030,30.0
032,112025,3001319,0,7405,3313754,2,4,1,1,0230000000323001319,01/10/2005,SAA2AS0010,10.0
032,112025,3001322,0,8409,3313828,2,4,1,1,0230000000323001322,01/01/2006,SAA2AS0005,5.0
032,112025,3001324,0,7404,3313902,2,1,1,1,0230000000323001324,01/03/2006,SA2AS1040015,15.0
032,112025,3001325,0,7403,3313939,2,1,1,1,0230000000323001325,01/03/2006,SA3AS0840045,45.0
032,112025,3001326,0,7405,3313976,2,4,1,1,0230000000323001326,01/02/2006,SA3AS0840075,75.0
032,112025,3001327,0,8409,3314013,2,1,1,1,0230000000323001327,01/04/2006,SAA2AS0003,3.0
032,112025,3001328,0,8409,3314050,2,1,1,1,0230000000323001328,01/04/2006,SAA2AS0005,5.0
032,112025,3001329,0,8409,3314087,2,1,1,1,0230000000323001329,01/04/2006,SAA2AS0010,10.0
032,112025,3001330,0,8409,3314124,2,1,1,1,0230000000323001330,01/04/2006,SAA2AS0005,5.0
032,112025,3001333,0,8416,3314235,2,1,1,1,0230000000323001333,01/05/2006,SAA2AS0003,3.0
032,112025,3001334,0,8409,3314272,2,1,1,1,0230000000323001334,01/05/2006,SAA2AS0010,10.0
032,112025,3001335,0,7404,3314309,2,4,1,1,0230000000323001335,01/04/2006,SA2AS1440005,5.0
032,112025,3001336,0,7405,3314346,2,1,1,1,0230000000323001336,01/05/2006,SAA2AS0010,10.0
032,112025,3001338,0,8416,3314383,2,4,1,1,0230000000323001338,01/05/2006,SAA3AS0075,75.0
032,112025,3001339,0,8416,3314420,2,1,1,1,0230000000323001339,01/06/2006,SAA1AS0003,3.0
032,112025,3001340,0,7405,3314457,2,1,1,1,0230000000323001340,01/05/2006,SAA2AS0025,25.0
032,112025,3001342,0,7403,3314531,2,1,1,1,0230000000323001342,01/04/2006,SAA1AS0003,3.0
032,112025,3001343,0,8409,3314568,2,1,1,1,0230000000323001343,01/03/2003,SA3AS0040050,50.0
032,112025,3001344,0,7403,3314605,2,1,1,1,0230000000323001344,01/06/2006,SAA2AS0025,25.0
032,112025,3001346,0,7404,3314679,2,1,1,1,0230000000323001346,01/03/2003,SA1AS1140002,2.0
032,112025,3001348,0,7404,3314716,2,1,1,1,0230000000323001348,01/07/2006,SAA2AS0003,3.0
032,112025,3001349,0,7404,3314753,2,1,1,1,0230000000323001349,01/03/2003,SA1AS1140002,2.0
032,112025,3001350,0,7201,3314790,2,1,1,1,0230000000323001350,01/06/2006,SAA1AS0003,3.0
032,112025,3001351,0,7403,3314827,2,1,1,1,0230000000323001351,01/06/2006,SAA1AS0002,2.0
032,112025,3001352,0,7404,3314864,2,1,1,1,0230000000323001352,01/03/2003,SA1AS1840003,3.0
032,112025,3001353,0,7404,3314901,2,1,1,1,0230000000323001353,01/08/2006,SAA1AS0005,5.0
032,112025,3001354,0,7404,3314938,2,1,1,1,0230000000323001354,01/03/2003,SAA1AS0005,5.0
032,112025,3001355,0,7404,3314975,2,1,1,1,0230000000323001355,01/08/2006,SAA2AS0010,10.0
032,112025,3001356,0,8409,3315012,2,1,1,1,0230000000323001356,01/06/2006,SAA2AS0010,10.0
032,112025,3001357,0,7405,3315049,2,1,1,1,0230000000323001357,01/03/2003,SAA2AS0015,15.0
032,112025,3001358,0,7405,3315086,2,1,1,1,0230000000323001358,01/03/2003,SAA2AS0010,10.0
032,112025,3001360,0,7405,3315123,2,1,1,1,0230000000323001360,01/09/2006,SA2AS1440005,5.0
032,112025,3001361,0,7403,3315160,2,1,1,1,0230000000323001361,01/08/2006,SAA3AS0100,100.0
032,112025,3001363,0,8409,3315234,2,1,1,1,0230000000323001363,01/09/2006,SAA2AS0003,3.0
032,112025,3001364,0,7405,3315271,2,1,1,1,0230000000323001364,01/09/2006,SAA1AS0002,2.0
032,112025,3001366,0,7405,3315345,2,4,1,1,0230000000323001366,01/09/2006,SA3AS0540500,500.0
032,112025,3001367,0,7404,3315382,2,1,1,1,0230000000323001367,01/03/2003,SAA2AS0005,5.0
032,112025,3001368,0,7403,3315419,2,1,1,1,0230000000323001368,01/10/2006,SA2AS1440005,5.0
032,112025,3001369,0,7405,3315456,2,1,1,1,0230000000323001369,01/03/2003,SAA1AS0003,3.0
032,112025,3001370,0,7403,39847208,2,4,1,1,,01/01/1900,,300.0
032,112025,3001372,0,7403,3315567,2,4,1,1,0230000000323001372,01/10/2006,SAA3AS0045,45.0
032,112025,3001373,0,7201,3315604,2,4,1,1,0230000000323001373,01/05/2006,SA3AS0840075,75.0
032,112025,3001374,0,7405,24836508,2,1,1,1,0230000000323001374,01/06/2011,SA2AS1440005,5.0
032,112025,3001375,0,7403,3315678,2,1,1,1,0230000000323001375,01/07/2006,SAA2AS0010,10.0
032,112025,3001376,0,7404,3315715,2,1,1,1,0230000000323001376,01/11/2006,SA2AS1840003,3.0
032,112025,3001378,0,7404,3315789,2,1,1,1,0230000000323001378,01/11/2006,SA1AS1140002,2.0
032,112025,3001379,0,7405,3315826,2,4,1,1,0230000000323001379,01/11/2006,SAA3AS0030,30.0
032,112025,3001380,0,7404,3315863,2,1,1,1,0230000000323001380,01/12/2006,SAA3AS0045,45.0
032,112025,3001381,0,7405,3315900,2,1,1,1,0230000000323001381,01/12/2006,SAA3AS0075,75.0
032,112025,3001382,0,7405,3315937,2,1,1,1,0230000000323001382,01/12/2006,SAA3AS0030,30.0
032,112025,3001383,0,7405,3315974,2,1,1,1,0230000000323001383,01/12/2006,SAA2AS0015,15.0
032,112025,3001480,0,7403,11872910,2,4,1,1,,01/01/1900,,75.0
032,112025,3001496,0,7403,13165482,2,4,1,1,,01/01/1900,,150.0
032,112025,3001499,0,7405,12585865,2,4,1,1,,01/01/1900,,10.0
032,112025,3001520,0,7405,13616646,2,4,1,1,,01/01/1900,,50.0
032,112025,3001523,0,8409,12830532,2,4,1,1,,01/01/1900,,15.0
032,112025,3001624,0,7404,3316011,2,1,1,1,0230000000323001624,01/04/2002,SAB2AS0005,5.0
032,112025,3001742,0,8416,3316048,2,1,1,1,0230000000323001742,01/04/1979,SAA1AS0005,5.0
032,112025,3001842,0,7404,3316085,2,1,1,1,0230000000323001842,01/04/2002,SAB2AS0010,10.0
032,112025,3001946,0,7404,3316122,2,1,1,1,0230000000323001946,01/10/2001,SAB2AS0005,5.0
032,112025,3001966,0,7404,3316159,2,1,1,1,0230000000323001966,01/04/2002,SAB2AS0005,5.0
032,112025,3001969,0,7404,3316196,2,1,1,1,0230000000323001969,01/04/2002,SAB2AS0005,5.0
032,112025,3001970,0,7404,3316233,2,1,1,1,0230000000323001970,01/04/2002,SAB2AS0010,10.0
032,112025,3002123,0,7404,3316270,2,1,1,1,0230000000323002123,01/08/1999,SA2AS1440005,5.0
032,112025,3002306,0,7405,3316344,2,1,1,1,0230000000323002306,01/12/2003,SAA3AS0030,30.0
032,112025,4001321,0,7404,3316381,2,1,1,1,0230000000324001321,30/12/2009,SA3AS0541000,1000.0
032,112025,4001337,0,7405,3316418,2,1,1,1,0230000000324001337,01/05/2006,SAA3AS0030,30.0
032,112025,4001338,0,7405,3316455,2,4,1,1,0230000000324001338,01/11/2006,SAA3AS0030,30.0
032,112025,4001339,0,7404,3316492,2,4,1,1,0230000000324001339,01/12/2006,SAA3AS0025,25.0
032,112025,4001340,0,7403,3316529,2,4,1,1,0230000000324001340,01/11/2006,SAA3AS0150,150.0
032,112025,4001341,0,7403,3316566,2,4,1,1,0230000000324001341,01/11/2006,SAA3AS0100,100.0
032,112025,4001343,0,8409,3316640,2,1,1,1,0230000000324001343,01/12/2006,SA1AS1140002,2.0
032,112025,4001344,0,7404,3316677,2,1,1,1,0230000000324001344,01/08/1961,SAA3AS0010,7.5
032,112025,4001345,0,7405,3316714,2,1,1,1,0230000000324001345,01/03/1980,SA2AS0940002,1.5
032,112025,4001347,0,8409,3316788,2,1,1,1,0230000000324001347,01/01/1981,SAA1AS0002,1.5
032,112025,4001348,0,8416,3316825,2,1,1,1,0230000000324001348,01/08/1982,SAA1AS0002,1.5
032,112025,4001349,0,7404,3316862,2,1,1,1,0230000000324001349,01/01/1992,SAA2AS0002,1.5
032,112025,4001350,0,8409,3316899,2,1,1,1,0230000000324001350,01/01/1986,SAA1AS0002,1.5
032,112025,4001353,0,8409,3317010,2,1,1,1,0230000000324001353,01/01/1986,SAA1AS0002,1.5
032,112025,4001354,0,7404,3317047,2,1,1,1,0230000000324001354,01/05/1991,SAA1AS0002,1.5
032,112025,4001355,0,7404,3317084,2,1,1,1,0230000000324001355,01/01/1987,SAA1AS0002,1.5
032,112025,4001360,0,7405,3317269,2,1,1,1,0230000000324001360,01/01/1996,SAA2AS0002,1.5
032,112025,4001361,0,7404,39144637,2,1,1,1,0230000000324001361,14/09/2015,SA2AS0940002,1.5
032,112025,4001362,0,7404,3317343,2,1,1,1,0230000000324001362,01/02/1988,SA1AS1140002,1.5
032,112025,4001363,0,7404,3317380,2,1,1,1,0230000000324001363,01/07/1988,SA1AS1140002,1.5
032,112025,4001364,0,7405,3317417,2,1,1,1,0230000000324001364,01/01/1998,SA1AS1140002,1.5
032,112025,4001365,0,7405,3317454,2,1,1,1,0230000000324001365,01/03/1988,SA1AS1140002,1.5
032,112025,4001366,0,7405,3317491,2,1,1,1,0230000000324001366,01/05/1989,SAA1AS0002,1.5
032,112025,4001368,0,7405,3317565,2,1,1,1,0230000000324001368,01/07/1978,SA1AS1140002,1.5
032,112025,4001370,0,7405,3317639,2,1,1,1,0230000000324001370,01/06/1993,SA1AS1140002,1.5
032,112025,4001371,0,7404,3317676,2,1,1,1,0230000000324001371,01/03/1987,SAA2AS0002,1.5
032,112025,4001372,0,7404,3317713,2,1,1,1,0230000000324001372,01/07/1989,SAA1AS0002,1.5
032,112025,4001373,0,7405,3317750,2,1,1,1,0230000000324001373,01/06/1988,SAA1AS0002,1.5
032,112025,4001374,0,7405,3317787,2,1,1,1,0230000000324001374,01/02/1986,SAA1AS0002,1.5
032,112025,4001375,0,7405,3317824,2,1,1,1,0230000000324001375,01/01/1984,SAA1AS0002,1.5
032,112025,4001376,0,7405,3317861,2,1,1,1,0230000000324001376,01/07/1987,SA1AS1140002,1.5
032,112025,4001377,0,7404,3317898,2,1,1,1,0230000000324001377,01/07/1987,SAA1AS0002,1.5
032,112025,4001378,0,8416,3317935,2,1,1,1,0230000000324001378,01/06/1988,SAA1AS0002,1.5
032,112025,4001380,0,8416,3318009,2,1,1,1,0230000000324001380,01/06/1987,SAA1AS0002,1.5
032,112025,4001381,0,7404,3318046,2,4,1,1,0230000000324001381,01/04/1994,SA3AS0740100,100.0
032,112025,4001382,0,7404,3318083,2,1,1,1,0230000000324001382,01/09/1988,SAA1AS0002,1.5
032,112025,4001383,0,7404,3318120,2,1,1,1,0230000000324001383,01/01/1985,SAA1AS0002,1.5
032,112025,4001384,0,8416,3318157,2,1,1,1,0230000000324001384,01/07/1979,SAA1AS0002,1.5
032,112025,4001385,0,8416,3318194,2,1,1,1,0230000000324001385,01/04/1979,SAA1AS0002,1.5
032,112025,4001386,0,8416,3318231,2,1,1,1,0230000000324001386,01/02/1995,SAA1AS0002,1.5
032,112025,4001387,0,8409,3318268,2,1,1,1,0230000000324001387,01/02/1995,SAA1AS0002,1.5
032,112025,4001388,0,7201,3318305,2,1,1,1,0230000000324001388,01/07/2000,SAA1AS0002,1.5
032,112025,4001389,0,7201,3318342,2,1,1,1,0230000000324001389,01/07/2000,SAA1AS0002,1.5
032,112025,4001390,0,7404,3318379,2,1,1,1,0230000000324001390,01/04/2001,SAA1AS0002,1.5
032,112025,4001391,0,7404,3318416,2,1,1,1,0230000000324001391,01/06/2001,SA3AS1040035,37.5
032,112025,4001393,0,8416,3318490,2,1,1,1,0230000000324001393,01/04/1973,SAA1AS0002,1.5
032,112025,4001394,0,8409,3318527,2,1,1,1,0230000000324001394,01/01/2003,SAA1AS0002,1.5
032,112025,4001395,0,7404,3318564,2,4,1,1,0230000000324001395,01/07/2003,SAA3AS0010,10.0
032,112025,4001396,0,8409,3318601,2,1,1,1,0230000000324001396,01/01/1998,SAA2AS0015,15.0
032,112025,4001397,0,7404,3318638,2,1,1,1,0230000000324001397,01/09/2005,SA2AS1440005,5.0
032,112025,4001398,0,7405,3318675,2,1,1,1,0230000000324001398,01/09/1997,SA2AS1440005,5.0
032,112025,4001399,0,7405,3318712,2,1,1,1,0230000000324001399,01/05/1988,SAA1AS0010,10.0
032,112025,4001400,0,7405,3318749,2,1,1,1,0230000000324001400,01/01/1988,SA1AS1040010,10.0
032,112025,4001402,0,7404,3318823,2,1,1,1,0230000000324001402,01/09/1990,SAA1AS0010,10.0
032,112025,4001405,0,7405,34168527,2,1,1,1,0230000000324001405,29/11/2013,SA2AS1040015,15.0
032,112025,4001406,0,7405,3318971,2,1,1,1,0230000000324001406,01/01/1989,SA2AS0940002,1.5
032,112025,4001407,0,7404,3319008,2,1,1,1,0230000000324001407,01/06/1991,SAA3AS0015,15.0
032,112025,4001408,0,7404,3319045,2,1,1,1,0230000000324001408,01/12/2003,SA1AS1040010,3.0
032,112025,4001409,0,7404,3319082,2,1,1,1,0230000000324001409,01/12/2003,SA1AS1040010,10.0
032,112025,4001410,0,8409,3257551,2,1,1,1,0230000000324001410,01/03/1985,SA1AS1840003,3.0
032,112025,4001411,0,7403,3257588,2,1,1,1,0230000000324001411,01/08/1985,SAA1AS0003,3.0
032,112025,4001412,0,7403,3257625,2,1,1,1,0230000000324001412,01/07/1988,SAA1AS0003,3.0
032,112025,4001413,0,7403,3257662,2,1,1,1,0230000000324001413,01/08/1982,SAA1AS0003,3.0
032,112025,4001414,0,7403,3257699,2,1,1,1,0230000000324001414,01/01/1994,SAA1AS0003,3.0
032,112025,4001415,0,7403,3257736,2,1,1,1,0230000000324001415,01/01/1988,SAA1AS0003,3.0
032,112025,4001417,0,7403,3257810,2,1,1,1,0230000000324001417,01/06/1993,SAA1AS0003,3.0
032,112025,4001418,0,7403,3257847,2,1,1,1,0230000000324001418,01/09/1981,SAA1AS0003,3.0
032,112025,4001419,0,7404,3257884,2,1,1,1,0230000000324001419,01/02/1994,SAA2AS0010,10.0
032,112025,4001420,0,7404,3257921,2,1,1,1,0230000000324001420,01/01/1992,SAA2AS0003,3.0
032,112025,4001421,0,7404,3257958,2,1,1,1,0230000000324001421,01/06/1999,SAA2AS0003,3.0
032,112025,4001422,0,7404,3258032,2,1,1,1,0230000000324001422,01/03/1994,SAA2AS0005,5.0
032,112025,4001423,0,7404,3258069,2,1,1,1,0230000000324001423,01/04/1994,SAA2AS0003,3.0
032,112025,4001424,0,7404,3258106,2,1,1,1,0230000000324001424,01/09/1994,SAA2AS0003,3.0
032,112025,4001425,0,7405,3258143,2,1,1,1,0230000000324001425,01/06/1994,SAA2AS0015,15.0
032,112025,4001426,0,7404,3258180,2,1,1,1,0230000000324001426,01/08/1994,SAA2AS0010,10.0
032,112025,4001427,0,7404,3258217,2,1,1,1,0230000000324001427,01/01/1994,SAA3AS0010,10.0
032,112025,4001428,0,8409,3258254,2,1,1,1,0230000000324001428,01/01/1980,SAA1AS0003,3.0
032,112025,4001429,0,8409,3258291,2,1,1,1,0230000000324001429,01/06/1994,SAA1AS0005,5.0
032,112025,4001430,0,7404,3258328,2,1,1,1,0230000000324001430,01/03/1999,SAA2AS0010,10.0
032,112025,4001431,0,7404,3258365,2,1,1,1,0230000000324001431,01/03/1999,SAA2AS0003,3.0
032,112025,4001432,0,7404,3258402,2,1,1,1,0230000000324001432,01/01/1999,SAA2AS0003,3.0
032,112025,4001433,0,7405,10339963,2,1,1,1,0230000000324001433,27/04/2007,SA3AS0940015,15.0
032,112025,4001434,0,7404,3258476,2,1,1,1,0230000000324001434,01/09/1999,SAA2AS0010,10.0
032,112025,4001435,0,7404,3258513,2,1,1,1,0230000000324001435,01/09/1999,SAA1AS0003,3.0
032,112025,4001436,0,8409,10365727,2,1,1,1,0230000000324001436,30/04/2007,SAA1AS0005,5.0
032,112025,4001437,0,7404,3258587,2,1,1,1,0230000000324001437,01/01/1995,SAA2AS0010,10.0
032,112025,4001438,0,7404,3258624,2,1,1,1,0230000000324001438,01/01/1994,SAA2AS0003,3.0
032,112025,4001439,0,7404,3258661,2,1,1,1,0230000000324001439,01/04/1995,SAA2AS0010,10.0
032,112025,4001440,0,7404,3258698,2,1,1,1,0230000000324001440,01/09/1994,SAA1AS0003,3.0
032,112025,4001441,0,7404,3258735,2,1,1,1,0230000000324001441,01/02/1971,SAA2AS0010,10.0
032,112025,4001442,0,7404,3258772,2,1,1,1,0230000000324001442,01/03/1988,SA1AS1440005,5.0
032,112025,4001443,0,7404,3258809,2,1,1,1,0230000000324001443,01/04/1993,SAA1AS0005,5.0
032,112025,4001444,0,7403,3258846,2,1,1,1,0230000000324001444,01/09/1999,SAA3AS0050,50.0
032,112025,4001445,0,7404,3258883,2,1,1,1,0230000000324001445,01/07/1999,SA2AS1040010,10.0
032,112025,4001446,0,7404,3258920,2,1,1,1,0230000000324001446,01/04/1999,SAA2AS0003,3.0
032,112025,4001447,0,7403,3258957,2,1,1,1,0230000000324001447,01/05/1999,SAA1AS0003,3.0
032,112025,4001448,0,7405,3258994,2,1,1,1,0230000000324001448,01/07/1995,SA1AS1840003,3.0
032,112025,4001450,0,7403,3259068,2,1,1,1,0230000000324001450,01/07/1994,SAA2AS0003,3.0
032,112025,4001451,0,7405,3259105,2,1,1,1,0230000000324001451,01/01/1994,SAA2AS0003,3.0
032,112025,4001452,0,7404,3259142,2,1,1,1,0230000000324001452,01/06/1995,SA2AS1840003,3.0
032,112025,4001453,0,7405,3259179,2,4,1,1,0230000000324001453,01/01/1992,SAA3AS0025,25.0
032,112025,4001454,0,7405,3259216,2,4,1,1,0230000000324001454,01/06/1995,SAA3AS0025,25.0
032,112025,4001455,0,7405,3259253,2,4,1,1,0230000000324001455,01/01/1988,SAA3AS0025,25.0
032,112025,4001456,0,7405,3259290,2,1,1,1,0230000000324001456,01/07/1966,SAA3AS0010,10.0
032,112025,4001457,0,7403,11366313,2,1,1,1,0230000000324001457,18/06/2007,SAA1AS0002,1.5
032,112025,4001458,0,8409,3259364,2,1,1,1,0230000000324001458,01/07/1985,SAA2AS0010,10.0
032,112025,4001459,0,7403,3259401,2,1,1,1,0230000000324001459,01/09/1995,SAA2AS0010,10.0
032,112025,4001460,0,7403,11411798,2,1,1,1,0230000000324001460,22/06/2007,SAA3AS0030,30.0
032,112025,4001461,0,7403,3259475,2,1,1,1,0230000000324001461,01/04/1995,SAA1AS0010,10.0
032,112025,4001462,0,7405,3259512,2,1,1,1,0230000000324001462,01/06/1984,SAA2AS0010,10.0
032,112025,4001463,0,7405,3259549,2,1,1,1,0230000000324001463,01/05/1996,SAA2AS0010,10.0
032,112025,4001464,0,7405,3259586,2,1,1,1,0230000000324001464,01/12/2001,SAA2AS0025,25.0
032,112025,4001465,0,7403,3259623,2,1,1,1,0230000000324001465,01/06/1980,SAA1AS0003,3.0
032,112025,4001466,0,7403,3259697,2,1,1,1,0230000000324001466,01/01/2002,SAA1AS0005,5.0
032,112025,4001467,0,7403,3259734,2,1,1,1,0230000000324001467,01/02/1981,SAA1AS0005,5.0
032,112025,4001468,0,7403,3259771,2,1,1,1,0230000000324001468,01/07/1981,SAA1AS0003,3.0
032,112025,4001469,0,7403,3259808,2,1,1,1,0230000000324001469,01/07/1981,SAA1AS0003,3.0
032,112025,4001470,0,7405,11057141,2,1,1,1,0230000000324001470,30/06/2008,SA3AS1540025,25.0
032,112025,4001471,0,7403,3259882,2,1,1,1,0230000000324001471,01/09/1988,SAA1AS0005,5.0
032,112025,4001472,0,7404,3259919,2,1,1,1,0230000000324001472,01/06/1995,SAA3AS0045,45.0
032,112025,4001473,0,7404,3259956,2,1,1,1,0230000000324001473,01/04/1985,SAA2AS0005,5.0
032,112025,4001476,0,7405,3260067,2,1,1,1,0230000000324001476,01/05/1996,SA2AS1440005,5.0
032,112025,4001477,0,7405,3260104,2,1,1,1,0230000000324001477,01/01/1996,SAA2AS0015,15.0
032,112025,4001478,0,7404,3260141,2,1,1,1,0230000000324001478,01/06/1969,SAA1AS0005,5.0
032,112025,4001479,0,7405,3260215,2,1,1,1,0230000000324001479,01/02/1970,SAA2AS0010,10.0
032,112025,4001481,0,7403,3260289,2,1,1,1,0230000000324001481,01/02/1989,SAA1AS0010,10.0
032,112025,4001482,0,7405,3260326,2,1,1,1,0230000000324001482,01/08/1996,SAA2AS0003,3.0
032,112025,4001483,0,7405,3260363,2,1,1,1,0230000000324001483,01/07/1995,SAA1AS0010,10.0
032,112025,4001484,0,7405,3260400,2,1,1,1,0230000000324001484,01/09/1987,SAA1AS0005,5.0
032,112025,4001485,0,7405,3260437,2,1,1,1,0230000000324001485,01/01/1996,SAA2AS0003,3.0
032,112025,4001486,0,7405,3260474,2,1,1,1,0230000000324001486,01/04/1996,SAA1AS0003,3.0
032,112025,4001487,0,7405,3260511,2,1,1,1,0230000000324001487,01/01/1996,SAA2AS0003,3.0
032,112025,4001488,0,7405,3260548,2,1,1,1,0230000000324001488,01/02/1998,SAA2AS0003,3.0
032,112025,4001490,0,7405,3260622,2,1,1,1,0230000000324001490,01/09/1999,SAA2AS0010,10.0
032,112025,4001491,0,7405,3260659,2,1,1,1,0230000000324001491,01/01/1996,SAA1AS0003,3.0
032,112025,4001492,0,7404,3260696,2,1,1,1,0230000000324001492,01/08/1995,SA1AS1840003,3.0
032,112025,4001493,0,7404,3260733,2,1,1,1,0230000000324001493,01/05/1994,SAA2AS0003,3.0
032,112025,4001494,0,7404,3260770,2,1,1,1,0230000000324001494,01/03/1994,SAA2AS0003,3.0
032,112025,4001495,0,7405,3260807,2,1,1,1,0230000000324001495,01/01/1996,SA1AS1040010,10.0
032,112025,4001497,0,7405,3260918,2,1,1,1,0230000000324001497,01/04/1996,SAA2AS0003,3.0
032,112025,4001498,0,7403,3260955,2,1,1,1,0230000000324001498,01/01/1996,SAA1AS0010,10.0
032,112025,4001500,0,7403,3261029,2,1,1,1,0230000000324001500,01/02/1996,SAA2AS0005,5.0
032,112025,4001501,0,7403,3261066,2,1,1,1,0230000000324001501,01/04/1996,SAA2AS0003,3.0
032,112025,4001502,0,7403,3261103,2,1,1,1,0230000000324001502,01/06/1996,SAA1AS0003,3.0
032,112025,4001503,0,7403,3261140,2,1,1,1,0230000000324001503,01/06/1996,SA1AS1440005,5.0
032,112025,4001504,0,7403,3261177,2,1,1,1,0230000000324001504,01/09/1996,SAA1AS0010,10.0
032,112025,4001505,0,7404,3261214,2,1,1,1,0230000000324001505,01/06/1973,SAA3AS0010,10.0
032,112025,4001506,0,7404,3261251,2,1,1,1,0230000000324001506,01/03/1981,SAA3AS0010,10.0
032,112025,4001507,0,7404,3261288,2,1,1,1,0230000000324001507,01/07/1995,SAA2AS0005,5.0
032,112025,4001508,0,7404,3261325,2,1,1,1,0230000000324001508,01/08/1999,SA2AS1440005,5.0
032,112025,4001509,0,7404,3261362,2,1,1,1,0230000000324001509,01/07/1989,SAA1AS0015,15.0
032,112025,4001511,0,7404,3261436,2,1,1,1,0230000000324001511,01/05/1996,SAA1AS0005,5.0
032,112025,4001512,0,7403,3261473,2,1,1,1,0230000000324001512,01/06/1996,SAA1AS0010,10.0
032,112025,4001513,0,7404,3261510,2,1,1,1,0230000000324001513,01/06/1996,SA2AS1840003,3.0
032,112025,4001514,0,8409,3261547,2,1,1,1,0230000000324001514,01/05/1996,SAA2AS0005,5.0
032,112025,4001515,0,7405,3261584,2,1,1,1,0230000000324001515,01/09/1991,SAA3AS0010,10.0
032,112025,4001516,0,7404,3261621,2,4,1,1,0230000000324001516,01/02/1996,SA3AS1540025,25.0
032,112025,4001517,0,7404,12312759,2,1,1,1,0230000000324001517,13/02/2009,SA2AS1840003,3.0
032,112025,4001518,0,8409,3261695,2,1,1,1,0230000000324001518,01/06/1998,SAA2AS0003,3.0
032,112025,4001519,0,7405,3261732,2,1,1,1,0230000000324001519,01/08/1989,SAA3AS0030,30.0
032,112025,4001522,0,7403,3261843,2,1,1,1,0230000000324001522,01/05/1995,SAA3AS0010,10.0
032,112025,4001524,0,7405,3261917,2,1,1,1,0230000000324001524,01/05/1990,SAA3AS0025,25.0
032,112025,4001525,0,8409,3261954,2,1,1,1,0230000000324001525,01/01/1991,SAA1AS0010,10.0
032,112025,4001526,0,8409,3261991,2,1,1,1,0230000000324001526,01/08/1996,SAA1AS0003,3.0
032,112025,4001527,0,8409,3262028,2,1,1,1,0230000000324001527,01/06/1996,SAA1AS0003,3.0
032,112025,4001528,0,8409,3262065,2,1,1,1,0230000000324001528,01/04/1996,SAA1AS0003,3.0
032,112025,4001529,0,8409,3262102,2,1,1,1,0230000000324001529,01/07/1986,SAA1AS0003,3.0
032,112025,4001530,0,8409,3262139,2,1,1,1,0230000000324001530,01/03/1992,SAA1AS0010,10.0
032,112025,4001531,0,8409,3262176,2,1,1,1,0230000000324001531,01/02/1996,SAA1AS0003,3.0
032,112025,4001532,0,8409,3262213,2,1,1,1,0230000000324001532,01/06/1996,SAA1AS0010,10.0
032,112025,4001533,0,8409,3262250,2,1,1,1,0230000000324001533,01/06/1996,SAA2AS0005,5.0
032,112025,4001534,0,8409,3262287,2,1,1,1,0230000000324001534,01/05/1988,SAA2AS0003,3.0
032,112025,4001535,0,8409,3262324,2,1,1,1,0230000000324001535,01/07/1986,SAA2AS0003,3.0
032,112025,4001536,0,7405,14402162,2,1,1,1,0230000000324001536,15/09/2009,SA2AS1040025,25.0
032,112025,4001537,0,7405,13251316,2,1,1,1,0230000000324001537,15/09/2009,SA2AS1040010,10.0
032,112025,4001538,0,8409,3262435,2,1,1,1,0230000000324001538,01/05/1996,SAA2AS0005,5.0
032,112025,4001540,0,8409,3262509,2,1,1,1,0230000000324001540,01/03/1997,SA2AS1840003,3.0
032,112025,4001542,0,7403,3262583,2,1,1,1,0230000000324001542,01/06/1996,SAA3AS0010,10.0
032,112025,4001544,0,7404,3262657,2,1,1,1,0230000000324001544,01/01/1994,SAA1AS0015,15.0
032,112025,4001545,0,7405,3262694,2,1,1,1,0230000000324001545,01/01/1996,SA2AS1040010,10.0
032,112025,4001546,0,8416,3262731,2,1,1,1,0230000000324001546,01/09/1996,SAA3AS0030,30.0
032,112025,4001547,0,7405,3262768,2,1,1,1,0230000000324001547,01/05/1994,SA2AS1440005,5.0
032,112025,4001549,0,7404,3262879,2,1,1,1,0230000000324001549,01/07/1997,SAA1AS0005,5.0
032,112025,4001550,0,7403,3262916,2,1,1,1,0230000000324001550,01/05/1997,SAA1AS0005,5.0
032,112025,4001551,0,7403,3262953,2,1,1,1,0230000000324001551,01/07/1997,SAA1AS0003,3.0
032,112025,4001552,0,7403,3262990,2,1,1,1,0230000000324001552,01/05/1996,SAA1AS0010,10.0
032,112025,4001553,0,7403,3263027,2,1,1,1,0230000000324001553,01/01/1997,SAA1AS0003,3.0
032,112025,4001554,0,7405,19091177,2,1,1,1,0230000000324001554,25/06/2010,SAA2AS0010,10.0
032,112025,4001555,0,7403,3263138,2,1,1,1,0230000000324001555,01/08/1997,SAA1AS0003,3.0
032,112025,4001556,0,7404,3263175,2,1,1,1,0230000000324001556,01/04/1996,SA2AS1840003,3.0
032,112025,4001557,0,7405,3263249,2,1,1,1,0230000000324001557,01/08/1996,SAA2AS0010,10.0
032,112025,4001558,0,7405,3263286,2,1,1,1,0230000000324001558,01/04/1996,SAA3AS0015,15.0
032,112025,4001559,0,7405,3263323,2,1,1,1,0230000000324001559,01/05/1997,SAA1AS0003,3.0
032,112025,4001560,0,8409,42799713,2,1,1,1,0230000000324001560,18/08/2016,SA2AS1840003,5.0
032,112025,4001561,0,7405,14389243,2,1,1,1,0230000000324001561,01/10/2009,SAA2AS0015,15.0
032,112025,9101099,0,7405,36241436,2,1,1,1,0230000000329101099,23/09/2015,SA2AS1040025,25.0
032,112025,9101100,0,7404,36245776,2,1,1,1,0230000000329101100,14/09/2015,SA2AS1040015,15.0
032,112025,9101101,0,7404,36250386,2,1,1,1,0230000000329101101,24/08/2015,SA2AS1040025,25.0
032,112025,9101105,0,8409,36335866,2,4,1,1,,01/01/1900,,15.0
032,112025,9101107,0,8409,36340226,2,4,1,1,,01/01/1900,,200.0
032,112025,9101109,0,7405,36370692,2,4,1,1,,01/01/1900,,45.0
032,112025,9101110,0,7405,36370751,2,4,1,1,,01/01/1900,,75.0
032,112025,9101111,0,7405,36365991,2,4,1,1,,01/01/1900,,200.0
032,112025,9101112,0,7405,36370791,2,4,1,1,,01/01/1900,,15.0
032,112025,9101113,0,7405,36370827,2,4,1,1,,01/01/1900,,150.0
032,112025,9101125,0,7405,36400338,2,4,1,1,,01/01/1900,,75.0
032,112025,9101135,0,7405,36494777,2,4,1,1,,01/01/1900,,300.0
032,112025,9101136,0,8416,36499040,2,4,1,1,,01/01/1900,,75.0
032,112025,9101137,0,7404,36503335,2,4,1,1,,01/01/1900,,75.0
032,112025,9101138,0,7405,36516189,2,4,1,1,,01/01/1900,,75.0
032,112025,9101142,0,7405,36559317,2,4,1,1,,01/01/1900,,300.0
032,112025,9101143,0,8409,36632744,2,4,1,1,,01/01/1900,,200.0
032,112025,9101144,0,8409,36632641,2,4,1,1,,01/01/1900,,75.0
032,112025,9101146,0,7405,39066030,2,4,1,1,,01/01/1900,,75.0
032,112025,9101147,0,7405,39075254,2,4,1,1,,01/01/1900,,150.0
032,112025,9101148,0,8409,39084458,2,4,1,1,,01/01/1900,,75.0
032,112025,9101149,0,7403,39089064,2,4,1,1,,01/01/1900,,75.0
032,112025,9101150,0,7405,39093695,2,4,1,1,,01/01/1900,,100.0
032,112025,9101151,0,7403,39103222,2,4,1,1,,01/01/1900,,100.0
032,112025,9101152,0,7404,39107677,2,4,1,1,,01/01/1900,,150.0
032,112025,9101153,0,7405,39112369,2,4,1,1,,01/01/1900,,45.0
032,112025,9101154,0,8409,39116987,2,4,1,1,,01/01/1900,,150.0
032,112025,9101155,0,7405,39139941,2,1,1,1,0230000000329101155,23/09/2015,SA2AS1040010,10.0
032,112025,9101156,0,7405,39167645,2,1,1,1,0230000000329101156,16/12/2015,SA3AS0840045,45.0
032,112025,9101157,0,7404,39191001,2,1,1,1,0230000000329101157,16/12/2015,SA3AS0840045,45.0
032,112025,9101158,0,7404,39232489,2,4,1,1,,01/01/1900,,75.0
032,112025,9101159,0,7405,39301671,2,4,1,1,,01/01/1900,,75.0
032,112025,9101160,0,7405,39306263,2,4,1,1,,01/01/1900,,75.0
032,112025,9101161,0,7405,39310870,2,4,1,1,,01/01/1900,,200.0
032,112025,9101162,0,7403,39315542,2,4,1,1,,01/01/1900,,30.0
032,112025,9101163,0,7404,39320129,2,4,1,1,,01/01/1900,,75.0
032,112025,9101164,0,8409,39324836,2,4,1,1,,01/01/1900,,200.0
032,112025,9101165,0,7404,39389518,2,4,1,1,,01/01/1900,,75.0
032,112025,9101166,0,7405,39394083,2,4,1,1,,01/01/1900,,15.0
032,112025,9101167,0,7403,39398693,2,4,1,1,,01/01/1900,,30.0
032,112025,9101168,0,7405,39407931,2,4,1,1,,01/01/1900,,75.0
032,112025,9101185,0,7405,39426498,2,4,1,1,,01/01/1900,,45.0
032,112025,9101186,0,7404,39486537,2,1,1,1,0230000000329101186,31/12/2015,SA2AS1140001,0.8
032,112025,9101187,0,7405,39487561,2,1,1,1,0230000000329101187,31/12/2015,SA2AS1040015,15.0
032,112025,9101188,0,7405,39487471,2,1,1,1,0230000000329101188,31/12/2015,SA2AS1040015,15.0
032,112025,9101189,0,7405,39487357,2,1,1,1,0230000000329101189,31/12/2015,SA2AS1040015,15.0
032,112025,9101190,0,7405,39487436,2,1,1,1,0230000000329101190,31/12/2015,SA2AS1040015,15.0
032,112025,9101191,0,7405,39487288,2,1,1,1,0230000000329101191,31/12/2015,SA2AS1040015,15.0
032,112025,9101192,0,7405,40083147,2,1,1,1,0230000000329101192,31/12/2015,SA2AS1040015,15.0
032,112025,9101193,0,7405,39496086,2,1,1,1,0230000000329101193,31/12/2015,SA2AS1040015,15.0
032,112025,9101194,0,7405,39496303,2,1,1,1,0230000000329101194,31/12/2015,SA2AS1040015,15.0
032,112025,9101195,0,7405,39496718,2,1,1,1,0230000000329101195,31/12/2015,SA2AS1040015,15.0
032,112025,9101197,0,7404,39518961,2,1,1,1,0230000000329101197,31/12/2015,SA2AS1140001,0.8
032,112025,9101198,0,7404,39532709,2,1,1,1,0230000000329101198,02/03/2016,SA3AS1140010,10.0
032,112025,9101223,0,7403,39847147,2,4,1,1,,01/01/1900,,150.0
032,112025,9101229,0,7404,39828811,2,4,1,1,,01/01/1900,,300.0
032,112025,9101230,0,7404,39879312,2,1,1,1,0230000000329101230,06/05/2016,SA2AS1040025,25.0
032,112025,9101238,0,7404,40018509,2,4,1,1,,01/01/1900,,100.0
032,112025,9101239,0,7404,40018672,2,4,1,1,,01/01/1900,,45.0
032,112025,9101240,0,7404,40018627,2,4,1,1,,01/01/1900,,75.0
032,112025,9101241,0,7404,40018566,2,4,1,1,,01/01/1900,,100.0
032,112025,9101242,0,8409,40022778,2,4,1,1,,01/01/1900,,150.0
032,112025,9101243,0,7404,40027125,2,4,1,1,,01/01/1900,,15.0
032,112025,9101285,0,7405,40641968,2,1,1,1,0230000000329101285,20/05/2016,SA2AS1440005,5.0
032,112025,9101290,0,8416,40872858,2,1,1,1,0230000000329101290,31/12/2015,SA2AS1140001,0.8
032,112025,9101291,0,7405,40878088,2,1,1,1,0230000000329101291,31/12/2015,SA2AS1040010,10.0
032,112025,9101296,0,7405,40928377,2,1,1,1,0230000000329101296,31/12/2015,SA2AS1140001,0.8
032,112025,9101307,0,7404,41122441,2,1,1,1,0230000000329101307,08/07/2016,SA2AS1040010,10.0
032,112025,9101324,0,7404,41510749,2,4,1,1,,01/01/1900,,75.0
032,112025,9101325,0,7404,41510640,2,4,1,1,,01/01/1900,,300.0
032,112025,9101334,0,7405,41658395,2,1,1,1,0230000000329101334,26/09/2016,SA2AS1040010,10.0
032,112025,9101336,0,7404,41709261,2,1,1,1,0230000000329101336,23/07/2016,SA2AS1840003,3.0
032,112025,9101337,0,7405,41732257,2,1,1,1,0230000000329101337,26/08/2016,SA2AS1840003,3.0
032,112025,9101338,0,7403,41741598,2,1,1,1,0230000000329101338,21/09/2016,SA1AS1040010,10.0
032,112025,9101352,0,7404,42309905,2,4,1,1,,01/01/1900,,75.0
032,112025,9101353,0,7405,42319184,2,1,1,1,0230000000329101353,04/11/2016,SA2AS1440005,5.0
032,112025,9101363,0,7404,42416219,2,1,1,1,0230000000329101363,11/10/2016,SA3AS0940015,15.0
032,112025,9101364,0,7405,42420830,2,4,1,1,,01/01/1900,,45.0
032,112025,9101365,0,7404,42443902,2,4,1,1,,01/01/1900,,75.0
032,112025,9101374,0,7403,42458769,2,4,1,1,,01/01/1900,,75.0
032,112025,9101375,0,7405,42504015,2,1,1,1,0230000000329101375,29/11/2016,SA2AS1440005,5.0
032,112025,9101377,0,7404,42527097,2,4,1,1,,01/01/1900,,75.0
032,112025,9101380,0,7403,42536612,2,4,1,1,,01/01/1900,,100.0
032,112025,9101386,0,7405,42624162,2,4,1,1,,01/01/1900,,45.0
032,112025,9101394,0,7404,42809059,2,1,1,1,0230000000329101394,01/12/2016,SA1AS0940015,15.0
032,112025,9101396,0,7404,42855272,2,1,1,1,0230000000329101396,29/12/2016,SA3AS1040030,30.0
032,112025,9101398,0,7405,42906163,2,4,1,1,,01/01/1900,,15.0
032,112025,9101399,0,7405,42919859,2,4,1,1,,01/01/1900,,10.0
032,112025,9101401,0,7405,42924863,2,1,1,1,0230000000329101401,21/11/2016,SA2AS1040025,25.0
032,112025,9101402,0,7404,42938389,2,1,1,1,0230000000329101402,25/11/2016,SA2AS1840003,3.0
032,112025,9101403,0,7404,42938630,2,1,1,1,0230000000329101403,25/11/2016,SA2AS1040010,10.0
032,112025,9101404,0,7403,42947691,2,1,1,1,0230000000329101404,12/01/2017,SA3AS0840045,45.0
032,112025,9101405,0,7405,42952861,2,4,1,1,,01/01/1900,,45.0
032,112025,9101406,0,7404,42966169,2,4,1,1,,01/01/1900,,30.0
032,112025,9101425,0,7403,43285169,2,4,1,1,,01/01/1900,,30.0
032,112025,9101426,0,7403,43317549,2,4,1,1,,01/01/1900,,30.0
032,112025,9101427,0,7403,43331187,2,4,1,1,,01/01/1900,,45.0
032,112025,9101447,0,7404,43747389,2,1,1,1,0230000000329101447,11/04/2017,SA2AS1040010,10.0
032,112025,9101471,0,7405,44399660,2,1,1,1,0230000000329101471,14/03/2017,SA2AS1840003,3.0
032,112025,9101475,0,7404,44445093,2,1,1,1,0230000000329101475,02/05/2017,SA3AS0740150,150.0
032,112025,9101487,0,7404,44755587,2,1,1,1,0230000000329101487,04/09/2017,SA3AS0840075,75.0
032,112025,9101488,0,7404,44755675,2,1,1,1,0230000000329101488,04/09/2017,SA1AS1040010,75.0
032,112025,9101492,0,7404,44774706,2,1,1,1,0230000000329101492,02/06/2017,SA3AS0740150,150.0
032,112025,9101497,0,7405,44893112,2,1,1,1,0230000000329101497,31/12/2016,SA3AS0040050,50.0
032,112025,9101498,0,7405,44897691,2,1,1,1,0230000000329101498,30/06/2017,SA2AS1840003,3.0
032,112025,9101499,0,7405,44893368,2,1,1,1,0230000000329101499,31/12/2016,SA3AS0840045,45.0
032,112025,9101500,0,7404,44902382,2,1,1,1,0230000000329101500,30/06/2017,SA1AS0940015,3.0
032,112025,9101502,0,7403,44925714,2,1,1,1,0230000000329101502,07/08/2017,SA2AS1840003,3.0
032,112025,9101505,0,7404,44980864,2,4,1,1,,01/01/1900,,10.0
032,112025,9101506,0,7405,44990123,2,4,1,1,,01/01/1900,,75.0
032,112025,9101509,0,7403,45064066,2,1,1,1,0230000000329101509,07/08/2017,SA2AS1840003,3.0
032,112025,9101510,0,8416,45082673,2,4,1,1,,01/01/1900,,15.0
032,112025,9101511,0,7405,45088393,2,1,1,1,0230000000329101511,25/10/2017,SA3AS0840075,75.0
032,112025,9101512,0,7405,45088358,2,1,1,1,0230000000329101512,25/10/2017,SA3AS0840075,75.0
032,112025,9101514,0,7405,45096469,2,1,1,1,0230000000329101514,07/08/2017,SA2AS1840003,3.0
032,112025,9101516,0,7405,45119477,2,4,1,1,,01/01/1900,,15.0
032,112025,9101522,0,7403,45161958,2,1,1,1,0230000000329101522,17/11/2017,SA3AS0740100,100.0
032,112025,9101527,0,7404,45221208,2,1,1,1,0230000000329101527,07/09/2017,SA2AS1840003,3.0
032,112025,9101528,0,7403,45235071,2,4,1,1,,01/01/1900,,300.0
032,112025,9101530,0,7403,45253599,2,4,1,1,,01/01/1900,,100.0
032,112025,9101536,0,7403,45309006,2,1,1,1,0230000000329101536,23/11/2017,SA1AS1440005,5.0
032,112025,9101539,0,7404,45359822,2,1,1,1,0230000000329101539,30/11/2017,SA2AS1040010,10.0
032,112025,9101540,0,7404,45364432,2,1,1,1,0230000000329101540,22/02/2017,SA2AS1040015,15.0
032,112025,9101549,0,8409,45433749,2,1,1,1,0230000000329101549,30/01/2018,SA2AS1040015,10.0
032,112025,9101551,0,7405,45443052,2,4,1,1,,01/01/1900,,45.0
032,112025,9101552,0,7405,45443056,2,4,1,1,,01/01/1900,,45.0
032,112025,9101553,0,7405,45447549,2,1,1,1,0230000000329101553,22/02/2017,SA2AS1440005,5.0
032,112025,9101554,0,7405,45452170,2,1,1,1,0230000000329101554,19/03/2017,SA1AS1840003,5.0
032,112025,9101555,0,8409,45461480,2,1,1,1,0230000000329101555,01/03/2017,SA2AS1040015,15.0
032,112025,9101556,0,7404,45466181,2,1,1,1,0230000000329101556,09/03/2017,SA2AS1040015,15.0
032,112025,9101557,0,7404,45484682,2,1,1,1,0230000000329101557,21/04/2017,SA2AS1040010,10.0
032,112025,9101558,0,7405,45489139,2,1,1,1,0230000000329101558,11/04/2017,SA2AS1040015,15.0
032,112025,9101559,0,7405,45457050,2,1,1,1,0230000000329101559,11/04/2017,SA2AS1440005,5.0
032,112025,9101560,0,7404,45493990,2,1,1,1,0230000000329101560,01/06/2017,SA2AS1040015,15.0
032,112025,9101562,0,7404,45512394,2,1,1,1,0230000000329101562,07/09/2017,SA2AS1840003,3.0
032,112025,9101563,0,7404,45530905,2,1,1,1,0230000000329101563,18/07/2017,SA2AS1840003,3.0
032,112025,9101564,0,7404,45540043,2,1,1,1,0230000000329101564,18/07/2017,SA3AS1140010,10.0
032,112025,9101565,0,7404,45558890,2,1,1,1,0230000000329101565,05/05/2017,SA2AS1040015,15.0
032,112025,9101570,0,7403,45674877,2,1,1,1,0230000000329101570,25/12/2017,SA3AS0840075,75.0
032,112025,9101571,0,7403,45675087,2,1,1,1,0230000000329101571,25/12/2017,SA3AS0840075,75.0
032,112025,9101572,0,7403,45674471,2,1,1,1,0230000000329101572,25/12/2017,SA3AS0840075,75.0
032,112025,9101575,0,8416,45734070,2,4,1,1,,01/01/1900,,45.0
032,112025,9101580,0,7405,45761802,2,4,1,1,,01/01/1900,,150.0
032,112025,9101582,0,7404,45771057,2,4,1,1,,01/01/1900,,150.0
032,112025,9101584,0,7404,45790124,2,4,1,1,,01/01/1900,,75.0
032,112025,9101585,0,7404,45790141,2,4,1,1,,01/01/1900,,75.0
032,112025,9101586,0,7403,45803365,2,1,1,1,0230000000329101586,29/11/2017,SA2AS1040015,15.0
032,112025,9101587,0,7403,45807988,2,1,1,1,0230000000329101587,29/11/2017,SA2AS1040010,10.0
032,112025,9101588,0,7404,45812607,2,1,1,1,0230000000329101588,29/11/2017,SA3AS1040030,30.0
032,112025,9101589,0,7404,45821849,2,1,1,1,0230000000329101589,29/11/2017,SA2AS1440005,5.0
032,112025,9101590,0,7404,45817229,2,1,1,1,0230000000329101590,29/11/2017,SA2AS1040025,25.0
032,112025,9101592,0,7405,45849620,2,4,1,1,,01/01/1900,,300.0
032,112025,9101593,0,8409,45886563,2,4,1,1,,01/01/1900,,30.0
032,112025,9101595,0,7404,45905208,2,1,1,1,0230000000329101595,16/01/2018,SA3AS0740100,100.0
032,112025,9101596,0,7404,45891234,2,1,1,1,0230000000329101596,13/02/2018,SA3AS0840045,45.0
032,112025,9101604,0,7405,46029865,2,1,1,1,0230000000329101604,13/02/2018,SA3AS0840045,45.0
032,112025,9101606,0,7405,46053006,2,1,1,1,0230000000329101606,13/02/2018,SA2AS1040025,25.0
032,112025,9101607,0,7404,46057883,2,1,1,1,0230000000329101607,13/02/2018,SA2AS1040025,25.0
032,112025,9101608,0,7403,46034567,2,4,1,1,,01/01/1900,,75.0
032,112025,9101609,0,7403,46034563,2,4,1,1,,01/01/1900,,200.0
032,112025,9101621,0,7405,46205418,2,4,1,1,,01/01/1900,,45.0
032,112025,9101622,0,7405,46210036,2,4,1,1,,01/01/1900,,30.0
