032,112025,100001
032,112025,100003
032,112025,100005
032,112025,100006
032,112025,100007
032,112025,100008
032,112025,100009
032,112025,100011
032,112025,100012
032,112025,100013
032,112025,100014
032,112025,100015
032,112025,100017
032,112025,100018
032,112025,100019
032,112025,100020
032,112025,100021
032,112025,100022
032,112025,100023
032,112025,100024
032,112025,100026
032,112025,100028
032,112025,100029
032,112025,100031
032,112025,100032
032,112025,100033
032,112025,100034
032,112025,100035
032,112025,100036
032,112025,100037
032,112025,100038
032,112025,100039
032,112025,100041
032,112025,100042
032,112025,100043
032,112025,100044
032,112025,100045
032,112025,100046
032,112025,100047
032,112025,100048
032,112025,100050
032,112025,100051
032,112025,100053
032,112025,100055
032,112025,100056
032,112025,100057
032,112025,100062
032,112025,100064
032,112025,100065
032,112025,100068
032,112025,100069
032,112025,100070
032,112025,100072
032,112025,100074
032,112025,100076
032,112025,100077
032,112025,100078
032,112025,100079
032,112025,100080
032,112025,100081
032,112025,100082
032,112025,100084
032,112025,100086
032,112025,100087
032,112025,100088
032,112025,100090
032,112025,100091
032,112025,100092
032,112025,100093
032,112025,100094
032,112025,100095
032,112025,100096
032,112025,100097
032,112025,100098
032,112025,100099
032,112025,100100
032,112025,100102
032,112025,100104
032,112025,100105
032,112025,100106
032,112025,100107
032,112025,100108
032,112025,100109
032,112025,100110
032,112025,100111
032,112025,100113
032,112025,100114
032,112025,100116
032,112025,100117
032,112025,100118
032,112025,100119
032,112025,100121
032,112025,100122
032,112025,100123
032,112025,100124
032,112025,100125
032,112025,100127
032,112025,100128
032,112025,100129
032,112025,100130
032,112025,100133
032,112025,100134
032,112025,100135
032,112025,100136
032,112025,100137
032,112025,100139
032,112025,100140
032,112025,100141
032,112025,100142
032,112025,100143
032,112025,100144
032,112025,100145
032,112025,100146
032,112025,100147
032,112025,100148
032,112025,100150
032,112025,100153
032,112025,100154
032,112025,100155
032,112025,100156
032,112025,100157
032,112025,100158
032,112025,100159
032,112025,100160
032,112025,100161
032,112025,100162
032,112025,100163
032,112025,100164
032,112025,100165
032,112025,100166
032,112025,100167
032,112025,100168
032,112025,100169
032,112025,100170
032,112025,100171
032,112025,100172
032,112025,100173
032,112025,100174
032,112025,100175
032,112025,100176
032,112025,100177
032,112025,100178
032,112025,100179
032,112025,100181
032,112025,100182
032,112025,100183
032,112025,100184
032,112025,100185
032,112025,100189
032,112025,100190
032,112025,100191
032,112025,100192
032,112025,100194
032,112025,100196
032,112025,100197
032,112025,100198
032,112025,100199
032,112025,100200
032,112025,100201
032,112025,100202
032,112025,100203
032,112025,100204
032,112025,100205
032,112025,100206
032,112025,100207
032,112025,100208
032,112025,100209
032,112025,100210
032,112025,100211
032,112025,100213
032,112025,100214
032,112025,100215
032,112025,100217
032,112025,100218
032,112025,100221
032,112025,100222
032,112025,100224
032,112025,100225
032,112025,100227
032,112025,100229
032,112025,100230
032,112025,100231
032,112025,100232
032,112025,100234
032,112025,100235
032,112025,100236
032,112025,100237
032,112025,100238
032,112025,100239
032,112025,100240
032,112025,100241
032,112025,100242
032,112025,100243
032,112025,100244
032,112025,100245
032,112025,100246
032,112025,100247
032,112025,100248
032,112025,100249
032,112025,100250
032,112025,100251
032,112025,100252
032,112025,100255
032,112025,100256
032,112025,100257
032,112025,100258
032,112025,100259
032,112025,100261
032,112025,100262
032,112025,100264
032,112025,100265
032,112025,100266
032,112025,100267
032,112025,100268
032,112025,100269
032,112025,100270
032,112025,100271
032,112025,100274
032,112025,100275
032,112025,100276
032,112025,100277
032,112025,100278
032,112025,100282
032,112025,100283
032,112025,100284
032,112025,100285
032,112025,100286
032,112025,100287
032,112025,100288
032,112025,100290
032,112025,100292
032,112025,100294
032,112025,100295
032,112025,100296
032,112025,100297
032,112025,100298
032,112025,100299
032,112025,100301
032,112025,100303
032,112025,100304
032,112025,100306
032,112025,100308
032,112025,100309
032,112025,100310
032,112025,100311
032,112025,100312
032,112025,100313
032,112025,100314
032,112025,100315
032,112025,100316
032,112025,100317
032,112025,100318
032,112025,100319
032,112025,100320
032,112025,100321
032,112025,100322
032,112025,100323
032,112025,100324
032,112025,100325
032,112025,100327
032,112025,100328
032,112025,100330
032,112025,100331
032,112025,100332
032,112025,100333
032,112025,100334
032,112025,100335
032,112025,100336
032,112025,100337
032,112025,100340
032,112025,100342
032,112025,100343
032,112025,100344
032,112025,100345
032,112025,100346
032,112025,100347
032,112025,100348
032,112025,100350
032,112025,100351
032,112025,100352
032,112025,100353
032,112025,100354
032,112025,100355
032,112025,100356
032,112025,100358
032,112025,100359
032,112025,100361
032,112025,100362
032,112025,100364
032,112025,100365
032,112025,100366
032,112025,100367
032,112025,100368
032,112025,100369
032,112025,100370
032,112025,100371
032,112025,100372
032,112025,100373
032,112025,100374
032,112025,100375
032,112025,100376
032,112025,100377
032,112025,100378
032,112025,100379
032,112025,100381
032,112025,100382
032,112025,100383
032,112025,100384
032,112025,100386
032,112025,100387
032,112025,100388
032,112025,100389
032,112025,100390
032,112025,100391
032,112025,100392
032,112025,100393
032,112025,100394
032,112025,100395
032,112025,100397
032,112025,100398
032,112025,100400
032,112025,100402
032,112025,100403
032,112025,100404
032,112025,100405
032,112025,100406
032,112025,100407
032,112025,100408
032,112025,100409
032,112025,100410
032,112025,100412
032,112025,100413
032,112025,100414
032,112025,100417
032,112025,100418
032,112025,100419
032,112025,100421
032,112025,100422
032,112025,100423
032,112025,100424
032,112025,100425
032,112025,100426
032,112025,100427
032,112025,100429
032,112025,100430
032,112025,100431
032,112025,100432
032,112025,100434
032,112025,100435
032,112025,100436
032,112025,100437
032,112025,100438
032,112025,100439
032,112025,100440
032,112025,100443
032,112025,100444
032,112025,100446
032,112025,100447
032,112025,100448
032,112025,100449
032,112025,100450
032,112025,100451
032,112025,100452
032,112025,100453
032,112025,100454
032,112025,100456
032,112025,100458
032,112025,100459
032,112025,100460
032,112025,100461
032,112025,100463
032,112025,100464
032,112025,100465
032,112025,100467
032,112025,100469
032,112025,100470
032,112025,100471
032,112025,100472
032,112025,100473
032,112025,100475
032,112025,100476
032,112025,100477
032,112025,100478
032,112025,100479
032,112025,100480
032,112025,100481
032,112025,100482
032,112025,100483
032,112025,100484
032,112025,100485
032,112025,100486
032,112025,100487
032,112025,100489
032,112025,100490
032,112025,100491
032,112025,100492
032,112025,100493
032,112025,100494
032,112025,100496
032,112025,100497
032,112025,100498
032,112025,100499
032,112025,100500
032,112025,100501
032,112025,100502
032,112025,100503
032,112025,100504
032,112025,100505
032,112025,100507
032,112025,100508
032,112025,100509
032,112025,100510
032,112025,100511
032,112025,100512
032,112025,100513
032,112025,100514
032,112025,100516
032,112025,100517
032,112025,100518
032,112025,100519
032,112025,100521
032,112025,100522
032,112025,100523
032,112025,100524
032,112025,100525
032,112025,100526
032,112025,100527
032,112025,100528
032,112025,100530
032,112025,100531
032,112025,100532
032,112025,100533
032,112025,100534
032,112025,100535
032,112025,100536
032,112025,100537
032,112025,100538
032,112025,100539
032,112025,100543
032,112025,100544
032,112025,100545
032,112025,100546
032,112025,100547
032,112025,100548
032,112025,100549
032,112025,100550
032,112025,100551
032,112025,100552
032,112025,100553
032,112025,100554
032,112025,100555
032,112025,100556
032,112025,100558
032,112025,100559
032,112025,100560
032,112025,100561
032,112025,100562
032,112025,100563
032,112025,100564
032,112025,100565
032,112025,100566
032,112025,100567
032,112025,100568
032,112025,100569
032,112025,100570
032,112025,100571
032,112025,100573
032,112025,100574
032,112025,100575
032,112025,100576
032,112025,100577
032,112025,100579
032,112025,100581
032,112025,100582
032,112025,100583
032,112025,100584
032,112025,100585
032,112025,100586
032,112025,100587
032,112025,100588
032,112025,100589
032,112025,100590
032,112025,100591
032,112025,100592
032,112025,100593
032,112025,100594
032,112025,100595
032,112025,100596
032,112025,100597
032,112025,100598
032,112025,100599
032,112025,100600
032,112025,100601
032,112025,100602
032,112025,100604
032,112025,100605
032,112025,100607
032,112025,100609
032,112025,100610
032,112025,100611
032,112025,100612
032,112025,100613
032,112025,100614
032,112025,100618
032,112025,100619
032,112025,100620
032,112025,100621
032,112025,100622
032,112025,100623
032,112025,100624
032,112025,100625
032,112025,100626
032,112025,100627
032,112025,100629
032,112025,100630
032,112025,100631
032,112025,100632
032,112025,100633
032,112025,100634
032,112025,100635
032,112025,100636
032,112025,100637
032,112025,100638
032,112025,100639
032,112025,100640
032,112025,100641
032,112025,100642
032,112025,100644
032,112025,100645
032,112025,100646
032,112025,100647
032,112025,100648
032,112025,100649
032,112025,100650
032,112025,100652
032,112025,100653
032,112025,100654
032,112025,100655
032,112025,100656
032,112025,100658
032,112025,100659
032,112025,100660
032,112025,100661
032,112025,100662
032,112025,100663
032,112025,100664
032,112025,100666
032,112025,100667
032,112025,100669
032,112025,100670
032,112025,100671
032,112025,100672
032,112025,100675
032,112025,100676
032,112025,100677
032,112025,100678
032,112025,100679
032,112025,100681
032,112025,100682
032,112025,100683
032,112025,100684
032,112025,100685
032,112025,100687
032,112025,100688
032,112025,100691
032,112025,100692
032,112025,100694
032,112025,100695
032,112025,100697
032,112025,100698
032,112025,100699
032,112025,100700
032,112025,100701
032,112025,100703
032,112025,100704
032,112025,100705
032,112025,100706
032,112025,100707
032,112025,100708
032,112025,100709
032,112025,100710
032,112025,100711
032,112025,100712
032,112025,100713
032,112025,100714
032,112025,100715
032,112025,100716
032,112025,100717
032,112025,100720
032,112025,100721
032,112025,100722
032,112025,100723
032,112025,100724
032,112025,100725
032,112025,100726
032,112025,100727
032,112025,100728
032,112025,100729
032,112025,100731
032,112025,100732
032,112025,100733
032,112025,100734
032,112025,100735
032,112025,100736
032,112025,100737
032,112025,100738
032,112025,100739
032,112025,100740
032,112025,100741
032,112025,100743
032,112025,100744
032,112025,100745
032,112025,100746
032,112025,100747
032,112025,100748
032,112025,100750
032,112025,100751
032,112025,100753
032,112025,100754
032,112025,100756
032,112025,100757
032,112025,100758
032,112025,100760
032,112025,100761
032,112025,100762
032,112025,100763
032,112025,100764
032,112025,100765
032,112025,100766
032,112025,100767
032,112025,100768
032,112025,100770
032,112025,100771
032,112025,100772
032,112025,100773
032,112025,100774
032,112025,100775
032,112025,100776
032,112025,100778
032,112025,100779
032,112025,100780
032,112025,100782
032,112025,100783
032,112025,100784
032,112025,100785
032,112025,100786
032,112025,100787
032,112025,100788
032,112025,100789
032,112025,100790
032,112025,100792
032,112025,100794
032,112025,100795
032,112025,100796
032,112025,100798
032,112025,100800
032,112025,100801
032,112025,100802
032,112025,100803
032,112025,100804
032,112025,100806
032,112025,100807
032,112025,100808
032,112025,100809
032,112025,100810
032,112025,100811
032,112025,100812
032,112025,100813
032,112025,100815
032,112025,100816
032,112025,100818
032,112025,100819
032,112025,100820
032,112025,100821
032,112025,100822
032,112025,100823
032,112025,100824
032,112025,100825
032,112025,100826
032,112025,100827
032,112025,100829
032,112025,100830
032,112025,100832
032,112025,100833
032,112025,100834
032,112025,100835
032,112025,100836
032,112025,100837
032,112025,100838
032,112025,100839
032,112025,100840
032,112025,100841
032,112025,100842
032,112025,100843
032,112025,100844
032,112025,100845
032,112025,100846
032,112025,100847
032,112025,100848
032,112025,100849
032,112025,100850
032,112025,100851
032,112025,100852
032,112025,100853
032,112025,100854
032,112025,100855
032,112025,100859
032,112025,100860
032,112025,100861
032,112025,100862
032,112025,100863
032,112025,100865
032,112025,100866
032,112025,100867
032,112025,100868
032,112025,100870
032,112025,100871
032,112025,100872
032,112025,100874
032,112025,100875
032,112025,100876
032,112025,100877
032,112025,100878
032,112025,100880
032,112025,100881
032,112025,100883
032,112025,100884
032,112025,100886
032,112025,100887
032,112025,100889
032,112025,100890
032,112025,100894
032,112025,100895
032,112025,100896
032,112025,100898
032,112025,100902
032,112025,100903
032,112025,100904
032,112025,100905
032,112025,100906
032,112025,100907
032,112025,100908
032,112025,100910
032,112025,100912
032,112025,100913
032,112025,100914
032,112025,100915
032,112025,100916
032,112025,100918
032,112025,100919
032,112025,100920
032,112025,100921
032,112025,100922
032,112025,100923
032,112025,100925
032,112025,100926
032,112025,100927
032,112025,100928
032,112025,100929
032,112025,100930
032,112025,100933
032,112025,100936
032,112025,100938
032,112025,100939
032,112025,100940
032,112025,100941
032,112025,100942
032,112025,100943
032,112025,100944
032,112025,100945
032,112025,100946
032,112025,100947
032,112025,100948
032,112025,100949
032,112025,100950
032,112025,100951
032,112025,100952
032,112025,100953
032,112025,100954
032,112025,100955
032,112025,100956
032,112025,100957
032,112025,100958
032,112025,100959
032,112025,100960
032,112025,100961
032,112025,100962
032,112025,100963
032,112025,100965
032,112025,100966
032,112025,100968
032,112025,100970
032,112025,100971
032,112025,100972
032,112025,100973
032,112025,100975
032,112025,100976
032,112025,100977
032,112025,100978
032,112025,100981
032,112025,100982
032,112025,100983
032,112025,100984
032,112025,100986
032,112025,100987
032,112025,100988
032,112025,100989
032,112025,100990
032,112025,100994
032,112025,100995
032,112025,100998
032,112025,100999
032,112025,101000
032,112025,101001
032,112025,101002
032,112025,101005
032,112025,101006
032,112025,101007
032,112025,101008
032,112025,101010
032,112025,101011
032,112025,101012
032,112025,101014
032,112025,101015
032,112025,101016
032,112025,101018
032,112025,101019
032,112025,101021
032,112025,101022
032,112025,101023
032,112025,101024
032,112025,101025
032,112025,101026
032,112025,101027
032,112025,101028
032,112025,101029
032,112025,101030
032,112025,101031
032,112025,101032
032,112025,101033
032,112025,101034
032,112025,101035
032,112025,101036
032,112025,101038
032,112025,101039
032,112025,101040
032,112025,101042
032,112025,101043
032,112025,101044
032,112025,101048
032,112025,101049
032,112025,101050
032,112025,101051
032,112025,101052
032,112025,101054
032,112025,101055
032,112025,101056
032,112025,101057
032,112025,101058
032,112025,101059
032,112025,101063
032,112025,101065
032,112025,101066
032,112025,101067
032,112025,101068
032,112025,101070
032,112025,101071
032,112025,101072
032,112025,101073
032,112025,101074
032,112025,101075
032,112025,101076
032,112025,101077
032,112025,101078
032,112025,101079
032,112025,101080
032,112025,101081
032,112025,101083
032,112025,101084
032,112025,101086
032,112025,101087
032,112025,101088
032,112025,101089
032,112025,101090
032,112025,101091
032,112025,101092
032,112025,101093
032,112025,101094
032,112025,101096
032,112025,101097
032,112025,101098
032,112025,101099
032,112025,101100
032,112025,101101
032,112025,101102
032,112025,101104
032,112025,101105
032,112025,101106
032,112025,101107
032,112025,101108
032,112025,101112
032,112025,101113
032,112025,101114
032,112025,101115
032,112025,101117
032,112025,101119
032,112025,101122
032,112025,101123
032,112025,101124
032,112025,101125
032,112025,101126
032,112025,101129
032,112025,101130
032,112025,101131
032,112025,101132
032,112025,101135
032,112025,101136
032,112025,101140
032,112025,101141
032,112025,101143
032,112025,101144
032,112025,101146
032,112025,101147
032,112025,101149
032,112025,101150
032,112025,101151
032,112025,101152
032,112025,101154
032,112025,101155
032,112025,101156
032,112025,101157
032,112025,101158
032,112025,101159
032,112025,101161
032,112025,101163
032,112025,101164
032,112025,101167
032,112025,101168
032,112025,101169
032,112025,101171
032,112025,101173
032,112025,101175
032,112025,101176
032,112025,101177
032,112025,101179
032,112025,101180
032,112025,101182
032,112025,101184
032,112025,101185
032,112025,101186
032,112025,101187
032,112025,101190
032,112025,101191
032,112025,101192
032,112025,101193
032,112025,101195
032,112025,101197
032,112025,101198
032,112025,101199
032,112025,101200
032,112025,101204
032,112025,101205
032,112025,101206
032,112025,101207
032,112025,101209
032,112025,101210
032,112025,101211
032,112025,101214
032,112025,101217
032,112025,101219
032,112025,101220
032,112025,101221
032,112025,101222
032,112025,101223
032,112025,101224
032,112025,101225
032,112025,101226
032,112025,101228
032,112025,101229
032,112025,101230
032,112025,101231
032,112025,101232
032,112025,101233
032,112025,101234
032,112025,101236
032,112025,101237
032,112025,101238
032,112025,101239
032,112025,101240
032,112025,101241
032,112025,101242
032,112025,101243
032,112025,101244
032,112025,101245
032,112025,101246
032,112025,101247
032,112025,101248
032,112025,101249
032,112025,101251
032,112025,101252
032,112025,101254
032,112025,101255
032,112025,101257
032,112025,101258
032,112025,101259
032,112025,101260
032,112025,101261
032,112025,101263
032,112025,101264
032,112025,101265
032,112025,101266
032,112025,101269
032,112025,101270
032,112025,101273
032,112025,101274
032,112025,101275
032,112025,101278
032,112025,101279
032,112025,101281
032,112025,101283
032,112025,101284
032,112025,101285
032,112025,101286
032,112025,101287
032,112025,101288
032,112025,101289
032,112025,101290
032,112025,101291
032,112025,101292
032,112025,101294
032,112025,101295
032,112025,101297
032,112025,101298
032,112025,101299
032,112025,101301
032,112025,101302
032,112025,101304
032,112025,101306
032,112025,101307
032,112025,101311
032,112025,101315
032,112025,101316
032,112025,101317
032,112025,101318
032,112025,101320
032,112025,101322
032,112025,101323
032,112025,101328
032,112025,101330
032,112025,101331
032,112025,101332
032,112025,101333
032,112025,101334
032,112025,101335
032,112025,101336
032,112025,101337
032,112025,101338
032,112025,101339
032,112025,101340
032,112025,101341
032,112025,101342
032,112025,101343
032,112025,101344
032,112025,101345
032,112025,101346
032,112025,101347
032,112025,101348
032,112025,101349
032,112025,101350
032,112025,101351
032,112025,101352
032,112025,101353
032,112025,101354
032,112025,101355
032,112025,101356
032,112025,101357
032,112025,101358
032,112025,101359
032,112025,101361
032,112025,101362
032,112025,101365
032,112025,101367
032,112025,101368
032,112025,101369
032,112025,101370
032,112025,101371
032,112025,101372
032,112025,101373
032,112025,101374
032,112025,101375
032,112025,101376
032,112025,101377
032,112025,101378
032,112025,101379
032,112025,101380
032,112025,101381
032,112025,101383
032,112025,101387
032,112025,101388
032,112025,101389
032,112025,101390
032,112025,101391
032,112025,101393
032,112025,101394
032,112025,101395
032,112025,101397
032,112025,101398
032,112025,101399
032,112025,101400
032,112025,101401
032,112025,101402
032,112025,101403
032,112025,101404
032,112025,101405
032,112025,101406
032,112025,101411
032,112025,101412
032,112025,101413
032,112025,101414
032,112025,101415
032,112025,101416
032,112025,101419
032,112025,101420
032,112025,101421
032,112025,101422
032,112025,101423
032,112025,101424
032,112025,101425
032,112025,101426
032,112025,101427
032,112025,101428
032,112025,101429
032,112025,101430
032,112025,101431
032,112025,101432
032,112025,101433
032,112025,101434
032,112025,101435
032,112025,101436
032,112025,101437
032,112025,101438
032,112025,101439
032,112025,101440
032,112025,101441
032,112025,101443
032,112025,101444
032,112025,101445
032,112025,101446
032,112025,101447
032,112025,101449
032,112025,101450
032,112025,101451
032,112025,101453
032,112025,101454
032,112025,101457
032,112025,101458
032,112025,101459
032,112025,101460
032,112025,101461
032,112025,101462
032,112025,101463
032,112025,101464
032,112025,101465
032,112025,101468
032,112025,101471
032,112025,101472
032,112025,101473
032,112025,101475
032,112025,101476
032,112025,101477
032,112025,101478
032,112025,101479
032,112025,101481
032,112025,101482
032,112025,101483
032,112025,101484
032,112025,101485
032,112025,101486
032,112025,101487
032,112025,101488
032,112025,101489
032,112025,101490
032,112025,101491
032,112025,101492
032,112025,101493
032,112025,101494
032,112025,101495
032,112025,101496
032,112025,101497
032,112025,101498
032,112025,101499
032,112025,101501
032,112025,101502
032,112025,101503
032,112025,101504
032,112025,101505
032,112025,101506
032,112025,101508
032,112025,101509
032,112025,101511
032,112025,101512
032,112025,101514
032,112025,101515
032,112025,101517
032,112025,101520
032,112025,101522
032,112025,101523
032,112025,101524
032,112025,101526
032,112025,101527
032,112025,101528
032,112025,101529
032,112025,101531
032,112025,101532
032,112025,101533
032,112025,101534
032,112025,101535
032,112025,101537
032,112025,101538
032,112025,101539
032,112025,101540
032,112025,101541
032,112025,101542
032,112025,101543
032,112025,101544
032,112025,101545
032,112025,101546
032,112025,101547
032,112025,101548
032,112025,101549
032,112025,101551
032,112025,101552
032,112025,101553
032,112025,101554
032,112025,101556
032,112025,101557
032,112025,101558
032,112025,101559
032,112025,101560
032,112025,101561
032,112025,101562
032,112025,101563
032,112025,101564
032,112025,101565
032,112025,101566
032,112025,101567
032,112025,101568
032,112025,101570
032,112025,101572
032,112025,101573
032,112025,101574
032,112025,101575
032,112025,101576
032,112025,101577
032,112025,101578
032,112025,101579
032,112025,101580
032,112025,101581
032,112025,101582
032,112025,101583
032,112025,101584
032,112025,101585
032,112025,101586
032,112025,101587
032,112025,101588
032,112025,101589
032,112025,101590
032,112025,101591
032,112025,101592
032,112025,101593
032,112025,101594
032,112025,101595
032,112025,101596
032,112025,101597
032,112025,101598
032,112025,101599
032,112025,101602
032,112025,101603
032,112025,101604
032,112025,101605
032,112025,101606
032,112025,101607
032,112025,101608
032,112025,101609
032,112025,101610
032,112025,101611
032,112025,101613
032,112025,101614
032,112025,101615
032,112025,101616
032,112025,101617
032,112025,101618
032,112025,101621
032,112025,101622
032,112025,101625
032,112025,101626
032,112025,101627
032,112025,101630
032,112025,101632
032,112025,101635
032,112025,101636
032,112025,101637
032,112025,101638
032,112025,101639
032,112025,101640
032,112025,101641
032,112025,101642
032,112025,101643
032,112025,101644
032,112025,101645
032,112025,101646
032,112025,101648
032,112025,101649
032,112025,101650
032,112025,101651
032,112025,101652
032,112025,101653
032,112025,101654
032,112025,101656
032,112025,101657
032,112025,101658
032,112025,101659
032,112025,101660
032,112025,101661
032,112025,101663
032,112025,101664
032,112025,101665
032,112025,101666
032,112025,101668
032,112025,101669
032,112025,101670
032,112025,101671
032,112025,101672
032,112025,101673
032,112025,101676
032,112025,101678
032,112025,101679
032,112025,101680
032,112025,101681
032,112025,101683
032,112025,101684
032,112025,101685
032,112025,101686
032,112025,101687
032,112025,101688
032,112025,101689
032,112025,101690
032,112025,101691
032,112025,101693
032,112025,101694
032,112025,101695
032,112025,101696
032,112025,101697
032,112025,101698
032,112025,101699
032,112025,101700
032,112025,101701
032,112025,101702
032,112025,101703
032,112025,101704
032,112025,101705
032,112025,101706
032,112025,101707
032,112025,101709
032,112025,101710
032,112025,101711
032,112025,101712
032,112025,101715
032,112025,101716
032,112025,101717
032,112025,101718
032,112025,101719
032,112025,101720
032,112025,101721
032,112025,101722
032,112025,101723
032,112025,101724
032,112025,101725
032,112025,101726
032,112025,101727
032,112025,101728
032,112025,101729
032,112025,101730
032,112025,101732
032,112025,101733
032,112025,101734
032,112025,101735
032,112025,101736
032,112025,101738
032,112025,101739
032,112025,101740
032,112025,101741
032,112025,101742
032,112025,101743
032,112025,101744
032,112025,101745
032,112025,101747
032,112025,101748
032,112025,101749
032,112025,101750
032,112025,101751
032,112025,101752
032,112025,101753
032,112025,101756
032,112025,101757
032,112025,101758
032,112025,101759
032,112025,101760
032,112025,101761
032,112025,101762
032,112025,101763
032,112025,101764
032,112025,101765
032,112025,101766
032,112025,101767
032,112025,101768
032,112025,101769
032,112025,101770
032,112025,101771
032,112025,101773
032,112025,101775
032,112025,101776
032,112025,101777
032,112025,101779
032,112025,101780
032,112025,101781
032,112025,101782
032,112025,101783
032,112025,101784
032,112025,101785
032,112025,101786
032,112025,101787
032,112025,101788
032,112025,101789
032,112025,101790
032,112025,101791
032,112025,101792
032,112025,101793
032,112025,101794
032,112025,101795
032,112025,101796
032,112025,101798
032,112025,101799
032,112025,101801
032,112025,101802
032,112025,101803
032,112025,101804
032,112025,101805
032,112025,101806
032,112025,101807
032,112025,101808
032,112025,101809
032,112025,101810
032,112025,101811
032,112025,101812
032,112025,101813
032,112025,101814
032,112025,101815
032,112025,101816
032,112025,101818
032,112025,101819
032,112025,101820
032,112025,101822
032,112025,101823
032,112025,101824
032,112025,101825
032,112025,101826
032,112025,101827
032,112025,101828
032,112025,101829
032,112025,101830
032,112025,101831
032,112025,101832
032,112025,101833
032,112025,101834
032,112025,101835
032,112025,101836
032,112025,101838
032,112025,101839
032,112025,101841
032,112025,101842
032,112025,101843
032,112025,101844
032,112025,101845
032,112025,101846
032,112025,101847
032,112025,101848
032,112025,101849
032,112025,101850
032,112025,101851
032,112025,101852
032,112025,101853
032,112025,101854
032,112025,101855
032,112025,101858
032,112025,101861
032,112025,101862
032,112025,101864
032,112025,101865
032,112025,101866
032,112025,101867
032,112025,101868
032,112025,101869
032,112025,101870
032,112025,101871
032,112025,101872
032,112025,101873
032,112025,101874
032,112025,101875
032,112025,101876
032,112025,101877
032,112025,101878
032,112025,101879
032,112025,101880
032,112025,101881
032,112025,101882
032,112025,101885
032,112025,101886
032,112025,101887
032,112025,101888
032,112025,101889
032,112025,101890
032,112025,101891
032,112025,101892
032,112025,101893
032,112025,101894
032,112025,101895
032,112025,101896
032,112025,101898
032,112025,101899
032,112025,101901
032,112025,101903
032,112025,101904
032,112025,101905
032,112025,101906
032,112025,101907
032,112025,101908
032,112025,101909
032,112025,101910
032,112025,101911
032,112025,101912
032,112025,101913
032,112025,101917
032,112025,101919
032,112025,101920
032,112025,101921
032,112025,101922
032,112025,101924
032,112025,101925
032,112025,101926
032,112025,101927
032,112025,101928
032,112025,101929
032,112025,101930
032,112025,101931
032,112025,101933
032,112025,101934
032,112025,101935
032,112025,101936
032,112025,101937
032,112025,101938
032,112025,101939
032,112025,101940
032,112025,101942
032,112025,101943
032,112025,101945
032,112025,101946
032,112025,101948
032,112025,101949
032,112025,101950
032,112025,101951
032,112025,101952
032,112025,101953
032,112025,101955
032,112025,101956
032,112025,101957
032,112025,101958
032,112025,101959
032,112025,101960
032,112025,101961
032,112025,101962
032,112025,101963
032,112025,101964
032,112025,101965
032,112025,101966
032,112025,101967
032,112025,101968
032,112025,101969
032,112025,101971
032,112025,101972
032,112025,101973
032,112025,101974
032,112025,101975
032,112025,101976
032,112025,101977
032,112025,101978
032,112025,101980
032,112025,101981
032,112025,101982
032,112025,101983
032,112025,101984
032,112025,101985
032,112025,101986
032,112025,101987
032,112025,101988
032,112025,101989
032,112025,101990
032,112025,101991
032,112025,101993
032,112025,101994
032,112025,101995
032,112025,101996
032,112025,101997
032,112025,101999
032,112025,102000
032,112025,102001
032,112025,102002
032,112025,102004
032,112025,102005
032,112025,102006
032,112025,102007
032,112025,102008
032,112025,102009
032,112025,102010
032,112025,102011
032,112025,102012
032,112025,102014
032,112025,102015
032,112025,102016
032,112025,102017
032,112025,102018
032,112025,102019
032,112025,102020
032,112025,102023
032,112025,102025
032,112025,102026
032,112025,102027
032,112025,102028
032,112025,102029
032,112025,102030
032,112025,102032
032,112025,102033
032,112025,102034
032,112025,102035
032,112025,102036
032,112025,102038
032,112025,102040
032,112025,102042
032,112025,102043
032,112025,102045
032,112025,102046
032,112025,102047
032,112025,102049
032,112025,102050
032,112025,102051
032,112025,102052
032,112025,102053
032,112025,102054
032,112025,102055
032,112025,102056
032,112025,102057
032,112025,102058
032,112025,102063
032,112025,102064
032,112025,102065
032,112025,102066
032,112025,102067
032,112025,102068
032,112025,102071
032,112025,102073
032,112025,102074
032,112025,102075
032,112025,102076
032,112025,102077
032,112025,102078
032,112025,102079
032,112025,102080
032,112025,102082
032,112025,102083
032,112025,102084
032,112025,102086
032,112025,102087
032,112025,102088
032,112025,102089
032,112025,102091
032,112025,102092
032,112025,102093
032,112025,102094
032,112025,102095
032,112025,102096
032,112025,102097
032,112025,102098
032,112025,102099
032,112025,102100
032,112025,102101
032,112025,102102
032,112025,102103
032,112025,102104
032,112025,102105
032,112025,102107
032,112025,102108
032,112025,102109
032,112025,102110
032,112025,102111
032,112025,102112
032,112025,102114
032,112025,102115
032,112025,102116
032,112025,102117
032,112025,102118
032,112025,102119
032,112025,102122
032,112025,102123
032,112025,102125
032,112025,102126
032,112025,102127
032,112025,102128
032,112025,102130
032,112025,102131
032,112025,102132
032,112025,102133
032,112025,102134
032,112025,102136
032,112025,102137
032,112025,102138
032,112025,102139
032,112025,102140
032,112025,102141
032,112025,102142
032,112025,102143
032,112025,102144
032,112025,102145
032,112025,102146
032,112025,102148
032,112025,102149
032,112025,102150
032,112025,102152
032,112025,102153
032,112025,102154
032,112025,102156
032,112025,102157
032,112025,102159
032,112025,102160
032,112025,102161
032,112025,102162
032,112025,102163
032,112025,102166
032,112025,102167
032,112025,102169
032,112025,102170
032,112025,102171
032,112025,102173
032,112025,102174
032,112025,102176
032,112025,102177
032,112025,102178
032,112025,102179
032,112025,102180
032,112025,102181
032,112025,102182
032,112025,102183
032,112025,102184
032,112025,102185
032,112025,102186
032,112025,102188
032,112025,102190
032,112025,102191
032,112025,102192
032,112025,102193
032,112025,102194
032,112025,102195
032,112025,102196
032,112025,102197
032,112025,102198
032,112025,102199
032,112025,102200
032,112025,102201
032,112025,102202
032,112025,102203
032,112025,102205
032,112025,102206
032,112025,102207
032,112025,102208
032,112025,102209
032,112025,102210
032,112025,102211
032,112025,102212
032,112025,102213
032,112025,102214
032,112025,102217
032,112025,102218
032,112025,102219
032,112025,102220
032,112025,102221
032,112025,102222
032,112025,102226
032,112025,102227
032,112025,102229
032,112025,102230
032,112025,102231
032,112025,102232
032,112025,102234
032,112025,102235
032,112025,102236
032,112025,102237
032,112025,102238
032,112025,102240
032,112025,102241
032,112025,102242
032,112025,102243
032,112025,102244
032,112025,102246
032,112025,102248
032,112025,102249
032,112025,102250
032,112025,102251
032,112025,102252
032,112025,102255
032,112025,102256
032,112025,102257
032,112025,102258
032,112025,102259
032,112025,102260
032,112025,102263
032,112025,102264
032,112025,102265
032,112025,102267
032,112025,102268
032,112025,102269
032,112025,102270
032,112025,102271
032,112025,102272
032,112025,102273
032,112025,102274
032,112025,102275
032,112025,102277
032,112025,102278
032,112025,102279
032,112025,102280
032,112025,102281
032,112025,102282
032,112025,102283
032,112025,102285
032,112025,102286
032,112025,102287
032,112025,102288
032,112025,102290
032,112025,102293
032,112025,102294
032,112025,102296
032,112025,102297
032,112025,102298
032,112025,102299
032,112025,102300
032,112025,102301
032,112025,102302
032,112025,102303
032,112025,102304
032,112025,102305
032,112025,102306
032,112025,102308
032,112025,102310
032,112025,102312
032,112025,102313
032,112025,102314
032,112025,102315
032,112025,102316
032,112025,102317
032,112025,102318
032,112025,102319
032,112025,102320
032,112025,102321
032,112025,102323
032,112025,102324
032,112025,102325
032,112025,102326
032,112025,102327
032,112025,102331
032,112025,102332
032,112025,102333
032,112025,102335
032,112025,102336
032,112025,102337
032,112025,102338
032,112025,102339
032,112025,102340
032,112025,102341
032,112025,102343
032,112025,102344
032,112025,102345
032,112025,102346
032,112025,102347
032,112025,102348
032,112025,102349
032,112025,102350
032,112025,102351
032,112025,102352
032,112025,102353
032,112025,102354
032,112025,102355
032,112025,102356
032,112025,102357
032,112025,102358
032,112025,102359
032,112025,102360
032,112025,102361
032,112025,102362
032,112025,102363
032,112025,102364
032,112025,102366
032,112025,102367
032,112025,102368
032,112025,102369
032,112025,102370
032,112025,102371
032,112025,102372
032,112025,102373
032,112025,102374
032,112025,102375
032,112025,102376
032,112025,102377
032,112025,102378
032,112025,102379
032,112025,102380
032,112025,102381
032,112025,102382
032,112025,102383
032,112025,102384
032,112025,102386
032,112025,102387
032,112025,102388
032,112025,102389
032,112025,102390
032,112025,102391
032,112025,102392
032,112025,102393
032,112025,102395
032,112025,102396
032,112025,102398
032,112025,102399
032,112025,102400
032,112025,102401
032,112025,102402
032,112025,102404
032,112025,102405
032,112025,102406
032,112025,102407
032,112025,102408
032,112025,102409
032,112025,102410
032,112025,102411
032,112025,102413
032,112025,102414
032,112025,102415
032,112025,102416
032,112025,102417
032,112025,102418
032,112025,102419
032,112025,102420
032,112025,102421
032,112025,102422
032,112025,102423
032,112025,102424
032,112025,102425
032,112025,102426
032,112025,102428
032,112025,102429
032,112025,102430
032,112025,102432
032,112025,102437
032,112025,102438
032,112025,102439
032,112025,102441
032,112025,102442
032,112025,102443
032,112025,102444
032,112025,102445
032,112025,102446
032,112025,102448
032,112025,102450
032,112025,102452
032,112025,102453
032,112025,102454
032,112025,102455
032,112025,102456
032,112025,102459
032,112025,102460
032,112025,102463
032,112025,102465
032,112025,102466
032,112025,102467
032,112025,102468
032,112025,102469
032,112025,102470
032,112025,102471
032,112025,102473
032,112025,102475
032,112025,102477
032,112025,102481
032,112025,102482
032,112025,102483
032,112025,102485
032,112025,102486
032,112025,102487
032,112025,102488
032,112025,102489
032,112025,102490
032,112025,102491
032,112025,102494
032,112025,102495
032,112025,102496
032,112025,102497
032,112025,102500
032,112025,102501
032,112025,102502
032,112025,102503
032,112025,102505
032,112025,102506
032,112025,102507
032,112025,102508
032,112025,102509
032,112025,102510
032,112025,102511
032,112025,102512
032,112025,102513
032,112025,102514
032,112025,102515
032,112025,102516
032,112025,102517
032,112025,102518
032,112025,102519
032,112025,102520
032,112025,102521
032,112025,102523
032,112025,102524
032,112025,102525
032,112025,102526
032,112025,102527
032,112025,102528
032,112025,102529
032,112025,102530
032,112025,102531
032,112025,102532
032,112025,102533
032,112025,102534
032,112025,102535
032,112025,102536
032,112025,102538
032,112025,102540
032,112025,102542
032,112025,102544
032,112025,102545
032,112025,102548
032,112025,102549
032,112025,102550
032,112025,102551
032,112025,102553
032,112025,102554
032,112025,102555
032,112025,102570
032,112025,102571
032,112025,102572
032,112025,102573
032,112025,102574
032,112025,102575
032,112025,102576
032,112025,102577
032,112025,102578
032,112025,102579
032,112025,102580
032,112025,102581
032,112025,102582
032,112025,102583
032,112025,102584
032,112025,102585
032,112025,102586
032,112025,102587
032,112025,102588
032,112025,102589
032,112025,102590
032,112025,102592
032,112025,102593
032,112025,102594
032,112025,102595
032,112025,102596
032,112025,102600
032,112025,102601
032,112025,102602
032,112025,102603
032,112025,102605
032,112025,102606
032,112025,102607
032,112025,102608
032,112025,102609
032,112025,102610
032,112025,102611
032,112025,102612
032,112025,102613
032,112025,102614
032,112025,102616
032,112025,102617
032,112025,102618
032,112025,102619
032,112025,102620
032,112025,102621
032,112025,102622
032,112025,102623
032,112025,102624
032,112025,102626
032,112025,102628
032,112025,102629
032,112025,102630
032,112025,102631
032,112025,102632
032,112025,102633
032,112025,102634
032,112025,102635
032,112025,102637
032,112025,102638
032,112025,102640
032,112025,102641
032,112025,102642
032,112025,102643
032,112025,102645
032,112025,102646
032,112025,102648
032,112025,102649
032,112025,102650
032,112025,102651
032,112025,102652
032,112025,102653
032,112025,102655
032,112025,102656
032,112025,102659
032,112025,102661
032,112025,102662
032,112025,102663
032,112025,102664
032,112025,102665
032,112025,102666
032,112025,102667
032,112025,102669
032,112025,102670
032,112025,102671
032,112025,102672
032,112025,102673
032,112025,102674
032,112025,102675
032,112025,102676
032,112025,102677
032,112025,102678
032,112025,102679
032,112025,102680
032,112025,102681
032,112025,102682
032,112025,102684
032,112025,102685
032,112025,102686
032,112025,102687
032,112025,102700
032,112025,102701
032,112025,102702
032,112025,102703
032,112025,102704
032,112025,102705
032,112025,102706
032,112025,102707
032,112025,102710
032,112025,102711
032,112025,102712
032,112025,102715
032,112025,102717
032,112025,102718
032,112025,102719
032,112025,102720
032,112025,102723
032,112025,102724
032,112025,102731
032,112025,102732
032,112025,102733
032,112025,102734
032,112025,102735
032,112025,102736
032,112025,102737
032,112025,102742
032,112025,102743
032,112025,102746
032,112025,102751
032,112025,102753
032,112025,102754
032,112025,102755
032,112025,102757
032,112025,102758
032,112025,102759
032,112025,102761
032,112025,102762
032,112025,102763
032,112025,102764
032,112025,102765
032,112025,102766
032,112025,102767
032,112025,102768
032,112025,102769
032,112025,102770
032,112025,102771
032,112025,102772
032,112025,102774
032,112025,102776
032,112025,102777
032,112025,102779
032,112025,102780
032,112025,102781
032,112025,102782
032,112025,102783
032,112025,102784
032,112025,102786
032,112025,102787
032,112025,102788
032,112025,102789
032,112025,102790
032,112025,102791
032,112025,102792
032,112025,102793
032,112025,102794
032,112025,102795
032,112025,102796
032,112025,102797
032,112025,102798
032,112025,102800
032,112025,102801
032,112025,102802
032,112025,102804
032,112025,102805
032,112025,102807
032,112025,102808
032,112025,102812
032,112025,102813
032,112025,102814
032,112025,102815
032,112025,102816
032,112025,102817
032,112025,102818
032,112025,102819
032,112025,102820
032,112025,102821
032,112025,102823
032,112025,102824
032,112025,102825
032,112025,102826
032,112025,102827
032,112025,102828
032,112025,102829
032,112025,102830
032,112025,102831
032,112025,102832
032,112025,102833
032,112025,102834
032,112025,102835
032,112025,102838
032,112025,102839
032,112025,102841
032,112025,102842
032,112025,102843
032,112025,102844
032,112025,102846
032,112025,102847
032,112025,102848
032,112025,102849
032,112025,102852
032,112025,102853
032,112025,102854
032,112025,102855
032,112025,102856
032,112025,102857
032,112025,102858
032,112025,102859
032,112025,102860
032,112025,102862
032,112025,102863
032,112025,102864
032,112025,102865
032,112025,102866
032,112025,102867
032,112025,102868
032,112025,102869
032,112025,102870
032,112025,102871
032,112025,102872
032,112025,102873
032,112025,102874
032,112025,102875
032,112025,102876
032,112025,102877
032,112025,102878
032,112025,102879
032,112025,102880
032,112025,102881
032,112025,102882
032,112025,102883
032,112025,102885
032,112025,102886
032,112025,102887
032,112025,102888
032,112025,102889
032,112025,102891
032,112025,102892
032,112025,102893
032,112025,102895
032,112025,102896
032,112025,102897
032,112025,102898
032,112025,102899
032,112025,102902
032,112025,102903
032,112025,102905
032,112025,102906
032,112025,102907
032,112025,102908
032,112025,102910
032,112025,102912
032,112025,102913
032,112025,102914
032,112025,102917
032,112025,102920
032,112025,102921
032,112025,102922
032,112025,102923
032,112025,102925
032,112025,102926
032,112025,102928
032,112025,102929
032,112025,102931
032,112025,102933
032,112025,102934
032,112025,102935
032,112025,102937
032,112025,102938
032,112025,102939
032,112025,102940
032,112025,102942
032,112025,102945
032,112025,102946
032,112025,102947
032,112025,102949
032,112025,102950
032,112025,102951
032,112025,102952
032,112025,102953
032,112025,102954
032,112025,102955
032,112025,102956
032,112025,102957
032,112025,102958
032,112025,102959
032,112025,102960
032,112025,102961
032,112025,102962
032,112025,102963
032,112025,102964
032,112025,102965
032,112025,102967
032,112025,102968
032,112025,102972
032,112025,102973
032,112025,102974
032,112025,102975
032,112025,102976
032,112025,102978
032,112025,102980
032,112025,102981
032,112025,102982
032,112025,102983
032,112025,102984
032,112025,102985
032,112025,102986
032,112025,102987
032,112025,102988
032,112025,102990
032,112025,102991
032,112025,102992
032,112025,102993
032,112025,102994
032,112025,102995
032,112025,102996
032,112025,102997
032,112025,102998
032,112025,103000
032,112025,103001
032,112025,103002
032,112025,103003
032,112025,103004
032,112025,103006
032,112025,103007
032,112025,103009
032,112025,103010
032,112025,103011
032,112025,103012
032,112025,103013
032,112025,103014
032,112025,103016
032,112025,103017
032,112025,103018
032,112025,103019
032,112025,103020
032,112025,103021
032,112025,103022
032,112025,103023
032,112025,103024
032,112025,103025
032,112025,103026
032,112025,103027
032,112025,103028
032,112025,103029
032,112025,103030
032,112025,103031
032,112025,103032
032,112025,103034
032,112025,103035
032,112025,103036
032,112025,103038
032,112025,103039
032,112025,103040
032,112025,103041
032,112025,103042
032,112025,103044
032,112025,103046
032,112025,103047
032,112025,103048
032,112025,103049
032,112025,103050
032,112025,103051
032,112025,103052
032,112025,103053
032,112025,103055
032,112025,103056
032,112025,103057
032,112025,103058
032,112025,103059
032,112025,103060
032,112025,103061
032,112025,103062
032,112025,103063
032,112025,103064
032,112025,103067
032,112025,103068
032,112025,103069
032,112025,103070
032,112025,103071
032,112025,103072
032,112025,103074
032,112025,103075
032,112025,103077
032,112025,103078
032,112025,103080
032,112025,103081
032,112025,103082
032,112025,103083
032,112025,103084
032,112025,103085
032,112025,103087
032,112025,103088
032,112025,103089
032,112025,103090
032,112025,103091
032,112025,103092
032,112025,103093
032,112025,103094
032,112025,103095
032,112025,103096
032,112025,103098
032,112025,103099
032,112025,103100
032,112025,103101
032,112025,103102
032,112025,103105
032,112025,103106
032,112025,103107
032,112025,103108
032,112025,103109
032,112025,103110
032,112025,103111
032,112025,103112
032,112025,103113
032,112025,103114
032,112025,103116
032,112025,103117
032,112025,103118
032,112025,103119
032,112025,103120
032,112025,103121
032,112025,103122
032,112025,103124
032,112025,103125
032,112025,103126
032,112025,103128
032,112025,103129
032,112025,103130
032,112025,103131
032,112025,103132
032,112025,103133
032,112025,103134
032,112025,103137
032,112025,103138
032,112025,103139
032,112025,103140
032,112025,103141
032,112025,103142
032,112025,103143
032,112025,103144
032,112025,103146
032,112025,103148
032,112025,103149
032,112025,103150
032,112025,103152
032,112025,103153
032,112025,103154
032,112025,103155
032,112025,103156
032,112025,103157
032,112025,103158
032,112025,103159
032,112025,103160
032,112025,103162
032,112025,103163
032,112025,103164
032,112025,103166
032,112025,103167
032,112025,103168
032,112025,103169
032,112025,103170
032,112025,103171
032,112025,103173
032,112025,103174
032,112025,103175
032,112025,103177
032,112025,103178
032,112025,103179
032,112025,103181
032,112025,103182
032,112025,103183
032,112025,103184
032,112025,103185
032,112025,103186
032,112025,103187
032,112025,103188
032,112025,103189
032,112025,103190
032,112025,103192
032,112025,103193
032,112025,103194
032,112025,103195
032,112025,103196
032,112025,103197
032,112025,103198
032,112025,103199
032,112025,103200
032,112025,103201
032,112025,103202
032,112025,103203
032,112025,103204
032,112025,103205
032,112025,103206
032,112025,103207
032,112025,103208
032,112025,103209
032,112025,103211
032,112025,103212
032,112025,103216
032,112025,103218
032,112025,103222
032,112025,103223
032,112025,103224
032,112025,103225
032,112025,103226
032,112025,103227
032,112025,103228
032,112025,103230
032,112025,103231
032,112025,103232
032,112025,103234
032,112025,103235
032,112025,103236
032,112025,103237
032,112025,103238
032,112025,103239
032,112025,103240
032,112025,103241
032,112025,103242
032,112025,103244
032,112025,103245
032,112025,103246
032,112025,103249
032,112025,103250
032,112025,103251
032,112025,103253
032,112025,103254
032,112025,103257
032,112025,103258
032,112025,103259
032,112025,103260
032,112025,103262
032,112025,103263
032,112025,103264
032,112025,103265
032,112025,103266
032,112025,103267
032,112025,103270
032,112025,103274
032,112025,103279
032,112025,103280
032,112025,103281
032,112025,103282
032,112025,103283
032,112025,103284
032,112025,103285
032,112025,103288
032,112025,103290
032,112025,103292
032,112025,103293
032,112025,103294
032,112025,103295
032,112025,103297
032,112025,103299
032,112025,103300
032,112025,103301
032,112025,103303
032,112025,103304
032,112025,103305
032,112025,103307
032,112025,103308
032,112025,103309
032,112025,103310
032,112025,103311
032,112025,103312
032,112025,103313
032,112025,103314
032,112025,103315
032,112025,103316
032,112025,103317
032,112025,103318
032,112025,103319
032,112025,103320
032,112025,103321
032,112025,103322
032,112025,103323
032,112025,103324
032,112025,103325
032,112025,103326
032,112025,103327
032,112025,103328
032,112025,103329
032,112025,103330
032,112025,103332
032,112025,103360
032,112025,103369
032,112025,103370
032,112025,103374
032,112025,103375
032,112025,103376
032,112025,103377
032,112025,103378
032,112025,103379
032,112025,103380
032,112025,103381
032,112025,103382
032,112025,103383
032,112025,103384
032,112025,103386
032,112025,103388
032,112025,103389
032,112025,103390
032,112025,103392
032,112025,103393
032,112025,103394
032,112025,103396
032,112025,103397
032,112025,103399
032,112025,103400
032,112025,103401
032,112025,103402
032,112025,103404
032,112025,103405
032,112025,103406
032,112025,103407
032,112025,103408
032,112025,103409
032,112025,103411
032,112025,103412
032,112025,103413
032,112025,103414
032,112025,103415
032,112025,103417
032,112025,103418
032,112025,103420
032,112025,103421
032,112025,103422
032,112025,103425
032,112025,103428
032,112025,103429
032,112025,103430
032,112025,103431
032,112025,103432
032,112025,103433
032,112025,103436
032,112025,103437
032,112025,103438
032,112025,103440
032,112025,103441
032,112025,103442
032,112025,103443
032,112025,103444
032,112025,103445
032,112025,103447
032,112025,103450
032,112025,103451
032,112025,103452
032,112025,103453
032,112025,103454
032,112025,103456
032,112025,103457
032,112025,103459
032,112025,103460
032,112025,103461
032,112025,103462
032,112025,103463
032,112025,103464
032,112025,103465
032,112025,103467
032,112025,103468
032,112025,103469
032,112025,103470
032,112025,103471
032,112025,103472
032,112025,103473
032,112025,103474
032,112025,103475
032,112025,103476
032,112025,103477
032,112025,103478
032,112025,103479
032,112025,103480
032,112025,103481
032,112025,103482
032,112025,103483
032,112025,103485
032,112025,103487
032,112025,103488
032,112025,103489
032,112025,103490
032,112025,103491
032,112025,103492
032,112025,103493
032,112025,103494
032,112025,103495
032,112025,103496
032,112025,103497
032,112025,103498
032,112025,103500
032,112025,103501
032,112025,103502
032,112025,103503
032,112025,103504
032,112025,103505
032,112025,103507
032,112025,103508
032,112025,103509
032,112025,103510
032,112025,103511
032,112025,103512
032,112025,103513
032,112025,103514
032,112025,103515
032,112025,103516
032,112025,103517
032,112025,103519
032,112025,103520
032,112025,103521
032,112025,103522
032,112025,103523
032,112025,103524
032,112025,103525
032,112025,103526
032,112025,103527
032,112025,103528
032,112025,103529
032,112025,103530
032,112025,103531
032,112025,103532
032,112025,103533
032,112025,103534
032,112025,103535
032,112025,103536
032,112025,103537
032,112025,103538
032,112025,103539
032,112025,103540
032,112025,103541
032,112025,103544
032,112025,103545
032,112025,103546
032,112025,103547
032,112025,103548
032,112025,103549
032,112025,103550
032,112025,103551
032,112025,103554
032,112025,103555
032,112025,103556
032,112025,103558
032,112025,103559
032,112025,103560
032,112025,103561
032,112025,103563
032,112025,103565
032,112025,103566
032,112025,103567
032,112025,103568
032,112025,103569
032,112025,103570
032,112025,103571
032,112025,103572
032,112025,103573
032,112025,103574
032,112025,103575
032,112025,103576
032,112025,103577
032,112025,103578
032,112025,103579
032,112025,103580
032,112025,103582
032,112025,103583
032,112025,103585
032,112025,103586
032,112025,103587
032,112025,103588
032,112025,103589
032,112025,103590
032,112025,103592
032,112025,103595
032,112025,103596
032,112025,103598
032,112025,103599
032,112025,103600
032,112025,103601
032,112025,103603
032,112025,103604
032,112025,103605
032,112025,103606
032,112025,103607
032,112025,103608
032,112025,103609
032,112025,103610
032,112025,103611
032,112025,103612
032,112025,103613
032,112025,103614
032,112025,103615
032,112025,103616
032,112025,103617
032,112025,103618
032,112025,103619
032,112025,103620
032,112025,103622
032,112025,103623
032,112025,103624
032,112025,103625
032,112025,103627
032,112025,103630
032,112025,103631
032,112025,103632
032,112025,103633
032,112025,103634
032,112025,103635
032,112025,103636
032,112025,103637
032,112025,103638
032,112025,103639
032,112025,103640
032,112025,103641
032,112025,103643
032,112025,103644
032,112025,103645
032,112025,103646
032,112025,103648
032,112025,103650
032,112025,103651
032,112025,103652
032,112025,103654
032,112025,103655
032,112025,103656
032,112025,103657
032,112025,103658
032,112025,103659
032,112025,103660
032,112025,103661
032,112025,103662
032,112025,103663
032,112025,103664
032,112025,103665
032,112025,103667
032,112025,103668
032,112025,103669
032,112025,103670
032,112025,103671
032,112025,103672
032,112025,103673
032,112025,103674
032,112025,103675
032,112025,103676
032,112025,103677
032,112025,103678
032,112025,103679
032,112025,103680
032,112025,103681
032,112025,103682
032,112025,103683
032,112025,103684
032,112025,103686
032,112025,103687
032,112025,103689
032,112025,103691
032,112025,103692
032,112025,103693
032,112025,103694
032,112025,103695
032,112025,103696
032,112025,103697
032,112025,103698
032,112025,103699
032,112025,103702
032,112025,103703
032,112025,103704
032,112025,103705
032,112025,103706
032,112025,103707
032,112025,103708
032,112025,103709
032,112025,103711
032,112025,103712
032,112025,103713
032,112025,103715
032,112025,103716
032,112025,103717
032,112025,103718
032,112025,103719
032,112025,103721
032,112025,103724
032,112025,103725
032,112025,103727
032,112025,103728
032,112025,103729
032,112025,103730
032,112025,103731
032,112025,103734
032,112025,103735
032,112025,103736
032,112025,103737
032,112025,103738
032,112025,103740
032,112025,103742
032,112025,103743
032,112025,103744
032,112025,103746
032,112025,103747
032,112025,103748
032,112025,103750
032,112025,103751
032,112025,103752
032,112025,103753
032,112025,103754
032,112025,103755
032,112025,103756
032,112025,103757
032,112025,103758
032,112025,103759
032,112025,103761
032,112025,103762
032,112025,103763
032,112025,103764
032,112025,103765
032,112025,103766
032,112025,103767
032,112025,103768
032,112025,103769
032,112025,103770
032,112025,103771
032,112025,103772
032,112025,103773
032,112025,103774
032,112025,103775
032,112025,103776
032,112025,103777
032,112025,103778
032,112025,103780
032,112025,103783
032,112025,103784
032,112025,103785
032,112025,103786
032,112025,103787
032,112025,103788
032,112025,103789
032,112025,103791
032,112025,103793
032,112025,103794
032,112025,103795
032,112025,103796
032,112025,103797
032,112025,103799
032,112025,103800
032,112025,103801
032,112025,103802
032,112025,103803
032,112025,103804
032,112025,103805
032,112025,103807
032,112025,103809
032,112025,103811
032,112025,103812
032,112025,103813
032,112025,103815
032,112025,103817
032,112025,103818
032,112025,103819
032,112025,103821
032,112025,103822
032,112025,103823
032,112025,103824
032,112025,103825
032,112025,103829
032,112025,103830
032,112025,103831
032,112025,103834
032,112025,103835
032,112025,103836
032,112025,103837
032,112025,103838
032,112025,103839
032,112025,103840
032,112025,103842
032,112025,103844
032,112025,103845
032,112025,103846
032,112025,103847
032,112025,103848
032,112025,103849
032,112025,103850
032,112025,103851
032,112025,103852
032,112025,103854
032,112025,103855
032,112025,103856
032,112025,103857
032,112025,103858
032,112025,103861
032,112025,103862
032,112025,103863
032,112025,103864
032,112025,103865
032,112025,103866
032,112025,103869
032,112025,103870
032,112025,103871
032,112025,103872
032,112025,103874
032,112025,103875
032,112025,103877
032,112025,103880
032,112025,103881
032,112025,103882
032,112025,103883
032,112025,103884
032,112025,103885
032,112025,103886
032,112025,103888
032,112025,103890
032,112025,103891
032,112025,103892
032,112025,103893
032,112025,103894
032,112025,103895
032,112025,103896
032,112025,103899
032,112025,103900
032,112025,103901
032,112025,103902
032,112025,103903
032,112025,103905
032,112025,103906
032,112025,103907
032,112025,103908
032,112025,103910
032,112025,103912
032,112025,103914
032,112025,103918
032,112025,103919
032,112025,103922
032,112025,103924
032,112025,103925
032,112025,103926
032,112025,103927
032,112025,103928
032,112025,103930
032,112025,103931
032,112025,103932
032,112025,103934
032,112025,103935
032,112025,103937
032,112025,103938
032,112025,103940
032,112025,103941
032,112025,103942
032,112025,103944
032,112025,103945
032,112025,103946
032,112025,103947
032,112025,103948
032,112025,103949
032,112025,103950
032,112025,103951
032,112025,103953
032,112025,103954
032,112025,103956
032,112025,103958
032,112025,103959
032,112025,103960
032,112025,103961
032,112025,103962
032,112025,103963
032,112025,103965
032,112025,103966
032,112025,103971
032,112025,103972
032,112025,103973
032,112025,103974
032,112025,103975
032,112025,103976
032,112025,103977
032,112025,103978
032,112025,103979
032,112025,103980
032,112025,103981
032,112025,103982
032,112025,103983
032,112025,103984
032,112025,103985
032,112025,103986
032,112025,103987
032,112025,103988
032,112025,103989
032,112025,103991
032,112025,103993
032,112025,103994
032,112025,103995
032,112025,103998
032,112025,104001
032,112025,104002
032,112025,104003
032,112025,104006
032,112025,104007
032,112025,104008
032,112025,104009
032,112025,104010
032,112025,104013
032,112025,104014
032,112025,104015
032,112025,104016
032,112025,104019
032,112025,104020
032,112025,104021
032,112025,104022
032,112025,104023
032,112025,104026
032,112025,104027
032,112025,104028
032,112025,104030
032,112025,104031
032,112025,104033
032,112025,104034
032,112025,104036
032,112025,104037
032,112025,104038
032,112025,104039
032,112025,104040
032,112025,104041
032,112025,104043
032,112025,104044
032,112025,104045
032,112025,104046
032,112025,104047
032,112025,104048
032,112025,104066
032,112025,104067
032,112025,104068
032,112025,104069
032,112025,104070
032,112025,104073
032,112025,104074
032,112025,104075
032,112025,104076
032,112025,104077
032,112025,104078
032,112025,104079
032,112025,104080
032,112025,104081
032,112025,104082
032,112025,104083
032,112025,104084
032,112025,104085
032,112025,104088
032,112025,104089
032,112025,104091
032,112025,104093
032,112025,104094
032,112025,104095
032,112025,104098
032,112025,104102
032,112025,104103
032,112025,104104
032,112025,104105
032,112025,104108
032,112025,104109
032,112025,104110
032,112025,104111
032,112025,104112
032,112025,104114
032,112025,104115
032,112025,104116
032,112025,104117
032,112025,104118
032,112025,104119
032,112025,104120
032,112025,104122
032,112025,104123
032,112025,104124
032,112025,104125
032,112025,104126
032,112025,104127
032,112025,104128
032,112025,104129
032,112025,104130
032,112025,104132
032,112025,104133
032,112025,104134
032,112025,104135
032,112025,104136
032,112025,104137
032,112025,104139
032,112025,104142
032,112025,104143
032,112025,104144
032,112025,104145
032,112025,104147
032,112025,104148
032,112025,104149
032,112025,104150
032,112025,104151
032,112025,104152
032,112025,104153
032,112025,104154
032,112025,104156
032,112025,104159
032,112025,104160
032,112025,104161
032,112025,104163
032,112025,104165
032,112025,104166
032,112025,104167
032,112025,104168
032,112025,104169
032,112025,104170
032,112025,104172
032,112025,104176
032,112025,104177
032,112025,104178
032,112025,104179
032,112025,104183
032,112025,104186
032,112025,104191
032,112025,104192
032,112025,104194
032,112025,104199
032,112025,104201
032,112025,104202
032,112025,104204
032,112025,104205
032,112025,104206
032,112025,104207
032,112025,104208
032,112025,104209
032,112025,104210
032,112025,104211
032,112025,104212
032,112025,104213
032,112025,104214
032,112025,104215
032,112025,104216
032,112025,104218
032,112025,104221
032,112025,104222
032,112025,104223
032,112025,104224
032,112025,104225
032,112025,104227
032,112025,104232
032,112025,104239
032,112025,104242
032,112025,104246
032,112025,104247
032,112025,104248
032,112025,104249
032,112025,104254
032,112025,104255
032,112025,104256
032,112025,104257
032,112025,104258
032,112025,104259
032,112025,104262
032,112025,104263
032,112025,104264
032,112025,104265
032,112025,104266
032,112025,104268
032,112025,104270
032,112025,104272
032,112025,104274
032,112025,104275
032,112025,104282
032,112025,104283
032,112025,104285
032,112025,104286
032,112025,104288
032,112025,104289
032,112025,104291
032,112025,104292
032,112025,104295
032,112025,104296
032,112025,104299
032,112025,104300
032,112025,104301
032,112025,104304
032,112025,104305
032,112025,104307
032,112025,104310
032,112025,104311
032,112025,104312
032,112025,104314
032,112025,104315
032,112025,104317
032,112025,104318
032,112025,104320
032,112025,104321
032,112025,104322
032,112025,104326
032,112025,104330
032,112025,104331
032,112025,104332
032,112025,104334
032,112025,104337
032,112025,104339
032,112025,104340
032,112025,104341
032,112025,104342
032,112025,104343
032,112025,104346
032,112025,104348
032,112025,104349
032,112025,104350
032,112025,104351
032,112025,104353
032,112025,104355
032,112025,104358
032,112025,104362
032,112025,104363
032,112025,104364
032,112025,104366
032,112025,104368
032,112025,104369
032,112025,104370
032,112025,104374
032,112025,104375
032,112025,104376
032,112025,104380
032,112025,104381
032,112025,104382
032,112025,104384
032,112025,104391
032,112025,104393
032,112025,104394
032,112025,104395
032,112025,104396
032,112025,104397
032,112025,104400
032,112025,104401
032,112025,104402
032,112025,104403
032,112025,104404
032,112025,104414
032,112025,104415
032,112025,104416
032,112025,104419
032,112025,104420
032,112025,104422
032,112025,104424
032,112025,104425
032,112025,104426
032,112025,104427
032,112025,104428
032,112025,104429
032,112025,104431
032,112025,104432
032,112025,104433
032,112025,104434
032,112025,104435
032,112025,104436
032,112025,104437
032,112025,104438
032,112025,104440
032,112025,104441
032,112025,104443
032,112025,104444
032,112025,104445
032,112025,104446
032,112025,104447
032,112025,104448
032,112025,104449
032,112025,104451
032,112025,104452
032,112025,104454
032,112025,104455
032,112025,104456
032,112025,104457
032,112025,104459
032,112025,104460
032,112025,104463
032,112025,104466
032,112025,104467
032,112025,104468
032,112025,104469
032,112025,104470
032,112025,104471
032,112025,104472
032,112025,104473
032,112025,104475
032,112025,104476
032,112025,104477
032,112025,104478
032,112025,104480
032,112025,104481
032,112025,104483
032,112025,104485
032,112025,104486
032,112025,104487
032,112025,104488
032,112025,104489
032,112025,104490
032,112025,104491
032,112025,104492
032,112025,104493
032,112025,104495
032,112025,104496
032,112025,104497
032,112025,104498
032,112025,104499
032,112025,104500
032,112025,104501
032,112025,104502
032,112025,104503
032,112025,104504
032,112025,104505
032,112025,104506
032,112025,104507
032,112025,104508
032,112025,104509
032,112025,104510
032,112025,104511
032,112025,104513
032,112025,104515
032,112025,104517
032,112025,104518
032,112025,104520
032,112025,104521
032,112025,104522
032,112025,104523
032,112025,104526
032,112025,104528
032,112025,104529
032,112025,104530
032,112025,104531
032,112025,104532
032,112025,104533
032,112025,104534
032,112025,104535
032,112025,104536
032,112025,104537
032,112025,104539
032,112025,104542
032,112025,104543
032,112025,104545
032,112025,104546
032,112025,104547
032,112025,104548
032,112025,104549
032,112025,104550
032,112025,104551
032,112025,104552
032,112025,104553
032,112025,104554
032,112025,104555
032,112025,104557
032,112025,104562
032,112025,104563
032,112025,104567
032,112025,104569
032,112025,104570
032,112025,104571
032,112025,104572
032,112025,104573
032,112025,104574
032,112025,104575
032,112025,104576
032,112025,104577
032,112025,104578
032,112025,104579
032,112025,104581
032,112025,104582
032,112025,104587
032,112025,104588
032,112025,104590
032,112025,104591
032,112025,104592
032,112025,104594
032,112025,104595
032,112025,104596
032,112025,104597
032,112025,104598
032,112025,104599
032,112025,104603
032,112025,104604
032,112025,104605
032,112025,104609
032,112025,104610
032,112025,104611
032,112025,104612
032,112025,104613
032,112025,104614
032,112025,104615
032,112025,104616
032,112025,104619
032,112025,104621
032,112025,104623
032,112025,104624
032,112025,104625
032,112025,104626
032,112025,104627
032,112025,104630
032,112025,104631
032,112025,104632
032,112025,104633
032,112025,104634
032,112025,104638
032,112025,104639
032,112025,104669
032,112025,104670
032,112025,104671
032,112025,104674
032,112025,104675
032,112025,104676
032,112025,104677
032,112025,104678
032,112025,104679
032,112025,104683
032,112025,104684
032,112025,104685
032,112025,104686
032,112025,104687
032,112025,104688
032,112025,104689
032,112025,104690
032,112025,104693
032,112025,104694
032,112025,104695
032,112025,104696
032,112025,104697
032,112025,104699
032,112025,104700
032,112025,104701
032,112025,104702
032,112025,104703
032,112025,104705
032,112025,104706
032,112025,104707
032,112025,104708
032,112025,104709
032,112025,104710
032,112025,104711
032,112025,104712
032,112025,104713
032,112025,104714
032,112025,104715
032,112025,104717
032,112025,104718
032,112025,104719
032,112025,104720
032,112025,104721
032,112025,104722
032,112025,104723
032,112025,104724
032,112025,104725
032,112025,104726
032,112025,104728
032,112025,104730
032,112025,104732
032,112025,104733
032,112025,104734
032,112025,104735
032,112025,104736
032,112025,104737
032,112025,104738
032,112025,104739
032,112025,104746
032,112025,104747
032,112025,104748
032,112025,104750
032,112025,104751
032,112025,104752
032,112025,104753
032,112025,104754
032,112025,104755
032,112025,104756
032,112025,104757
032,112025,104758
032,112025,104759
032,112025,104760
032,112025,104761
032,112025,104762
032,112025,104764
032,112025,104765
032,112025,104766
032,112025,104769
032,112025,104770
032,112025,104772
032,112025,104773
032,112025,104776
032,112025,104777
032,112025,104778
032,112025,104779
032,112025,104780
032,112025,104782
032,112025,104786
032,112025,104787
032,112025,104788
032,112025,104789
032,112025,104790
032,112025,104791
032,112025,104792
032,112025,104793
032,112025,104794
032,112025,104795
032,112025,104796
032,112025,104797
032,112025,104798
032,112025,104799
032,112025,104801
032,112025,104805
032,112025,104806
032,112025,104808
032,112025,104809
032,112025,104812
032,112025,104813
032,112025,104814
032,112025,104816
032,112025,104817
032,112025,104818
032,112025,104819
032,112025,104821
032,112025,104822
032,112025,104823
032,112025,104824
032,112025,104825
032,112025,104826
032,112025,104827
032,112025,104828
032,112025,104829
032,112025,104830
032,112025,104831
032,112025,104832
032,112025,104833
032,112025,104834
032,112025,104836
032,112025,104838
032,112025,104839
032,112025,104840
032,112025,104841
032,112025,104842
032,112025,104843
032,112025,104844
032,112025,104845
032,112025,104846
032,112025,104847
032,112025,104848
032,112025,104849
032,112025,104850
032,112025,104852
032,112025,104853
032,112025,104854
032,112025,104856
032,112025,104858
032,112025,104859
032,112025,104860
032,112025,104861
032,112025,104862
032,112025,104864
032,112025,104865
032,112025,104866
032,112025,104869
032,112025,104871
032,112025,104873
032,112025,104874
032,112025,104875
032,112025,104876
032,112025,104877
032,112025,104879
032,112025,104880
032,112025,104881
032,112025,104885
032,112025,104890
032,112025,104892
032,112025,104893
032,112025,104894
032,112025,104895
032,112025,104898
032,112025,104899
032,112025,104900
032,112025,104902
032,112025,104903
032,112025,104904
032,112025,104905
032,112025,104906
032,112025,104910
032,112025,104912
032,112025,104913
032,112025,104914
032,112025,104915
032,112025,104916
032,112025,104917
032,112025,104918
032,112025,104919
032,112025,104920
032,112025,104921
032,112025,104922
032,112025,104923
032,112025,104924
032,112025,104925
032,112025,104926
032,112025,104927
032,112025,104928
032,112025,104929
032,112025,104930
032,112025,104932
032,112025,104934
032,112025,104935
032,112025,104936
032,112025,104937
032,112025,104939
032,112025,104940
032,112025,104941
032,112025,104942
032,112025,104943
032,112025,104944
032,112025,104945
032,112025,104947
032,112025,104948
032,112025,104949
032,112025,104951
032,112025,104953
032,112025,104954
032,112025,104955
032,112025,104956
032,112025,104957
032,112025,104959
032,112025,104960
032,112025,104961
032,112025,104962
032,112025,104963
032,112025,104965
032,112025,104966
032,112025,104967
032,112025,104968
032,112025,104969
032,112025,104970
032,112025,104971
032,112025,104972
032,112025,104973
032,112025,104974
032,112025,104975
032,112025,104976
032,112025,104977
032,112025,104979
032,112025,104980
032,112025,104981
032,112025,104982
032,112025,104983
032,112025,104984
032,112025,104985
032,112025,104986
032,112025,104987
032,112025,104988
032,112025,104990
032,112025,104991
032,112025,104992
032,112025,104993
032,112025,104995
032,112025,104996
032,112025,104997
032,112025,104998
032,112025,105000
032,112025,105001
032,112025,105002
032,112025,105004
032,112025,105005
032,112025,105006
032,112025,105007
032,112025,105009
032,112025,105010
032,112025,105011
032,112025,105012
032,112025,105014
032,112025,105017
032,112025,105020
032,112025,105021
032,112025,105022
032,112025,105025
032,112025,105026
032,112025,105029
032,112025,105030
032,112025,105031
032,112025,105036
032,112025,105037
032,112025,105038
032,112025,105040
032,112025,105041
032,112025,105042
032,112025,105044
032,112025,105046
032,112025,105047
032,112025,105053
032,112025,105054
032,112025,105055
032,112025,105058
032,112025,105059
032,112025,105060
032,112025,105062
032,112025,105063
032,112025,105064
032,112025,105065
032,112025,105066
032,112025,105067
032,112025,105068
032,112025,105069
032,112025,105070
032,112025,105071
032,112025,105072
032,112025,105073
032,112025,105075
032,112025,105076
032,112025,105077
032,112025,105078
032,112025,105079
032,112025,105080
032,112025,105081
032,112025,105082
032,112025,105083
032,112025,105085
032,112025,105086
032,112025,105087
032,112025,105089
032,112025,105091
032,112025,105092
032,112025,105093
032,112025,105094
032,112025,105095
032,112025,105096
032,112025,105097
032,112025,105098
032,112025,105099
032,112025,105100
032,112025,105101
032,112025,105102
032,112025,105104
032,112025,105105
032,112025,105106
032,112025,105107
032,112025,105108
032,112025,105109
032,112025,105110
032,112025,105112
032,112025,105113
032,112025,105114
032,112025,105115
032,112025,105116
032,112025,105117
032,112025,105118
032,112025,105119
032,112025,105120
032,112025,105121
032,112025,105122
032,112025,105123
032,112025,105124
032,112025,105125
032,112025,105126
032,112025,105127
032,112025,105128
032,112025,105129
032,112025,105130
032,112025,105131
032,112025,105132
032,112025,105133
032,112025,105134
032,112025,105135
032,112025,105136
032,112025,105137
032,112025,105139
032,112025,105141
032,112025,105143
032,112025,105144
032,112025,105146
032,112025,105148
032,112025,105149
032,112025,105150
032,112025,105151
032,112025,105152
032,112025,105154
032,112025,105155
032,112025,105156
032,112025,105157
032,112025,105158
032,112025,105160
032,112025,105161
032,112025,105162
032,112025,105163
032,112025,105164
032,112025,105165
032,112025,105166
032,112025,105168
032,112025,105169
032,112025,105170
032,112025,105171
032,112025,105172
032,112025,105173
032,112025,105174
032,112025,105175
032,112025,105176
032,112025,105177
032,112025,105178
032,112025,105180
032,112025,105181
032,112025,105182
032,112025,105184
032,112025,105186
032,112025,105187
032,112025,105188
032,112025,105190
032,112025,105192
032,112025,105193
032,112025,105194
032,112025,105197
032,112025,105198
032,112025,105199
032,112025,105200
032,112025,105201
032,112025,105203
032,112025,105204
032,112025,105205
032,112025,105206
032,112025,105210
032,112025,105211
032,112025,105212
032,112025,105214
032,112025,105215
032,112025,105217
032,112025,105218
032,112025,105219
032,112025,105223
032,112025,105224
032,112025,105227
032,112025,105228
032,112025,105229
032,112025,105230
032,112025,105231
032,112025,105232
032,112025,105234
032,112025,105236
032,112025,105238
032,112025,105239
032,112025,105241
032,112025,105242
032,112025,105243
032,112025,105244
032,112025,105245
032,112025,105246
032,112025,105247
032,112025,105248
032,112025,105249
032,112025,105250
032,112025,105252
032,112025,105253
032,112025,105254
032,112025,105255
032,112025,105256
032,112025,105258
032,112025,105259
032,112025,105262
032,112025,105263
032,112025,105266
032,112025,105267
032,112025,105268
032,112025,105269
032,112025,105271
032,112025,105272
032,112025,105273
032,112025,105274
032,112025,105280
032,112025,105281
032,112025,105284
032,112025,105288
032,112025,105289
032,112025,105290
032,112025,105291
032,112025,105293
032,112025,105294
032,112025,105295
032,112025,105297
032,112025,105298
032,112025,105299
032,112025,105300
032,112025,105301
032,112025,105302
032,112025,105303
032,112025,105304
032,112025,105313
032,112025,105316
032,112025,105317
032,112025,105318
032,112025,105320
032,112025,105322
032,112025,105324
032,112025,105329
032,112025,105330
032,112025,105331
032,112025,105332
032,112025,105333
032,112025,105334
032,112025,105335
032,112025,105336
032,112025,105337
032,112025,105338
032,112025,105340
032,112025,105341
032,112025,105342
032,112025,105343
032,112025,105344
032,112025,105345
032,112025,105346
032,112025,105347
032,112025,105348
032,112025,105349
032,112025,105350
032,112025,105351
032,112025,105352
032,112025,105353
032,112025,105354
032,112025,105355
032,112025,105356
032,112025,105357
032,112025,105358
032,112025,105359
032,112025,105361
032,112025,105362
032,112025,105363
032,112025,105364
032,112025,105365
032,112025,105366
032,112025,105367
032,112025,105369
032,112025,105370
032,112025,105371
032,112025,105372
032,112025,105373
032,112025,105374
032,112025,105375
032,112025,105376
032,112025,105377
032,112025,105378
032,112025,105379
032,112025,105380
032,112025,105381
032,112025,105382
032,112025,105383
032,112025,105384
032,112025,105385
032,112025,105387
032,112025,105389
032,112025,105390
032,112025,105391
032,112025,105394
032,112025,105396
032,112025,105397
032,112025,105398
032,112025,105399
032,112025,105400
032,112025,105401
032,112025,105402
032,112025,105405
032,112025,105406
032,112025,105408
032,112025,105409
032,112025,105410
032,112025,105411
032,112025,105413
032,112025,105414
032,112025,105415
032,112025,105416
032,112025,105417
032,112025,105419
032,112025,105423
032,112025,105424
032,112025,105429
032,112025,105430
032,112025,105431
032,112025,105432
032,112025,105433
032,112025,105434
032,112025,105435
032,112025,105436
032,112025,105437
032,112025,105438
032,112025,105439
032,112025,105440
032,112025,105441
032,112025,105442
032,112025,105443
032,112025,105446
032,112025,105448
032,112025,105449
032,112025,105450
032,112025,105451
032,112025,105452
032,112025,105453
032,112025,105454
032,112025,105455
032,112025,105456
032,112025,105458
032,112025,105459
032,112025,105460
032,112025,105461
032,112025,105462
032,112025,105464
032,112025,105467
032,112025,105468
032,112025,105469
032,112025,105470
032,112025,105472
032,112025,105473
032,112025,105475
032,112025,105476
032,112025,105477
032,112025,105478
032,112025,105479
032,112025,105480
032,112025,105481
032,112025,105482
032,112025,105483
032,112025,105484
032,112025,105486
032,112025,105491
032,112025,105493
032,112025,105494
032,112025,105495
032,112025,105498
032,112025,105501
032,112025,105502
032,112025,105503
032,112025,105504
032,112025,105508
032,112025,105509
032,112025,105510
032,112025,105511
032,112025,105512
032,112025,105513
032,112025,105514
032,112025,105517
032,112025,105518
032,112025,105519
032,112025,105522
032,112025,105523
032,112025,105524
032,112025,105525
032,112025,105526
032,112025,105527
032,112025,105528
032,112025,105529
032,112025,105530
032,112025,105531
032,112025,105534
032,112025,105535
032,112025,105536
032,112025,105537
032,112025,105538
032,112025,105540
032,112025,105546
032,112025,105547
032,112025,105548
032,112025,105549
032,112025,105550
032,112025,105551
032,112025,105552
032,112025,105553
032,112025,105555
032,112025,105556
032,112025,105557
032,112025,105558
032,112025,105559
032,112025,105560
032,112025,105561
032,112025,105565
032,112025,105567
032,112025,105568
032,112025,105569
032,112025,105570
032,112025,105571
032,112025,105572
032,112025,105573
032,112025,105574
032,112025,105575
032,112025,105576
032,112025,105577
032,112025,105578
032,112025,105579
032,112025,105581
032,112025,105582
032,112025,105583
032,112025,105584
032,112025,105585
032,112025,105587
032,112025,105589
032,112025,105591
032,112025,105592
032,112025,105593
032,112025,105594
032,112025,105596
032,112025,105597
032,112025,105598
032,112025,105599
032,112025,105600
032,112025,105608
032,112025,105609
032,112025,105610
032,112025,105611
032,112025,105613
032,112025,105614
032,112025,105615
032,112025,105616
032,112025,105617
032,112025,105618
032,112025,105619
032,112025,105620
032,112025,105622
032,112025,105623
032,112025,105624
032,112025,105625
032,112025,105627
032,112025,105628
032,112025,105629
032,112025,105630
032,112025,105631
032,112025,105632
032,112025,105633
032,112025,105634
032,112025,105635
032,112025,105636
032,112025,105638
032,112025,105639
032,112025,105640
032,112025,105641
032,112025,105642
032,112025,105643
032,112025,105644
032,112025,105645
032,112025,105646
032,112025,105647
032,112025,105649
032,112025,105650
032,112025,105651
032,112025,105657
032,112025,105658
032,112025,105661
032,112025,105662
032,112025,105663
032,112025,105664
032,112025,105665
032,112025,105666
032,112025,105667
032,112025,105669
032,112025,105670
032,112025,105671
032,112025,105672
032,112025,105673
032,112025,105674
032,112025,105675
032,112025,105676
032,112025,105677
032,112025,105678
032,112025,105679
032,112025,105680
032,112025,105681
032,112025,105683
032,112025,105686
032,112025,105687
032,112025,105688
032,112025,105690
032,112025,105691
032,112025,105692
032,112025,105693
032,112025,105694
032,112025,105697
032,112025,105698
032,112025,105699
032,112025,105700
032,112025,105701
032,112025,105703
032,112025,105704
032,112025,105705
032,112025,105706
032,112025,105707
032,112025,105708
032,112025,105709
032,112025,105710
032,112025,105711
032,112025,105712
032,112025,105713
032,112025,105714
032,112025,105715
032,112025,105716
032,112025,105717
032,112025,105718
032,112025,105719
032,112025,105720
032,112025,105721
032,112025,105722
032,112025,105723
032,112025,105724
032,112025,105725
032,112025,105726
032,112025,105727
032,112025,105728
032,112025,105729
032,112025,105730
032,112025,105732
032,112025,105733
032,112025,105734
032,112025,105735
032,112025,105737
032,112025,105738
032,112025,105739
032,112025,105740
032,112025,105741
032,112025,105742
032,112025,105743
032,112025,105744
032,112025,105745
032,112025,105746
032,112025,105747
032,112025,105749
032,112025,105750
032,112025,105751
032,112025,105752
032,112025,105753
032,112025,105754
032,112025,105755
032,112025,105756
032,112025,105758
032,112025,105760
032,112025,105761
032,112025,105762
032,112025,105763
032,112025,105764
032,112025,105766
032,112025,105767
032,112025,105768
032,112025,105771
032,112025,105772
032,112025,105773
032,112025,105774
032,112025,105775
032,112025,105777
032,112025,105778
032,112025,105780
032,112025,105781
032,112025,105782
032,112025,105783
032,112025,105784
032,112025,105786
032,112025,105787
032,112025,105788
032,112025,105789
032,112025,105790
032,112025,105792
032,112025,105794
032,112025,105795
032,112025,105796
032,112025,105797
032,112025,105798
032,112025,105799
032,112025,105800
032,112025,105801
032,112025,105802
032,112025,105803
032,112025,105804
032,112025,105805
032,112025,105806
032,112025,105807
032,112025,105808
032,112025,105809
032,112025,105810
032,112025,105811
032,112025,105812
032,112025,105815
032,112025,105816
032,112025,105817
032,112025,105818
032,112025,105819
032,112025,105820
032,112025,105821
032,112025,105822
032,112025,105823
032,112025,105824
032,112025,105834
032,112025,105835
032,112025,105837
032,112025,105838
032,112025,105840
032,112025,105843
032,112025,105844
032,112025,105845
032,112025,105846
032,112025,105847
032,112025,105852
032,112025,105854
032,112025,105856
032,112025,105859
032,112025,105860
032,112025,105862
032,112025,105864
032,112025,105865
032,112025,105866
032,112025,105867
032,112025,105870
032,112025,105871
032,112025,105872
032,112025,105873
032,112025,105875
032,112025,105876
032,112025,105877
032,112025,105878
032,112025,105879
032,112025,105880
032,112025,105881
032,112025,105882
032,112025,105883
032,112025,105884
032,112025,105885
032,112025,105886
032,112025,105887
032,112025,105890
032,112025,105892
032,112025,105894
032,112025,105895
032,112025,105897
032,112025,105898
032,112025,105899
032,112025,105900
032,112025,105901
032,112025,105902
032,112025,105903
032,112025,105905
032,112025,105906
032,112025,105907
032,112025,105908
032,112025,105909
032,112025,105910
032,112025,105911
032,112025,105913
032,112025,105914
032,112025,105915
032,112025,105916
032,112025,105917
032,112025,105918
032,112025,105919
032,112025,105920
032,112025,105921
032,112025,105922
032,112025,105923
032,112025,105924
032,112025,105925
032,112025,105926
032,112025,105927
032,112025,105928
032,112025,105929
032,112025,105930
032,112025,105931
032,112025,105932
032,112025,105934
032,112025,105935
032,112025,105939
032,112025,105940
032,112025,105941
032,112025,105942
032,112025,105944
032,112025,105945
032,112025,105947
032,112025,105948
032,112025,105949
032,112025,105950
032,112025,105953
032,112025,105955
032,112025,105956
032,112025,105957
032,112025,105958
032,112025,105959
032,112025,105960
032,112025,105961
032,112025,105962
032,112025,105963
032,112025,105964
032,112025,105965
032,112025,105966
032,112025,105967
032,112025,105968
032,112025,105969
032,112025,105970
032,112025,105971
032,112025,105972
032,112025,105973
032,112025,105975
032,112025,105976
032,112025,105978
032,112025,105979
032,112025,105980
032,112025,105981
032,112025,105982
032,112025,105984
032,112025,105985
032,112025,105988
032,112025,105989
032,112025,105990
032,112025,105991
032,112025,105992
032,112025,105993
032,112025,105994
032,112025,105995
032,112025,105996
032,112025,105997
032,112025,105998
032,112025,105999
032,112025,106000
032,112025,106001
032,112025,106002
032,112025,106003
032,112025,106004
032,112025,106005
032,112025,106006
032,112025,106007
032,112025,106008
032,112025,106009
032,112025,106010
032,112025,106011
032,112025,106012
032,112025,106013
032,112025,106016
032,112025,106017
032,112025,106018
032,112025,106019
032,112025,106020
032,112025,106021
032,112025,106022
032,112025,106023
032,112025,106025
032,112025,106026
032,112025,106031
032,112025,106032
032,112025,106033
032,112025,106034
032,112025,106036
032,112025,106037
032,112025,106040
032,112025,106041
032,112025,106042
032,112025,106044
032,112025,106045
032,112025,106046
032,112025,106047
032,112025,106048
032,112025,106049
032,112025,106050
032,112025,106051
032,112025,106052
032,112025,106053
032,112025,106054
032,112025,106055
032,112025,106056
032,112025,106057
032,112025,106058
032,112025,106060
032,112025,106061
032,112025,106064
032,112025,106065
032,112025,106066
032,112025,106067
032,112025,106068
032,112025,106069
032,112025,106070
032,112025,106071
032,112025,106072
032,112025,106073
032,112025,106074
032,112025,106076
032,112025,106078
032,112025,106079
032,112025,106080
032,112025,106081
032,112025,106082
032,112025,106084
032,112025,106085
032,112025,106086
032,112025,106087
032,112025,106090
032,112025,106091
032,112025,106092
032,112025,106094
032,112025,106095
032,112025,106099
032,112025,106100
032,112025,106101
032,112025,106106
032,112025,106108
032,112025,106109
032,112025,106110
032,112025,106112
032,112025,106113
032,112025,106115
032,112025,106116
032,112025,106117
032,112025,106118
032,112025,106119
032,112025,106120
032,112025,106121
032,112025,106123
032,112025,106124
032,112025,106125
032,112025,106126
032,112025,106127
032,112025,106128
032,112025,106129
032,112025,106133
032,112025,106134
032,112025,106135
032,112025,106136
032,112025,106137
032,112025,106142
032,112025,106146
032,112025,106147
032,112025,106149
032,112025,106150
032,112025,106151
032,112025,106153
032,112025,106154
032,112025,106155
032,112025,106157
032,112025,106158
032,112025,106159
032,112025,106160
032,112025,106161
032,112025,106162
032,112025,106163
032,112025,106164
032,112025,106165
032,112025,106166
032,112025,106167
032,112025,106168
032,112025,106169
032,112025,106170
032,112025,106171
032,112025,106173
032,112025,106174
032,112025,106177
032,112025,106178
032,112025,106180
032,112025,106182
032,112025,106183
032,112025,106184
032,112025,106185
032,112025,106186
032,112025,106187
032,112025,106188
032,112025,106189
032,112025,106191
032,112025,106193
032,112025,106194
032,112025,106195
032,112025,106197
032,112025,106198
032,112025,106199
032,112025,106200
032,112025,106201
032,112025,106204
032,112025,106205
032,112025,106206
032,112025,106207
032,112025,106208
032,112025,106209
032,112025,106210
032,112025,106211
032,112025,106212
032,112025,106213
032,112025,106217
032,112025,106218
032,112025,106219
032,112025,106220
032,112025,106221
032,112025,106222
032,112025,106223
032,112025,106224
032,112025,106225
032,112025,106226
032,112025,106227
032,112025,106228
032,112025,106229
032,112025,106230
032,112025,106231
032,112025,106233
032,112025,106234
032,112025,106235
032,112025,106236
032,112025,106237
032,112025,106239
032,112025,106240
032,112025,106241
032,112025,106245
032,112025,106246
032,112025,106247
032,112025,106248
032,112025,106252
032,112025,106253
032,112025,106254
032,112025,106255
032,112025,106257
032,112025,106258
032,112025,106259
032,112025,106260
032,112025,106261
032,112025,106263
032,112025,106264
032,112025,106265
032,112025,106267
032,112025,106268
032,112025,106269
032,112025,106270
032,112025,106271
032,112025,106272
032,112025,106274
032,112025,106276
032,112025,106277
032,112025,106278
032,112025,106279
032,112025,106280
032,112025,106281
032,112025,106282
032,112025,106283
032,112025,106284
032,112025,106285
032,112025,106286
032,112025,106287
032,112025,106288
032,112025,106289
032,112025,106290
032,112025,106291
032,112025,106292
032,112025,106293
032,112025,106294
032,112025,106295
032,112025,106296
032,112025,106297
032,112025,106298
032,112025,106299
032,112025,106301
032,112025,106302
032,112025,106303
032,112025,106304
032,112025,106305
032,112025,106306
032,112025,106307
032,112025,106308
032,112025,106309
032,112025,106310
032,112025,106311
032,112025,106312
032,112025,106313
032,112025,106314
032,112025,106315
032,112025,106318
032,112025,106319
032,112025,106320
032,112025,106321
032,112025,106322
032,112025,106323
032,112025,106327
032,112025,106328
032,112025,106329
032,112025,106331
032,112025,106333
032,112025,106335
032,112025,106339
032,112025,106340
032,112025,106343
032,112025,106344
032,112025,106345
032,112025,106346
032,112025,106347
032,112025,106348
032,112025,106350
032,112025,106352
032,112025,106354
032,112025,106355
032,112025,106356
032,112025,106357
032,112025,106359
032,112025,106360
032,112025,106361
032,112025,106362
032,112025,106363
032,112025,106364
032,112025,106365
032,112025,106366
032,112025,106367
032,112025,106368
032,112025,106369
032,112025,106371
032,112025,106372
032,112025,106373
032,112025,106374
032,112025,106375
032,112025,106377
032,112025,106378
032,112025,106379
032,112025,106380
032,112025,106381
032,112025,106382
032,112025,106383
032,112025,106384
032,112025,106385
032,112025,106387
032,112025,106388
032,112025,106389
032,112025,106393
032,112025,106394
032,112025,106395
032,112025,106396
032,112025,106397
032,112025,106398
032,112025,106399
032,112025,106400
032,112025,106401
032,112025,106402
032,112025,106403
032,112025,106404
032,112025,106405
032,112025,106406
032,112025,106407
032,112025,106408
032,112025,106409
032,112025,106411
032,112025,106412
032,112025,106413
032,112025,106414
032,112025,106415
032,112025,106416
032,112025,106417
032,112025,106418
032,112025,106419
032,112025,106420
032,112025,106421
032,112025,106422
032,112025,106423
032,112025,106425
032,112025,106426
032,112025,106427
032,112025,106428
032,112025,106429
032,112025,106430
032,112025,106431
032,112025,106432
032,112025,106433
032,112025,106434
032,112025,106435
032,112025,106436
032,112025,106437
032,112025,106438
032,112025,106441
032,112025,106442
032,112025,106443
032,112025,106445
032,112025,106446
032,112025,106447
032,112025,106448
032,112025,106450
032,112025,106452
032,112025,106453
032,112025,106454
032,112025,106456
032,112025,106457
032,112025,106458
032,112025,106459
032,112025,106461
032,112025,106462
032,112025,106463
032,112025,106464
032,112025,106465
032,112025,106466
032,112025,106467
032,112025,106468
032,112025,106469
032,112025,106470
032,112025,106471
032,112025,106473
032,112025,106474
032,112025,106475
032,112025,106476
032,112025,106479
032,112025,106482
032,112025,106484
032,112025,106485
032,112025,106486
032,112025,106487
032,112025,106490
032,112025,106493
032,112025,106494
032,112025,106495
032,112025,106496
032,112025,106497
032,112025,106498
032,112025,106500
032,112025,106501
032,112025,106502
032,112025,106503
032,112025,106504
032,112025,106505
032,112025,106506
032,112025,106507
032,112025,106508
032,112025,106509
032,112025,106510
032,112025,106512
032,112025,106513
032,112025,106514
032,112025,106515
032,112025,106516
032,112025,106517
032,112025,106518
032,112025,106519
032,112025,106520
032,112025,106521
032,112025,106522
032,112025,106525
032,112025,106526
032,112025,106527
032,112025,106528
032,112025,106529
032,112025,106530
032,112025,106532
032,112025,106533
032,112025,106535
032,112025,106536
032,112025,106537
032,112025,106539
032,112025,106540
032,112025,106541
032,112025,106542
032,112025,106543
032,112025,106544
032,112025,106546
032,112025,106547
032,112025,106548
032,112025,106549
032,112025,106551
032,112025,106553
032,112025,106554
032,112025,106556
032,112025,106557
032,112025,106558
032,112025,106559
032,112025,106560
032,112025,106562
032,112025,106563
032,112025,106567
032,112025,106568
032,112025,106569
032,112025,106570
032,112025,106571
032,112025,106575
032,112025,106586
032,112025,106587
032,112025,106588
032,112025,106589
032,112025,106590
032,112025,106591
032,112025,106592
032,112025,106593
032,112025,106595
032,112025,106596
032,112025,106597
032,112025,106598
032,112025,106599
032,112025,106600
032,112025,106601
032,112025,106603
032,112025,106606
032,112025,106608
032,112025,106609
032,112025,106610
032,112025,106611
032,112025,106612
032,112025,106615
032,112025,106616
032,112025,106619
032,112025,106620
032,112025,106621
032,112025,106626
032,112025,106627
032,112025,106628
032,112025,106629
032,112025,106630
032,112025,106631
032,112025,106633
032,112025,106634
032,112025,106635
032,112025,106641
032,112025,106642
032,112025,106643
032,112025,106644
032,112025,106645
032,112025,106649
032,112025,106654
032,112025,106656
032,112025,106657
032,112025,106660
032,112025,106662
032,112025,106663
032,112025,106664
032,112025,106665
032,112025,106666
032,112025,106667
032,112025,106670
032,112025,106674
032,112025,106675
032,112025,106676
032,112025,106682
032,112025,106683
032,112025,106684
032,112025,106685
032,112025,106686
032,112025,106687
032,112025,106688
032,112025,106689
032,112025,106690
032,112025,106691
032,112025,106692
032,112025,106693
032,112025,106694
032,112025,106697
032,112025,106698
032,112025,106699
032,112025,106701
032,112025,106702
032,112025,106703
032,112025,106705
032,112025,106706
032,112025,106707
032,112025,106708
032,112025,106709
032,112025,106710
032,112025,106711
032,112025,106712
032,112025,106713
032,112025,106714
032,112025,106715
032,112025,106716
032,112025,106720
032,112025,106721
032,112025,106722
032,112025,106723
032,112025,106724
032,112025,106725
032,112025,106728
032,112025,106730
032,112025,106731
032,112025,106736
032,112025,106737
032,112025,106739
032,112025,106741
032,112025,106742
032,112025,106743
032,112025,106744
032,112025,106746
032,112025,106747
032,112025,106748
032,112025,106749
032,112025,106750
032,112025,106753
032,112025,106755
032,112025,106756
032,112025,106757
032,112025,106758
032,112025,106759
032,112025,106760
032,112025,106761
032,112025,106762
032,112025,106764
032,112025,106765
032,112025,106766
032,112025,106769
032,112025,106771
032,112025,106772
032,112025,106773
032,112025,106775
032,112025,106776
032,112025,106779
032,112025,106780
032,112025,106781
032,112025,106782
032,112025,106783
032,112025,106785
032,112025,106787
032,112025,106788
032,112025,106789
032,112025,106790
032,112025,106793
032,112025,106795
032,112025,106796
032,112025,106797
032,112025,106798
032,112025,106799
032,112025,106800
032,112025,106801
032,112025,106803
032,112025,106804
032,112025,106805
032,112025,106807
032,112025,106808
032,112025,106810
032,112025,106811
032,112025,106812
032,112025,106813
032,112025,106814
032,112025,106819
032,112025,106820
032,112025,106821
032,112025,106822
032,112025,106824
032,112025,106825
032,112025,106826
032,112025,106828
032,112025,106829
032,112025,106830
032,112025,106831
032,112025,106833
032,112025,106834
032,112025,106835
032,112025,106836
032,112025,106837
032,112025,106838
032,112025,106839
032,112025,106840
032,112025,106842
032,112025,106844
032,112025,106845
032,112025,106847
032,112025,106849
032,112025,106850
032,112025,106851
032,112025,106853
032,112025,106854
032,112025,106855
032,112025,106856
032,112025,106858
032,112025,106859
032,112025,106860
032,112025,106861
032,112025,106862
032,112025,106863
032,112025,106864
032,112025,106865
032,112025,106868
032,112025,106869
032,112025,106870
032,112025,106871
032,112025,106872
032,112025,106873
032,112025,106874
032,112025,106876
032,112025,106877
032,112025,106878
032,112025,106879
032,112025,106881
032,112025,106883
032,112025,106884
032,112025,106886
032,112025,106887
032,112025,106888
032,112025,106889
032,112025,106891
032,112025,106895
032,112025,106896
032,112025,106898
032,112025,106899
032,112025,106900
032,112025,106901
032,112025,106902
032,112025,106903
032,112025,106905
032,112025,106906
032,112025,106907
032,112025,106908
032,112025,106911
032,112025,106912
032,112025,106914
032,112025,106915
032,112025,106918
032,112025,106920
032,112025,106922
032,112025,106923
032,112025,106924
032,112025,106925
032,112025,106926
032,112025,106928
032,112025,106929
032,112025,106930
032,112025,106931
032,112025,106932
032,112025,106933
032,112025,106937
032,112025,106939
032,112025,106940
032,112025,106941
032,112025,106942
032,112025,106946
032,112025,106947
032,112025,106948
032,112025,106951
032,112025,106952
032,112025,106953
032,112025,106954
032,112025,106955
032,112025,106956
032,112025,106957
032,112025,106958
032,112025,106959
032,112025,106960
032,112025,106962
032,112025,106963
032,112025,106964
032,112025,106968
032,112025,106969
032,112025,106972
032,112025,106973
032,112025,106975
032,112025,106976
032,112025,106977
032,112025,106978
032,112025,106979
032,112025,106980
032,112025,106981
032,112025,106982
032,112025,106983
032,112025,106984
032,112025,106986
032,112025,106988
032,112025,106989
032,112025,106990
032,112025,106991
032,112025,106992
032,112025,106994
032,112025,106995
032,112025,106996
032,112025,106997
032,112025,106998
032,112025,106999
032,112025,107000
032,112025,107001
032,112025,107002
032,112025,107003
032,112025,107004
032,112025,107005
032,112025,107008
032,112025,107009
032,112025,107012
032,112025,107013
032,112025,107014
032,112025,107015
032,112025,107017
032,112025,107018
032,112025,107019
032,112025,107020
032,112025,107022
032,112025,107023
032,112025,107025
032,112025,107026
032,112025,107027
032,112025,107028
032,112025,107031
032,112025,107032
032,112025,107033
032,112025,107034
032,112025,107035
032,112025,107036
032,112025,107037
032,112025,107038
032,112025,107040
032,112025,107041
032,112025,107042
032,112025,107043
032,112025,107045
032,112025,107046
032,112025,107047
032,112025,107048
032,112025,107049
032,112025,107050
032,112025,107051
032,112025,107052
032,112025,107053
032,112025,107054
032,112025,107055
032,112025,107056
032,112025,107057
032,112025,107058
032,112025,107059
032,112025,107060
032,112025,107061
032,112025,107063
032,112025,107064
032,112025,107065
032,112025,107067
032,112025,107068
032,112025,107069
032,112025,107070
032,112025,107071
032,112025,107075
032,112025,107076
032,112025,107077
032,112025,107079
032,112025,107080
032,112025,107081
032,112025,107082
032,112025,107083
032,112025,107084
032,112025,107085
032,112025,107086
032,112025,107087
032,112025,107088
032,112025,107089
032,112025,107090
032,112025,107091
032,112025,107092
032,112025,107094
032,112025,107095
032,112025,107096
032,112025,107097
032,112025,107098
032,112025,107099
032,112025,107100
032,112025,107101
032,112025,107102
032,112025,107103
032,112025,107104
032,112025,107105
032,112025,107106
032,112025,107107
032,112025,107108
032,112025,107110
032,112025,107111
032,112025,107112
032,112025,107114
032,112025,107115
032,112025,107116
032,112025,107117
032,112025,107118
032,112025,107119
032,112025,107120
032,112025,107121
032,112025,107122
032,112025,107123
032,112025,107124
032,112025,107125
032,112025,107128
032,112025,107129
032,112025,107130
032,112025,107131
032,112025,107133
032,112025,107135
032,112025,107137
032,112025,107141
032,112025,107143
032,112025,107147
032,112025,107149
032,112025,107150
032,112025,107151
032,112025,107152
032,112025,107153
032,112025,107156
032,112025,107157
032,112025,107159
032,112025,107160
032,112025,107161
032,112025,107162
032,112025,107165
032,112025,107166
032,112025,107168
032,112025,107170
032,112025,107171
032,112025,107172
032,112025,107173
032,112025,107176
032,112025,107177
032,112025,107178
032,112025,107179
032,112025,107180
032,112025,107181
032,112025,107183
032,112025,107184
032,112025,107185
032,112025,107186
032,112025,107187
032,112025,107188
032,112025,107190
032,112025,107192
032,112025,107193
032,112025,107194
032,112025,107195
032,112025,107196
032,112025,107197
032,112025,107198
032,112025,107199
032,112025,107201
032,112025,107202
032,112025,107203
032,112025,107204
032,112025,107205
032,112025,107206
032,112025,107207
032,112025,107208
032,112025,107210
032,112025,107211
032,112025,107212
032,112025,107214
032,112025,107215
032,112025,107216
032,112025,107217
032,112025,107220
032,112025,107221
032,112025,107223
032,112025,107224
032,112025,107225
032,112025,107227
032,112025,107228
032,112025,107229
032,112025,107231
032,112025,107234
032,112025,107235
032,112025,107236
032,112025,107237
032,112025,107238
032,112025,107240
032,112025,107241
032,112025,107243
032,112025,107244
032,112025,107246
032,112025,107248
032,112025,107249
032,112025,107250
032,112025,107251
032,112025,107252
032,112025,107253
032,112025,107254
032,112025,107255
032,112025,107256
032,112025,107258
032,112025,107259
032,112025,107260
032,112025,107261
032,112025,107262
032,112025,107263
032,112025,107264
032,112025,107265
032,112025,107266
032,112025,107271
032,112025,107273
032,112025,107274
032,112025,107275
032,112025,107276
032,112025,107277
032,112025,107278
032,112025,107279
032,112025,107280
032,112025,107281
032,112025,107282
032,112025,107283
032,112025,107284
032,112025,107285
032,112025,107286
032,112025,107288
032,112025,107290
032,112025,107291
032,112025,107292
032,112025,107293
032,112025,107295
032,112025,107296
032,112025,107297
032,112025,107298
032,112025,107299
032,112025,107300
032,112025,107301
032,112025,107302
032,112025,107305
032,112025,107307
032,112025,107309
032,112025,107312
032,112025,107313
032,112025,107314
032,112025,107315
032,112025,107316
032,112025,107317
032,112025,107318
032,112025,107320
032,112025,107321
032,112025,107322
032,112025,107323
032,112025,107324
032,112025,107325
032,112025,107326
032,112025,107327
032,112025,107328
032,112025,107330
032,112025,107331
032,112025,107332
032,112025,107333
032,112025,107334
032,112025,107335
032,112025,107336
032,112025,107339
032,112025,107340
032,112025,107341
032,112025,107342
032,112025,107343
032,112025,107344
032,112025,107346
032,112025,107347
032,112025,107349
032,112025,107350
032,112025,107352
032,112025,107353
032,112025,107354
032,112025,107355
032,112025,107357
032,112025,107358
032,112025,107359
032,112025,107360
032,112025,107364
032,112025,107365
032,112025,107367
032,112025,107368
032,112025,107369
032,112025,107370
032,112025,107371
032,112025,107372
032,112025,107374
032,112025,107375
032,112025,107376
032,112025,107377
032,112025,107378
032,112025,107379
032,112025,107381
032,112025,107382
032,112025,107383
032,112025,107384
032,112025,107385
032,112025,107386
032,112025,107387
032,112025,107388
032,112025,107389
032,112025,107390
032,112025,107391
032,112025,107392
032,112025,107393
032,112025,107394
032,112025,107395
032,112025,107396
032,112025,107397
032,112025,107398
032,112025,107399
032,112025,107400
032,112025,107401
032,112025,107402
032,112025,107403
032,112025,107405
032,112025,107406
032,112025,107407
032,112025,107408
032,112025,107409
032,112025,107410
032,112025,107411
032,112025,107412
032,112025,107413
032,112025,107415
032,112025,107416
032,112025,107418
032,112025,107419
032,112025,107421
032,112025,107422
032,112025,107423
032,112025,107424
032,112025,107425
032,112025,107426
032,112025,107427
032,112025,107429
032,112025,107431
032,112025,107433
032,112025,107434
032,112025,107435
032,112025,107436
032,112025,107438
032,112025,107439
032,112025,107440
032,112025,107441
032,112025,107443
032,112025,107444
032,112025,107445
032,112025,107447
032,112025,107448
032,112025,107449
032,112025,107450
032,112025,107451
032,112025,107452
032,112025,107453
032,112025,107454
032,112025,107455
032,112025,107456
032,112025,107459
032,112025,107460
032,112025,107461
032,112025,107462
032,112025,107464
032,112025,107465
032,112025,107466
032,112025,107467
032,112025,107468
032,112025,107469
032,112025,107470
032,112025,107471
032,112025,107472
032,112025,107473
032,112025,107474
032,112025,107475
032,112025,107477
032,112025,107478
032,112025,107479
032,112025,107480
032,112025,107481
032,112025,107482
032,112025,107483
032,112025,107484
032,112025,107485
032,112025,107486
032,112025,107487
032,112025,107488
032,112025,107489
032,112025,107490
032,112025,107491
032,112025,107492
032,112025,107493
032,112025,107494
032,112025,107495
032,112025,107497
032,112025,107498
032,112025,107500
032,112025,107502
032,112025,107503
032,112025,107506
032,112025,107507
032,112025,107508
032,112025,107509
032,112025,107511
032,112025,107512
032,112025,107513
032,112025,107514
032,112025,107515
032,112025,107516
032,112025,107517
032,112025,107518
032,112025,107519
032,112025,107520
032,112025,107522
032,112025,107525
032,112025,107526
032,112025,107527
032,112025,107528
032,112025,107530
032,112025,107531
032,112025,107533
032,112025,107535
032,112025,107537
032,112025,107538
032,112025,107539
032,112025,107540
032,112025,107541
032,112025,107542
032,112025,107543
032,112025,107544
032,112025,107545
032,112025,107546
032,112025,107549
032,112025,107550
032,112025,107551
032,112025,107552
032,112025,107553
032,112025,107554
032,112025,107555
032,112025,107556
032,112025,107558
032,112025,107559
032,112025,107561
032,112025,107562
032,112025,107563
032,112025,107564
032,112025,107565
032,112025,107566
032,112025,107567
032,112025,107569
032,112025,107570
032,112025,107571
032,112025,107572
032,112025,107573
032,112025,107574
032,112025,107575
032,112025,107576
032,112025,107577
032,112025,107578
032,112025,107579
032,112025,107580
032,112025,107581
032,112025,107583
032,112025,107584
032,112025,107585
032,112025,107586
032,112025,107587
032,112025,107588
032,112025,107589
032,112025,107590
032,112025,107591
032,112025,107592
032,112025,107593
032,112025,107594
032,112025,107595
032,112025,107596
032,112025,107597
032,112025,107598
032,112025,107600
032,112025,107601
032,112025,107602
032,112025,107603
032,112025,107605
032,112025,107606
032,112025,107607
032,112025,107608
032,112025,107609
032,112025,107610
032,112025,107611
032,112025,107612
032,112025,107613
032,112025,107614
032,112025,107615
032,112025,107616
032,112025,107620
032,112025,107622
032,112025,107624
032,112025,107626
032,112025,107628
032,112025,107629
032,112025,107630
032,112025,107631
032,112025,107632
032,112025,107633
032,112025,107634
032,112025,107635
032,112025,107636
032,112025,107637
032,112025,107638
032,112025,107639
032,112025,107640
032,112025,107641
032,112025,107642
032,112025,107644
032,112025,107645
032,112025,107646
032,112025,107647
032,112025,107649
032,112025,107650
032,112025,107651
032,112025,107652
032,112025,107653
032,112025,107654
032,112025,107656
032,112025,107657
032,112025,107658
032,112025,107659
032,112025,107660
032,112025,107661
032,112025,107663
032,112025,107665
032,112025,107667
032,112025,107668
032,112025,107670
032,112025,107671
032,112025,107672
032,112025,107673
032,112025,107674
032,112025,107675
032,112025,107676
032,112025,107677
032,112025,107678
032,112025,107679
032,112025,107680
032,112025,107681
032,112025,107683
032,112025,107684
032,112025,107685
032,112025,107687
032,112025,107688
032,112025,107689
032,112025,107690
032,112025,107691
032,112025,107692
032,112025,107693
032,112025,107694
032,112025,107695
032,112025,107696
032,112025,107697
032,112025,107698
032,112025,107699
032,112025,107700
032,112025,107701
032,112025,107702
032,112025,107703
032,112025,107704
032,112025,107705
032,112025,107706
032,112025,107707
032,112025,107708
032,112025,107709
032,112025,107711
032,112025,107712
032,112025,107713
032,112025,107714
032,112025,107715
032,112025,107716
032,112025,107717
032,112025,107718
032,112025,107719
032,112025,107720
032,112025,107721
032,112025,107722
032,112025,107723
032,112025,107724
032,112025,107725
032,112025,107726
032,112025,107727
032,112025,107728
032,112025,107729
032,112025,107730
032,112025,107731
032,112025,107732
032,112025,107733
032,112025,107734
032,112025,107736
032,112025,107737
032,112025,107738
032,112025,107739
032,112025,107742
032,112025,107743
032,112025,107744
032,112025,107745
032,112025,107746
032,112025,107747
032,112025,107748
032,112025,107749
032,112025,107750
032,112025,107751
032,112025,107752
032,112025,107753
032,112025,107755
032,112025,107756
032,112025,107758
032,112025,107759
032,112025,107760
032,112025,107762
032,112025,107763
032,112025,107765
032,112025,107766
032,112025,107768
032,112025,107770
032,112025,107771
032,112025,107775
032,112025,107776
032,112025,107777
032,112025,107778
032,112025,107779
032,112025,107781
032,112025,107782
032,112025,107783
032,112025,107784
032,112025,107787
032,112025,107788
032,112025,107790
032,112025,107791
032,112025,107792
032,112025,107793
032,112025,107794
032,112025,107796
032,112025,107798
032,112025,107799
032,112025,107800
032,112025,107801
032,112025,107804
032,112025,107805
032,112025,107806
032,112025,107807
032,112025,107808
032,112025,107809
032,112025,107811
032,112025,107812
032,112025,107813
032,112025,107814
032,112025,107815
032,112025,107816
032,112025,107817
032,112025,107819
032,112025,107820
032,112025,107822
032,112025,107823
032,112025,107824
032,112025,107825
032,112025,107826
032,112025,107827
032,112025,107828
032,112025,107829
032,112025,107830
032,112025,107831
032,112025,107832
032,112025,107833
032,112025,107834
032,112025,107835
032,112025,107836
032,112025,107837
032,112025,107838
032,112025,107840
032,112025,107841
032,112025,107842
032,112025,107843
032,112025,107844
032,112025,107845
032,112025,107846
032,112025,107850
032,112025,107851
032,112025,107853
032,112025,107854
032,112025,107855
032,112025,107856
032,112025,107857
032,112025,107858
032,112025,107860
032,112025,107861
032,112025,107862
032,112025,107863
032,112025,107864
032,112025,107865
032,112025,107866
032,112025,107868
032,112025,107869
032,112025,107870
032,112025,107871
032,112025,107872
032,112025,107873
032,112025,107874
032,112025,107875
032,112025,107876
032,112025,107877
032,112025,107878
032,112025,107879
032,112025,107881
032,112025,107882
032,112025,107884
032,112025,107885
032,112025,107886
032,112025,107887
032,112025,107888
032,112025,107889
032,112025,107890
032,112025,107891
032,112025,107892
032,112025,107893
032,112025,107894
032,112025,107895
032,112025,107897
032,112025,107898
032,112025,107899
032,112025,107900
032,112025,107901
032,112025,107902
032,112025,107903
032,112025,107904
032,112025,107905
032,112025,107906
032,112025,107907
032,112025,107908
032,112025,107909
032,112025,107910
032,112025,107911
032,112025,107912
032,112025,107913
032,112025,107915
032,112025,107916
032,112025,107917
032,112025,107918
032,112025,107919
032,112025,107920
032,112025,107921
032,112025,107922
032,112025,107923
032,112025,107925
032,112025,107926
032,112025,107928
032,112025,107929
032,112025,107930
032,112025,107931
032,112025,107932
032,112025,107934
032,112025,107935
032,112025,107936
032,112025,107937
032,112025,107938
032,112025,107939
032,112025,107941
032,112025,107942
032,112025,107944
032,112025,107945
032,112025,107948
032,112025,107949
032,112025,107950
032,112025,107951
032,112025,107953
032,112025,107954
032,112025,107955
032,112025,107957
032,112025,107958
032,112025,107959
032,112025,107960
032,112025,107961
032,112025,107962
032,112025,107963
032,112025,107964
032,112025,107965
032,112025,107966
032,112025,107967
032,112025,107968
032,112025,107969
032,112025,107970
032,112025,107971
032,112025,107972
032,112025,107975
032,112025,107976
032,112025,107977
032,112025,107978
032,112025,107979
032,112025,107980
032,112025,107982
032,112025,107983
032,112025,107984
032,112025,107985
032,112025,107986
032,112025,107987
032,112025,107988
032,112025,107989
032,112025,107990
032,112025,107991
032,112025,107992
032,112025,107993
032,112025,107994
032,112025,107995
032,112025,107996
032,112025,107997
032,112025,107998
032,112025,107999
032,112025,108000
032,112025,108001
032,112025,108002
032,112025,108004
032,112025,108005
032,112025,108006
032,112025,108007
032,112025,108008
032,112025,108009
032,112025,108010
032,112025,108012
032,112025,108013
032,112025,108015
032,112025,108016
032,112025,108017
032,112025,108019
032,112025,108021
032,112025,108022
032,112025,108023
032,112025,108024
032,112025,108025
032,112025,108026
032,112025,108027
032,112025,108028
032,112025,108029
032,112025,108030
032,112025,108031
032,112025,108032
032,112025,108033
032,112025,108034
032,112025,108035
032,112025,108036
032,112025,108037
032,112025,108038
032,112025,108039
032,112025,108040
032,112025,108042
032,112025,108043
032,112025,108044
032,112025,108045
032,112025,108046
032,112025,108047
032,112025,108048
032,112025,108049
032,112025,108050
032,112025,108051
032,112025,108052
032,112025,108053
032,112025,108054
032,112025,108055
032,112025,108057
032,112025,108059
032,112025,108060
032,112025,108061
032,112025,108062
032,112025,108064
032,112025,108065
032,112025,108066
032,112025,108067
032,112025,108068
032,112025,108069
032,112025,108070
032,112025,108071
032,112025,108072
032,112025,108073
032,112025,108074
032,112025,108075
032,112025,108076
032,112025,108077
032,112025,108078
032,112025,108079
032,112025,108080
032,112025,108081
032,112025,108082
032,112025,108083
032,112025,108084
032,112025,108086
032,112025,108088
032,112025,108089
032,112025,108091
032,112025,108092
032,112025,108093
032,112025,108094
032,112025,108095
032,112025,108096
032,112025,108097
032,112025,108098
032,112025,108099
032,112025,108100
032,112025,108101
032,112025,108102
032,112025,108103
032,112025,108104
032,112025,108105
032,112025,108106
032,112025,108107
032,112025,108108
032,112025,108110
032,112025,108111
032,112025,108112
032,112025,108115
032,112025,108116
032,112025,108117
032,112025,108119
032,112025,108120
032,112025,108121
032,112025,108122
032,112025,108123
032,112025,108124
032,112025,108127
032,112025,108128
032,112025,108129
032,112025,108130
032,112025,108131
032,112025,108132
032,112025,108133
032,112025,108134
032,112025,108135
032,112025,108137
032,112025,108138
032,112025,108139
032,112025,108140
032,112025,108141
032,112025,108142
032,112025,108143
032,112025,108144
032,112025,108145
032,112025,108146
032,112025,108148
032,112025,108149
032,112025,108151
032,112025,108152
032,112025,108153
032,112025,108154
032,112025,108155
032,112025,108156
032,112025,108157
032,112025,108160
032,112025,108161
032,112025,108163
032,112025,108164
032,112025,108165
032,112025,108166
032,112025,108167
032,112025,108168
032,112025,108170
032,112025,108171
032,112025,108172
032,112025,108173
032,112025,108176
032,112025,108177
032,112025,108179
032,112025,108180
032,112025,108181
032,112025,108182
032,112025,108184
032,112025,108186
032,112025,108187
032,112025,108188
032,112025,108189
032,112025,108190
032,112025,108191
032,112025,108192
032,112025,108193
032,112025,108194
032,112025,108196
032,112025,108197
032,112025,108198
032,112025,108199
032,112025,108200
032,112025,108203
032,112025,108204
032,112025,108205
032,112025,108206
032,112025,108207
032,112025,108208
032,112025,108211
032,112025,108212
032,112025,108213
032,112025,108214
032,112025,108215
032,112025,108216
032,112025,108217
032,112025,108218
032,112025,108220
032,112025,108222
032,112025,108223
032,112025,108224
032,112025,108225
032,112025,108226
032,112025,108227
032,112025,108228
032,112025,108230
032,112025,108231
032,112025,108232
032,112025,108234
032,112025,108235
032,112025,108236
032,112025,108238
032,112025,108239
032,112025,108240
032,112025,108243
032,112025,108244
032,112025,108246
032,112025,108247
032,112025,108248
032,112025,108249
032,112025,108250
032,112025,108251
032,112025,108253
032,112025,108254
032,112025,108255
032,112025,108256
032,112025,108258
032,112025,108259
032,112025,108260
032,112025,108261
032,112025,108262
032,112025,108265
032,112025,108266
032,112025,108267
032,112025,108268
032,112025,108269
032,112025,108272
032,112025,108275
032,112025,108276
032,112025,108277
032,112025,108278
032,112025,108280
032,112025,108281
032,112025,108282
032,112025,108283
032,112025,108284
032,112025,108285
032,112025,108287
032,112025,108288
032,112025,108290
032,112025,108291
032,112025,108292
032,112025,108295
032,112025,108296
032,112025,108297
032,112025,108298
032,112025,108300
032,112025,108301
032,112025,108302
032,112025,108303
032,112025,108304
032,112025,108307
032,112025,108308
032,112025,108309
032,112025,108310
032,112025,108311
032,112025,108312
032,112025,108314
032,112025,108316
032,112025,108317
032,112025,108318
032,112025,108321
032,112025,108322
032,112025,108323
032,112025,108324
032,112025,108325
032,112025,108326
032,112025,108327
032,112025,108328
032,112025,108329
032,112025,108330
032,112025,108331
032,112025,108332
032,112025,108333
032,112025,108334
032,112025,108335
032,112025,108336
032,112025,108337
032,112025,108339
032,112025,108340
032,112025,108341
032,112025,108342
032,112025,108343
032,112025,108344
032,112025,108345
032,112025,108347
032,112025,108348
032,112025,108349
032,112025,108351
032,112025,108353
032,112025,108354
032,112025,108357
032,112025,108358
032,112025,108359
032,112025,108360
032,112025,108361
032,112025,108362
032,112025,108363
032,112025,108364
032,112025,108367
032,112025,108368
032,112025,108369
032,112025,108371
032,112025,108372
032,112025,108373
032,112025,108374
032,112025,108375
032,112025,108376
032,112025,108377
032,112025,108378
032,112025,108380
032,112025,108381
032,112025,108382
032,112025,108383
032,112025,108384
032,112025,108385
032,112025,108386
032,112025,108387
032,112025,108388
032,112025,108389
032,112025,108390
032,112025,108391
032,112025,108392
032,112025,108393
032,112025,108394
032,112025,108395
032,112025,108396
032,112025,108398
032,112025,108399
032,112025,108400
032,112025,108401
032,112025,108404
032,112025,108406
032,112025,108407
032,112025,108408
032,112025,108409
032,112025,108410
032,112025,108411
032,112025,108412
032,112025,108413
032,112025,108415
032,112025,108416
032,112025,108417
032,112025,108418
032,112025,108419
032,112025,108420
032,112025,108421
032,112025,108422
032,112025,108423
032,112025,108424
032,112025,108425
032,112025,108426
032,112025,108427
032,112025,108428
032,112025,108429
032,112025,108430
032,112025,108431
032,112025,108432
032,112025,108433
032,112025,108434
032,112025,108435
032,112025,108436
032,112025,108437
032,112025,108438
032,112025,108439
032,112025,108440
032,112025,108441
032,112025,108442
032,112025,108443
032,112025,108444
032,112025,108446
032,112025,108447
032,112025,108450
032,112025,108451
032,112025,108452
032,112025,108453
032,112025,108454
032,112025,108455
032,112025,108456
032,112025,108457
032,112025,108458
032,112025,108459
032,112025,108460
032,112025,108461
032,112025,108462
032,112025,108463
032,112025,108464
032,112025,108465
032,112025,108466
032,112025,108467
032,112025,108468
032,112025,108469
032,112025,108470
032,112025,108471
032,112025,108472
032,112025,108473
032,112025,108474
032,112025,108475
032,112025,108476
032,112025,108478
032,112025,108479
032,112025,108480
032,112025,108481
032,112025,108482
032,112025,108483
032,112025,108484
032,112025,108485
032,112025,108486
032,112025,108487
032,112025,108489
032,112025,108490
032,112025,108491
032,112025,108493
032,112025,108494
032,112025,108495
032,112025,108496
032,112025,108497
032,112025,108498
032,112025,108499
032,112025,108501
032,112025,108502
032,112025,108503
032,112025,108504
032,112025,108505
032,112025,108506
032,112025,108507
032,112025,108508
032,112025,108509
032,112025,108511
032,112025,108512
032,112025,108513
032,112025,108514
032,112025,108515
032,112025,108516
032,112025,108518
032,112025,108519
032,112025,108520
032,112025,108521
032,112025,108522
032,112025,108523
032,112025,108524
032,112025,108525
032,112025,108526
032,112025,108527
032,112025,108528
032,112025,108529
032,112025,108530
032,112025,108531
032,112025,108532
032,112025,108533
032,112025,108535
032,112025,108536
032,112025,108538
032,112025,108539
032,112025,108540
032,112025,108541
032,112025,108542
032,112025,108543
032,112025,108544
032,112025,108545
032,112025,108546
032,112025,108547
032,112025,108548
032,112025,108549
032,112025,108550
032,112025,108551
032,112025,108552
032,112025,108553
032,112025,108554
032,112025,108555
032,112025,108556
032,112025,108557
032,112025,108558
032,112025,108559
032,112025,108560
032,112025,108561
032,112025,108563
032,112025,108564
032,112025,108566
032,112025,108569
032,112025,108570
032,112025,108571
032,112025,108572
032,112025,108573
032,112025,108574
032,112025,108575
032,112025,108576
032,112025,108577
032,112025,108578
032,112025,108579
032,112025,108580
032,112025,108581
032,112025,108582
032,112025,108583
032,112025,108584
032,112025,108585
032,112025,108586
032,112025,108587
032,112025,108588
032,112025,108590
032,112025,108591
032,112025,108592
032,112025,108593
032,112025,108594
032,112025,108595
032,112025,108596
032,112025,108597
032,112025,108598
032,112025,108599
032,112025,108600
032,112025,108601
032,112025,108602
032,112025,108603
032,112025,108604
032,112025,108605
032,112025,108606
032,112025,108607
032,112025,108608
032,112025,108609
032,112025,108610
032,112025,108611
032,112025,108612
032,112025,108613
032,112025,108615
032,112025,108616
032,112025,108620
032,112025,108621
032,112025,108622
032,112025,108623
032,112025,108624
032,112025,108625
032,112025,108626
032,112025,108627
032,112025,108628
032,112025,108630
032,112025,108633
032,112025,108634
032,112025,108635
032,112025,108636
032,112025,108638
032,112025,108639
032,112025,108640
032,112025,108644
032,112025,108646
032,112025,108647
032,112025,108648
032,112025,108649
032,112025,108650
032,112025,108651
032,112025,108656
032,112025,108657
032,112025,108658
032,112025,108659
032,112025,108661
032,112025,108662
032,112025,108665
032,112025,108666
032,112025,108667
032,112025,108668
032,112025,108669
032,112025,108670
032,112025,108671
032,112025,108672
032,112025,108673
032,112025,108675
032,112025,108676
032,112025,108678
032,112025,108679
032,112025,108680
032,112025,108681
032,112025,108683
032,112025,108684
032,112025,108685
032,112025,108686
032,112025,108687
032,112025,108689
032,112025,108690
032,112025,108691
032,112025,108692
032,112025,108694
032,112025,108695
032,112025,108696
032,112025,108698
032,112025,108699
032,112025,108700
032,112025,108701
032,112025,108702
032,112025,108704
032,112025,108705
032,112025,108706
032,112025,108707
032,112025,108708
032,112025,108711
032,112025,108712
032,112025,108714
032,112025,108715
032,112025,108716
032,112025,108718
032,112025,108721
032,112025,108722
032,112025,108723
032,112025,108724
032,112025,108725
032,112025,108727
032,112025,108730
032,112025,108731
032,112025,108733
032,112025,108734
032,112025,108735
032,112025,108736
032,112025,108737
032,112025,108738
032,112025,108739
032,112025,108741
032,112025,108742
032,112025,108743
032,112025,108745
032,112025,108747
032,112025,108748
032,112025,108749
032,112025,108750
032,112025,108751
032,112025,108752
032,112025,108754
032,112025,108755
032,112025,108756
032,112025,108757
032,112025,108758
032,112025,108759
032,112025,108760
032,112025,108762
032,112025,108763
032,112025,108764
032,112025,108765
032,112025,108766
032,112025,108767
032,112025,108768
032,112025,108769
032,112025,108770
032,112025,108771
032,112025,108772
032,112025,108774
032,112025,108776
032,112025,108777
032,112025,108778
032,112025,108779
032,112025,108780
032,112025,108781
032,112025,108782
032,112025,108783
032,112025,108785
032,112025,108786
032,112025,108787
032,112025,108788
032,112025,108789
032,112025,108790
032,112025,108791
032,112025,108792
032,112025,108793
032,112025,108794
032,112025,108796
032,112025,108797
032,112025,108798
032,112025,108799
032,112025,108801
032,112025,108802
032,112025,108803
032,112025,108804
032,112025,108806
032,112025,108807
032,112025,108809
032,112025,108811
032,112025,108812
032,112025,108813
032,112025,108814
032,112025,108815
032,112025,108816
032,112025,108817
032,112025,108818
032,112025,108819
032,112025,108820
032,112025,108821
032,112025,108822
032,112025,108823
032,112025,108824
032,112025,108825
032,112025,108826
032,112025,108827
032,112025,108828
032,112025,108829
032,112025,108830
032,112025,108832
032,112025,108833
032,112025,108834
032,112025,108835
032,112025,108836
032,112025,108838
032,112025,108839
032,112025,108840
032,112025,108841
032,112025,108843
032,112025,108845
032,112025,108846
032,112025,108847
032,112025,108849
032,112025,108850
032,112025,108852
032,112025,108854
032,112025,108855
032,112025,108856
032,112025,108857
032,112025,108859
032,112025,108860
032,112025,108861
032,112025,108862
032,112025,108864
032,112025,108865
032,112025,108866
032,112025,108867
032,112025,108870
032,112025,108871
032,112025,108872
032,112025,108873
032,112025,108874
032,112025,108875
032,112025,108876
032,112025,108878
032,112025,108879
032,112025,108880
032,112025,108881
032,112025,108882
032,112025,108883
032,112025,108884
032,112025,108886
032,112025,108887
032,112025,108889
032,112025,108890
032,112025,108891
032,112025,108892
032,112025,108893
032,112025,108894
032,112025,108895
032,112025,108896
032,112025,108898
032,112025,108899
032,112025,108900
032,112025,108901
032,112025,108903
032,112025,108904
032,112025,108905
032,112025,108906
032,112025,108907
032,112025,108908
032,112025,108909
032,112025,108912
032,112025,108913
032,112025,108914
032,112025,108915
032,112025,108916
032,112025,108917
032,112025,108919
032,112025,108920
032,112025,108921
032,112025,108922
032,112025,108923
032,112025,108924
032,112025,108925
032,112025,108926
032,112025,108927
032,112025,108928
032,112025,108929
032,112025,108930
032,112025,108931
032,112025,108932
032,112025,108933
032,112025,108934
032,112025,108935
032,112025,108936
032,112025,108937
032,112025,108939
032,112025,108941
032,112025,108942
032,112025,108943
032,112025,108944
032,112025,108946
032,112025,108949
032,112025,108950
032,112025,108951
032,112025,108952
032,112025,108953
032,112025,108954
032,112025,108955
032,112025,108957
032,112025,108958
032,112025,108959
032,112025,108960
032,112025,108961
032,112025,108962
032,112025,108963
032,112025,108964
032,112025,108965
032,112025,108966
032,112025,108967
032,112025,108968
032,112025,108969
032,112025,108970
032,112025,108972
032,112025,108973
032,112025,108974
032,112025,108975
032,112025,108976
032,112025,108977
032,112025,108978
032,112025,108979
032,112025,108980
032,112025,108981
032,112025,108982
032,112025,108983
032,112025,108984
032,112025,108985
032,112025,108986
032,112025,108987
032,112025,108989
032,112025,108990
032,112025,108991
032,112025,108992
032,112025,108993
032,112025,108994
032,112025,108995
032,112025,108996
032,112025,108997
032,112025,108998
032,112025,108999
032,112025,109000
032,112025,109001
032,112025,109002
032,112025,109003
032,112025,109004
032,112025,109005
032,112025,109007
032,112025,109008
032,112025,109009
032,112025,109010
032,112025,109011
032,112025,109012
032,112025,109013
032,112025,109017
032,112025,109018
032,112025,109020
032,112025,109021
032,112025,109022
032,112025,109023
032,112025,109024
032,112025,109025
032,112025,109026
032,112025,109028
032,112025,109029
032,112025,109030
032,112025,109031
032,112025,109032
032,112025,109033
032,112025,109034
032,112025,109035
032,112025,109036
032,112025,109037
032,112025,109038
032,112025,109039
032,112025,109040
032,112025,109041
032,112025,109042
032,112025,109043
032,112025,109044
032,112025,109045
032,112025,109046
032,112025,109047
032,112025,109051
032,112025,109052
032,112025,109053
032,112025,109054
032,112025,109055
032,112025,109056
032,112025,109058
032,112025,109059
032,112025,109061
032,112025,109062
032,112025,109063
032,112025,109064
032,112025,109065
032,112025,109066
032,112025,109067
032,112025,109068
032,112025,109069
032,112025,109070
032,112025,109072
032,112025,109073
032,112025,109074
032,112025,109076
032,112025,109077
032,112025,109078
032,112025,109079
032,112025,109080
032,112025,109081
032,112025,109082
032,112025,109084
032,112025,109085
032,112025,109086
032,112025,109087
032,112025,109088
032,112025,109091
032,112025,109092
032,112025,109093
032,112025,109094
032,112025,109096
032,112025,109097
032,112025,109098
032,112025,109099
032,112025,109100
032,112025,109102
032,112025,109103
032,112025,109104
032,112025,109105
032,112025,109106
032,112025,109107
032,112025,109108
032,112025,109109
032,112025,109110
032,112025,109111
032,112025,109112
032,112025,109113
032,112025,109114
032,112025,109115
032,112025,109117
032,112025,109118
032,112025,109120
032,112025,109121
032,112025,109122
032,112025,109123
032,112025,109124
032,112025,109125
032,112025,109126
032,112025,109127
032,112025,109128
032,112025,109129
032,112025,109131
032,112025,109132
032,112025,109133
032,112025,109134
032,112025,109135
032,112025,109136
032,112025,109137
032,112025,109138
032,112025,109139
032,112025,109140
032,112025,109141
032,112025,109142
032,112025,109143
032,112025,109144
032,112025,109145
032,112025,109146
032,112025,109147
032,112025,109149
032,112025,109150
032,112025,109151
032,112025,109152
032,112025,109155
032,112025,109156
032,112025,109157
032,112025,109158
032,112025,109159
032,112025,109160
032,112025,109162
032,112025,109163
032,112025,109164
032,112025,109165
032,112025,109166
032,112025,109168
032,112025,109169
032,112025,109170
032,112025,109171
032,112025,109173
032,112025,109174
032,112025,109176
032,112025,109177
032,112025,109179
032,112025,109180
032,112025,109182
032,112025,109183
032,112025,109184
032,112025,109185
032,112025,109186
032,112025,109187
032,112025,109190
032,112025,109191
032,112025,109192
032,112025,109193
032,112025,109194
032,112025,109196
032,112025,109197
032,112025,109198
032,112025,109199
032,112025,109200
032,112025,109201
032,112025,109202
032,112025,109203
032,112025,109204
032,112025,109205
032,112025,109206
032,112025,109207
032,112025,109209
032,112025,109210
032,112025,109212
032,112025,109213
032,112025,109214
032,112025,109215
032,112025,109216
032,112025,109217
032,112025,109218
032,112025,109219
032,112025,109220
032,112025,109221
032,112025,109222
032,112025,109223
032,112025,109224
032,112025,109225
032,112025,109226
032,112025,109229
032,112025,109230
032,112025,109232
032,112025,109233
032,112025,109235
032,112025,109236
032,112025,109237
032,112025,109239
032,112025,109241
032,112025,109242
032,112025,109245
032,112025,109246
032,112025,109247
032,112025,109249
032,112025,109252
032,112025,109253
032,112025,109254
032,112025,109255
032,112025,109257
032,112025,109258
032,112025,109259
032,112025,109260
032,112025,109261
032,112025,109262
032,112025,109263
032,112025,109264
032,112025,109265
032,112025,109266
032,112025,109267
032,112025,109268
032,112025,109270
032,112025,109272
032,112025,109275
032,112025,109276
032,112025,109277
032,112025,109279
032,112025,109281
032,112025,109282
032,112025,109283
032,112025,109284
032,112025,109285
032,112025,109286
032,112025,109287
032,112025,109288
032,112025,109289
032,112025,109291
032,112025,109292
032,112025,109293
032,112025,109295
032,112025,109296
032,112025,109298
032,112025,109299
032,112025,109300
032,112025,109301
032,112025,109302
032,112025,109303
032,112025,109305
032,112025,109308
032,112025,109309
032,112025,109310
032,112025,109315
032,112025,109316
032,112025,109318
032,112025,109320
032,112025,109321
032,112025,109322
032,112025,109324
032,112025,109325
032,112025,109326
032,112025,109328
032,112025,109329
032,112025,109330
032,112025,109332
032,112025,109336
032,112025,109338
032,112025,109340
032,112025,109341
032,112025,109343
032,112025,109346
032,112025,109348
032,112025,109350
032,112025,109351
032,112025,109352
032,112025,109353
032,112025,109354
032,112025,109355
032,112025,109356
032,112025,109358
032,112025,109359
032,112025,109360
032,112025,109361
032,112025,109362
032,112025,109363
032,112025,109365
032,112025,109366
032,112025,109367
032,112025,109368
032,112025,109370
032,112025,109371
032,112025,109372
032,112025,109373
032,112025,109374
032,112025,109375
032,112025,109376
032,112025,109377
032,112025,109378
032,112025,109382
032,112025,109383
032,112025,109386
032,112025,109387
032,112025,109388
032,112025,109389
032,112025,109392
032,112025,109393
032,112025,109394
032,112025,109396
032,112025,109397
032,112025,109402
032,112025,109403
032,112025,109404
032,112025,109405
032,112025,109406
032,112025,109407
032,112025,109408
032,112025,109409
032,112025,109410
032,112025,109411
032,112025,109412
032,112025,109413
032,112025,109414
032,112025,109415
032,112025,109416
032,112025,109417
032,112025,109418
032,112025,109419
032,112025,109420
032,112025,109421
032,112025,109423
032,112025,109424
032,112025,109425
032,112025,109426
032,112025,109427
032,112025,109428
032,112025,109429
032,112025,109430
032,112025,109431
032,112025,109433
032,112025,109435
032,112025,109436
032,112025,109437
032,112025,109438
032,112025,109440
032,112025,109441
032,112025,109442
032,112025,109443
032,112025,109444
032,112025,109445
032,112025,109446
032,112025,109448
032,112025,109449
032,112025,109450
032,112025,109451
032,112025,109452
032,112025,109453
032,112025,109454
032,112025,109456
032,112025,109457
032,112025,109458
032,112025,109459
032,112025,109460
032,112025,109462
032,112025,109463
032,112025,109464
032,112025,109465
032,112025,109466
032,112025,109467
032,112025,109468
032,112025,109469
032,112025,109470
032,112025,109471
032,112025,109472
032,112025,109473
032,112025,109474
032,112025,109475
032,112025,109478
032,112025,109479
032,112025,109480
032,112025,109481
032,112025,109482
032,112025,109485
032,112025,109487
032,112025,109488
032,112025,109489
032,112025,109490
032,112025,109491
032,112025,109492
032,112025,109495
032,112025,109497
032,112025,109498
032,112025,109499
032,112025,109502
032,112025,109504
032,112025,109507
032,112025,109508
032,112025,109509
032,112025,109511
032,112025,109513
032,112025,109516
032,112025,109517
032,112025,109518
032,112025,109519
032,112025,109520
032,112025,109523
032,112025,109524
032,112025,109525
032,112025,109526
032,112025,109527
032,112025,109528
032,112025,109529
032,112025,109530
032,112025,109531
032,112025,109533
032,112025,109536
032,112025,109537
032,112025,109538
032,112025,109539
032,112025,109544
032,112025,109545
032,112025,109546
032,112025,109548
032,112025,109549
032,112025,109551
032,112025,109553
032,112025,109554
032,112025,109555
032,112025,109556
032,112025,109557
032,112025,109558
032,112025,109561
032,112025,109562
032,112025,109563
032,112025,109565
032,112025,109566
032,112025,109567
032,112025,109568
032,112025,109569
032,112025,109570
032,112025,109571
032,112025,109573
032,112025,109574
032,112025,109575
032,112025,109576
032,112025,109577
032,112025,109578
032,112025,109579
032,112025,109580
032,112025,109581
032,112025,109582
032,112025,109583
032,112025,109584
032,112025,109585
032,112025,109586
032,112025,109587
032,112025,109589
032,112025,109590
032,112025,109591
032,112025,109592
032,112025,109593
032,112025,109595
032,112025,109596
032,112025,109597
032,112025,109598
032,112025,109599
032,112025,109600
032,112025,109601
032,112025,109604
032,112025,109607
032,112025,109608
032,112025,109609
032,112025,109610
032,112025,109611
032,112025,109612
032,112025,109613
032,112025,109614
032,112025,109615
032,112025,109618
032,112025,109619
032,112025,109620
032,112025,109621
032,112025,109622
032,112025,109623
032,112025,109624
032,112025,109625
032,112025,109628
032,112025,109629
032,112025,109630
032,112025,109631
032,112025,109632
032,112025,109633
032,112025,109634
032,112025,109635
032,112025,109637
032,112025,109638
032,112025,109639
032,112025,109640
032,112025,109641
032,112025,109642
032,112025,109643
032,112025,109646
032,112025,109647
032,112025,109648
032,112025,109649
032,112025,109651
032,112025,109652
032,112025,109653
032,112025,109654
032,112025,109655
032,112025,109656
032,112025,109657
032,112025,109658
032,112025,109659
032,112025,109660
032,112025,109662
032,112025,109666
032,112025,109667
032,112025,109669
032,112025,109674
032,112025,109675
032,112025,109676
032,112025,109677
032,112025,109678
032,112025,109679
032,112025,109681
032,112025,109682
032,112025,109683
032,112025,109685
032,112025,109687
032,112025,109688
032,112025,109689
032,112025,109691
032,112025,109692
032,112025,109693
032,112025,109694
032,112025,109695
032,112025,109696
032,112025,109698
032,112025,109699
032,112025,109700
032,112025,109702
032,112025,109703
032,112025,109705
032,112025,109706
032,112025,109707
032,112025,109708
032,112025,109709
032,112025,109711
032,112025,109712
032,112025,109713
032,112025,109714
032,112025,109715
032,112025,109716
032,112025,109717
032,112025,109718
032,112025,109719
032,112025,109720
032,112025,109721
032,112025,109722
032,112025,109723
032,112025,109724
032,112025,109725
032,112025,109728
032,112025,109730
032,112025,109731
032,112025,109733
032,112025,109734
032,112025,109735
032,112025,109736
032,112025,109737
032,112025,109738
032,112025,109739
032,112025,109740
032,112025,109741
032,112025,109742
032,112025,109744
032,112025,109745
032,112025,109746
032,112025,109747
032,112025,109748
032,112025,109751
032,112025,109753
032,112025,109755
032,112025,109756
032,112025,109757
032,112025,109758
032,112025,109759
032,112025,109760
032,112025,109761
032,112025,109762
032,112025,109763
032,112025,109768
032,112025,109769
032,112025,109771
032,112025,109772
032,112025,109773
032,112025,109774
032,112025,109775
032,112025,109776
032,112025,109777
032,112025,109778
032,112025,109780
032,112025,109781
032,112025,109782
032,112025,109784
032,112025,109785
032,112025,109786
032,112025,109787
032,112025,109788
032,112025,109789
032,112025,109790
032,112025,109791
032,112025,109792
032,112025,109793
032,112025,109794
032,112025,109795
032,112025,109796
032,112025,109797
032,112025,109798
032,112025,109800
032,112025,109801
032,112025,109802
032,112025,109805
032,112025,109806
032,112025,109807
032,112025,109809
032,112025,109810
032,112025,109811
032,112025,109813
032,112025,109814
032,112025,109816
032,112025,109822
032,112025,109824
032,112025,109832
032,112025,109842
032,112025,109843
032,112025,109844
032,112025,109846
032,112025,109847
032,112025,109848
032,112025,109849
032,112025,109850
032,112025,109851
032,112025,109852
032,112025,109855
032,112025,109856
032,112025,109857
032,112025,109859
032,112025,109861
032,112025,109862
032,112025,109863
032,112025,109864
032,112025,109865
032,112025,109866
032,112025,109867
032,112025,109870
032,112025,109871
032,112025,109873
032,112025,109874
032,112025,109875
032,112025,109877
032,112025,109879
032,112025,109880
032,112025,109881
032,112025,109882
032,112025,109883
032,112025,109884
032,112025,109885
032,112025,109886
032,112025,109887
032,112025,109888
032,112025,109889
032,112025,109890
032,112025,109891
032,112025,109892
032,112025,109893
032,112025,109894
032,112025,109895
032,112025,109896
032,112025,109897
032,112025,109898
032,112025,109899
032,112025,109900
032,112025,109904
032,112025,109909
032,112025,109930
032,112025,109950
032,112025,109951
032,112025,109961
032,112025,109962
032,112025,109977
032,112025,109979
032,112025,109992
032,112025,109996
032,112025,109997
032,112025,110000
032,112025,110001
032,112025,110003
032,112025,110004
032,112025,110005
032,112025,110006
032,112025,110007
032,112025,110008
032,112025,110009
032,112025,110011
032,112025,110012
032,112025,110013
032,112025,110014
032,112025,110015
032,112025,110016
032,112025,110018
032,112025,110019
032,112025,110021
032,112025,110022
032,112025,110023
032,112025,110024
032,112025,110025
032,112025,110027
032,112025,110029
032,112025,110035
032,112025,110036
032,112025,110037
032,112025,110038
032,112025,110039
032,112025,110040
032,112025,110041
032,112025,110042
032,112025,110043
032,112025,110046
032,112025,110047
032,112025,110048
032,112025,110049
032,112025,110050
032,112025,110055
032,112025,110058
032,112025,110060
032,112025,110061
032,112025,110063
032,112025,110064
032,112025,110065
032,112025,110066
032,112025,110071
032,112025,110072
032,112025,110073
032,112025,110075
032,112025,110076
032,112025,110077
032,112025,110079
032,112025,110080
032,112025,110082
032,112025,110086
032,112025,110087
032,112025,110090
032,112025,110091
032,112025,110092
032,112025,110094
032,112025,110096
032,112025,110097
032,112025,110098
032,112025,110100
032,112025,110101
032,112025,110102
032,112025,110103
032,112025,110104
032,112025,110105
032,112025,110106
032,112025,110107
032,112025,110110
032,112025,110114
032,112025,110115
032,112025,110120
032,112025,110121
032,112025,110124
032,112025,110125
032,112025,110126
032,112025,110127
032,112025,110128
032,112025,110129
032,112025,110130
032,112025,110131
032,112025,110132
032,112025,110133
032,112025,110134
032,112025,110135
032,112025,110136
032,112025,110141
032,112025,110142
032,112025,110143
032,112025,110144
032,112025,110145
032,112025,110147
032,112025,110149
032,112025,110150
032,112025,110153
032,112025,110154
032,112025,110155
032,112025,110156
032,112025,110157
032,112025,110158
032,112025,110160
032,112025,110163
032,112025,110165
032,112025,110166
032,112025,110167
032,112025,110168
032,112025,110169
032,112025,110170
032,112025,110171
032,112025,110172
032,112025,110173
032,112025,110174
032,112025,110175
032,112025,110177
032,112025,110178
032,112025,110179
032,112025,110182
032,112025,110183
032,112025,110184
032,112025,110185
032,112025,110186
032,112025,110189
032,112025,110190
032,112025,110191
032,112025,110192
032,112025,110193
032,112025,110194
032,112025,110195
032,112025,110196
032,112025,110197
032,112025,110198
032,112025,110199
032,112025,110200
032,112025,110202
032,112025,110203
032,112025,110204
032,112025,110205
032,112025,110206
032,112025,110207
032,112025,110208
032,112025,110209
032,112025,110210
032,112025,110211
032,112025,110212
032,112025,110213
032,112025,110214
032,112025,110215
032,112025,110216
032,112025,110217
032,112025,110218
032,112025,110220
032,112025,110221
032,112025,110222
032,112025,110223
032,112025,110224
032,112025,110225
032,112025,110226
032,112025,110227
032,112025,110228
032,112025,110229
032,112025,110230
032,112025,110231
032,112025,110232
032,112025,110233
032,112025,110236
032,112025,110237
032,112025,110238
032,112025,110239
032,112025,110240
032,112025,110241
032,112025,110242
032,112025,110243
032,112025,110245
032,112025,110246
032,112025,110248
032,112025,110250
032,112025,110251
032,112025,110252
032,112025,110253
032,112025,110255
032,112025,110256
032,112025,110257
032,112025,110258
032,112025,110259
032,112025,110260
032,112025,110261
032,112025,110262
032,112025,110263
032,112025,110264
032,112025,110265
032,112025,110267
032,112025,110268
032,112025,110269
032,112025,110270
032,112025,110271
032,112025,110272
032,112025,110273
032,112025,110274
032,112025,110276
032,112025,110277
032,112025,110278
032,112025,110279
032,112025,110280
032,112025,110281
032,112025,110282
032,112025,110283
032,112025,110284
032,112025,110286
032,112025,110287
032,112025,110288
032,112025,110289
032,112025,110291
032,112025,110292
032,112025,110295
032,112025,110297
032,112025,110298
032,112025,110299
032,112025,110301
032,112025,110310
032,112025,110318
032,112025,110322
032,112025,110323
032,112025,110325
032,112025,110332
032,112025,110333
032,112025,110334
032,112025,110335
032,112025,110336
032,112025,110337
032,112025,110338
032,112025,110339
032,112025,110342
032,112025,110343
032,112025,110347
032,112025,110348
032,112025,110349
032,112025,110350
032,112025,110353
032,112025,110355
032,112025,110356
032,112025,110357
032,112025,110358
032,112025,110359
032,112025,110360
032,112025,110361
032,112025,110363
032,112025,110365
032,112025,110367
032,112025,110369
032,112025,110370
032,112025,110371
032,112025,110372
032,112025,110373
032,112025,110374
032,112025,110376
032,112025,110377
032,112025,110378
032,112025,110380
032,112025,110381
032,112025,110382
032,112025,110383
032,112025,110384
032,112025,110387
032,112025,110388
032,112025,110389
032,112025,110390
032,112025,110391
032,112025,110393
032,112025,110394
032,112025,110395
032,112025,110396
032,112025,110397
032,112025,110398
032,112025,110399
032,112025,110400
032,112025,110401
032,112025,110402
032,112025,110403
032,112025,110406
032,112025,110409
032,112025,110413
032,112025,110414
032,112025,110415
032,112025,110416
032,112025,110422
032,112025,110423
032,112025,110426
032,112025,110427
032,112025,110428
032,112025,110429
032,112025,110430
032,112025,110431
032,112025,110432
032,112025,110433
032,112025,110434
032,112025,110435
032,112025,110436
032,112025,110437
032,112025,110441
032,112025,110442
032,112025,110443
032,112025,110444
032,112025,110445
032,112025,110446
032,112025,110447
032,112025,110448
032,112025,110449
032,112025,110450
032,112025,110451
032,112025,110454
032,112025,110455
032,112025,110456
032,112025,110457
032,112025,110458
032,112025,110461
032,112025,110462
032,112025,110463
032,112025,110466
032,112025,110467
032,112025,110468
032,112025,110469
032,112025,110470
032,112025,110472
032,112025,110474
032,112025,110475
032,112025,110477
032,112025,110478
032,112025,110483
032,112025,110484
032,112025,110485
032,112025,110486
032,112025,110487
032,112025,110488
032,112025,110490
032,112025,110491
032,112025,110492
032,112025,110493
032,112025,110494
032,112025,110499
032,112025,110504
032,112025,110506
032,112025,110508
032,112025,110511
032,112025,110512
032,112025,110516
032,112025,110517
032,112025,110520
032,112025,110521
032,112025,110522
032,112025,110523
032,112025,110524
032,112025,110525
032,112025,110527
032,112025,110528
032,112025,110529
032,112025,110530
032,112025,110531
032,112025,110532
032,112025,110534
032,112025,110536
032,112025,110538
032,112025,110539
032,112025,110540
032,112025,110541
032,112025,110543
032,112025,110544
032,112025,110545
032,112025,110547
032,112025,110548
032,112025,110549
032,112025,110550
032,112025,110551
032,112025,110557
032,112025,110558
032,112025,110559
032,112025,110560
032,112025,110562
032,112025,110563
032,112025,110564
032,112025,110569
032,112025,110570
032,112025,110571
032,112025,110572
032,112025,110573
032,112025,110574
032,112025,110575
032,112025,110576
032,112025,110577
032,112025,110578
032,112025,110580
032,112025,110582
032,112025,110583
032,112025,110584
032,112025,110585
032,112025,110589
032,112025,110590
032,112025,110591
032,112025,110592
032,112025,110593
032,112025,110596
032,112025,110597
032,112025,110599
032,112025,110602
032,112025,110603
032,112025,110605
032,112025,110607
032,112025,110608
032,112025,110609
032,112025,110610
032,112025,110612
032,112025,110613
032,112025,110614
032,112025,110615
032,112025,110620
032,112025,110621
032,112025,110624
032,112025,110626
032,112025,110627
032,112025,110628
032,112025,110629
032,112025,110631
032,112025,110635
032,112025,110636
032,112025,110637
032,112025,110638
032,112025,110639
032,112025,110640
032,112025,110642
032,112025,110643
032,112025,110644
032,112025,110645
032,112025,110648
032,112025,110649
032,112025,110650
032,112025,110651
032,112025,110652
032,112025,110653
032,112025,110654
032,112025,110655
032,112025,110656
032,112025,110657
032,112025,110658
032,112025,110659
032,112025,110662
032,112025,110663
032,112025,110664
032,112025,110665
032,112025,110667
032,112025,110668
032,112025,110669
032,112025,110674
032,112025,110676
032,112025,110677
032,112025,110678
032,112025,110679
032,112025,110680
032,112025,110682
032,112025,110683
032,112025,110684
032,112025,110685
032,112025,110686
032,112025,110687
032,112025,110688
032,112025,110690
032,112025,110691
032,112025,110692
032,112025,110693
032,112025,110694
032,112025,110696
032,112025,110697
032,112025,110701
032,112025,110702
032,112025,110703
032,112025,110704
032,112025,110705
032,112025,110706
032,112025,110707
032,112025,110708
032,112025,110709
032,112025,110710
032,112025,110711
032,112025,110712
032,112025,110713
032,112025,110714
032,112025,110715
032,112025,110716
032,112025,110717
032,112025,110718
032,112025,110720
032,112025,110721
032,112025,110726
032,112025,110727
032,112025,110728
032,112025,110729
032,112025,110732
032,112025,110733
032,112025,110734
032,112025,110736
032,112025,110737
032,112025,110739
032,112025,110740
032,112025,110741
032,112025,110742
032,112025,110743
032,112025,110744
032,112025,110745
032,112025,110748
032,112025,110749
032,112025,110752
032,112025,110753
032,112025,110754
032,112025,110755
032,112025,110756
032,112025,110757
032,112025,110758
032,112025,110759
032,112025,110760
032,112025,110761
032,112025,110762
032,112025,110763
032,112025,110767
032,112025,110768
032,112025,110770
032,112025,110771
032,112025,110772
032,112025,110773
032,112025,110774
032,112025,110775
032,112025,110778
032,112025,110779
032,112025,110780
032,112025,110781
032,112025,110782
032,112025,110783
032,112025,110785
032,112025,110786
032,112025,110787
032,112025,110788
032,112025,110789
032,112025,110790
032,112025,110791
032,112025,110792
032,112025,110793
032,112025,110794
032,112025,110795
032,112025,110797
032,112025,110798
032,112025,110799
032,112025,110800
032,112025,110801
032,112025,110803
032,112025,110805
032,112025,110806
032,112025,110807
032,112025,110808
032,112025,110809
032,112025,110810
032,112025,110811
032,112025,110812
032,112025,110813
032,112025,110814
032,112025,110815
032,112025,110816
032,112025,110817
032,112025,110819
032,112025,110821
032,112025,110822
032,112025,110823
032,112025,110825
032,112025,110826
032,112025,110827
032,112025,110828
032,112025,110829
032,112025,110830
032,112025,110833
032,112025,110834
032,112025,110835
032,112025,110836
032,112025,110839
032,112025,110842
032,112025,110843
032,112025,110844
032,112025,110845
032,112025,110846
032,112025,110847
032,112025,110851
032,112025,110852
032,112025,110854
032,112025,110856
032,112025,110857
032,112025,110858
032,112025,110860
032,112025,110861
032,112025,110862
032,112025,110863
032,112025,110868
032,112025,110869
032,112025,110870
032,112025,110872
032,112025,110876
032,112025,110877
032,112025,110878
032,112025,110879
032,112025,110880
032,112025,110881
032,112025,110882
032,112025,110883
032,112025,110885
032,112025,110886
032,112025,110887
032,112025,110889
032,112025,110891
032,112025,110892
032,112025,110893
032,112025,110894
032,112025,110896
032,112025,110897
032,112025,110898
032,112025,110899
032,112025,110901
032,112025,110902
032,112025,110903
032,112025,110904
032,112025,110905
032,112025,110907
032,112025,110908
032,112025,110909
032,112025,110911
032,112025,110912
032,112025,110913
032,112025,110914
032,112025,110915
032,112025,110916
032,112025,110917
032,112025,110918
032,112025,110919
032,112025,110928
032,112025,110930
032,112025,110932
032,112025,110933
032,112025,110937
032,112025,110938
032,112025,110939
032,112025,110940
032,112025,110941
032,112025,110942
032,112025,110943
032,112025,110945
032,112025,110946
032,112025,110948
032,112025,110949
032,112025,110950
032,112025,110952
032,112025,110953
032,112025,110954
032,112025,110955
032,112025,110957
032,112025,110958
032,112025,110961
032,112025,110962
032,112025,110964
032,112025,110965
032,112025,110966
032,112025,110967
032,112025,110969
032,112025,110971
032,112025,110972
032,112025,110973
032,112025,110974
032,112025,110975
032,112025,110976
032,112025,110977
032,112025,110978
032,112025,110979
032,112025,110980
032,112025,110982
032,112025,110983
032,112025,110984
032,112025,110985
032,112025,110987
032,112025,110988
032,112025,110991
032,112025,110992
032,112025,110993
032,112025,110994
032,112025,110995
032,112025,110996
032,112025,110997
032,112025,110998
032,112025,110999
032,112025,111000
032,112025,111001
032,112025,111002
032,112025,111003
032,112025,111004
032,112025,111005
032,112025,111006
032,112025,111008
032,112025,111009
032,112025,111010
032,112025,111011
032,112025,111013
032,112025,111014
032,112025,111015
032,112025,111016
032,112025,111017
032,112025,111018
032,112025,111019
032,112025,111020
032,112025,111021
032,112025,111022
032,112025,111024
032,112025,111025
032,112025,111028
032,112025,111029
032,112025,111030
032,112025,111031
032,112025,111032
032,112025,111034
032,112025,111035
032,112025,111036
032,112025,111037
032,112025,111041
032,112025,111042
032,112025,111045
032,112025,111046
032,112025,111047
032,112025,111048
032,112025,111049
032,112025,111050
032,112025,111051
032,112025,111052
032,112025,111053
032,112025,111056
032,112025,111057
032,112025,111058
032,112025,111060
032,112025,111061
032,112025,111062
032,112025,111063
032,112025,111065
032,112025,111066
032,112025,111068
032,112025,111070
032,112025,111071
032,112025,111072
032,112025,111073
032,112025,111074
032,112025,111075
032,112025,111076
032,112025,111077
032,112025,111078
032,112025,111080
032,112025,111081
032,112025,111082
032,112025,111083
032,112025,111084
032,112025,111085
032,112025,111086
032,112025,111088
032,112025,111090
032,112025,111091
032,112025,111092
032,112025,111095
032,112025,111096
032,112025,111097
032,112025,111098
032,112025,111099
032,112025,111100
032,112025,111101
032,112025,111102
032,112025,111103
032,112025,111104
032,112025,111105
032,112025,111106
032,112025,111107
032,112025,111108
032,112025,111109
032,112025,111110
032,112025,111113
032,112025,111114
032,112025,111115
032,112025,111116
032,112025,111117
032,112025,111118
032,112025,111119
032,112025,111123
032,112025,111125
032,112025,111127
032,112025,111128
032,112025,111129
032,112025,111130
032,112025,111131
032,112025,111133
032,112025,111134
032,112025,111135
032,112025,111138
032,112025,111139
032,112025,111140
032,112025,111144
032,112025,111145
032,112025,111148
032,112025,111150
032,112025,111151
032,112025,111152
032,112025,111154
032,112025,111155
032,112025,111156
032,112025,111158
032,112025,111159
032,112025,111160
032,112025,111161
032,112025,111162
032,112025,111163
032,112025,111165
032,112025,111166
032,112025,111167
032,112025,111168
032,112025,111170
032,112025,111171
032,112025,111174
032,112025,111176
032,112025,111177
032,112025,111178
032,112025,111179
032,112025,111180
032,112025,111181
032,112025,111182
032,112025,111183
032,112025,111184
032,112025,111186
032,112025,111188
032,112025,111194
032,112025,111195
032,112025,111196
032,112025,111200
032,112025,111201
032,112025,111203
032,112025,111204
032,112025,111205
032,112025,111206
032,112025,111209
032,112025,111211
032,112025,111212
032,112025,111214
032,112025,111216
032,112025,111217
032,112025,111218
032,112025,111219
032,112025,111220
032,112025,111222
032,112025,111226
032,112025,111228
032,112025,111230
032,112025,111231
032,112025,111232
032,112025,111233
032,112025,111235
032,112025,111236
032,112025,111238
032,112025,111240
032,112025,111242
032,112025,111243
032,112025,111244
032,112025,111245
032,112025,111247
032,112025,111248
032,112025,111249
032,112025,111250
032,112025,111253
032,112025,111255
032,112025,111256
032,112025,111258
032,112025,111259
032,112025,111260
032,112025,111262
032,112025,111263
032,112025,111264
032,112025,111265
032,112025,111266
032,112025,111268
032,112025,111270
032,112025,111271
032,112025,111273
032,112025,111276
032,112025,111281
032,112025,111282
032,112025,111285
032,112025,111287
032,112025,111290
032,112025,111291
032,112025,111292
032,112025,111293
032,112025,111294
032,112025,111295
032,112025,111296
032,112025,111297
032,112025,111298
032,112025,111299
032,112025,111300
032,112025,111301
032,112025,111302
032,112025,111304
032,112025,111305
032,112025,111306
032,112025,111307
032,112025,111308
032,112025,111310
032,112025,111311
032,112025,111312
032,112025,111313
032,112025,111314
032,112025,111316
032,112025,111317
032,112025,111318
032,112025,111319
032,112025,111320
032,112025,111321
032,112025,111322
032,112025,111323
032,112025,111324
032,112025,111325
032,112025,111326
032,112025,111328
032,112025,111329
032,112025,111330
032,112025,111331
032,112025,111336
032,112025,111337
032,112025,111340
032,112025,111341
032,112025,111342
032,112025,111343
032,112025,111344
032,112025,111346
032,112025,111347
032,112025,111348
032,112025,111349
032,112025,111350
032,112025,111351
032,112025,111352
032,112025,111355
032,112025,111356
032,112025,111357
032,112025,111358
032,112025,111359
032,112025,111360
032,112025,111361
032,112025,111362
032,112025,111363
032,112025,111366
032,112025,111367
032,112025,111368
032,112025,111371
032,112025,111373
032,112025,111376
032,112025,111377
032,112025,111378
032,112025,111379
032,112025,111380
032,112025,111381
032,112025,111382
032,112025,111384
032,112025,111386
032,112025,111387
032,112025,111388
032,112025,111389
032,112025,111391
032,112025,111394
032,112025,111395
032,112025,111399
032,112025,111400
032,112025,111401
032,112025,111402
032,112025,111403
032,112025,111404
032,112025,111405
032,112025,111406
032,112025,111407
032,112025,111409
032,112025,111410
032,112025,111411
032,112025,111412
032,112025,111413
032,112025,111414
032,112025,111415
032,112025,111419
032,112025,111420
032,112025,111421
032,112025,111422
032,112025,111423
032,112025,111424
032,112025,111426
032,112025,111429
032,112025,111430
032,112025,111434
032,112025,111435
032,112025,111436
032,112025,111437
032,112025,111438
032,112025,111440
032,112025,111441
032,112025,111442
032,112025,111444
032,112025,111445
032,112025,111446
032,112025,111447
032,112025,111448
032,112025,111449
032,112025,111450
032,112025,111451
032,112025,111452
032,112025,111453
032,112025,111454
032,112025,111456
032,112025,111458
032,112025,111459
032,112025,111460
032,112025,111461
032,112025,111462
032,112025,111463
032,112025,111464
032,112025,111465
032,112025,111466
032,112025,111468
032,112025,111469
032,112025,111470
032,112025,111471
032,112025,111472
032,112025,111473
032,112025,111475
032,112025,111476
032,112025,111479
032,112025,111480
032,112025,111481
032,112025,111482
032,112025,111483
032,112025,111485
032,112025,111486
032,112025,111487
032,112025,111488
032,112025,111489
032,112025,111490
032,112025,111491
032,112025,111492
032,112025,111493
032,112025,111494
032,112025,111496
032,112025,111498
032,112025,111499
032,112025,111500
032,112025,111501
032,112025,111502
032,112025,111503
032,112025,111505
032,112025,111506
032,112025,111507
032,112025,111509
032,112025,111510
032,112025,111512
032,112025,111513
032,112025,111514
032,112025,111515
032,112025,111516
032,112025,111518
032,112025,111519
032,112025,111521
032,112025,111522
032,112025,111523
032,112025,111524
032,112025,111526
032,112025,111527
032,112025,111528
032,112025,111529
032,112025,111530
032,112025,111533
032,112025,111537
032,112025,111539
032,112025,111540
032,112025,111541
032,112025,111542
032,112025,111543
032,112025,111547
032,112025,111548
032,112025,111549
032,112025,111552
032,112025,111553
032,112025,111554
032,112025,111556
032,112025,111557
032,112025,111558
032,112025,111559
032,112025,111560
032,112025,111562
032,112025,111563
032,112025,111564
032,112025,111565
032,112025,111566
032,112025,111568
032,112025,111569
032,112025,111570
032,112025,111571
032,112025,111572
032,112025,111574
032,112025,111576
032,112025,111577
032,112025,111578
032,112025,111579
032,112025,111581
032,112025,111582
032,112025,111583
032,112025,111585
032,112025,111586
032,112025,111588
032,112025,111589
032,112025,111590
032,112025,111591
032,112025,111593
032,112025,111594
032,112025,111595
032,112025,111597
032,112025,111598
032,112025,111599
032,112025,111600
032,112025,111602
032,112025,111604
032,112025,111605
032,112025,111606
032,112025,111607
032,112025,111608
032,112025,111609
032,112025,111610
032,112025,111612
032,112025,111613
032,112025,111614
032,112025,111615
032,112025,111617
032,112025,111618
032,112025,111621
032,112025,111622
032,112025,111623
032,112025,111624
032,112025,111626
032,112025,111627
032,112025,111628
032,112025,111629
032,112025,111630
032,112025,111632
032,112025,111633
032,112025,111635
032,112025,111637
032,112025,111639
032,112025,111640
032,112025,111641
032,112025,111642
032,112025,111643
032,112025,111644
032,112025,111645
032,112025,111646
032,112025,111647
032,112025,111648
032,112025,111649
032,112025,111650
032,112025,111651
032,112025,111652
032,112025,111653
032,112025,111654
032,112025,111656
032,112025,111658
032,112025,111660
032,112025,111664
032,112025,111665
032,112025,111666
032,112025,111667
032,112025,111670
032,112025,111671
032,112025,111672
032,112025,111673
032,112025,111674
032,112025,111675
032,112025,111676
032,112025,111677
032,112025,111678
032,112025,111679
032,112025,111680
032,112025,111681
032,112025,111682
032,112025,111684
032,112025,111686
032,112025,111687
032,112025,111688
032,112025,111690
032,112025,111691
032,112025,111692
032,112025,111694
032,112025,111695
032,112025,111696
032,112025,111698
032,112025,111699
032,112025,111700
032,112025,111702
032,112025,111703
032,112025,111704
032,112025,111705
032,112025,111706
032,112025,111707
032,112025,111708
032,112025,111710
032,112025,111711
032,112025,111712
032,112025,111716
032,112025,111717
032,112025,111718
032,112025,111719
032,112025,111720
032,112025,111722
032,112025,111723
032,112025,111725
032,112025,111726
032,112025,111727
032,112025,111728
032,112025,111729
032,112025,111730
032,112025,111731
032,112025,111732
032,112025,111733
032,112025,111734
032,112025,111735
032,112025,111736
032,112025,111739
032,112025,111740
032,112025,111741
032,112025,111742
032,112025,111743
032,112025,111745
032,112025,111747
032,112025,111748
032,112025,111750
032,112025,111751
032,112025,111752
032,112025,111753
032,112025,111754
032,112025,111755
032,112025,111756
032,112025,111757
032,112025,111758
032,112025,111759
032,112025,111760
032,112025,111761
032,112025,111762
032,112025,111763
032,112025,111764
032,112025,111765
032,112025,111766
032,112025,111767
032,112025,111768
032,112025,111769
032,112025,111770
032,112025,111771
032,112025,111772
032,112025,111773
032,112025,111775
032,112025,111777
032,112025,111780
032,112025,111781
032,112025,111782
032,112025,111783
032,112025,111784
032,112025,111785
032,112025,111786
032,112025,111788
032,112025,111789
032,112025,111790
032,112025,111791
032,112025,111794
032,112025,111795
032,112025,111796
032,112025,111797
032,112025,111798
032,112025,111799
032,112025,111800
032,112025,111802
032,112025,111804
032,112025,111805
032,112025,111807
032,112025,111808
032,112025,111810
032,112025,111812
032,112025,111813
032,112025,111815
032,112025,111817
032,112025,111818
032,112025,111819
032,112025,111820
032,112025,111821
032,112025,111822
032,112025,111824
032,112025,111825
032,112025,111827
032,112025,111828
032,112025,111829
032,112025,111830
032,112025,111831
032,112025,111832
032,112025,111834
032,112025,111835
032,112025,111836
032,112025,111837
032,112025,111838
032,112025,111839
032,112025,111840
032,112025,111841
032,112025,111846
032,112025,111847
032,112025,111849
032,112025,111850
032,112025,111851
032,112025,111852
032,112025,111853
032,112025,111854
032,112025,111856
032,112025,111858
032,112025,111859
032,112025,111860
032,112025,111861
032,112025,111862
032,112025,111863
032,112025,111867
032,112025,111868
032,112025,111871
032,112025,111874
032,112025,111877
032,112025,111880
032,112025,111881
032,112025,111882
032,112025,111883
032,112025,111884
032,112025,111886
032,112025,111889
032,112025,111890
032,112025,111891
032,112025,111892
032,112025,111893
032,112025,111894
032,112025,111895
032,112025,111897
032,112025,111898
032,112025,111900
032,112025,111901
032,112025,111902
032,112025,111903
032,112025,111905
032,112025,111906
032,112025,111909
032,112025,111910
032,112025,111911
032,112025,111912
032,112025,111915
032,112025,111916
032,112025,111918
032,112025,111919
032,112025,111923
032,112025,111924
032,112025,111925
032,112025,111926
032,112025,111927
032,112025,111928
032,112025,111929
032,112025,111930
032,112025,111932
032,112025,111933
032,112025,111935
032,112025,111936
032,112025,111939
032,112025,111940
032,112025,111941
032,112025,111943
032,112025,111944
032,112025,111945
032,112025,111947
032,112025,111949
032,112025,111950
032,112025,111951
032,112025,111954
032,112025,111955
032,112025,111958
032,112025,111959
032,112025,111961
032,112025,111962
032,112025,111963
032,112025,111964
032,112025,111965
032,112025,111966
032,112025,111968
032,112025,111970
032,112025,111971
032,112025,111972
032,112025,111973
032,112025,111974
032,112025,111976
032,112025,111977
032,112025,111978
032,112025,111979
032,112025,111980
032,112025,111981
032,112025,111982
032,112025,111983
032,112025,111984
032,112025,111985
032,112025,111987
032,112025,111988
032,112025,111989
032,112025,111990
032,112025,111991
032,112025,111992
032,112025,111993
032,112025,111994
032,112025,111995
032,112025,111996
032,112025,111997
032,112025,111998
032,112025,111999
032,112025,112000
032,112025,112001
032,112025,112004
032,112025,112005
032,112025,112006
032,112025,112007
032,112025,112008
032,112025,112009
032,112025,112010
032,112025,112012
032,112025,112013
032,112025,112014
032,112025,112015
032,112025,112016
032,112025,112017
032,112025,112018
032,112025,112019
032,112025,112020
032,112025,112021
032,112025,112022
032,112025,112023
032,112025,112025
032,112025,112026
032,112025,112031
032,112025,112032
032,112025,112033
032,112025,112034
032,112025,112035
032,112025,112036
032,112025,112037
032,112025,112038
032,112025,112039
032,112025,112042
032,112025,112043
032,112025,112044
032,112025,112046
032,112025,112047
032,112025,112048
032,112025,112050
032,112025,112052
032,112025,112055
032,112025,112056
032,112025,112058
032,112025,112059
032,112025,112060
032,112025,112061
032,112025,112062
032,112025,112063
032,112025,112066
032,112025,112067
032,112025,112070
032,112025,112071
032,112025,112072
032,112025,112073
032,112025,112075
032,112025,112076
032,112025,112077
032,112025,112078
032,112025,112079
032,112025,112080
032,112025,112081
032,112025,112086
032,112025,112090
032,112025,112095
032,112025,112096
032,112025,112097
032,112025,112098
032,112025,112099
032,112025,112100
032,112025,112101
032,112025,112102
032,112025,112103
032,112025,112104
032,112025,112105
032,112025,112107
032,112025,112108
032,112025,112109
032,112025,112111
032,112025,112112
032,112025,112113
032,112025,112114
032,112025,112116
032,112025,112118
032,112025,112121
032,112025,112126
032,112025,112127
032,112025,112129
032,112025,112130
032,112025,112131
032,112025,112132
032,112025,112135
032,112025,112136
032,112025,112137
032,112025,112140
032,112025,112141
032,112025,112143
032,112025,112146
032,112025,112147
032,112025,112148
032,112025,112150
032,112025,112152
032,112025,112153
032,112025,112155
032,112025,112157
032,112025,112160
032,112025,112161
032,112025,112162
032,112025,112163
032,112025,112164
032,112025,112165
032,112025,112168
032,112025,112170
032,112025,112171
032,112025,112172
032,112025,112173
032,112025,112174
032,112025,112177
032,112025,112179
032,112025,112181
032,112025,112182
032,112025,112184
032,112025,112185
032,112025,112186
032,112025,112187
032,112025,112188
032,112025,112189
032,112025,112190
032,112025,112191
032,112025,112196
032,112025,112197
032,112025,112198
032,112025,112199
032,112025,112200
032,112025,112201
032,112025,112202
032,112025,112204
032,112025,112207
032,112025,112208
032,112025,112209
032,112025,112210
032,112025,112211
032,112025,112213
032,112025,112214
032,112025,112215
032,112025,112216
032,112025,112217
032,112025,112218
032,112025,112219
032,112025,112220
032,112025,112221
032,112025,112222
032,112025,112223
032,112025,112224
032,112025,112225
032,112025,112226
032,112025,112228
032,112025,112229
032,112025,112230
032,112025,112231
032,112025,112232
032,112025,112233
032,112025,112236
032,112025,112237
032,112025,112238
032,112025,112239
032,112025,112240
032,112025,112242
032,112025,112244
032,112025,112245
032,112025,112246
032,112025,112247
032,112025,112248
032,112025,112250
032,112025,112252
032,112025,112254
032,112025,112255
032,112025,112257
032,112025,112258
032,112025,112261
032,112025,112262
032,112025,112263
032,112025,112264
032,112025,112266
032,112025,112267
032,112025,112268
032,112025,112270
032,112025,112271
032,112025,112272
032,112025,112273
032,112025,112274
032,112025,112279
032,112025,112280
032,112025,112286
032,112025,112287
032,112025,112288
032,112025,112290
032,112025,112291
032,112025,112292
032,112025,112294
032,112025,112295
032,112025,112298
032,112025,112299
032,112025,112300
032,112025,112302
032,112025,112303
032,112025,112305
032,112025,112306
032,112025,112307
032,112025,112308
032,112025,112309
032,112025,112310
032,112025,112311
032,112025,112312
032,112025,112314
032,112025,112315
032,112025,112316
032,112025,112317
032,112025,112318
032,112025,112319
032,112025,112321
032,112025,112322
032,112025,112323
032,112025,112324
032,112025,112325
032,112025,112326
032,112025,112328
032,112025,112329
032,112025,112330
032,112025,112331
032,112025,112332
032,112025,112334
032,112025,112335
032,112025,112336
032,112025,112337
032,112025,112338
032,112025,112339
032,112025,112342
032,112025,112343
032,112025,112344
032,112025,112345
032,112025,112348
032,112025,112349
032,112025,112351
032,112025,112354
032,112025,112355
032,112025,112356
032,112025,112358
032,112025,112359
032,112025,112360
032,112025,112361
032,112025,112362
032,112025,112363
032,112025,112367
032,112025,112368
032,112025,112369
032,112025,112370
032,112025,112371
032,112025,112373
032,112025,112374
032,112025,112375
032,112025,112376
032,112025,112378
032,112025,112379
032,112025,112380
032,112025,112383
032,112025,112384
032,112025,112387
032,112025,112391
032,112025,112393
032,112025,112394
032,112025,112396
032,112025,112402
032,112025,112403
032,112025,112408
032,112025,112409
032,112025,112411
032,112025,112412
032,112025,112415
032,112025,112417
032,112025,112418
032,112025,112419
032,112025,112420
032,112025,112421
032,112025,112424
032,112025,112425
032,112025,112426
032,112025,112427
032,112025,112428
032,112025,112431
032,112025,112433
032,112025,112434
032,112025,112435
032,112025,112436
032,112025,112437
032,112025,112438
032,112025,112440
032,112025,112443
032,112025,112446
032,112025,112448
032,112025,112451
032,112025,112456
032,112025,112457
032,112025,112458
032,112025,112459
032,112025,112460
032,112025,112461
032,112025,112462
032,112025,112463
032,112025,112465
032,112025,112467
032,112025,112468
032,112025,112484
032,112025,112485
032,112025,112489
032,112025,112490
032,112025,112519
032,112025,112524
032,112025,112525
032,112025,112528
032,112025,112529
032,112025,112530
032,112025,112531
032,112025,112532
032,112025,112533
032,112025,112534
032,112025,112535
032,112025,112536
032,112025,112537
032,112025,112538
032,112025,112539
032,112025,112540
032,112025,112541
032,112025,112542
032,112025,112544
032,112025,112545
032,112025,112547
032,112025,112549
032,112025,112551
032,112025,112553
032,112025,112556
032,112025,112557
032,112025,112558
032,112025,112559
032,112025,112564
032,112025,112565
032,112025,112566
032,112025,112567
032,112025,112568
032,112025,112569
032,112025,112570
032,112025,112571
032,112025,112572
032,112025,112573
032,112025,112574
032,112025,112575
032,112025,112577
032,112025,112579
032,112025,112580
032,112025,112581
032,112025,112582
032,112025,112583
032,112025,112584
032,112025,112585
032,112025,112587
032,112025,112588
032,112025,112589
032,112025,112590
032,112025,112591
032,112025,112593
032,112025,112595
032,112025,112596
032,112025,112597
032,112025,112598
032,112025,112599
032,112025,112601
032,112025,112602
032,112025,112603
032,112025,112604
032,112025,112606
032,112025,112607
032,112025,112608
032,112025,112611
032,112025,112613
032,112025,112614
032,112025,112615
032,112025,112633
032,112025,112634
032,112025,112635
032,112025,112636
032,112025,112639
032,112025,112640
032,112025,112641
032,112025,112644
032,112025,112646
032,112025,112647
032,112025,112648
032,112025,112649
032,112025,112650
032,112025,112651
032,112025,112654
032,112025,112656
032,112025,112657
032,112025,112658
032,112025,112659
032,112025,112662
032,112025,112663
032,112025,112666
032,112025,112667
032,112025,112669
032,112025,112670
032,112025,112671
032,112025,112672
032,112025,112675
032,112025,112676
032,112025,112677
032,112025,112678
032,112025,112679
032,112025,112680
032,112025,112681
032,112025,112682
032,112025,112684
032,112025,112685
032,112025,112687
032,112025,112689
032,112025,112692
032,112025,112695
032,112025,112698
032,112025,112699
032,112025,112700
032,112025,112702
032,112025,112703
032,112025,112704
032,112025,112705
032,112025,112706
032,112025,112708
032,112025,112714
032,112025,112716
032,112025,112718
032,112025,112722
032,112025,112724
032,112025,112725
032,112025,112726
032,112025,112727
032,112025,112728
032,112025,112729
032,112025,112733
032,112025,112734
032,112025,112735
032,112025,112736
032,112025,112737
032,112025,112738
032,112025,112739
032,112025,112742
032,112025,112743
032,112025,112744
032,112025,112746
032,112025,112748
032,112025,112750
032,112025,112751
032,112025,112752
032,112025,112756
032,112025,112758
032,112025,112759
032,112025,112763
032,112025,112764
032,112025,112765
032,112025,112766
032,112025,112767
032,112025,112769
032,112025,112770
032,112025,112771
032,112025,112772
032,112025,112773
032,112025,112775
032,112025,112777
032,112025,112778
032,112025,112779
032,112025,112780
032,112025,112781
032,112025,112782
032,112025,112783
032,112025,112784
032,112025,112785
032,112025,112788
032,112025,112789
032,112025,112790
032,112025,112791
032,112025,112792
032,112025,112794
032,112025,112795
032,112025,112796
032,112025,112797
032,112025,112798
032,112025,112799
032,112025,112800
032,112025,112801
032,112025,112802
032,112025,112805
032,112025,112806
032,112025,112807
032,112025,112808
032,112025,112809
032,112025,112810
032,112025,112811
032,112025,112812
032,112025,112813
032,112025,112814
032,112025,112815
032,112025,112816
032,112025,112817
032,112025,112819
032,112025,112820
032,112025,112821
032,112025,112822
032,112025,112823
032,112025,112825
032,112025,112826
032,112025,112827
032,112025,112828
032,112025,112829
032,112025,112830
032,112025,112831
032,112025,112832
032,112025,112833
032,112025,112834
032,112025,112835
032,112025,112836
032,112025,112838
032,112025,112839
032,112025,112840
032,112025,112841
032,112025,112842
032,112025,112844
032,112025,112845
032,112025,112846
032,112025,112847
032,112025,112848
032,112025,112850
032,112025,112851
032,112025,112852
032,112025,112853
032,112025,112854
032,112025,112855
032,112025,112856
032,112025,112857
032,112025,112858
032,112025,112859
032,112025,112860
032,112025,112861
032,112025,112862
032,112025,112864
032,112025,112865
032,112025,112866
032,112025,112868
032,112025,112869
032,112025,112870
032,112025,112871
032,112025,112872
032,112025,112873
032,112025,112875
032,112025,112876
032,112025,112877
032,112025,112879
032,112025,112882
032,112025,112883
032,112025,112884
032,112025,112885
032,112025,112886
032,112025,112887
032,112025,112889
032,112025,112890
032,112025,112891
032,112025,112892
032,112025,112894
032,112025,112895
032,112025,112896
032,112025,112897
032,112025,112898
032,112025,112899
032,112025,112900
032,112025,112901
032,112025,112903
032,112025,112904
032,112025,112905
032,112025,112906
032,112025,112907
032,112025,112908
032,112025,112909
032,112025,112910
032,112025,112912
032,112025,112913
032,112025,112916
032,112025,112917
032,112025,112918
032,112025,112919
032,112025,112920
032,112025,112921
032,112025,112922
032,112025,112923
032,112025,112924
032,112025,112925
032,112025,112926
032,112025,112927
032,112025,112928
032,112025,112930
032,112025,112933
032,112025,112934
032,112025,112935
032,112025,112936
032,112025,112937
032,112025,112938
032,112025,112939
032,112025,112940
032,112025,112941
032,112025,112942
032,112025,112943
032,112025,112944
032,112025,112945
032,112025,112946
032,112025,112948
032,112025,112949
032,112025,112950
032,112025,112951
032,112025,112952
032,112025,112953
032,112025,112955
032,112025,112958
032,112025,112963
032,112025,112964
032,112025,112967
032,112025,112969
032,112025,112970
032,112025,112972
032,112025,112974
032,112025,112975
032,112025,112977
032,112025,112980
032,112025,112981
032,112025,112982
032,112025,112983
032,112025,112984
032,112025,112986
032,112025,112988
032,112025,112989
032,112025,112990
032,112025,112992
032,112025,112997
032,112025,112999
032,112025,113002
032,112025,113003
032,112025,113004
032,112025,113006
032,112025,113008
032,112025,113010
032,112025,113011
032,112025,113012
032,112025,113013
032,112025,113014
032,112025,113015
032,112025,113016
032,112025,113017
032,112025,113018
032,112025,113019
032,112025,113020
032,112025,113021
032,112025,113022
032,112025,113023
032,112025,113025
032,112025,113026
032,112025,113027
032,112025,113028
032,112025,113029
032,112025,113030
032,112025,113031
032,112025,113032
032,112025,113034
032,112025,113035
032,112025,113036
032,112025,113037
032,112025,113039
032,112025,113040
032,112025,113041
032,112025,113043
032,112025,113044
032,112025,113045
032,112025,113046
032,112025,113049
032,112025,113051
032,112025,113053
032,112025,113054
032,112025,113055
032,112025,113058
032,112025,113060
032,112025,113061
032,112025,113062
032,112025,113063
032,112025,113064
032,112025,113066
032,112025,113067
032,112025,113069
032,112025,113071
032,112025,113072
032,112025,113074
032,112025,113075
032,112025,113076
032,112025,113077
032,112025,113078
032,112025,113079
032,112025,113080
032,112025,113083
032,112025,113084
032,112025,113086
032,112025,113087
032,112025,113089
032,112025,113090
032,112025,113091
032,112025,113092
032,112025,113094
032,112025,113097
032,112025,113098
032,112025,113099
032,112025,113100
032,112025,113102
032,112025,113103
032,112025,113104
032,112025,113105
032,112025,113106
032,112025,113108
032,112025,113109
032,112025,113111
032,112025,113113
032,112025,113114
032,112025,113115
032,112025,113117
032,112025,113118
032,112025,113119
032,112025,113120
032,112025,113122
032,112025,113123
032,112025,113125
032,112025,113126
032,112025,113127
032,112025,113129
032,112025,113130
032,112025,113131
032,112025,113132
032,112025,113134
032,112025,113135
032,112025,113136
032,112025,113137
032,112025,113138
032,112025,113139
032,112025,113140
032,112025,113141
032,112025,113142
032,112025,113143
032,112025,113144
032,112025,113146
032,112025,113147
032,112025,113148
032,112025,113149
032,112025,113153
032,112025,113154
032,112025,113155
032,112025,113156
032,112025,113158
032,112025,113159
032,112025,113160
032,112025,113161
032,112025,113162
032,112025,113163
032,112025,113164
032,112025,113165
032,112025,113166
032,112025,113167
032,112025,113168
032,112025,113169
032,112025,113170
032,112025,113171
032,112025,113172
032,112025,113173
032,112025,113174
032,112025,113177
032,112025,113181
032,112025,113182
032,112025,113183
032,112025,113184
032,112025,113185
032,112025,113187
032,112025,113188
032,112025,113189
032,112025,113190
032,112025,113191
032,112025,113193
032,112025,113197
032,112025,113200
032,112025,113201
032,112025,113202
032,112025,113203
032,112025,113204
032,112025,113205
032,112025,113206
032,112025,113209
032,112025,113210
032,112025,113212
032,112025,113213
032,112025,113215
032,112025,113216
032,112025,113217
032,112025,113218
032,112025,113219
032,112025,113220
032,112025,113221
032,112025,113223
032,112025,113225
032,112025,113226
032,112025,113227
032,112025,113228
032,112025,113230
032,112025,113231
032,112025,113232
032,112025,113233
032,112025,113234
032,112025,113236
032,112025,113237
032,112025,113238
032,112025,113239
032,112025,113240
032,112025,113241
032,112025,113242
032,112025,113245
032,112025,113246
032,112025,113247
032,112025,113248
032,112025,113251
032,112025,113252
032,112025,113253
032,112025,113254
032,112025,113256
032,112025,113257
032,112025,113259
032,112025,113260
032,112025,113262
032,112025,113263
032,112025,113264
032,112025,113265
032,112025,113266
032,112025,113267
032,112025,113268
032,112025,113269
032,112025,113272
032,112025,113273
032,112025,113274
032,112025,113276
032,112025,113277
032,112025,113278
032,112025,113279
032,112025,113281
032,112025,113282
032,112025,113283
032,112025,113285
032,112025,113286
032,112025,113287
032,112025,113288
032,112025,113289
032,112025,113290
032,112025,113291
032,112025,113292
032,112025,113294
032,112025,113295
032,112025,113296
032,112025,113297
032,112025,113298
032,112025,113300
032,112025,113301
032,112025,113303
032,112025,113305
032,112025,113306
032,112025,113307
032,112025,113308
032,112025,113309
032,112025,113310
032,112025,113311
032,112025,113312
032,112025,113313
032,112025,113314
032,112025,113315
032,112025,113316
032,112025,113317
032,112025,113318
032,112025,113319
032,112025,113320
032,112025,113321
032,112025,113322
032,112025,113323
032,112025,113324
032,112025,113325
032,112025,113326
032,112025,113327
032,112025,113328
032,112025,113329
032,112025,113331
032,112025,113332
032,112025,113334
032,112025,113335
032,112025,113336
032,112025,113338
032,112025,113339
032,112025,113340
032,112025,113341
032,112025,113342
032,112025,113344
032,112025,113345
032,112025,113346
032,112025,113347
032,112025,113348
032,112025,113350
032,112025,113351
032,112025,113352
032,112025,113355
032,112025,113356
032,112025,113357
032,112025,113358
032,112025,113360
032,112025,113361
032,112025,113362
032,112025,113363
032,112025,113364
032,112025,113365
032,112025,113367
032,112025,113368
032,112025,113369
032,112025,113370
032,112025,113371
032,112025,113372
032,112025,113373
032,112025,113375
032,112025,113376
032,112025,113380
032,112025,113381
032,112025,113383
032,112025,113384
032,112025,113386
032,112025,113389
032,112025,113390
032,112025,113391
032,112025,113393
032,112025,113394
032,112025,113395
032,112025,113398
032,112025,113399
032,112025,113400
032,112025,113401
032,112025,113402
032,112025,113403
032,112025,113404
032,112025,113405
032,112025,113406
032,112025,113407
032,112025,113408
032,112025,113410
032,112025,113411
032,112025,113413
032,112025,113414
032,112025,113415
032,112025,113418
032,112025,113419
032,112025,113420
032,112025,113421
032,112025,113425
032,112025,113426
032,112025,113428
032,112025,113429
032,112025,113430
032,112025,113432
032,112025,113433
032,112025,113434
032,112025,113435
032,112025,113437
032,112025,113439
032,112025,113440
032,112025,113441
032,112025,113442
032,112025,113443
032,112025,113444
032,112025,113445
032,112025,113446
032,112025,113448
032,112025,113449
032,112025,113451
032,112025,113455
032,112025,113456
032,112025,113457
032,112025,113458
032,112025,113459
032,112025,113460
032,112025,113461
032,112025,113462
032,112025,113463
032,112025,113464
032,112025,113465
032,112025,113466
032,112025,113467
032,112025,113468
032,112025,113469
032,112025,113470
032,112025,113471
032,112025,113473
032,112025,113474
032,112025,113475
032,112025,113476
032,112025,113477
032,112025,113479
032,112025,113480
032,112025,113481
032,112025,113482
032,112025,113483
032,112025,113484
032,112025,113485
032,112025,113486
032,112025,113487
032,112025,113490
032,112025,113491
032,112025,113492
032,112025,113495
032,112025,113497
032,112025,113498
032,112025,113499
032,112025,113500
032,112025,113501
032,112025,113502
032,112025,113504
032,112025,113505
032,112025,113506
032,112025,113507
032,112025,113508
032,112025,113509
032,112025,113510
032,112025,113511
032,112025,113512
032,112025,113513
032,112025,113514
032,112025,113516
032,112025,113517
032,112025,113518
032,112025,113519
032,112025,113520
032,112025,113521
032,112025,113522
032,112025,113525
032,112025,113526
032,112025,113527
032,112025,113528
032,112025,113530
032,112025,113531
032,112025,113532
032,112025,113533
032,112025,113534
032,112025,113535
032,112025,113536
032,112025,113538
032,112025,113540
032,112025,113541
032,112025,113542
032,112025,113543
032,112025,113544
032,112025,113546
032,112025,113547
032,112025,113548
032,112025,113550
032,112025,113551
032,112025,113552
032,112025,113553
032,112025,113554
032,112025,113555
032,112025,113556
032,112025,113558
032,112025,113560
032,112025,113562
032,112025,113564
032,112025,113565
032,112025,113566
032,112025,113567
032,112025,113568
032,112025,113569
032,112025,113572
032,112025,113573
032,112025,113574
032,112025,113575
032,112025,113576
032,112025,113578
032,112025,113579
032,112025,113582
032,112025,113583
032,112025,113598
032,112025,113600
032,112025,113601
032,112025,113602
032,112025,113603
032,112025,113604
032,112025,113606
032,112025,113607
032,112025,113609
032,112025,113610
032,112025,113611
032,112025,113613
032,112025,113614
032,112025,113615
032,112025,113616
032,112025,113617
032,112025,113618
032,112025,113621
032,112025,113623
032,112025,113626
032,112025,113627
032,112025,113629
032,112025,113633
032,112025,113634
032,112025,113635
032,112025,113636
032,112025,113637
032,112025,113638
032,112025,113639
032,112025,113640
032,112025,113641
032,112025,113642
032,112025,113643
032,112025,113645
032,112025,113646
032,112025,113652
032,112025,113653
032,112025,113654
032,112025,113655
032,112025,113656
032,112025,113657
032,112025,113658
032,112025,113659
032,112025,113660
032,112025,113661
032,112025,113664
032,112025,113665
032,112025,113667
032,112025,120014
032,112025,120021
032,112025,120022
032,112025,120024
032,112025,120025
032,112025,120027
032,112025,120028
032,112025,120040
032,112025,120042
032,112025,120053
032,112025,120065
032,112025,120066
032,112025,120068
032,112025,120070
032,112025,120074
032,112025,120083
032,112025,120086
032,112025,120120
032,112025,120132
032,112025,120133
032,112025,120154
032,112025,120159
032,112025,120166
032,112025,120167
032,112025,120170
032,112025,120172
032,112025,120173
032,112025,120174
032,112025,120177
032,112025,120181
032,112025,120182
032,112025,120187
032,112025,120195
032,112025,120196
032,112025,120197
032,112025,120198
032,112025,120199
032,112025,120200
032,112025,120204
032,112025,120207
032,112025,120245
032,112025,120250
032,112025,120256
032,112025,120265
032,112025,120268
032,112025,120270
032,112025,120271
032,112025,120275
032,112025,120276
032,112025,120282
032,112025,120285
032,112025,120286
032,112025,120303
032,112025,120308
032,112025,120310
032,112025,120315
032,112025,120317
032,112025,120318
032,112025,120319
032,112025,120320
032,112025,120321
032,112025,120323
032,112025,120324
032,112025,120327
032,112025,120328
032,112025,120329
032,112025,120330
032,112025,120331
032,112025,120332
032,112025,120334
032,112025,120335
032,112025,120336
032,112025,120338
032,112025,120339
032,112025,120341
032,112025,120348
032,112025,120349
032,112025,120350
032,112025,120351
032,112025,120352
032,112025,120353
032,112025,120355
032,112025,120356
032,112025,120367
032,112025,120368
032,112025,120369
032,112025,120370
032,112025,120371
032,112025,120372
032,112025,120373
032,112025,120374
032,112025,120380
032,112025,120383
032,112025,120385
032,112025,120401
032,112025,120414
032,112025,120420
032,112025,120444
032,112025,120455
032,112025,120457
032,112025,120458
032,112025,120467
032,112025,120468
032,112025,120469
032,112025,120472
032,112025,120474
032,112025,120475
032,112025,120483
032,112025,120508
032,112025,120511
032,112025,120512
032,112025,120516
032,112025,120517
032,112025,120518
032,112025,120520
032,112025,120527
032,112025,120531
032,112025,120532
032,112025,120545
032,112025,120548
032,112025,120550
032,112025,120551
032,112025,120555
032,112025,120557
032,112025,120560
032,112025,120561
032,112025,120562
032,112025,120563
032,112025,120569
032,112025,120571
032,112025,120572
032,112025,120583
032,112025,120585
032,112025,120588
032,112025,120589
032,112025,120594
032,112025,120595
032,112025,120596
032,112025,120598
032,112025,120599
032,112025,120600
032,112025,120608
032,112025,120610
032,112025,120613
032,112025,120615
032,112025,120616
032,112025,120626
032,112025,120628
032,112025,120629
032,112025,120630
032,112025,120640
032,112025,120644
032,112025,120645
032,112025,120646
032,112025,120647
032,112025,120653
032,112025,120657
032,112025,120658
032,112025,120659
032,112025,120661
032,112025,120662
032,112025,120663
032,112025,120665
032,112025,120669
032,112025,120671
032,112025,120673
032,112025,120675
032,112025,120676
032,112025,120677
032,112025,120678
032,112025,120680
032,112025,120688
032,112025,120692
032,112025,120698
032,112025,120703
032,112025,120705
032,112025,120706
032,112025,120709
032,112025,120711
032,112025,120713
032,112025,120714
032,112025,120717
032,112025,120718
032,112025,120719
032,112025,120721
032,112025,120723
032,112025,120725
032,112025,120727
032,112025,120732
032,112025,120737
032,112025,120740
032,112025,120741
032,112025,120742
032,112025,120743
032,112025,120745
032,112025,120752
032,112025,120754
032,112025,120758
032,112025,120766
032,112025,120772
032,112025,120775
032,112025,120778
032,112025,120779
032,112025,120780
032,112025,120781
032,112025,120782
032,112025,120783
032,112025,120785
032,112025,120786
032,112025,120788
032,112025,120789
032,112025,120790
032,112025,120791
032,112025,120792
032,112025,120793
032,112025,120794
032,112025,120795
032,112025,120796
032,112025,120797
032,112025,120798
032,112025,120799
032,112025,120800
032,112025,120804
032,112025,120805
032,112025,120806
032,112025,120807
032,112025,120808
032,112025,120809
032,112025,120810
032,112025,120811
032,112025,120812
032,112025,120813
032,112025,120814
032,112025,120815
032,112025,120816
032,112025,120817
032,112025,120818
032,112025,120819
032,112025,120820
032,112025,120821
032,112025,120823
032,112025,120829
032,112025,120832
032,112025,120845
032,112025,120846
032,112025,120857
032,112025,120859
032,112025,120863
032,112025,120869
032,112025,120877
032,112025,120879
032,112025,120884
032,112025,120886
032,112025,120887
032,112025,120889
032,112025,120891
032,112025,120893
032,112025,120895
032,112025,120897
032,112025,120898
032,112025,120899
032,112025,120902
032,112025,120904
032,112025,120910
032,112025,120913
032,112025,120915
032,112025,120918
032,112025,120920
032,112025,120925
032,112025,120934
032,112025,120935
032,112025,120947
032,112025,120952
032,112025,120954
032,112025,120956
032,112025,120964
032,112025,120966
032,112025,120967
032,112025,120969
032,112025,120971
032,112025,120975
032,112025,120976
032,112025,120977
032,112025,120978
032,112025,120979
032,112025,120980
032,112025,120981
032,112025,120982
032,112025,120983
032,112025,120984
032,112025,120985
032,112025,120988
032,112025,120990
032,112025,120992
032,112025,120997
032,112025,120999
032,112025,121003
032,112025,121004
032,112025,121006
032,112025,121007
032,112025,121008
032,112025,121009
032,112025,121010
032,112025,121011
032,112025,121013
032,112025,121015
032,112025,121017
032,112025,121033
032,112025,121046
032,112025,121053
032,112025,121058
032,112025,121075
032,112025,121083
032,112025,121087
032,112025,121096
032,112025,121103
032,112025,121105
032,112025,121107
032,112025,121108
032,112025,121110
032,112025,121111
032,112025,121112
032,112025,121114
032,112025,121115
032,112025,121116
032,112025,121121
032,112025,121123
032,112025,121124
032,112025,121125
032,112025,121126
032,112025,121128
032,112025,121129
032,112025,121136
032,112025,121137
032,112025,121138
032,112025,121146
032,112025,121147
032,112025,121150
032,112025,121152
032,112025,121153
032,112025,121154
032,112025,121159
032,112025,121167
032,112025,121176
032,112025,121184
032,112025,121187
032,112025,121188
032,112025,121189
032,112025,121191
032,112025,121231
032,112025,121233
032,112025,121234
032,112025,121238
032,112025,121266
032,112025,121267
032,112025,121270
032,112025,121272
032,112025,121273
032,112025,121274
032,112025,121275
032,112025,121276
032,112025,121278
032,112025,121279
032,112025,121283
032,112025,121285
032,112025,121286
032,112025,121288
032,112025,121289
032,112025,121290
032,112025,121291
032,112025,121296
032,112025,121297
032,112025,121299
032,112025,121301
032,112025,121303
032,112025,121305
032,112025,121306
032,112025,121308
032,112025,121309
032,112025,121310
032,112025,121312
032,112025,121314
032,112025,121316
032,112025,121318
032,112025,121319
032,112025,121320
032,112025,121321
032,112025,121323
032,112025,121324
032,112025,121325
032,112025,121326
032,112025,121330
032,112025,121331
032,112025,121337
032,112025,121349
032,112025,121352
032,112025,121353
032,112025,121358
032,112025,121360
032,112025,121364
032,112025,121367
032,112025,121373
032,112025,121389
032,112025,121390
032,112025,121393
032,112025,121402
032,112025,121405
032,112025,121407
032,112025,121408
032,112025,121410
032,112025,121413
032,112025,121414
032,112025,121418
032,112025,121424
032,112025,121428
032,112025,121432
032,112025,121434
032,112025,121444
032,112025,121445
032,112025,121446
032,112025,121447
032,112025,121451
032,112025,121454
032,112025,121460
032,112025,121461
032,112025,121467
032,112025,121468
032,112025,121474
032,112025,121475
032,112025,121482
032,112025,121484
032,112025,121485
032,112025,121491
032,112025,121492
032,112025,121493
032,112025,121494
032,112025,121497
032,112025,121498
032,112025,121509
032,112025,121510
032,112025,121511
032,112025,121515
032,112025,121521
032,112025,121522
032,112025,121524
032,112025,121526
032,112025,121533
032,112025,121534
032,112025,121538
032,112025,121540
032,112025,121548
032,112025,121550
032,112025,121553
032,112025,121555
032,112025,121560
032,112025,121561
032,112025,121567
032,112025,121578
032,112025,121579
032,112025,121581
032,112025,121582
032,112025,121586
032,112025,121589
032,112025,121595
032,112025,121600
032,112025,121609
032,112025,121615
032,112025,121632
032,112025,121645
032,112025,121665
032,112025,121667
032,112025,121669
032,112025,121670
032,112025,121671
032,112025,121675
032,112025,121682
032,112025,121683
032,112025,121684
032,112025,121687
032,112025,121691
032,112025,121694
032,112025,121696
032,112025,121697
032,112025,121698
032,112025,121713
032,112025,121714
032,112025,121716
032,112025,121728
032,112025,121729
032,112025,121744
032,112025,121745
032,112025,121746
032,112025,121748
032,112025,121749
032,112025,121750
032,112025,121751
032,112025,121753
032,112025,121756
032,112025,121757
032,112025,121758
032,112025,121759
032,112025,121762
032,112025,121763
032,112025,121766
032,112025,121768
032,112025,121769
032,112025,121770
032,112025,121773
032,112025,121774
032,112025,121778
032,112025,121779
032,112025,121780
032,112025,121781
032,112025,121783
032,112025,121785
032,112025,121787
032,112025,121788
032,112025,121810
032,112025,121811
032,112025,121812
032,112025,121813
032,112025,121814
032,112025,121815
032,112025,121816
032,112025,121817
032,112025,121818
032,112025,121819
032,112025,121820
032,112025,121821
032,112025,121822
032,112025,121823
032,112025,121824
032,112025,121826
032,112025,121827
032,112025,121828
032,112025,121829
032,112025,121830
032,112025,121831
032,112025,121832
032,112025,121833
032,112025,121835
032,112025,121839
032,112025,121841
032,112025,121843
032,112025,121844
032,112025,121845
032,112025,121846
032,112025,121848
032,112025,121849
032,112025,121850
032,112025,121852
032,112025,121854
032,112025,121855
032,112025,121856
032,112025,121858
032,112025,121859
032,112025,121860
032,112025,121862
032,112025,121863
032,112025,121867
032,112025,121868
032,112025,121869
032,112025,121872
032,112025,121873
032,112025,121875
032,112025,121876
032,112025,121880
032,112025,121883
032,112025,121884
032,112025,121885
032,112025,121886
032,112025,121888
032,112025,121889
032,112025,121890
032,112025,121897
032,112025,121908
032,112025,121909
032,112025,121912
032,112025,121913
032,112025,121914
032,112025,121916
032,112025,121917
032,112025,121918
032,112025,121919
032,112025,121920
032,112025,121921
032,112025,121926
032,112025,121927
032,112025,121928
032,112025,121930
032,112025,121934
032,112025,121936
032,112025,121945
032,112025,122028
032,112025,122034
032,112025,122036
032,112025,122040
032,112025,122051
032,112025,122054
032,112025,122055
032,112025,122058
032,112025,122059
032,112025,122066
032,112025,122068
032,112025,122069
032,112025,122070
032,112025,122072
032,112025,122075
032,112025,122077
032,112025,122088
032,112025,122090
032,112025,122094
032,112025,122095
032,112025,122101
032,112025,122107
032,112025,122111
032,112025,122116
032,112025,122118
032,112025,122120
032,112025,122121
032,112025,122124
032,112025,122126
032,112025,122135
032,112025,122139
032,112025,122153
032,112025,122156
032,112025,122160
032,112025,122161
032,112025,122162
032,112025,122163
032,112025,122164
032,112025,122165
032,112025,122166
032,112025,122167
032,112025,122168
032,112025,122169
032,112025,122170
032,112025,122171
032,112025,122172
032,112025,122173
032,112025,122174
032,112025,122175
032,112025,122176
032,112025,122177
032,112025,122178
032,112025,122191
032,112025,122193
032,112025,122194
032,112025,122195
032,112025,122203
032,112025,122211
032,112025,122215
032,112025,122216
032,112025,122218
032,112025,122223
032,112025,122229
032,112025,122242
032,112025,122244
032,112025,122247
032,112025,122250
032,112025,122253
032,112025,122255
032,112025,122259
032,112025,122260
032,112025,122261
032,112025,122262
032,112025,122265
032,112025,122268
032,112025,122270
032,112025,122276
032,112025,122277
032,112025,122282
032,112025,122285
032,112025,122286
032,112025,122287
032,112025,122288
032,112025,122291
032,112025,122293
032,112025,122295
032,112025,122309
032,112025,122311
032,112025,122312
032,112025,122313
032,112025,122314
032,112025,122315
032,112025,122319
032,112025,122320
032,112025,122326
032,112025,122328
032,112025,122354
032,112025,122356
032,112025,122357
032,112025,122358
032,112025,122359
032,112025,122361
032,112025,122363
032,112025,122372
032,112025,122373
032,112025,122374
032,112025,122376
032,112025,122379
032,112025,122380
032,112025,122391
032,112025,122397
032,112025,122398
032,112025,122399
032,112025,122400
032,112025,122401
032,112025,122402
032,112025,122403
032,112025,122406
032,112025,122408
032,112025,122409
032,112025,122410
032,112025,122412
032,112025,122415
032,112025,122416
032,112025,122417
032,112025,122422
032,112025,122423
032,112025,122424
032,112025,122426
032,112025,122427
032,112025,122428
032,112025,122429
032,112025,122430
032,112025,122439
032,112025,122440
032,112025,122441
032,112025,122442
032,112025,122444
032,112025,122445
032,112025,122446
032,112025,122447
032,112025,122448
032,112025,122450
032,112025,122457
032,112025,122462
032,112025,122464
032,112025,122465
032,112025,122468
032,112025,122470
032,112025,122472
032,112025,122473
032,112025,122474
032,112025,122476
032,112025,122477
032,112025,122478
032,112025,122485
032,112025,122491
032,112025,122495
032,112025,122497
032,112025,122499
032,112025,122500
032,112025,122501
032,112025,122502
032,112025,122503
032,112025,122504
032,112025,122505
032,112025,122506
032,112025,122507
032,112025,122508
032,112025,122509
032,112025,122510
032,112025,122511
032,112025,122512
032,112025,122514
032,112025,122515
032,112025,122516
032,112025,122517
032,112025,122518
032,112025,122520
032,112025,122521
032,112025,122525
032,112025,122527
032,112025,122528
032,112025,122529
032,112025,122531
032,112025,122535
032,112025,122536
032,112025,122538
032,112025,122541
032,112025,122543
032,112025,122545
032,112025,122546
032,112025,122547
032,112025,122548
032,112025,122558
032,112025,122562
032,112025,122567
032,112025,122568
032,112025,122573
032,112025,122574
032,112025,122575
032,112025,122577
032,112025,122578
032,112025,122581
032,112025,122591
032,112025,122592
032,112025,122593
032,112025,122598
032,112025,122605
032,112025,122606
032,112025,122612
032,112025,122613
032,112025,122614
032,112025,122615
032,112025,122621
032,112025,122623
032,112025,122624
032,112025,122626
032,112025,122661
032,112025,122669
032,112025,122670
032,112025,122671
032,112025,122672
032,112025,122676
032,112025,122677
032,112025,122680
032,112025,122689
032,112025,122696
032,112025,122697
032,112025,122702
032,112025,122706
032,112025,122708
032,112025,122711
032,112025,122720
032,112025,122730
032,112025,122731
032,112025,122738
032,112025,122742
032,112025,122749
032,112025,122754
032,112025,122755
032,112025,122756
032,112025,122757
032,112025,122758
032,112025,122759
032,112025,122763
032,112025,122764
032,112025,122774
032,112025,122777
032,112025,122780
032,112025,122782
032,112025,122783
032,112025,122784
032,112025,122785
032,112025,122786
032,112025,122787
032,112025,122789
032,112025,122790
032,112025,122791
032,112025,122793
032,112025,122795
032,112025,122796
032,112025,122797
032,112025,122810
032,112025,122812
032,112025,122814
032,112025,122815
032,112025,122818
032,112025,122820
032,112025,122828
032,112025,122834
032,112025,122836
032,112025,122839
032,112025,122842
032,112025,122843
032,112025,122845
032,112025,122846
032,112025,122850
032,112025,122853
032,112025,122855
032,112025,122859
032,112025,122861
032,112025,122869
032,112025,122874
032,112025,122877
032,112025,122878
032,112025,122879
032,112025,122880
032,112025,122881
032,112025,122888
032,112025,122891
032,112025,122897
032,112025,122898
032,112025,122902
032,112025,122903
032,112025,122928
032,112025,122930
032,112025,122940
032,112025,122941
032,112025,122942
032,112025,122955
032,112025,122956
032,112025,122967
032,112025,122971
032,112025,122972
032,112025,122973
032,112025,122977
032,112025,122983
032,112025,122989
032,112025,122992
032,112025,122999
032,112025,123004
032,112025,123005
032,112025,123010
032,112025,123014
032,112025,123021
032,112025,123023
032,112025,123028
032,112025,123032
032,112025,123035
032,112025,123040
032,112025,123043
032,112025,123052
032,112025,123055
032,112025,123066
032,112025,123071
032,112025,123077
032,112025,123079
032,112025,123081
032,112025,123082
032,112025,123083
032,112025,123088
032,112025,123090
032,112025,123093
032,112025,123099
032,112025,123111
032,112025,123115
032,112025,123117
032,112025,123126
032,112025,123128
032,112025,123129
032,112025,123130
032,112025,123133
032,112025,123136
032,112025,123139
032,112025,123145
032,112025,123151
032,112025,123153
032,112025,123154
032,112025,123156
032,112025,123160
032,112025,123163
032,112025,123164
032,112025,123168
032,112025,123176
032,112025,123188
032,112025,123190
032,112025,123192
032,112025,123193
032,112025,123194
032,112025,123208
032,112025,123212
032,112025,123217
032,112025,123218
032,112025,123221
032,112025,123229
032,112025,123236
032,112025,123237
032,112025,123238
032,112025,123239
032,112025,123242
032,112025,123243
032,112025,123245
032,112025,123246
032,112025,123247
032,112025,123252
032,112025,123254
032,112025,123263
032,112025,123265
032,112025,123270
032,112025,123272
032,112025,123273
032,112025,123274
032,112025,123275
032,112025,123277
032,112025,123280
032,112025,123281
032,112025,123282
032,112025,123285
032,112025,123296
032,112025,123297
032,112025,123299
032,112025,123306
032,112025,123307
032,112025,123318
032,112025,123319
032,112025,123324
032,112025,123327
032,112025,123331
032,112025,123333
032,112025,123341
032,112025,123342
032,112025,123343
032,112025,123346
032,112025,123347
032,112025,123348
032,112025,123349
032,112025,123350
032,112025,123351
032,112025,123355
032,112025,123356
032,112025,123359
032,112025,123360
032,112025,123361
032,112025,123370
032,112025,123371
032,112025,123373
032,112025,123374
032,112025,123375
032,112025,123376
032,112025,123380
032,112025,123382
032,112025,123383
032,112025,123384
032,112025,123385
032,112025,123387
032,112025,123388
032,112025,123389
032,112025,123390
032,112025,123391
032,112025,123393
032,112025,123399
032,112025,123400
032,112025,123406
032,112025,123407
032,112025,123408
032,112025,123409
032,112025,123411
032,112025,123412
032,112025,123414
032,112025,123415
032,112025,123416
032,112025,123419
032,112025,123420
032,112025,123421
032,112025,123422
032,112025,123424
032,112025,123427
032,112025,123428
032,112025,123429
032,112025,123430
032,112025,123431
032,112025,123432
032,112025,123433
032,112025,123435
032,112025,123436
032,112025,123437
032,112025,123438
032,112025,123439
032,112025,123440
032,112025,123441
032,112025,123442
032,112025,123447
032,112025,123449
032,112025,123450
032,112025,123451
032,112025,123454
032,112025,123458
032,112025,123459
032,112025,123464
032,112025,123466
032,112025,123467
032,112025,123468
032,112025,123469
032,112025,123470
032,112025,123471
032,112025,123472
032,112025,123473
032,112025,123474
032,112025,123475
032,112025,123476
032,112025,123477
032,112025,123478
032,112025,123479
032,112025,123480
032,112025,123481
032,112025,123482
032,112025,123483
032,112025,123484
032,112025,123485
032,112025,123486
032,112025,123487
032,112025,123488
032,112025,123489
032,112025,123490
032,112025,123491
032,112025,123492
032,112025,123493
032,112025,123494
032,112025,123495
032,112025,123497
032,112025,123498
032,112025,123499
032,112025,123500
032,112025,123501
032,112025,123502
032,112025,123503
032,112025,123504
032,112025,123505
032,112025,123506
032,112025,123507
032,112025,123508
032,112025,123509
032,112025,123511
032,112025,123512
032,112025,123513
032,112025,123514
032,112025,123515
032,112025,123516
032,112025,123539
032,112025,123540
032,112025,123542
032,112025,123543
032,112025,123544
032,112025,123545
032,112025,123547
032,112025,123548
032,112025,123550
032,112025,123551
032,112025,123552
032,112025,123554
032,112025,123555
032,112025,123556
032,112025,123557
032,112025,123558
032,112025,123559
032,112025,123560
032,112025,123561
032,112025,123562
032,112025,123563
032,112025,123564
032,112025,123566
032,112025,123567
032,112025,123569
032,112025,123570
032,112025,123571
032,112025,123572
032,112025,123583
032,112025,123584
032,112025,123585
032,112025,123586
032,112025,123602
032,112025,123603
032,112025,123604
032,112025,123605
032,112025,123606
032,112025,123612
032,112025,123617
032,112025,123621
032,112025,123623
032,112025,123624
032,112025,123625
032,112025,123626
032,112025,123628
032,112025,123629
032,112025,123630
032,112025,123631
032,112025,123632
032,112025,123633
032,112025,123634
032,112025,123637
032,112025,123644
032,112025,123645
032,112025,123646
032,112025,123649
032,112025,123650
032,112025,123651
032,112025,123654
032,112025,123655
032,112025,123656
032,112025,123659
032,112025,123660
032,112025,123667
032,112025,123668
032,112025,123670
032,112025,123671
032,112025,123672
032,112025,123673
032,112025,123676
032,112025,123677
032,112025,123678
032,112025,123679
032,112025,123680
032,112025,123681
032,112025,123689
032,112025,123691
032,112025,123693
032,112025,123694
032,112025,123695
032,112025,123697
032,112025,123698
032,112025,123699
032,112025,123700
032,112025,123703
032,112025,123704
032,112025,123705
032,112025,123706
032,112025,123708
032,112025,123717
032,112025,123721
032,112025,123723
032,112025,123731
032,112025,123733
032,112025,123734
032,112025,123738
032,112025,123739
032,112025,123740
032,112025,123743
032,112025,123744
032,112025,123745
032,112025,123747
032,112025,123748
032,112025,123749
032,112025,123750
032,112025,123755
032,112025,123758
032,112025,123760
032,112025,123762
032,112025,123763
032,112025,123764
032,112025,123765
032,112025,123766
032,112025,123768
032,112025,123770
032,112025,123771
032,112025,123772
032,112025,123773
032,112025,123775
032,112025,123776
032,112025,123777
032,112025,123778
032,112025,123779
032,112025,123780
032,112025,123783
032,112025,123784
032,112025,123789
032,112025,123790
032,112025,123791
032,112025,123792
032,112025,123793
032,112025,123795
032,112025,123809
032,112025,123811
032,112025,123812
032,112025,123813
032,112025,123815
032,112025,123816
032,112025,123818
032,112025,123819
032,112025,123820
032,112025,123821
032,112025,123825
032,112025,123827
032,112025,123828
032,112025,123829
032,112025,123830
032,112025,123832
032,112025,123833
032,112025,123834
032,112025,123835
032,112025,123836
032,112025,123837
032,112025,123838
032,112025,123839
032,112025,123840
032,112025,123841
032,112025,123860
032,112025,123864
032,112025,123875
032,112025,123876
032,112025,123878
032,112025,123884
032,112025,123894
032,112025,123902
032,112025,123904
032,112025,123905
032,112025,123909
032,112025,123910
032,112025,123919
032,112025,123920
032,112025,123923
032,112025,123927
032,112025,123933
032,112025,123935
032,112025,123940
032,112025,123942
032,112025,123943
032,112025,123947
032,112025,123948
032,112025,123952
032,112025,123955
032,112025,123956
032,112025,123957
032,112025,123964
032,112025,123966
032,112025,123968
032,112025,123972
032,112025,123975
032,112025,123976
032,112025,123980
032,112025,123981
032,112025,123982
032,112025,123984
032,112025,123985
032,112025,123988
032,112025,123989
032,112025,123990
032,112025,123994
032,112025,123995
032,112025,123999
032,112025,124000
032,112025,124002
032,112025,124005
032,112025,124006
032,112025,124007
032,112025,124009
032,112025,124026
032,112025,124030
032,112025,124040
032,112025,124042
032,112025,124045
032,112025,124049
032,112025,124050
032,112025,124052
032,112025,124058
032,112025,124059
032,112025,124061
032,112025,124064
032,112025,124065
032,112025,124066
032,112025,124072
032,112025,124073
032,112025,124078
032,112025,124082
032,112025,124084
032,112025,124086
032,112025,124089
032,112025,124091
032,112025,124092
032,112025,124093
032,112025,124095
032,112025,124106
032,112025,124107
032,112025,124108
032,112025,124111
032,112025,124112
032,112025,124115
032,112025,124117
032,112025,124118
032,112025,124119
032,112025,124120
032,112025,124125
032,112025,124127
032,112025,124128
032,112025,124129
032,112025,124130
032,112025,124131
032,112025,124132
032,112025,124133
032,112025,124134
032,112025,124135
032,112025,124136
032,112025,124137
032,112025,124138
032,112025,124139
032,112025,124140
032,112025,124141
032,112025,124142
032,112025,124143
032,112025,124144
032,112025,124145
032,112025,124146
032,112025,124147
032,112025,124148
032,112025,124150
032,112025,124151
032,112025,124152
032,112025,124153
032,112025,124154
032,112025,124155
032,112025,124156
032,112025,124159
032,112025,124160
032,112025,124162
032,112025,124164
032,112025,124166
032,112025,124167
032,112025,124168
032,112025,124169
032,112025,124170
032,112025,124171
032,112025,124172
032,112025,124173
032,112025,124174
032,112025,124175
032,112025,124176
032,112025,124177
032,112025,124179
032,112025,124180
032,112025,124181
032,112025,124182
032,112025,124183
032,112025,124184
032,112025,124186
032,112025,124187
032,112025,124188
032,112025,124191
032,112025,124192
032,112025,124194
032,112025,124195
032,112025,124200
032,112025,124205
032,112025,124207
032,112025,124209
032,112025,124210
032,112025,124211
032,112025,124212
032,112025,124213
032,112025,124214
032,112025,124215
032,112025,124216
032,112025,124217
032,112025,124219
032,112025,124220
032,112025,124222
032,112025,124227
032,112025,124229
032,112025,124230
032,112025,124231
032,112025,124232
032,112025,124236
032,112025,124238
032,112025,124239
032,112025,124240
032,112025,124241
032,112025,124242
032,112025,124243
032,112025,124245
032,112025,124246
032,112025,124247
032,112025,124248
032,112025,124250
032,112025,124251
032,112025,124252
032,112025,124253
032,112025,124254
032,112025,124255
032,112025,124256
032,112025,124257
032,112025,124258
032,112025,124259
032,112025,124260
032,112025,124261
032,112025,124262
032,112025,124264
032,112025,124266
032,112025,124271
032,112025,124272
032,112025,124274
032,112025,124277
032,112025,124278
032,112025,124282
032,112025,124284
032,112025,124285
032,112025,124295
032,112025,124296
032,112025,124300
032,112025,124303
032,112025,124305
032,112025,124306
032,112025,124309
032,112025,124310
032,112025,124311
032,112025,124312
032,112025,124315
032,112025,124316
032,112025,124322
032,112025,124327
032,112025,124330
032,112025,124332
032,112025,124333
032,112025,124334
032,112025,124335
032,112025,124338
032,112025,124339
032,112025,124342
032,112025,124343
032,112025,124345
032,112025,124374
032,112025,124376
032,112025,124377
032,112025,124380
032,112025,124389
032,112025,124396
032,112025,124399
032,112025,124401
032,112025,124403
032,112025,124404
032,112025,124405
032,112025,124409
032,112025,124410
032,112025,124413
032,112025,124415
032,112025,124418
032,112025,124419
032,112025,124425
032,112025,124431
032,112025,124437
032,112025,124438
032,112025,124439
032,112025,124442
032,112025,124443
032,112025,124444
032,112025,124445
032,112025,124446
032,112025,124450
032,112025,124451
032,112025,124454
032,112025,124455
032,112025,124457
032,112025,124459
032,112025,124460
032,112025,124461
032,112025,124463
032,112025,124464
032,112025,124466
032,112025,124467
032,112025,124468
032,112025,124469
032,112025,124470
032,112025,124471
032,112025,124477
032,112025,124478
032,112025,124479
032,112025,124480
032,112025,124482
032,112025,124483
032,112025,124485
032,112025,124487
032,112025,124490
032,112025,124493
032,112025,124494
032,112025,124495
032,112025,124496
032,112025,124502
032,112025,124504
032,112025,124508
032,112025,124509
032,112025,124510
032,112025,124511
032,112025,124512
032,112025,124519
032,112025,124520
032,112025,124521
032,112025,124523
032,112025,124524
032,112025,124525
032,112025,124528
032,112025,124530
032,112025,124532
032,112025,124533
032,112025,124538
032,112025,124545
032,112025,124547
032,112025,124548
032,112025,124550
032,112025,124552
032,112025,124555
032,112025,124562
032,112025,124569
032,112025,124570
032,112025,124571
032,112025,124572
032,112025,124574
032,112025,124577
032,112025,124592
032,112025,124594
032,112025,124598
032,112025,124599
032,112025,124600
032,112025,124601
032,112025,124602
032,112025,124603
032,112025,124617
032,112025,124618
032,112025,124619
032,112025,124621
032,112025,124625
032,112025,124633
032,112025,124634
032,112025,124636
032,112025,124639
032,112025,124652
032,112025,124659
032,112025,124661
032,112025,124662
032,112025,124668
032,112025,124669
032,112025,124671
032,112025,124677
032,112025,124678
032,112025,124690
032,112025,124700
032,112025,124702
032,112025,124705
032,112025,124711
032,112025,124712
032,112025,124713
032,112025,124728
032,112025,124732
032,112025,124739
032,112025,124741
032,112025,124745
032,112025,124747
032,112025,124750
032,112025,124754
032,112025,124757
032,112025,124758
032,112025,124759
032,112025,124762
032,112025,124773
032,112025,124777
032,112025,124779
032,112025,124784
032,112025,124785
032,112025,124788
032,112025,124789
032,112025,124791
032,112025,124798
032,112025,124799
032,112025,124800
032,112025,124801
032,112025,124804
032,112025,124805
032,112025,124806
032,112025,124807
032,112025,124813
032,112025,124817
032,112025,124820
032,112025,124826
032,112025,124829
032,112025,124835
032,112025,124836
032,112025,124837
032,112025,124844
032,112025,124851
032,112025,124852
032,112025,124854
032,112025,124856
032,112025,124857
032,112025,124858
032,112025,124860
032,112025,124862
032,112025,124864
032,112025,124871
032,112025,124872
032,112025,124879
032,112025,124883
032,112025,124889
032,112025,124898
032,112025,124900
032,112025,124903
032,112025,124905
032,112025,124909
032,112025,124914
032,112025,124915
032,112025,124917
032,112025,124919
032,112025,124920
032,112025,124925
032,112025,124931
032,112025,124934
032,112025,124935
032,112025,124937
032,112025,124941
032,112025,124942
032,112025,124943
032,112025,124944
032,112025,124945
032,112025,124946
032,112025,124947
032,112025,124949
032,112025,124950
032,112025,124951
032,112025,124958
032,112025,124963
032,112025,124965
032,112025,124966
032,112025,124967
032,112025,124968
032,112025,124969
032,112025,124970
032,112025,124971
032,112025,124972
032,112025,124979
032,112025,124985
032,112025,124986
032,112025,124987
032,112025,124991
032,112025,125013
032,112025,125016
032,112025,125022
032,112025,125023
032,112025,125025
032,112025,125027
032,112025,125028
032,112025,125031
032,112025,125033
032,112025,125035
032,112025,125040
032,112025,125042
032,112025,125045
032,112025,125049
032,112025,125054
032,112025,125055
032,112025,125061
032,112025,125067
032,112025,125068
032,112025,125069
032,112025,125070
032,112025,125072
032,112025,125075
032,112025,125076
032,112025,125077
032,112025,125078
032,112025,125079
032,112025,125080
032,112025,125081
032,112025,125082
032,112025,125083
032,112025,125084
032,112025,125085
032,112025,125086
032,112025,125089
032,112025,125095
032,112025,125106
032,112025,125107
032,112025,125111
032,112025,125112
032,112025,125114
032,112025,125115
032,112025,125117
032,112025,125119
032,112025,125125
032,112025,125126
032,112025,125130
032,112025,125131
032,112025,125134
032,112025,125138
032,112025,125140
032,112025,125143
032,112025,125144
032,112025,125146
032,112025,125150
032,112025,125151
032,112025,125166
032,112025,125176
032,112025,125177
032,112025,125181
032,112025,125182
032,112025,125184
032,112025,125186
032,112025,125190
032,112025,125193
032,112025,125195
032,112025,125196
032,112025,125204
032,112025,125205
032,112025,125207
032,112025,125209
032,112025,125211
032,112025,125212
032,112025,125214
032,112025,125215
032,112025,125216
032,112025,125220
032,112025,125227
032,112025,125229
032,112025,125232
032,112025,125234
032,112025,125239
032,112025,125241
032,112025,125242
032,112025,125243
032,112025,125244
032,112025,125246
032,112025,125249
032,112025,125251
032,112025,125254
032,112025,125256
032,112025,125257
032,112025,125260
032,112025,125263
032,112025,125277
032,112025,125288
032,112025,125293
032,112025,125294
032,112025,125296
032,112025,125300
032,112025,125308
032,112025,125310
032,112025,125311
032,112025,125312
032,112025,125315
032,112025,125317
032,112025,125319
032,112025,125335
032,112025,125343
032,112025,125344
032,112025,125352
032,112025,125362
032,112025,125363
032,112025,125367
032,112025,125368
032,112025,125376
032,112025,125377
032,112025,125383
032,112025,125390
032,112025,125391
032,112025,125397
032,112025,125400
032,112025,125409
032,112025,125413
032,112025,125414
032,112025,125415
032,112025,125417
032,112025,125422
032,112025,125424
032,112025,125429
032,112025,125430
032,112025,125433
032,112025,125434
032,112025,125439
032,112025,125440
032,112025,125442
032,112025,125446
032,112025,125455
032,112025,125460
032,112025,125461
032,112025,125463
032,112025,125464
032,112025,125467
032,112025,125468
032,112025,125470
032,112025,125471
032,112025,125472
032,112025,125473
032,112025,125478
032,112025,125481
032,112025,125483
032,112025,125489
032,112025,125491
032,112025,125493
032,112025,125498
032,112025,125501
032,112025,125507
032,112025,125510
032,112025,125519
032,112025,125521
032,112025,125523
032,112025,125524
032,112025,125530
032,112025,125535
032,112025,125536
032,112025,125541
032,112025,125542
032,112025,125544
032,112025,125546
032,112025,125552
032,112025,125553
032,112025,125554
032,112025,125556
032,112025,125563
032,112025,125566
032,112025,125568
032,112025,125577
032,112025,125589
032,112025,125591
032,112025,125592
032,112025,125594
032,112025,125597
032,112025,125603
032,112025,125605
032,112025,125615
032,112025,125626
032,112025,125627
032,112025,125633
032,112025,125636
032,112025,125639
032,112025,125641
032,112025,125644
032,112025,125646
032,112025,125655
032,112025,125657
032,112025,125671
032,112025,125672
032,112025,125676
032,112025,125681
032,112025,125687
032,112025,125704
032,112025,125711
032,112025,125716
032,112025,125722
032,112025,125724
032,112025,125725
032,112025,125727
032,112025,125740
032,112025,125741
032,112025,125746
032,112025,125757
032,112025,125759
032,112025,125760
032,112025,125765
032,112025,125768
032,112025,125771
032,112025,125772
032,112025,125782
032,112025,125787
032,112025,125791
032,112025,125794
032,112025,125795
032,112025,125801
032,112025,125810
032,112025,125811
032,112025,125814
032,112025,125820
032,112025,125822
032,112025,125823
032,112025,125824
032,112025,125825
032,112025,125826
032,112025,125828
032,112025,125829
032,112025,125832
032,112025,125834
032,112025,125835
032,112025,125840
032,112025,125841
032,112025,125842
032,112025,125844
032,112025,125845
032,112025,125846
032,112025,125847
032,112025,125848
032,112025,125849
032,112025,125850
032,112025,125851
032,112025,125852
032,112025,125853
032,112025,125854
032,112025,125856
032,112025,125857
032,112025,125858
032,112025,125859
032,112025,125862
032,112025,125863
032,112025,125864
032,112025,125865
032,112025,125867
032,112025,125868
032,112025,125869
032,112025,125871
032,112025,125872
032,112025,125874
032,112025,125875
032,112025,125876
032,112025,125878
032,112025,125879
032,112025,125880
032,112025,125881
032,112025,125882
032,112025,125883
032,112025,125884
032,112025,125885
032,112025,125887
032,112025,125888
032,112025,125889
032,112025,125890
032,112025,125891
032,112025,125892
032,112025,125893
032,112025,125895
032,112025,125896
032,112025,125897
032,112025,125898
032,112025,125899
032,112025,125900
032,112025,125901
032,112025,125902
032,112025,125903
032,112025,125904
032,112025,125905
032,112025,125906
032,112025,125907
032,112025,125908
032,112025,125909
032,112025,125910
032,112025,125911
032,112025,125912
032,112025,125914
032,112025,125915
032,112025,125916
032,112025,125917
032,112025,125918
032,112025,125919
032,112025,125920
032,112025,125921
032,112025,125922
032,112025,125923
032,112025,125924
032,112025,125925
032,112025,125926
032,112025,125929
032,112025,125931
032,112025,125932
032,112025,125934
032,112025,125935
032,112025,125937
032,112025,125939
032,112025,125940
032,112025,125941
032,112025,125942
032,112025,125944
032,112025,125946
032,112025,125947
032,112025,125948
032,112025,125949
032,112025,125951
032,112025,125952
032,112025,125953
032,112025,125954
032,112025,125955
032,112025,125956
032,112025,125958
032,112025,125959
032,112025,125960
032,112025,125962
032,112025,125963
032,112025,125964
032,112025,125965
032,112025,125966
032,112025,125967
032,112025,125968
032,112025,125970
032,112025,125971
032,112025,125972
032,112025,125973
032,112025,125974
032,112025,125975
032,112025,125977
032,112025,125979
032,112025,125981
032,112025,125982
032,112025,125983
032,112025,125984
032,112025,125985
032,112025,125987
032,112025,125988
032,112025,125989
032,112025,125990
032,112025,125991
032,112025,125992
032,112025,125993
032,112025,125995
032,112025,125996
032,112025,125998
032,112025,126001
032,112025,126003
032,112025,126004
032,112025,126005
032,112025,126006
032,112025,126007
032,112025,126008
032,112025,126009
032,112025,126011
032,112025,126012
032,112025,126017
032,112025,126022
032,112025,126023
032,112025,126024
032,112025,126025
032,112025,126026
032,112025,126028
032,112025,126029
032,112025,126030
032,112025,126031
032,112025,126032
032,112025,126033
032,112025,126034
032,112025,126035
032,112025,126036
032,112025,126037
032,112025,126038
032,112025,126039
032,112025,126040
032,112025,126043
032,112025,126045
032,112025,126049
032,112025,126051
032,112025,126052
032,112025,126053
032,112025,126054
032,112025,126055
032,112025,126056
032,112025,126057
032,112025,126058
032,112025,126059
032,112025,126060
032,112025,126061
032,112025,126062
032,112025,126063
032,112025,126064
032,112025,126065
032,112025,126066
032,112025,126067
032,112025,126068
032,112025,126069
032,112025,126070
032,112025,126071
032,112025,126072
032,112025,126073
032,112025,126074
032,112025,126075
032,112025,126076
032,112025,126077
032,112025,126078
032,112025,126079
032,112025,126080
032,112025,126081
032,112025,126082
032,112025,126083
032,112025,126084
032,112025,126085
032,112025,126086
032,112025,126087
032,112025,126088
032,112025,126090
032,112025,126092
032,112025,126093
032,112025,126094
032,112025,126095
032,112025,126096
032,112025,126098
032,112025,126099
032,112025,126101
032,112025,126102
032,112025,126103
032,112025,126105
032,112025,126107
032,112025,126108
032,112025,126109
032,112025,126110
032,112025,126111
032,112025,126112
032,112025,126113
032,112025,126114
032,112025,126115
032,112025,126116
032,112025,126118
032,112025,126119
032,112025,126120
032,112025,126121
032,112025,126122
032,112025,126123
032,112025,126124
032,112025,126125
032,112025,126126
032,112025,126127
032,112025,126128
032,112025,126129
032,112025,126130
032,112025,126131
032,112025,126132
032,112025,126133
032,112025,126134
032,112025,126135
032,112025,126136
032,112025,126137
032,112025,126138
032,112025,126139
032,112025,126140
032,112025,126141
032,112025,126143
032,112025,126144
032,112025,126145
032,112025,126146
032,112025,126147
032,112025,126148
032,112025,126149
032,112025,126150
032,112025,126151
032,112025,126152
032,112025,126153
032,112025,126154
032,112025,126155
032,112025,126156
032,112025,126157
032,112025,126158
032,112025,126160
032,112025,126161
032,112025,126162
032,112025,126163
032,112025,126164
032,112025,126165
032,112025,126166
032,112025,126167
032,112025,126168
032,112025,126169
032,112025,126170
032,112025,126171
032,112025,126172
032,112025,126173
032,112025,126174
032,112025,126175
032,112025,126176
032,112025,126177
032,112025,126178
032,112025,126179
032,112025,126180
032,112025,126181
032,112025,126182
032,112025,126183
032,112025,126184
032,112025,126185
032,112025,126186
032,112025,126187
032,112025,126188
032,112025,126189
032,112025,126190
032,112025,126191
032,112025,126192
032,112025,126193
032,112025,126196
032,112025,126197
032,112025,126198
032,112025,126199
032,112025,126200
032,112025,126201
032,112025,126202
032,112025,126204
032,112025,126206
032,112025,126207
032,112025,126208
032,112025,126209
032,112025,126210
032,112025,126211
032,112025,126212
032,112025,126213
032,112025,126214
032,112025,126215
032,112025,126216
032,112025,126217
032,112025,126219
032,112025,126220
032,112025,126221
032,112025,126222
032,112025,126223
032,112025,126224
032,112025,126225
032,112025,126226
032,112025,126227
032,112025,126228
032,112025,126229
032,112025,126230
032,112025,126231
032,112025,126232
032,112025,126233
032,112025,126234
032,112025,126235
032,112025,126236
032,112025,126237
032,112025,126238
032,112025,126239
032,112025,126240
032,112025,126241
032,112025,126242
032,112025,126243
032,112025,126244
032,112025,126246
032,112025,126247
032,112025,126248
032,112025,126249
032,112025,126250
032,112025,126253
032,112025,126254
032,112025,126255
032,112025,126257
032,112025,126258
032,112025,126259
032,112025,126260
032,112025,126261
032,112025,126262
032,112025,126263
032,112025,126264
032,112025,126265
032,112025,126266
032,112025,126267
032,112025,126269
032,112025,126270
032,112025,126271
032,112025,126272
032,112025,126273
032,112025,126275
032,112025,126276
032,112025,126277
032,112025,126278
032,112025,126279
032,112025,126280
032,112025,126281
032,112025,126282
032,112025,126283
032,112025,126284
032,112025,126285
032,112025,126286
032,112025,126287
032,112025,126288
032,112025,126290
032,112025,126291
032,112025,126293
032,112025,126294
032,112025,126295
032,112025,126296
032,112025,126297
032,112025,126298
032,112025,126299
032,112025,126300
032,112025,126301
032,112025,126302
032,112025,126303
032,112025,126304
032,112025,126305
032,112025,126306
032,112025,126307
032,112025,126308
032,112025,126310
032,112025,126311
032,112025,126313
032,112025,126314
032,112025,126315
032,112025,126316
032,112025,126317
032,112025,126318
032,112025,126319
032,112025,126320
032,112025,126321
032,112025,126322
032,112025,126323
032,112025,126324
032,112025,126325
032,112025,126327
032,112025,126328
032,112025,126329
032,112025,126330
032,112025,126331
032,112025,126332
032,112025,126333
032,112025,126334
032,112025,126335
032,112025,126336
032,112025,126337
032,112025,126338
032,112025,126339
032,112025,126340
032,112025,126341
032,112025,126342
032,112025,126343
032,112025,126344
032,112025,126346
032,112025,126347
032,112025,126349
032,112025,126351
032,112025,126352
032,112025,126353
032,112025,126354
032,112025,126355
032,112025,126356
032,112025,126357
032,112025,126359
032,112025,126360
032,112025,126362
032,112025,126363
032,112025,126364
032,112025,126365
032,112025,126366
032,112025,126367
032,112025,126369
032,112025,126370
032,112025,126371
032,112025,126373
032,112025,126375
032,112025,126379
032,112025,126380
032,112025,126381
032,112025,126382
032,112025,126383
032,112025,126384
032,112025,126385
032,112025,126387
032,112025,126388
032,112025,126389
032,112025,126390
032,112025,126391
032,112025,126392
032,112025,126393
032,112025,126394
032,112025,126396
032,112025,126397
032,112025,126398
032,112025,126399
032,112025,126400
032,112025,126401
032,112025,126402
032,112025,126403
032,112025,126404
032,112025,126405
032,112025,126406
032,112025,126407
032,112025,126408
032,112025,126409
032,112025,126410
032,112025,126411
032,112025,126412
032,112025,126415
032,112025,126416
032,112025,126417
032,112025,126418
032,112025,126419
032,112025,126420
032,112025,126421
032,112025,126423
032,112025,126424
032,112025,126425
032,112025,126426
032,112025,126427
032,112025,126428
032,112025,126429
032,112025,126430
032,112025,126431
032,112025,126433
032,112025,126434
032,112025,126437
032,112025,126438
032,112025,126441
032,112025,126442
032,112025,126444
032,112025,126447
032,112025,126448
032,112025,126450
032,112025,126451
032,112025,126452
032,112025,126453
032,112025,126454
032,112025,126455
032,112025,126456
032,112025,126457
032,112025,126458
032,112025,126459
032,112025,126460
032,112025,126461
032,112025,126462
032,112025,126463
032,112025,126464
032,112025,126465
032,112025,126466
032,112025,126468
032,112025,126469
032,112025,126470
032,112025,126471
032,112025,126473
032,112025,126474
032,112025,126476
032,112025,126477
032,112025,126478
032,112025,126479
032,112025,126480
032,112025,126483
032,112025,126484
032,112025,126485
032,112025,126486
032,112025,126487
032,112025,126488
032,112025,126490
032,112025,126491
032,112025,126492
032,112025,126493
032,112025,126494
032,112025,126495
032,112025,126496
032,112025,126497
032,112025,126498
032,112025,126499
032,112025,126500
032,112025,126501
032,112025,126503
032,112025,126504
032,112025,126505
032,112025,126506
032,112025,126507
032,112025,126508
032,112025,126509
032,112025,126510
032,112025,126511
032,112025,126512
032,112025,126513
032,112025,126514
032,112025,126515
032,112025,126517
032,112025,126520
032,112025,126521
032,112025,126522
032,112025,126523
032,112025,126524
032,112025,126525
032,112025,126528
032,112025,126533
032,112025,126534
032,112025,126536
032,112025,126537
032,112025,126538
032,112025,126539
032,112025,126540
032,112025,126541
032,112025,126542
032,112025,126543
032,112025,126544
032,112025,126545
032,112025,126546
032,112025,126547
032,112025,126548
032,112025,126549
032,112025,126550
032,112025,126551
032,112025,126552
032,112025,126553
032,112025,126554
032,112025,126555
032,112025,126556
032,112025,126557
032,112025,126558
032,112025,126559
032,112025,126560
032,112025,126561
032,112025,126562
032,112025,126563
032,112025,126564
032,112025,126565
032,112025,126566
032,112025,126567
032,112025,126568
032,112025,126569
032,112025,126570
032,112025,126571
032,112025,126572
032,112025,126573
032,112025,126574
032,112025,126575
032,112025,126576
032,112025,126577
032,112025,126578
032,112025,126579
032,112025,126580
032,112025,126581
032,112025,126582
032,112025,126583
032,112025,126584
032,112025,126585
032,112025,126587
032,112025,126588
032,112025,126589
032,112025,126590
032,112025,126593
032,112025,126596
032,112025,126597
032,112025,126598
032,112025,126599
032,112025,126602
032,112025,126603
032,112025,126605
032,112025,126607
032,112025,126608
032,112025,126609
032,112025,126610
032,112025,126611
032,112025,126612
032,112025,126613
032,112025,126614
032,112025,126616
032,112025,126618
032,112025,126619
032,112025,126621
032,112025,126622
032,112025,126623
032,112025,126624
032,112025,126626
032,112025,126627
032,112025,126628
032,112025,126630
032,112025,126631
032,112025,126632
032,112025,126633
032,112025,126634
032,112025,126635
032,112025,126636
032,112025,126637
032,112025,126638
032,112025,126640
032,112025,126641
032,112025,126644
032,112025,126645
032,112025,126646
032,112025,126647
032,112025,126648
032,112025,126649
032,112025,126650
032,112025,126651
032,112025,126652
032,112025,126654
032,112025,126655
032,112025,126656
032,112025,126657
032,112025,126658
032,112025,126661
032,112025,126662
032,112025,126663
032,112025,126664
032,112025,126665
032,112025,126666
032,112025,126667
032,112025,126668
032,112025,126669
032,112025,126670
032,112025,126671
032,112025,126672
032,112025,126673
032,112025,126675
032,112025,126676
032,112025,126677
032,112025,126678
032,112025,126679
032,112025,126680
032,112025,126681
032,112025,126682
032,112025,126683
032,112025,126684
032,112025,126685
032,112025,126687
032,112025,126688
032,112025,126689
032,112025,126690
032,112025,126691
032,112025,126692
032,112025,126693
032,112025,126695
032,112025,126696
032,112025,126697
032,112025,126698
032,112025,126702
032,112025,126708
032,112025,126709
032,112025,126712
032,112025,126713
032,112025,126714
032,112025,126715
032,112025,126716
032,112025,126717
032,112025,126718
032,112025,126719
032,112025,126720
032,112025,126721
032,112025,126722
032,112025,126723
032,112025,126724
032,112025,126728
032,112025,126729
032,112025,126730
032,112025,126731
032,112025,126733
032,112025,126734
032,112025,126735
032,112025,126736
032,112025,126737
032,112025,126738
032,112025,126739
032,112025,126740
032,112025,126741
032,112025,126742
032,112025,126743
032,112025,126746
032,112025,126747
032,112025,126748
032,112025,126749
032,112025,126750
032,112025,126751
032,112025,126752
032,112025,126753
032,112025,126754
032,112025,126756
032,112025,126757
032,112025,126758
032,112025,126759
032,112025,126760
032,112025,126761
032,112025,126762
032,112025,126763
032,112025,126764
032,112025,126768
032,112025,126769
032,112025,126770
032,112025,126771
032,112025,126773
032,112025,126774
032,112025,126775
032,112025,126776
032,112025,126778
032,112025,126779
032,112025,126780
032,112025,126781
032,112025,126782
032,112025,126783
032,112025,126784
032,112025,126786
032,112025,126792
032,112025,126793
032,112025,126794
032,112025,126795
032,112025,126796
032,112025,126797
032,112025,126798
032,112025,126799
032,112025,126800
032,112025,126801
032,112025,126802
032,112025,126805
032,112025,126806
032,112025,126807
032,112025,126809
032,112025,126810
032,112025,126811
032,112025,126812
032,112025,126813
032,112025,126814
032,112025,126815
032,112025,126817
032,112025,126818
032,112025,126819
032,112025,126820
032,112025,126821
032,112025,126822
032,112025,126823
032,112025,126824
032,112025,126825
032,112025,126828
032,112025,126829
032,112025,126830
032,112025,126834
032,112025,126836
032,112025,126837
032,112025,126838
032,112025,126839
032,112025,126840
032,112025,126841
032,112025,126842
032,112025,126843
032,112025,126845
032,112025,126847
032,112025,126849
032,112025,126850
032,112025,126851
032,112025,126852
032,112025,126853
032,112025,126854
032,112025,126855
032,112025,126856
032,112025,126857
032,112025,126858
032,112025,126859
032,112025,126860
032,112025,126861
032,112025,126862
032,112025,126863
032,112025,126864
032,112025,126866
032,112025,126867
032,112025,126868
032,112025,126870
032,112025,126871
032,112025,126873
032,112025,126874
032,112025,126875
032,112025,126876
032,112025,126877
032,112025,126878
032,112025,126879
032,112025,126880
032,112025,126882
032,112025,126883
032,112025,126884
032,112025,126885
032,112025,126886
032,112025,126887
032,112025,126888
032,112025,126889
032,112025,126891
032,112025,126892
032,112025,126893
032,112025,126894
032,112025,126895
032,112025,126896
032,112025,126897
032,112025,126898
032,112025,126899
032,112025,126901
032,112025,126902
032,112025,126904
032,112025,126905
032,112025,126906
032,112025,126907
032,112025,126909
032,112025,126910
032,112025,126911
032,112025,126914
032,112025,126915
032,112025,126917
032,112025,126918
032,112025,126919
032,112025,126920
032,112025,126922
032,112025,126923
032,112025,126924
032,112025,126925
032,112025,126926
032,112025,126927
032,112025,126928
032,112025,126929
032,112025,126930
032,112025,126931
032,112025,126932
032,112025,126933
032,112025,126934
032,112025,126935
032,112025,126942
032,112025,126943
032,112025,126944
032,112025,126946
032,112025,126947
032,112025,126948
032,112025,126950
032,112025,126951
032,112025,126952
032,112025,126953
032,112025,126956
032,112025,126957
032,112025,126958
032,112025,126959
032,112025,126960
032,112025,126961
032,112025,126962
032,112025,126963
032,112025,126964
032,112025,126965
032,112025,126966
032,112025,126967
032,112025,126968
032,112025,126969
032,112025,126970
032,112025,126971
032,112025,126972
032,112025,126973
032,112025,126974
032,112025,126975
032,112025,126976
032,112025,126977
032,112025,126978
032,112025,126979
032,112025,126980
032,112025,126981
032,112025,126982
032,112025,126983
032,112025,126984
032,112025,126985
032,112025,126987
032,112025,126988
032,112025,126991
032,112025,126992
032,112025,126994
032,112025,126995
032,112025,126997
032,112025,126998
032,112025,126999
032,112025,127000
032,112025,127001
032,112025,127002
032,112025,127004
032,112025,127005
032,112025,127006
032,112025,127007
032,112025,127008
032,112025,127009
032,112025,127010
032,112025,127011
032,112025,127012
032,112025,127013
032,112025,127015
032,112025,127018
032,112025,127019
032,112025,127020
032,112025,127021
032,112025,127022
032,112025,127023
032,112025,127024
032,112025,127025
032,112025,127026
032,112025,127027
032,112025,127028
032,112025,127029
032,112025,127030
032,112025,127032
032,112025,127033
032,112025,127034
032,112025,127035
032,112025,127036
032,112025,127037
032,112025,127038
032,112025,127040
032,112025,127042
032,112025,127043
032,112025,127044
032,112025,127045
032,112025,127047
032,112025,127049
032,112025,127050
032,112025,127051
032,112025,127052
032,112025,127053
032,112025,127054
032,112025,127055
032,112025,127056
032,112025,127057
032,112025,127058
032,112025,127059
032,112025,127060
032,112025,127061
032,112025,127062
032,112025,127063
032,112025,127064
032,112025,127065
032,112025,127066
032,112025,127067
032,112025,127068
032,112025,127069
032,112025,127071
032,112025,127072
032,112025,127073
032,112025,127075
032,112025,127076
032,112025,127077
032,112025,127078
032,112025,127081
032,112025,127082
032,112025,127085
032,112025,127086
032,112025,127088
032,112025,127089
032,112025,127096
032,112025,127097
032,112025,127098
032,112025,127099
032,112025,127102
032,112025,127103
032,112025,127104
032,112025,127107
032,112025,127111
032,112025,127112
032,112025,127113
032,112025,127114
032,112025,127119
032,112025,127120
032,112025,127122
032,112025,127123
032,112025,127124
032,112025,127125
032,112025,127126
032,112025,127127
032,112025,127128
032,112025,127129
032,112025,127132
032,112025,127134
032,112025,127135
032,112025,127136
032,112025,127137
032,112025,127138
032,112025,127139
032,112025,127140
032,112025,127141
032,112025,127143
032,112025,127144
032,112025,127148
032,112025,127149
032,112025,127150
032,112025,127152
032,112025,127153
032,112025,127154
032,112025,127155
032,112025,127156
032,112025,127157
032,112025,127159
032,112025,127160
032,112025,127162
032,112025,127163
032,112025,127164
032,112025,127168
032,112025,127173
032,112025,127174
032,112025,127175
032,112025,127176
032,112025,127177
032,112025,127178
032,112025,127179
032,112025,127180
032,112025,127182
032,112025,127184
032,112025,127185
032,112025,127186
032,112025,127188
032,112025,127189
032,112025,127192
032,112025,127193
032,112025,127194
032,112025,127195
032,112025,127196
032,112025,127197
032,112025,127198
032,112025,127200
032,112025,127201
032,112025,127202
032,112025,127203
032,112025,127204
032,112025,127205
032,112025,127207
032,112025,127208
032,112025,127209
032,112025,127210
032,112025,127211
032,112025,127212
032,112025,127214
032,112025,127217
032,112025,127219
032,112025,127220
032,112025,127221
032,112025,127222
032,112025,127223
032,112025,127224
032,112025,127225
032,112025,127228
032,112025,127229
032,112025,127230
032,112025,127231
032,112025,127232
032,112025,127235
032,112025,127237
032,112025,127238
032,112025,127239
032,112025,127240
032,112025,127241
032,112025,127242
032,112025,127243
032,112025,127244
032,112025,127245
032,112025,127246
032,112025,127247
032,112025,127248
032,112025,127249
032,112025,127250
032,112025,127251
032,112025,127252
032,112025,127253
032,112025,127254
032,112025,127255
032,112025,127256
032,112025,127257
032,112025,127258
032,112025,127259
032,112025,127260
032,112025,127261
032,112025,127263
032,112025,127264
032,112025,127265
032,112025,127266
032,112025,127267
032,112025,127268
032,112025,127270
032,112025,127271
032,112025,127272
032,112025,127274
032,112025,127277
032,112025,127278
032,112025,127279
032,112025,127280
032,112025,127281
032,112025,127282
032,112025,127283
032,112025,127285
032,112025,127286
032,112025,127287
032,112025,127288
032,112025,127289
032,112025,127290
032,112025,127291
032,112025,127293
032,112025,127294
032,112025,127295
032,112025,127296
032,112025,127298
032,112025,127301
032,112025,127302
032,112025,127303
032,112025,127305
032,112025,127306
032,112025,127307
032,112025,127308
032,112025,127309
032,112025,127311
032,112025,127312
032,112025,127313
032,112025,127314
032,112025,127315
032,112025,127316
032,112025,127317
032,112025,127318
032,112025,127319
032,112025,127320
032,112025,127321
032,112025,127322
032,112025,127323
032,112025,127324
032,112025,127326
032,112025,127327
032,112025,127328
032,112025,127329
032,112025,127330
032,112025,127331
032,112025,127332
032,112025,127333
032,112025,127335
032,112025,127336
032,112025,127337
032,112025,127338
032,112025,127340
032,112025,127341
032,112025,127342
032,112025,127343
032,112025,127344
032,112025,127345
032,112025,127346
032,112025,127349
032,112025,127350
032,112025,127352
032,112025,127355
032,112025,127356
032,112025,127357
032,112025,127358
032,112025,127359
032,112025,127361
032,112025,127362
032,112025,127363
032,112025,127364
032,112025,127365
032,112025,127366
032,112025,127367
032,112025,127368
032,112025,127369
032,112025,127370
032,112025,127371
032,112025,127372
032,112025,127374
032,112025,127375
032,112025,127376
032,112025,127377
032,112025,127378
032,112025,127379
032,112025,127380
032,112025,127381
032,112025,127382
032,112025,127383
032,112025,127384
032,112025,127386
032,112025,127387
032,112025,127388
032,112025,127389
032,112025,127390
032,112025,127391
032,112025,127394
032,112025,127395
032,112025,127400
032,112025,127402
032,112025,127403
032,112025,127404
032,112025,127406
032,112025,127408
032,112025,127409
032,112025,127410
032,112025,127411
032,112025,127412
032,112025,127413
032,112025,127415
032,112025,127416
032,112025,127425
032,112025,127426
032,112025,127427
032,112025,127428
032,112025,127429
032,112025,127430
032,112025,127431
032,112025,127432
032,112025,127434
032,112025,127435
032,112025,127436
032,112025,127437
032,112025,127438
032,112025,127442
032,112025,127446
032,112025,127447
032,112025,127448
032,112025,127449
032,112025,127450
032,112025,127452
032,112025,127453
032,112025,127454
032,112025,127455
032,112025,127456
032,112025,127457
032,112025,127458
032,112025,127461
032,112025,127463
032,112025,127464
032,112025,127465
032,112025,127466
032,112025,127467
032,112025,127468
032,112025,127469
032,112025,127470
032,112025,127471
032,112025,127472
032,112025,127473
032,112025,127474
032,112025,127475
032,112025,127476
032,112025,127477
032,112025,127478
032,112025,127479
032,112025,127480
032,112025,127481
032,112025,127483
032,112025,127484
032,112025,127485
032,112025,127486
032,112025,127487
032,112025,127488
032,112025,127490
032,112025,127491
032,112025,127493
032,112025,127494
032,112025,127495
032,112025,127496
032,112025,127497
032,112025,127498
032,112025,127499
032,112025,127500
032,112025,127501
032,112025,127502
032,112025,127503
032,112025,127504
032,112025,127505
032,112025,127506
032,112025,127507
032,112025,127508
032,112025,127509
032,112025,127510
032,112025,127511
032,112025,127512
032,112025,127513
032,112025,127514
032,112025,127515
032,112025,127516
032,112025,127517
032,112025,127520
032,112025,127521
032,112025,127522
032,112025,127524
032,112025,127526
032,112025,127527
032,112025,127528
032,112025,127529
032,112025,127530
032,112025,127531
032,112025,127532
032,112025,127533
032,112025,127534
032,112025,127535
032,112025,127536
032,112025,127538
032,112025,127539
032,112025,127540
032,112025,127541
032,112025,127542
032,112025,127543
032,112025,127544
032,112025,127545
032,112025,127548
032,112025,127549
032,112025,127550
032,112025,127551
032,112025,127552
032,112025,127553
032,112025,127555
032,112025,127556
032,112025,127557
032,112025,127558
032,112025,127559
032,112025,127560
032,112025,127561
032,112025,127562
032,112025,127563
032,112025,127564
032,112025,127565
032,112025,127566
032,112025,127567
032,112025,127568
032,112025,127569
032,112025,127570
032,112025,127571
032,112025,127572
032,112025,127573
032,112025,127574
032,112025,127575
032,112025,127576
032,112025,127577
032,112025,127579
032,112025,127580
032,112025,127581
032,112025,127582
032,112025,127583
032,112025,127584
032,112025,127585
032,112025,127586
032,112025,127587
032,112025,127588
032,112025,127589
032,112025,127590
032,112025,127591
032,112025,127592
032,112025,127593
032,112025,127594
032,112025,127595
032,112025,127596
032,112025,127597
032,112025,127598
032,112025,127599
032,112025,127600
032,112025,127601
032,112025,127602
032,112025,127603
032,112025,127604
032,112025,127605
032,112025,127606
032,112025,127608
032,112025,127609
032,112025,127610
032,112025,127611
032,112025,127612
032,112025,127613
032,112025,127614
032,112025,127615
032,112025,127616
032,112025,127617
032,112025,127618
032,112025,127619
032,112025,127620
032,112025,127621
032,112025,127622
032,112025,127623
032,112025,127624
032,112025,127625
032,112025,127626
032,112025,127627
032,112025,127628
032,112025,127629
032,112025,127630
032,112025,127631
032,112025,127632
032,112025,127633
032,112025,127634
032,112025,127635
032,112025,127636
032,112025,127637
032,112025,127638
032,112025,127639
032,112025,127640
032,112025,127641
032,112025,127642
032,112025,127643
032,112025,127644
032,112025,127645
032,112025,127646
032,112025,127647
032,112025,127648
032,112025,127649
032,112025,127650
032,112025,127651
032,112025,127652
032,112025,127653
032,112025,127654
032,112025,127655
032,112025,127656
032,112025,127657
032,112025,127658
032,112025,127659
032,112025,127660
032,112025,127661
032,112025,127662
032,112025,127663
032,112025,127664
032,112025,127665
032,112025,127666
032,112025,127667
032,112025,127668
032,112025,127669
032,112025,127670
032,112025,127671
032,112025,127672
032,112025,127673
032,112025,127674
032,112025,127675
032,112025,127676
032,112025,127677
032,112025,127678
032,112025,127679
032,112025,127680
032,112025,127682
032,112025,127683
032,112025,127684
032,112025,127685
032,112025,127686
032,112025,127687
032,112025,127688
032,112025,127689
032,112025,127690
032,112025,127691
032,112025,127692
032,112025,127693
032,112025,127694
032,112025,127695
032,112025,127697
032,112025,127698
032,112025,127699
032,112025,127700
032,112025,127702
032,112025,127703
032,112025,127704
032,112025,127705
032,112025,127706
032,112025,127707
032,112025,127708
032,112025,127709
032,112025,127710
032,112025,127711
032,112025,127712
032,112025,127713
032,112025,127714
032,112025,127716
032,112025,127720
032,112025,127722
032,112025,127723
032,112025,127724
032,112025,127726
032,112025,127727
032,112025,127728
032,112025,127729
032,112025,127730
032,112025,127731
032,112025,127732
032,112025,127733
032,112025,127734
032,112025,127735
032,112025,127736
032,112025,127737
032,112025,127738
032,112025,127739
032,112025,127740
032,112025,127741
032,112025,127742
032,112025,127743
032,112025,127744
032,112025,127745
032,112025,127746
032,112025,127747
032,112025,127748
032,112025,127749
032,112025,127750
032,112025,127755
032,112025,127756
032,112025,127757
032,112025,127758
032,112025,127759
032,112025,127760
032,112025,127761
032,112025,127762
032,112025,127763
032,112025,127764
032,112025,127765
032,112025,127766
032,112025,127767
032,112025,127768
032,112025,127769
032,112025,127773
032,112025,127775
032,112025,127776
032,112025,127777
032,112025,127778
032,112025,127779
032,112025,127780
032,112025,127781
032,112025,127782
032,112025,127783
032,112025,127784
032,112025,127785
032,112025,127786
032,112025,127787
032,112025,127788
032,112025,127789
032,112025,127790
032,112025,127791
032,112025,127792
032,112025,127793
032,112025,127794
032,112025,127795
032,112025,127796
032,112025,127798
032,112025,127799
032,112025,127800
032,112025,127801
032,112025,127802
032,112025,127803
032,112025,127804
032,112025,127805
032,112025,127807
032,112025,127808
032,112025,127809
032,112025,127810
032,112025,127811
032,112025,127812
032,112025,127813
032,112025,127814
032,112025,127815
032,112025,127816
032,112025,127817
032,112025,127818
032,112025,127819
032,112025,127820
032,112025,127821
032,112025,127822
032,112025,127823
032,112025,127824
032,112025,127827
032,112025,127828
032,112025,127829
032,112025,127831
032,112025,127832
032,112025,127833
032,112025,127836
032,112025,127837
032,112025,127838
032,112025,127839
032,112025,127840
032,112025,127841
032,112025,127842
032,112025,127843
032,112025,127844
032,112025,127845
032,112025,127846
032,112025,127847
032,112025,127848
032,112025,127849
032,112025,127851
032,112025,127853
032,112025,127854
032,112025,127855
032,112025,127856
032,112025,127857
032,112025,127858
032,112025,127859
032,112025,127860
032,112025,127862
032,112025,127864
032,112025,127865
032,112025,127866
032,112025,127867
032,112025,127868
032,112025,127869
032,112025,127871
032,112025,127872
032,112025,127875
032,112025,127876
032,112025,127877
032,112025,127878
032,112025,127879
032,112025,127880
032,112025,127881
032,112025,127882
032,112025,127888
032,112025,127890
032,112025,127891
032,112025,127893
032,112025,127894
032,112025,127896
032,112025,127897
032,112025,127898
032,112025,127899
032,112025,127900
032,112025,127901
032,112025,127909
032,112025,127911
032,112025,127912
032,112025,127913
032,112025,127914
032,112025,127917
032,112025,127918
032,112025,127919
032,112025,127920
032,112025,127924
032,112025,127925
032,112025,127927
032,112025,127928
032,112025,127929
032,112025,127931
032,112025,127933
032,112025,127934
032,112025,127936
032,112025,127937
032,112025,127938
032,112025,127939
032,112025,127940
032,112025,127941
032,112025,127942
032,112025,127943
032,112025,127944
032,112025,127946
032,112025,127947
032,112025,127948
032,112025,127949
032,112025,127950
032,112025,127951
032,112025,127953
032,112025,127954
032,112025,127955
032,112025,127956
032,112025,127957
032,112025,127958
032,112025,127960
032,112025,127961
032,112025,127962
032,112025,127963
032,112025,127964
032,112025,127965
032,112025,127966
032,112025,127967
032,112025,127968
032,112025,127969
032,112025,127970
032,112025,127971
032,112025,127972
032,112025,127973
032,112025,127974
032,112025,127977
032,112025,127980
032,112025,127981
032,112025,127982
032,112025,127983
032,112025,127984
032,112025,127985
032,112025,127986
032,112025,127987
032,112025,127989
032,112025,127991
032,112025,127992
032,112025,127993
032,112025,127995
032,112025,127997
032,112025,127998
032,112025,127999
032,112025,128000
032,112025,128001
032,112025,128002
032,112025,128003
032,112025,128004
032,112025,128005
032,112025,128006
032,112025,128007
032,112025,128008
032,112025,128009
032,112025,128010
032,112025,128011
032,112025,128012
032,112025,128013
032,112025,128014
032,112025,128016
032,112025,128017
032,112025,128018
032,112025,128019
032,112025,128020
032,112025,128021
032,112025,128022
032,112025,128026
032,112025,128028
032,112025,128030
032,112025,128031
032,112025,128034
032,112025,128036
032,112025,128037
032,112025,128038
032,112025,128039
032,112025,128040
032,112025,128042
032,112025,128043
032,112025,128044
032,112025,128045
032,112025,128046
032,112025,128047
032,112025,128049
032,112025,128053
032,112025,128054
032,112025,128055
032,112025,128056
032,112025,128057
032,112025,128058
032,112025,128059
032,112025,128060
032,112025,128061
032,112025,128062
032,112025,128063
032,112025,128065
032,112025,128066
032,112025,128067
032,112025,128068
032,112025,128069
032,112025,128070
032,112025,128071
032,112025,128077
032,112025,128078
032,112025,128079
032,112025,128080
032,112025,128082
032,112025,128084
032,112025,128085
032,112025,128086
032,112025,128087
032,112025,128088
032,112025,128089
032,112025,128090
032,112025,128091
032,112025,128092
032,112025,128093
032,112025,128094
032,112025,128095
032,112025,128097
032,112025,128098
032,112025,128099
032,112025,128100
032,112025,128101
032,112025,128102
032,112025,128103
032,112025,128104
032,112025,128106
032,112025,128108
032,112025,128109
032,112025,128110
032,112025,128112
032,112025,128113
032,112025,128114
032,112025,128115
032,112025,128116
032,112025,128117
032,112025,128118
032,112025,128120
032,112025,128124
032,112025,128125
032,112025,128126
032,112025,128128
032,112025,128129
032,112025,128130
032,112025,128132
032,112025,128133
032,112025,128134
032,112025,128135
032,112025,128136
032,112025,128137
032,112025,128138
032,112025,128140
032,112025,128141
032,112025,128142
032,112025,128143
032,112025,128145
032,112025,128146
032,112025,128147
032,112025,128150
032,112025,128151
032,112025,128152
032,112025,128153
032,112025,128154
032,112025,128155
032,112025,128156
032,112025,128157
032,112025,128158
032,112025,128159
032,112025,128160
032,112025,128161
032,112025,128162
032,112025,128164
032,112025,128166
032,112025,128167
032,112025,128168
032,112025,128169
032,112025,128170
032,112025,128171
032,112025,128172
032,112025,128173
032,112025,128174
032,112025,128175
032,112025,128176
032,112025,128177
032,112025,128178
032,112025,128179
032,112025,128181
032,112025,128182
032,112025,128183
032,112025,128184
032,112025,128185
032,112025,128186
032,112025,128187
032,112025,128188
032,112025,128189
032,112025,128190
032,112025,128191
032,112025,128192
032,112025,128193
032,112025,128194
032,112025,128195
032,112025,128196
032,112025,128197
032,112025,128198
032,112025,128199
032,112025,128200
032,112025,128201
032,112025,128202
032,112025,128203
032,112025,128204
032,112025,128205
032,112025,128206
032,112025,128207
032,112025,128208
032,112025,128211
032,112025,128214
032,112025,128216
032,112025,128217
032,112025,128219
032,112025,128220
032,112025,128223
032,112025,128227
032,112025,128228
032,112025,128229
032,112025,128230
032,112025,128231
032,112025,128232
032,112025,128242
032,112025,128243
032,112025,128244
032,112025,128245
032,112025,128246
032,112025,128248
032,112025,128249
032,112025,128250
032,112025,128251
032,112025,128252
032,112025,128253
032,112025,128254
032,112025,128255
032,112025,128257
032,112025,128259
032,112025,128260
032,112025,128261
032,112025,128262
032,112025,128263
032,112025,128264
032,112025,128265
032,112025,128266
032,112025,128267
032,112025,128268
032,112025,128269
032,112025,128270
032,112025,128271
032,112025,128275
032,112025,128288
032,112025,128292
032,112025,128294
032,112025,128295
032,112025,128296
032,112025,128297
032,112025,128299
032,112025,128300
032,112025,128303
032,112025,128304
032,112025,128305
032,112025,128307
032,112025,128311
032,112025,128312
032,112025,128313
032,112025,128314
032,112025,128315
032,112025,128316
032,112025,128317
032,112025,128318
032,112025,128319
032,112025,128320
032,112025,128321
032,112025,128322
032,112025,128323
032,112025,128324
032,112025,128325
032,112025,128328
032,112025,128331
032,112025,128332
032,112025,128335
032,112025,128336
032,112025,128339
032,112025,128340
032,112025,128341
032,112025,128342
032,112025,128343
032,112025,128344
032,112025,128345
032,112025,128346
032,112025,128347
032,112025,128348
032,112025,128349
032,112025,128351
032,112025,128352
032,112025,128354
032,112025,128355
032,112025,128356
032,112025,128357
032,112025,128358
032,112025,128362
032,112025,128363
032,112025,128364
032,112025,128365
032,112025,128366
032,112025,128368
032,112025,128369
032,112025,128370
032,112025,128373
032,112025,128374
032,112025,128375
032,112025,128376
032,112025,128380
032,112025,128381
032,112025,128382
032,112025,128386
032,112025,128387
032,112025,128388
032,112025,128389
032,112025,128390
032,112025,128391
032,112025,128392
032,112025,128393
032,112025,128394
032,112025,128395
032,112025,128396
032,112025,128397
032,112025,128398
032,112025,128399
032,112025,128400
032,112025,128401
032,112025,128403
032,112025,128404
032,112025,128406
032,112025,128407
032,112025,128408
032,112025,128411
032,112025,128412
032,112025,128413
032,112025,128417
032,112025,128421
032,112025,128428
032,112025,128436
032,112025,128437
032,112025,128438
032,112025,128439
032,112025,128440
032,112025,128441
032,112025,128443
032,112025,128445
032,112025,128447
032,112025,128448
032,112025,128449
032,112025,128450
032,112025,128451
032,112025,128452
032,112025,128454
032,112025,128456
032,112025,128457
032,112025,128459
032,112025,128460
032,112025,128461
032,112025,128462
032,112025,128463
032,112025,128464
032,112025,128465
032,112025,128466
032,112025,128467
032,112025,128468
032,112025,128469
032,112025,128470
032,112025,128471
032,112025,128472
032,112025,128473
032,112025,128474
032,112025,128476
032,112025,128478
032,112025,128480
032,112025,128481
032,112025,128482
032,112025,128484
032,112025,128485
032,112025,128486
032,112025,128487
032,112025,128488
032,112025,128489
032,112025,128490
032,112025,128492
032,112025,128493
032,112025,128495
032,112025,128496
032,112025,128497
032,112025,128498
032,112025,128499
032,112025,128500
032,112025,128501
032,112025,128502
032,112025,128518
032,112025,128519
032,112025,128521
032,112025,128524
032,112025,128525
032,112025,128526
032,112025,128527
032,112025,128528
032,112025,128550
032,112025,128551
032,112025,128552
032,112025,128553
032,112025,128554
032,112025,128555
032,112025,128557
032,112025,128558
032,112025,128559
032,112025,128560
032,112025,128561
032,112025,128562
032,112025,128563
032,112025,128564
032,112025,128565
032,112025,128566
032,112025,128567
032,112025,128568
032,112025,128569
032,112025,128570
032,112025,128571
032,112025,128572
032,112025,128573
032,112025,128574
032,112025,128575
032,112025,128576
032,112025,128577
032,112025,128578
032,112025,128579
032,112025,128580
032,112025,128581
032,112025,128582
032,112025,128583
032,112025,128584
032,112025,128585
032,112025,128586
032,112025,128587
032,112025,128588
032,112025,128589
032,112025,128590
032,112025,128591
032,112025,128592
032,112025,128593
032,112025,128594
032,112025,128595
032,112025,128596
032,112025,128597
032,112025,128598
032,112025,128599
032,112025,128600
032,112025,128601
032,112025,128602
032,112025,128603
032,112025,128604
032,112025,128605
032,112025,128606
032,112025,128607
032,112025,128608
032,112025,128610
032,112025,128611
032,112025,128613
032,112025,128614
032,112025,128615
032,112025,128616
032,112025,128617
032,112025,128618
032,112025,128619
032,112025,128620
032,112025,128621
032,112025,128622
032,112025,128623
032,112025,128624
032,112025,128625
032,112025,128626
032,112025,128627
032,112025,128628
032,112025,128629
032,112025,128630
032,112025,128631
032,112025,128632
032,112025,128633
032,112025,128634
032,112025,128635
032,112025,128636
032,112025,128637
032,112025,128638
032,112025,128639
032,112025,128640
032,112025,128641
032,112025,128642
032,112025,128643
032,112025,128644
032,112025,128646
032,112025,128647
032,112025,128648
032,112025,128649
032,112025,128650
032,112025,128651
032,112025,128652
032,112025,128653
032,112025,128654
032,112025,128655
032,112025,128656
032,112025,128657
032,112025,128658
032,112025,128659
032,112025,128660
032,112025,128661
032,112025,128662
032,112025,128663
032,112025,128664
032,112025,128666
032,112025,128667
032,112025,128669
032,112025,128670
032,112025,128671
032,112025,128672
032,112025,128673
032,112025,128674
032,112025,128675
032,112025,128676
032,112025,128679
032,112025,128680
032,112025,128681
032,112025,128682
032,112025,128683
032,112025,128684
032,112025,128685
032,112025,128686
032,112025,128687
032,112025,128688
032,112025,128689
032,112025,128690
032,112025,128691
032,112025,128692
032,112025,128693
032,112025,128694
032,112025,128697
032,112025,128699
032,112025,128700
032,112025,128701
032,112025,128702
032,112025,128704
032,112025,128705
032,112025,128712
032,112025,128713
032,112025,128715
032,112025,128716
032,112025,128717
032,112025,128718
032,112025,128719
032,112025,128720
032,112025,128721
032,112025,128722
032,112025,128723
032,112025,128724
032,112025,128726
032,112025,128728
032,112025,128729
032,112025,128732
032,112025,128733
032,112025,128734
032,112025,128735
032,112025,128736
032,112025,128737
032,112025,128738
032,112025,128739
032,112025,128740
032,112025,128741
032,112025,128742
032,112025,128743
032,112025,128744
032,112025,128745
032,112025,128746
032,112025,128748
032,112025,128749
032,112025,128750
032,112025,128754
032,112025,128759
032,112025,128760
032,112025,128761
032,112025,128762
032,112025,128763
032,112025,128764
032,112025,128765
032,112025,128782
032,112025,128785
032,112025,128787
032,112025,128788
032,112025,128789
032,112025,128790
032,112025,128791
032,112025,128792
032,112025,128793
032,112025,128794
032,112025,128795
032,112025,128796
032,112025,128797
032,112025,128798
032,112025,128799
032,112025,128802
032,112025,128803
032,112025,128804
032,112025,128808
032,112025,128809
032,112025,128810
032,112025,128811
032,112025,128812
032,112025,128813
032,112025,128815
032,112025,128818
032,112025,128819
032,112025,128820
032,112025,128821
032,112025,128822
032,112025,128823
032,112025,128824
032,112025,128825
032,112025,128826
032,112025,128827
032,112025,128828
032,112025,128829
032,112025,128830
032,112025,128831
032,112025,128832
032,112025,128833
032,112025,128835
032,112025,128836
032,112025,128837
032,112025,128838
032,112025,128840
032,112025,128842
032,112025,128843
032,112025,128845
032,112025,128846
032,112025,128847
032,112025,128848
032,112025,128849
032,112025,128850
032,112025,128851
032,112025,128853
032,112025,128854
032,112025,128855
032,112025,128856
032,112025,128857
032,112025,128858
032,112025,128859
032,112025,128860
032,112025,128862
032,112025,128865
032,112025,128866
032,112025,128867
032,112025,128868
032,112025,128869
032,112025,128870
032,112025,128871
032,112025,128872
032,112025,128873
032,112025,128879
032,112025,128882
032,112025,128883
032,112025,128884
032,112025,128885
032,112025,128886
032,112025,128890
032,112025,128891
032,112025,128892
032,112025,128893
032,112025,128894
032,112025,128896
032,112025,128897
032,112025,128898
032,112025,128899
032,112025,128900
032,112025,128901
032,112025,128903
032,112025,128906
032,112025,128911
032,112025,128912
032,112025,128913
032,112025,128914
032,112025,128917
032,112025,128918
032,112025,128919
032,112025,128920
032,112025,128921
032,112025,128922
032,112025,128925
032,112025,128926
032,112025,128927
032,112025,128928
032,112025,128930
032,112025,128931
032,112025,128932
032,112025,128933
032,112025,128934
032,112025,128935
032,112025,128936
032,112025,128937
032,112025,128938
032,112025,128939
032,112025,128940
032,112025,128941
032,112025,128943
032,112025,128944
032,112025,128946
032,112025,128949
032,112025,128952
032,112025,128953
032,112025,128956
032,112025,128957
032,112025,128958
032,112025,128959
032,112025,128960
032,112025,128961
032,112025,128962
032,112025,128963
032,112025,128964
032,112025,128965
032,112025,128966
032,112025,128968
032,112025,128970
032,112025,128971
032,112025,128972
032,112025,128973
032,112025,128978
032,112025,128979
032,112025,128980
032,112025,128981
032,112025,128982
032,112025,128983
032,112025,128984
032,112025,128985
032,112025,128986
032,112025,128987
032,112025,128988
032,112025,128989
032,112025,128990
032,112025,128991
032,112025,128993
032,112025,128994
032,112025,128996
032,112025,128997
032,112025,128998
032,112025,128999
032,112025,129000
032,112025,129001
032,112025,129002
032,112025,129003
032,112025,129004
032,112025,129005
032,112025,129006
032,112025,129008
032,112025,129009
032,112025,129010
032,112025,129011
032,112025,129012
032,112025,129013
032,112025,129014
032,112025,129015
032,112025,129016
032,112025,129017
032,112025,129019
032,112025,129020
032,112025,129021
032,112025,129027
032,112025,129028
032,112025,129029
032,112025,129030
032,112025,129031
032,112025,129032
032,112025,129034
032,112025,129035
032,112025,129036
032,112025,129037
032,112025,129040
032,112025,129041
032,112025,129042
032,112025,129043
032,112025,129044
032,112025,129047
032,112025,129050
032,112025,129051
032,112025,129052
032,112025,129053
032,112025,129054
032,112025,129055
032,112025,129056
032,112025,129058
032,112025,129059
032,112025,129060
032,112025,129061
032,112025,129063
032,112025,129064
032,112025,129065
032,112025,129067
032,112025,129069
032,112025,129070
032,112025,129071
032,112025,129073
032,112025,129074
032,112025,129075
032,112025,129077
032,112025,129079
032,112025,129080
032,112025,129081
032,112025,129082
032,112025,129083
032,112025,129084
032,112025,129085
032,112025,129087
032,112025,129089
032,112025,129092
032,112025,129093
032,112025,129094
032,112025,129095
032,112025,129096
032,112025,129097
032,112025,129099
032,112025,129100
032,112025,129101
032,112025,129102
032,112025,129103
032,112025,129104
032,112025,129105
032,112025,129106
032,112025,129108
032,112025,129109
032,112025,129110
032,112025,129111
032,112025,129112
032,112025,129113
032,112025,129114
032,112025,129115
032,112025,129117
032,112025,129118
032,112025,129120
032,112025,129121
032,112025,129123
032,112025,129126
032,112025,129127
032,112025,129128
032,112025,129130
032,112025,129131
032,112025,129136
032,112025,129137
032,112025,129138
032,112025,129139
032,112025,129140
032,112025,129141
032,112025,129142
032,112025,129143
032,112025,129144
032,112025,129145
032,112025,129146
032,112025,129147
032,112025,129149
032,112025,129150
032,112025,129151
032,112025,129152
032,112025,129153
032,112025,129154
032,112025,129156
032,112025,129157
032,112025,129158
032,112025,129159
032,112025,129160
032,112025,129161
032,112025,129164
032,112025,129166
032,112025,129167
032,112025,129168
032,112025,129170
032,112025,129171
032,112025,129172
032,112025,129180
032,112025,129181
032,112025,129187
032,112025,129189
032,112025,129190
032,112025,129191
032,112025,129195
032,112025,129196
032,112025,129197
032,112025,129198
032,112025,129199
032,112025,129200
032,112025,129202
032,112025,129203
032,112025,129204
032,112025,129206
032,112025,129207
032,112025,129208
032,112025,129209
032,112025,129210
032,112025,129212
032,112025,129214
032,112025,129215
032,112025,129216
032,112025,129217
032,112025,129219
032,112025,129220
032,112025,129221
032,112025,129222
032,112025,129223
032,112025,129227
032,112025,129228
032,112025,129229
032,112025,129230
032,112025,129231
032,112025,129233
032,112025,129234
032,112025,129235
032,112025,129236
032,112025,129238
032,112025,129239
032,112025,129240
032,112025,129241
032,112025,129242
032,112025,129243
032,112025,129245
032,112025,129246
032,112025,129247
032,112025,129248
032,112025,129250
032,112025,129252
032,112025,129253
032,112025,129256
032,112025,129259
032,112025,129260
032,112025,129261
032,112025,129263
032,112025,129264
032,112025,129265
032,112025,129266
032,112025,129267
032,112025,129268
032,112025,129269
032,112025,129270
032,112025,129271
032,112025,129272
032,112025,129273
032,112025,129274
032,112025,129275
032,112025,129277
032,112025,129278
032,112025,129279
032,112025,129280
032,112025,129281
032,112025,129282
032,112025,129283
032,112025,129286
032,112025,129287
032,112025,129288
032,112025,129289
032,112025,129291
032,112025,129292
032,112025,129293
032,112025,129294
032,112025,129295
032,112025,129298
032,112025,129299
032,112025,129300
032,112025,129301
032,112025,129302
032,112025,129305
032,112025,129306
032,112025,129308
032,112025,129309
032,112025,129310
032,112025,129311
032,112025,129312
032,112025,129313
032,112025,129314
032,112025,129315
032,112025,129316
032,112025,129317
032,112025,129318
032,112025,129319
032,112025,129320
032,112025,129321
032,112025,129322
032,112025,129323
032,112025,129324
032,112025,129325
032,112025,129326
032,112025,129327
032,112025,129328
032,112025,129329
032,112025,129331
032,112025,129332
032,112025,129333
032,112025,129334
032,112025,129336
032,112025,129337
032,112025,129338
032,112025,129339
032,112025,129340
032,112025,129341
032,112025,129342
032,112025,129343
032,112025,129344
032,112025,129345
032,112025,129346
032,112025,129347
032,112025,129351
032,112025,129355
032,112025,129357
032,112025,129358
032,112025,129361
032,112025,129362
032,112025,129363
032,112025,129364
032,112025,129366
032,112025,129367
032,112025,129368
032,112025,129369
032,112025,129370
032,112025,129371
032,112025,129372
032,112025,129376
032,112025,129377
032,112025,129378
032,112025,129379
032,112025,129380
032,112025,129383
032,112025,129384
032,112025,129385
032,112025,129386
032,112025,129387
032,112025,129388
032,112025,129389
032,112025,129391
032,112025,129392
032,112025,129393
032,112025,129395
032,112025,129397
032,112025,129398
032,112025,129399
032,112025,129400
032,112025,129401
032,112025,129402
032,112025,129403
032,112025,129404
032,112025,129405
032,112025,129406
032,112025,129408
032,112025,129409
032,112025,129410
032,112025,129411
032,112025,129413
032,112025,129414
032,112025,129424
032,112025,129425
032,112025,129426
032,112025,129428
032,112025,129429
032,112025,129430
032,112025,129431
032,112025,129432
032,112025,129433
032,112025,129434
032,112025,129436
032,112025,129437
032,112025,129438
032,112025,129439
032,112025,129440
032,112025,129441
032,112025,129442
032,112025,129444
032,112025,129445
032,112025,129446
032,112025,129448
032,112025,129449
032,112025,129451
032,112025,129452
032,112025,129453
032,112025,129454
032,112025,129455
032,112025,129456
032,112025,129457
032,112025,129458
032,112025,129459
032,112025,129460
032,112025,129462
032,112025,129463
032,112025,129464
032,112025,129466
032,112025,129467
032,112025,129468
032,112025,129469
032,112025,129471
032,112025,129472
032,112025,129473
032,112025,129475
032,112025,129476
032,112025,129477
032,112025,129480
032,112025,129481
032,112025,129482
032,112025,129483
032,112025,129484
032,112025,129486
032,112025,129487
032,112025,129488
032,112025,129489
032,112025,129490
032,112025,129491
032,112025,129492
032,112025,129493
032,112025,129494
032,112025,129495
032,112025,129496
032,112025,129497
032,112025,129498
032,112025,129499
032,112025,129500
032,112025,129501
032,112025,129502
032,112025,129503
032,112025,129504
032,112025,129505
032,112025,129506
032,112025,129507
032,112025,129509
032,112025,129510
032,112025,129511
032,112025,129512
032,112025,129513
032,112025,129515
032,112025,129516
032,112025,129518
032,112025,129519
032,112025,129520
032,112025,129521
032,112025,129522
032,112025,129526
032,112025,129527
032,112025,129528
032,112025,129529
032,112025,129530
032,112025,129532
032,112025,129533
032,112025,129534
032,112025,129535
032,112025,129536
032,112025,129537
032,112025,129538
032,112025,129539
032,112025,129540
032,112025,129541
032,112025,129542
032,112025,129543
032,112025,129544
032,112025,129545
032,112025,129546
032,112025,129547
032,112025,129548
032,112025,129549
032,112025,129550
032,112025,129551
032,112025,129552
032,112025,129553
032,112025,129554
032,112025,129555
032,112025,129556
032,112025,129557
032,112025,129558
032,112025,129559
032,112025,129560
032,112025,129561
032,112025,129562
032,112025,129563
032,112025,129564
032,112025,129565
032,112025,129568
032,112025,129569
032,112025,129570
032,112025,129571
032,112025,129572
032,112025,129573
032,112025,129574
032,112025,129575
032,112025,129576
032,112025,129577
032,112025,129578
032,112025,129579
032,112025,129580
032,112025,129581
032,112025,129582
032,112025,129583
032,112025,129584
032,112025,129585
032,112025,129586
032,112025,129587
032,112025,129588
032,112025,129589
032,112025,129590
032,112025,129591
032,112025,129592
032,112025,129593
032,112025,129594
032,112025,129595
032,112025,129596
032,112025,129597
032,112025,129598
032,112025,129599
032,112025,129600
032,112025,129601
032,112025,129603
032,112025,129604
032,112025,129605
032,112025,129606
032,112025,129607
032,112025,129608
032,112025,129609
032,112025,129610
032,112025,129611
032,112025,129612
032,112025,129614
032,112025,129615
032,112025,129616
032,112025,129617
032,112025,129618
032,112025,129620
032,112025,129621
032,112025,129622
032,112025,129623
032,112025,129624
032,112025,129625
032,112025,129626
032,112025,129627
032,112025,129629
032,112025,129630
032,112025,129631
032,112025,129632
032,112025,129633
032,112025,129634
032,112025,129635
032,112025,129636
032,112025,129637
032,112025,129638
032,112025,129640
032,112025,129641
032,112025,129644
032,112025,129645
032,112025,129646
032,112025,129648
032,112025,129649
032,112025,129675
032,112025,129676
032,112025,129677
032,112025,129680
032,112025,129684
032,112025,129685
032,112025,129687
032,112025,129688
032,112025,129690
032,112025,129691
032,112025,129692
032,112025,129693
032,112025,129695
032,112025,129696
032,112025,129697
032,112025,129698
032,112025,129699
032,112025,129700
032,112025,129701
032,112025,129702
032,112025,129703
032,112025,129704
032,112025,129705
032,112025,129706
032,112025,129707
032,112025,129708
032,112025,129709
032,112025,129710
032,112025,129712
032,112025,129713
032,112025,129714
032,112025,129715
032,112025,129716
032,112025,129717
032,112025,129718
032,112025,129719
032,112025,129720
032,112025,129721
032,112025,129723
032,112025,129725
032,112025,129726
032,112025,129727
032,112025,129728
032,112025,129729
032,112025,129731
032,112025,129732
032,112025,129733
032,112025,129734
032,112025,129735
032,112025,129740
032,112025,129753
032,112025,129754
032,112025,129755
032,112025,129756
032,112025,129761
032,112025,129762
032,112025,129763
032,112025,129764
032,112025,129766
032,112025,129767
032,112025,129768
032,112025,129770
032,112025,129771
032,112025,129772
032,112025,129773
032,112025,129774
032,112025,129775
032,112025,129777
032,112025,129778
032,112025,129779
032,112025,129780
032,112025,129781
032,112025,129782
032,112025,129783
032,112025,129784
032,112025,129785
032,112025,129786
032,112025,129787
032,112025,129788
032,112025,129789
032,112025,129790
032,112025,129791
032,112025,129792
032,112025,129793
032,112025,129794
032,112025,129795
032,112025,129796
032,112025,129797
032,112025,129798
032,112025,129799
032,112025,129800
032,112025,129801
032,112025,129802
032,112025,129804
032,112025,129805
032,112025,129806
032,112025,129811
032,112025,129821
032,112025,129822
032,112025,129824
032,112025,129825
032,112025,129826
032,112025,129827
032,112025,129828
032,112025,129829
032,112025,129830
032,112025,129831
032,112025,129832
032,112025,129834
032,112025,129835
032,112025,129836
032,112025,129837
032,112025,129838
032,112025,129839
032,112025,129840
032,112025,129842
032,112025,129843
032,112025,129844
032,112025,129845
032,112025,129846
032,112025,129847
032,112025,129848
032,112025,129849
032,112025,129850
032,112025,129851
032,112025,129855
032,112025,129856
032,112025,129859
032,112025,129862
032,112025,129863
032,112025,129864
032,112025,129865
032,112025,129866
032,112025,129867
032,112025,129873
032,112025,129876
032,112025,129878
032,112025,129879
032,112025,129880
032,112025,129881
032,112025,129882
032,112025,129883
032,112025,129884
032,112025,129885
032,112025,129887
032,112025,129888
032,112025,129889
032,112025,129893
032,112025,129894
032,112025,129895
032,112025,129896
032,112025,129897
032,112025,129898
032,112025,129899
032,112025,129900
032,112025,129901
032,112025,129902
032,112025,129903
032,112025,129904
032,112025,129906
032,112025,129907
032,112025,129908
032,112025,129909
032,112025,129910
032,112025,129911
032,112025,129912
032,112025,129913
032,112025,129914
032,112025,129915
032,112025,129916
032,112025,129917
032,112025,129918
032,112025,129919
032,112025,129920
032,112025,129922
032,112025,129928
032,112025,129930
032,112025,129931
032,112025,129934
032,112025,129935
032,112025,129936
032,112025,129942
032,112025,129943
032,112025,129945
032,112025,129946
032,112025,129947
032,112025,129948
032,112025,129949
032,112025,129950
032,112025,129951
032,112025,129952
032,112025,129953
032,112025,129956
032,112025,129957
032,112025,129958
032,112025,129959
032,112025,129960
032,112025,129961
032,112025,129962
032,112025,129963
032,112025,129964
032,112025,129965
032,112025,129966
032,112025,129967
032,112025,129970
032,112025,129973
032,112025,129974
032,112025,129975
032,112025,129976
032,112025,129977
032,112025,129978
032,112025,129980
032,112025,129981
032,112025,129982
032,112025,129983
032,112025,129984
032,112025,129994
032,112025,129995
032,112025,129996
032,112025,129997
032,112025,129998
032,112025,129999
032,112025,130000
032,112025,130001
032,112025,130002
032,112025,130004
032,112025,130005
032,112025,130006
032,112025,130012
032,112025,130013
032,112025,130014
032,112025,130015
032,112025,130016
032,112025,130017
032,112025,130019
032,112025,130021
032,112025,130022
032,112025,130023
032,112025,130024
032,112025,130025
032,112025,130026
032,112025,130027
032,112025,130028
032,112025,130029
032,112025,130032
032,112025,130033
032,112025,130034
032,112025,130035
032,112025,130036
032,112025,130037
032,112025,130038
032,112025,130039
032,112025,130040
032,112025,130041
032,112025,130042
032,112025,130043
032,112025,130044
032,112025,130045
032,112025,130046
032,112025,130047
032,112025,130048
032,112025,130049
032,112025,130051
032,112025,130063
032,112025,130064
032,112025,130067
032,112025,130068
032,112025,130069
032,112025,130071
032,112025,130072
032,112025,130073
032,112025,130075
032,112025,130076
032,112025,130078
032,112025,130079
032,112025,130080
032,112025,130081
032,112025,130082
032,112025,130083
032,112025,130084
032,112025,130085
032,112025,130087
032,112025,130088
032,112025,130089
032,112025,130090
032,112025,130093
032,112025,130094
032,112025,130098
032,112025,130099
032,112025,130100
032,112025,130101
032,112025,130102
032,112025,130103
032,112025,130104
032,112025,130105
032,112025,130106
032,112025,130107
032,112025,130109
032,112025,130110
032,112025,130111
032,112025,130112
032,112025,130113
032,112025,130114
032,112025,130115
032,112025,130116
032,112025,130117
032,112025,130118
032,112025,130119
032,112025,130120
032,112025,130121
032,112025,130123
032,112025,130124
032,112025,130125
032,112025,130126
032,112025,130127
032,112025,130128
032,112025,130133
032,112025,130134
032,112025,130135
032,112025,130136
032,112025,130137
032,112025,130138
032,112025,130139
032,112025,130140
032,112025,130141
032,112025,130143
032,112025,130144
032,112025,130145
032,112025,130146
032,112025,130147
032,112025,130150
032,112025,130151
032,112025,130154
032,112025,130156
032,112025,130160
032,112025,130161
032,112025,130162
032,112025,130163
032,112025,130164
032,112025,130165
032,112025,130166
032,112025,130167
032,112025,130168
032,112025,130169
032,112025,130171
032,112025,130172
032,112025,130173
032,112025,130175
032,112025,130177
032,112025,130178
032,112025,130179
032,112025,130180
032,112025,130181
032,112025,130182
032,112025,130183
032,112025,130194
032,112025,130195
032,112025,130201
032,112025,130202
032,112025,130204
032,112025,130208
032,112025,130209
032,112025,130210
032,112025,130213
032,112025,130214
032,112025,130217
032,112025,130218
032,112025,130219
032,112025,130221
032,112025,130222
032,112025,130229
032,112025,130230
032,112025,130231
032,112025,130232
032,112025,130234
032,112025,130236
032,112025,130237
032,112025,130239
032,112025,130240
032,112025,130241
032,112025,130242
032,112025,130246
032,112025,130248
032,112025,130249
032,112025,130251
032,112025,130252
032,112025,130253
032,112025,130254
032,112025,130255
032,112025,130256
032,112025,130257
032,112025,130259
032,112025,130260
032,112025,130261
032,112025,130262
032,112025,130263
032,112025,130264
032,112025,130265
032,112025,130266
032,112025,130271
032,112025,130272
032,112025,130273
032,112025,130278
032,112025,130279
032,112025,130280
032,112025,130282
032,112025,130283
032,112025,130284
032,112025,130285
032,112025,130287
032,112025,130288
032,112025,130291
032,112025,130294
032,112025,130295
032,112025,130296
032,112025,130297
032,112025,130298
032,112025,130299
032,112025,130300
032,112025,130301
032,112025,130302
032,112025,130307
032,112025,130308
032,112025,130310
032,112025,130311
032,112025,130312
032,112025,130315
032,112025,130320
032,112025,130321
032,112025,130322
032,112025,130327
032,112025,130328
032,112025,130329
032,112025,130330
032,112025,130333
032,112025,130334
032,112025,130335
032,112025,130336
032,112025,130337
032,112025,130338
032,112025,130339
032,112025,130340
032,112025,130343
032,112025,130346
032,112025,130347
032,112025,130348
032,112025,130349
032,112025,130351
032,112025,130352
032,112025,130353
032,112025,130354
032,112025,130355
032,112025,130356
032,112025,130357
032,112025,130359
032,112025,130360
032,112025,130361
032,112025,130362
032,112025,130363
032,112025,130364
032,112025,130365
032,112025,130366
032,112025,130369
032,112025,130372
032,112025,130374
032,112025,130375
032,112025,130376
032,112025,130377
032,112025,130380
032,112025,130382
032,112025,130383
032,112025,130384
032,112025,130385
032,112025,130386
032,112025,130389
032,112025,130390
032,112025,130391
032,112025,130392
032,112025,130393
032,112025,130394
032,112025,130395
032,112025,130397
032,112025,130398
032,112025,130399
032,112025,130400
032,112025,130403
032,112025,130404
032,112025,130405
032,112025,130407
032,112025,130408
032,112025,130409
032,112025,130410
032,112025,130411
032,112025,130412
032,112025,130413
032,112025,130416
032,112025,130417
032,112025,130418
032,112025,130419
032,112025,130421
032,112025,130422
032,112025,130423
032,112025,130424
032,112025,130425
032,112025,130426
032,112025,130428
032,112025,130430
032,112025,130432
032,112025,130433
032,112025,130434
032,112025,130437
032,112025,130439
032,112025,130440
032,112025,130443
032,112025,130444
032,112025,130445
032,112025,130446
032,112025,130449
032,112025,130450
032,112025,130452
032,112025,130454
032,112025,130455
032,112025,130457
032,112025,130459
032,112025,130460
032,112025,130461
032,112025,130465
032,112025,130466
032,112025,130467
032,112025,130468
032,112025,130469
032,112025,130470
032,112025,130473
032,112025,130474
032,112025,130476
032,112025,130477
032,112025,130478
032,112025,130479
032,112025,130482
032,112025,130484
032,112025,130485
032,112025,130486
032,112025,130487
032,112025,130488
032,112025,130490
032,112025,130491
032,112025,130492
032,112025,130493
032,112025,130494
032,112025,130495
032,112025,130497
032,112025,130498
032,112025,130499
032,112025,130500
032,112025,130501
032,112025,130502
032,112025,130503
032,112025,130504
032,112025,130505
032,112025,130506
032,112025,130507
032,112025,130508
032,112025,130509
032,112025,130510
032,112025,130511
032,112025,130512
032,112025,130514
032,112025,130515
032,112025,130518
032,112025,130519
032,112025,130520
032,112025,130521
032,112025,130522
032,112025,130523
032,112025,130524
032,112025,130525
032,112025,130527
032,112025,130528
032,112025,130531
032,112025,130532
032,112025,130533
032,112025,130534
032,112025,130535
032,112025,130536
032,112025,130537
032,112025,130538
032,112025,130539
032,112025,130542
032,112025,130544
032,112025,130545
032,112025,130547
032,112025,130548
032,112025,130549
032,112025,130552
032,112025,130553
032,112025,130554
032,112025,130555
032,112025,130557
032,112025,130558
032,112025,130561
032,112025,130563
032,112025,130564
032,112025,130565
032,112025,130566
032,112025,130568
032,112025,130569
032,112025,130573
032,112025,130574
032,112025,130575
032,112025,130576
032,112025,130577
032,112025,130591
032,112025,130596
032,112025,130600
032,112025,130601
032,112025,130602
032,112025,130603
032,112025,130607
032,112025,130608
032,112025,130611
032,112025,130612
032,112025,130618
032,112025,130619
032,112025,130620
032,112025,130625
032,112025,130626
032,112025,130627
032,112025,130628
032,112025,130633
032,112025,130634
032,112025,130635
032,112025,130636
032,112025,130637
032,112025,130640
032,112025,130641
032,112025,130642
032,112025,130644
032,112025,130646
032,112025,130647
032,112025,130648
032,112025,130649
032,112025,130650
032,112025,130652
032,112025,130653
032,112025,130654
032,112025,130655
032,112025,130656
032,112025,130657
032,112025,130658
032,112025,130659
032,112025,130661
032,112025,130662
032,112025,130664
032,112025,130665
032,112025,130666
032,112025,130671
032,112025,130672
032,112025,130675
032,112025,130676
032,112025,130677
032,112025,130678
032,112025,130679
032,112025,130680
032,112025,130681
032,112025,130682
032,112025,130683
032,112025,130684
032,112025,130686
032,112025,130687
032,112025,130688
032,112025,130690
032,112025,130691
032,112025,130693
032,112025,130694
032,112025,130695
032,112025,130696
032,112025,130699
032,112025,130700
032,112025,130701
032,112025,130703
032,112025,130704
032,112025,130705
032,112025,130706
032,112025,130710
032,112025,130711
032,112025,130714
032,112025,130715
032,112025,130716
032,112025,130717
032,112025,130719
032,112025,130721
032,112025,130722
032,112025,130723
032,112025,130726
032,112025,130727
032,112025,130728
032,112025,130729
032,112025,130730
032,112025,130733
032,112025,130734
032,112025,130735
032,112025,130739
032,112025,130740
032,112025,130741
032,112025,130742
032,112025,130743
032,112025,130747
032,112025,130748
032,112025,130749
032,112025,130750
032,112025,130751
032,112025,130752
032,112025,130753
032,112025,130754
032,112025,130755
032,112025,130758
032,112025,130764
032,112025,130765
032,112025,130766
032,112025,130768
032,112025,130771
032,112025,130772
032,112025,130774
032,112025,130775
032,112025,130777
032,112025,130778
032,112025,130779
032,112025,130780
032,112025,130781
032,112025,130782
032,112025,130783
032,112025,130784
032,112025,130785
032,112025,130786
032,112025,130787
032,112025,130788
032,112025,130790
032,112025,130791
032,112025,130792
032,112025,130793
032,112025,130794
032,112025,130795
032,112025,130796
032,112025,130797
032,112025,130798
032,112025,130799
032,112025,130800
032,112025,130801
032,112025,130802
032,112025,130803
032,112025,130804
032,112025,130805
032,112025,130806
032,112025,130807
032,112025,130808
032,112025,130809
032,112025,130810
032,112025,130811
032,112025,130812
032,112025,130813
032,112025,130814
032,112025,130815
032,112025,130816
032,112025,130817
032,112025,130818
032,112025,130819
032,112025,130820
032,112025,130821
032,112025,130822
032,112025,130823
032,112025,130824
032,112025,130826
032,112025,130827
032,112025,130828
032,112025,130829
032,112025,130833
032,112025,130834
032,112025,130835
032,112025,130836
032,112025,130837
032,112025,130838
032,112025,130839
032,112025,130840
032,112025,130841
032,112025,130842
032,112025,130853
032,112025,130854
032,112025,130855
032,112025,130856
032,112025,130857
032,112025,130859
032,112025,130860
032,112025,130862
032,112025,130863
032,112025,130864
032,112025,130865
032,112025,130867
032,112025,130868
032,112025,130869
032,112025,130870
032,112025,130873
032,112025,130874
032,112025,130875
032,112025,130876
032,112025,130877
032,112025,130878
032,112025,130879
032,112025,130880
032,112025,130881
032,112025,130882
032,112025,130883
032,112025,130884
032,112025,130886
032,112025,130887
032,112025,130888
032,112025,130889
032,112025,130890
032,112025,130891
032,112025,130895
032,112025,130896
032,112025,130897
032,112025,130899
032,112025,130900
032,112025,130901
032,112025,130902
032,112025,130903
032,112025,130905
032,112025,130906
032,112025,130907
032,112025,130908
032,112025,130909
032,112025,130911
032,112025,130912
032,112025,130913
032,112025,130914
032,112025,130915
032,112025,130916
032,112025,130917
032,112025,130918
032,112025,130919
032,112025,130920
032,112025,130921
032,112025,130922
032,112025,130924
032,112025,130925
032,112025,130926
032,112025,130927
032,112025,130929
032,112025,130930
032,112025,130931
032,112025,130933
032,112025,130935
032,112025,130938
032,112025,130939
032,112025,130943
032,112025,130944
032,112025,130946
032,112025,130948
032,112025,130949
032,112025,130950
032,112025,130951
032,112025,130952
032,112025,130957
032,112025,130958
032,112025,130961
032,112025,130963
032,112025,130964
032,112025,130965
032,112025,130967
032,112025,130968
032,112025,130969
032,112025,130970
032,112025,130972
032,112025,130973
032,112025,130975
032,112025,130976
032,112025,130977
032,112025,130978
032,112025,130979
032,112025,130980
032,112025,130981
032,112025,130982
032,112025,130983
032,112025,130984
032,112025,130987
032,112025,130989
032,112025,130990
032,112025,130991
032,112025,130992
032,112025,130993
032,112025,130994
032,112025,130998
032,112025,131000
032,112025,131001
032,112025,131002
032,112025,131003
032,112025,131004
032,112025,131005
032,112025,131007
032,112025,131008
032,112025,131009
032,112025,131010
032,112025,131011
032,112025,131012
032,112025,131013
032,112025,131014
032,112025,131015
032,112025,131016
032,112025,131017
032,112025,131018
032,112025,131019
032,112025,131020
032,112025,131021
032,112025,131022
032,112025,131023
032,112025,131024
032,112025,131025
032,112025,131026
032,112025,131027
032,112025,131028
032,112025,131029
032,112025,131030
032,112025,131031
032,112025,131032
032,112025,131033
032,112025,131034
032,112025,131035
032,112025,131036
032,112025,131037
032,112025,131038
032,112025,131039
032,112025,131040
032,112025,131041
032,112025,131042
032,112025,131043
032,112025,131045
032,112025,131046
032,112025,131047
032,112025,131048
032,112025,131049
032,112025,131050
032,112025,131051
032,112025,131052
032,112025,131054
032,112025,131055
032,112025,131060
032,112025,131061
032,112025,131062
032,112025,131063
032,112025,131064
032,112025,131065
032,112025,131066
032,112025,131067
032,112025,131070
032,112025,131071
032,112025,131073
032,112025,131074
032,112025,131085
032,112025,131090
032,112025,131107
032,112025,131108
032,112025,131109
032,112025,131110
032,112025,131111
032,112025,131113
032,112025,131114
032,112025,131115
032,112025,131116
032,112025,131117
032,112025,131119
032,112025,131121
032,112025,131122
032,112025,131123
032,112025,131124
032,112025,131125
032,112025,131126
032,112025,131127
032,112025,131128
032,112025,131130
032,112025,131131
032,112025,131132
032,112025,131134
032,112025,131135
032,112025,131136
032,112025,131137
032,112025,131138
032,112025,131139
032,112025,131140
032,112025,131142
032,112025,131143
032,112025,131144
032,112025,131145
032,112025,131146
032,112025,131147
032,112025,131148
032,112025,131149
032,112025,131151
032,112025,131152
032,112025,131153
032,112025,131154
032,112025,131155
032,112025,131156
032,112025,131157
032,112025,131158
032,112025,131160
032,112025,131162
032,112025,131163
032,112025,131164
032,112025,131165
032,112025,131166
032,112025,131167
032,112025,131168
032,112025,131171
032,112025,131172
032,112025,131173
032,112025,131175
032,112025,131176
032,112025,131177
032,112025,131178
032,112025,131179
032,112025,131180
032,112025,131181
032,112025,131182
032,112025,131185
032,112025,131186
032,112025,131187
032,112025,131189
032,112025,131190
032,112025,131191
032,112025,131192
032,112025,131193
032,112025,131194
032,112025,131195
032,112025,131196
032,112025,131197
032,112025,131199
032,112025,131200
032,112025,131202
032,112025,131203
032,112025,131204
032,112025,131205
032,112025,131206
032,112025,131207
032,112025,131208
032,112025,131209
032,112025,131210
032,112025,131212
032,112025,131214
032,112025,131218
032,112025,131221
032,112025,131222
032,112025,131223
032,112025,131225
032,112025,131227
032,112025,131228
032,112025,131229
032,112025,131230
032,112025,131231
032,112025,131234
032,112025,131235
032,112025,131236
032,112025,131237
032,112025,131238
032,112025,131239
032,112025,131240
032,112025,131242
032,112025,131243
032,112025,131244
032,112025,131245
032,112025,131246
032,112025,131247
032,112025,131248
032,112025,131249
032,112025,131252
032,112025,131253
032,112025,131254
032,112025,131255
032,112025,131256
032,112025,131257
032,112025,131259
032,112025,131260
032,112025,131262
032,112025,131263
032,112025,131265
032,112025,131287
032,112025,131290
032,112025,131291
032,112025,131294
032,112025,131297
032,112025,131298
032,112025,131299
032,112025,131300
032,112025,131301
032,112025,131302
032,112025,131303
032,112025,131304
032,112025,131305
032,112025,131306
032,112025,131307
032,112025,131308
032,112025,131309
032,112025,131310
032,112025,131311
032,112025,131312
032,112025,131313
032,112025,131316
032,112025,131317
032,112025,131318
032,112025,131319
032,112025,131320
032,112025,131322
032,112025,131323
032,112025,131325
032,112025,131326
032,112025,131327
032,112025,131328
032,112025,131329
032,112025,131331
032,112025,131332
032,112025,131333
032,112025,131334
032,112025,131335
032,112025,131336
032,112025,131337
032,112025,131338
032,112025,131339
032,112025,131340
032,112025,131341
032,112025,131342
032,112025,131343
032,112025,131344
032,112025,131345
032,112025,131346
032,112025,131347
032,112025,131348
032,112025,131349
032,112025,131350
032,112025,131351
032,112025,131352
032,112025,131353
032,112025,131354
032,112025,131355
032,112025,131356
032,112025,131357
032,112025,131358
032,112025,131359
032,112025,131360
032,112025,131361
032,112025,131362
032,112025,131363
032,112025,131364
032,112025,131365
032,112025,131366
032,112025,131367
032,112025,131368
032,112025,131369
032,112025,131370
032,112025,131371
032,112025,131372
032,112025,131373
032,112025,131374
032,112025,131375
032,112025,131376
032,112025,131377
032,112025,131378
032,112025,131379
032,112025,131380
032,112025,131381
032,112025,131382
032,112025,131383
032,112025,131384
032,112025,131385
032,112025,131386
032,112025,131387
032,112025,131388
032,112025,131389
032,112025,131390
032,112025,131391
032,112025,131392
032,112025,131393
032,112025,131394
032,112025,131395
032,112025,131396
032,112025,131397
032,112025,131398
032,112025,131399
032,112025,131400
032,112025,131401
032,112025,131402
032,112025,131403
032,112025,131404
032,112025,131405
032,112025,131406
032,112025,131407
032,112025,131408
032,112025,131409
032,112025,131410
032,112025,131411
032,112025,131412
032,112025,131413
032,112025,131414
032,112025,131415
032,112025,131416
032,112025,131417
032,112025,131418
032,112025,131419
032,112025,131420
032,112025,131421
032,112025,131422
032,112025,131423
032,112025,131424
032,112025,131425
032,112025,131426
032,112025,131427
032,112025,131428
032,112025,131429
032,112025,131430
032,112025,131431
032,112025,131432
032,112025,131433
032,112025,131434
032,112025,131435
032,112025,131436
032,112025,131437
032,112025,131438
032,112025,131439
032,112025,131440
032,112025,131441
032,112025,131442
032,112025,131443
032,112025,131444
032,112025,131445
032,112025,131446
032,112025,131447
032,112025,131448
032,112025,131449
032,112025,131450
032,112025,131451
032,112025,131452
032,112025,131453
032,112025,131454
032,112025,131455
032,112025,131456
032,112025,131457
032,112025,131458
032,112025,131459
032,112025,131460
032,112025,131461
032,112025,131462
032,112025,131463
032,112025,131464
032,112025,131465
032,112025,131466
032,112025,131467
032,112025,131468
032,112025,131469
032,112025,131470
032,112025,131471
032,112025,131472
032,112025,131473
032,112025,131474
032,112025,131475
032,112025,131476
032,112025,131477
032,112025,131478
032,112025,131479
032,112025,131480
032,112025,131481
032,112025,131482
032,112025,131483
032,112025,131484
032,112025,131485
032,112025,131486
032,112025,131487
032,112025,131488
032,112025,131489
032,112025,131490
032,112025,131491
032,112025,131492
032,112025,131493
032,112025,131494
032,112025,131495
032,112025,131496
032,112025,131497
032,112025,131498
032,112025,131499
032,112025,131500
032,112025,131501
032,112025,131502
032,112025,131503
032,112025,131504
032,112025,131505
032,112025,131506
032,112025,131507
032,112025,131508
032,112025,131509
032,112025,131510
032,112025,131511
032,112025,131512
032,112025,131513
032,112025,131514
032,112025,131515
032,112025,131516
032,112025,131517
032,112025,131518
032,112025,131519
032,112025,131520
032,112025,131521
032,112025,131522
032,112025,131523
032,112025,131524
032,112025,131525
032,112025,131526
032,112025,131527
032,112025,131528
032,112025,131529
032,112025,131530
032,112025,131531
032,112025,131532
032,112025,131533
032,112025,131534
032,112025,131535
032,112025,131536
032,112025,131537
032,112025,131539
032,112025,131540
032,112025,131542
032,112025,131543
032,112025,131544
032,112025,131545
032,112025,131546
032,112025,131547
032,112025,131548
032,112025,131549
032,112025,131550
032,112025,131551
032,112025,131552
032,112025,131553
032,112025,131554
032,112025,131555
032,112025,131556
032,112025,131557
032,112025,131558
032,112025,131559
032,112025,131560
032,112025,131561
032,112025,131563
032,112025,131564
032,112025,131565
032,112025,131566
032,112025,131567
032,112025,131568
032,112025,131569
032,112025,131570
032,112025,131571
032,112025,131584
032,112025,131606
032,112025,131607
032,112025,131608
032,112025,131609
032,112025,131610
032,112025,131611
032,112025,131613
032,112025,131614
032,112025,131615
032,112025,131616
032,112025,131617
032,112025,131618
032,112025,131619
032,112025,131620
032,112025,131621
032,112025,131622
032,112025,131623
032,112025,131624
032,112025,131625
032,112025,131626
032,112025,131627
032,112025,131628
032,112025,131629
032,112025,131630
032,112025,131631
032,112025,131632
032,112025,131633
032,112025,131634
032,112025,131635
032,112025,131636
032,112025,131637
032,112025,131638
032,112025,131639
032,112025,131640
032,112025,131641
032,112025,131642
032,112025,131643
032,112025,131644
032,112025,131645
032,112025,131646
032,112025,131647
032,112025,131648
032,112025,131649
032,112025,131650
032,112025,131651
032,112025,131652
032,112025,131653
032,112025,131654
032,112025,131655
032,112025,131656
032,112025,131657
032,112025,131659
032,112025,131660
032,112025,131661
032,112025,131662
032,112025,131664
032,112025,131665
032,112025,131669
032,112025,131670
032,112025,131676
032,112025,131677
032,112025,131678
032,112025,131679
032,112025,131680
032,112025,131681
032,112025,131682
032,112025,131683
032,112025,131684
032,112025,131685
032,112025,131687
032,112025,131688
032,112025,131689
032,112025,131690
032,112025,131691
032,112025,131692
032,112025,131693
032,112025,131708
032,112025,131711
032,112025,131713
032,112025,131715
032,112025,131717
032,112025,131718
032,112025,131721
032,112025,131722
032,112025,131723
032,112025,131725
032,112025,131726
032,112025,131727
032,112025,131728
032,112025,131729
032,112025,131730
032,112025,131731
032,112025,131735
032,112025,131738
032,112025,131739
032,112025,131740
032,112025,131741
032,112025,131742
032,112025,131743
032,112025,131744
032,112025,131745
032,112025,131748
032,112025,131749
032,112025,131750
032,112025,131751
032,112025,131757
032,112025,131758
032,112025,131759
032,112025,131761
032,112025,131763
032,112025,131764
032,112025,131765
032,112025,131767
032,112025,131768
032,112025,131769
032,112025,131770
032,112025,131771
032,112025,131772
032,112025,131773
032,112025,131775
032,112025,131776
032,112025,131777
032,112025,131778
032,112025,131780
032,112025,131781
032,112025,131786
032,112025,131789
032,112025,131791
032,112025,131792
032,112025,131794
032,112025,131796
032,112025,131798
032,112025,131799
032,112025,131803
032,112025,131804
032,112025,131805
032,112025,131806
032,112025,131807
032,112025,131808
032,112025,131809
032,112025,131812
032,112025,131813
032,112025,131814
032,112025,131815
032,112025,131816
032,112025,131817
032,112025,131818
032,112025,131819
032,112025,131820
032,112025,131821
032,112025,131822
032,112025,131823
032,112025,131824
032,112025,131825
032,112025,131826
032,112025,131828
032,112025,131835
032,112025,131837
032,112025,131838
032,112025,131839
032,112025,131850
032,112025,131851
032,112025,131852
032,112025,131853
032,112025,131854
032,112025,131855
032,112025,131856
032,112025,131858
032,112025,131859
032,112025,131860
032,112025,131861
032,112025,131863
032,112025,131864
032,112025,131866
032,112025,131867
032,112025,131868
032,112025,131870
032,112025,131871
032,112025,131872
032,112025,131873
032,112025,131874
032,112025,131875
032,112025,131876
032,112025,131877
032,112025,131882
032,112025,131883
032,112025,131884
032,112025,131885
032,112025,131887
032,112025,131888
032,112025,131889
032,112025,131890
032,112025,131891
032,112025,131893
032,112025,131894
032,112025,131895
032,112025,131896
032,112025,131897
032,112025,131898
032,112025,131899
032,112025,131901
032,112025,131902
032,112025,131903
032,112025,131908
032,112025,131909
032,112025,131913
032,112025,131914
032,112025,131915
032,112025,131916
032,112025,131917
032,112025,131919
032,112025,131921
032,112025,131922
032,112025,131923
032,112025,131925
032,112025,131926
032,112025,131933
032,112025,131934
032,112025,131937
032,112025,131947
032,112025,131949
032,112025,131951
032,112025,131953
032,112025,131954
032,112025,131955
032,112025,131956
032,112025,131957
032,112025,131958
032,112025,131959
032,112025,131960
032,112025,131961
032,112025,131962
032,112025,131964
032,112025,131965
032,112025,131968
032,112025,131969
032,112025,131970
032,112025,131971
032,112025,131975
032,112025,131976
032,112025,131977
032,112025,131978
032,112025,131979
032,112025,131981
032,112025,131982
032,112025,131983
032,112025,131985
032,112025,131987
032,112025,131988
032,112025,131989
032,112025,131990
032,112025,131991
032,112025,131992
032,112025,131993
032,112025,131994
032,112025,131995
032,112025,131996
032,112025,131997
032,112025,131998
032,112025,131999
032,112025,132001
032,112025,132003
032,112025,132006
032,112025,132007
032,112025,132008
032,112025,132009
032,112025,132010
032,112025,132011
032,112025,132012
032,112025,132025
032,112025,132027
032,112025,132028
032,112025,132030
032,112025,132031
032,112025,132033
032,112025,132034
032,112025,132035
032,112025,132038
032,112025,132039
032,112025,132040
032,112025,132041
032,112025,132042
032,112025,132043
032,112025,132044
032,112025,132045
032,112025,132046
032,112025,132047
032,112025,132048
032,112025,132050
032,112025,132051
032,112025,132052
032,112025,132053
032,112025,132055
032,112025,132056
032,112025,132057
032,112025,132058
032,112025,132059
032,112025,132062
032,112025,132065
032,112025,132066
032,112025,132068
032,112025,132072
032,112025,132073
032,112025,132074
032,112025,132075
032,112025,132076
032,112025,132077
032,112025,132078
032,112025,132079
032,112025,132080
032,112025,132081
032,112025,132082
032,112025,132085
032,112025,132094
032,112025,132095
032,112025,132096
032,112025,132097
032,112025,132098
032,112025,132100
032,112025,132101
032,112025,132102
032,112025,132103
032,112025,132104
032,112025,132106
032,112025,132107
032,112025,132109
032,112025,132111
032,112025,132112
032,112025,132113
032,112025,132114
032,112025,132116
032,112025,132117
032,112025,132118
032,112025,132120
032,112025,132121
032,112025,132124
032,112025,132125
032,112025,132126
032,112025,132127
032,112025,132128
032,112025,132129
032,112025,132130
032,112025,132131
032,112025,132132
032,112025,132134
032,112025,132135
032,112025,132136
032,112025,132137
032,112025,132138
032,112025,132139
032,112025,132140
032,112025,132141
032,112025,132142
032,112025,132143
032,112025,132144
032,112025,132145
032,112025,132146
032,112025,132147
032,112025,132148
032,112025,132149
032,112025,132150
032,112025,132152
032,112025,132154
032,112025,132155
032,112025,132157
032,112025,132158
032,112025,132159
032,112025,132160
032,112025,132161
032,112025,132162
032,112025,132163
032,112025,132164
032,112025,132165
032,112025,132166
032,112025,132167
032,112025,132168
032,112025,132169
032,112025,132170
032,112025,132171
032,112025,132172
032,112025,132173
032,112025,132174
032,112025,132175
032,112025,132176
032,112025,132177
032,112025,132178
032,112025,132179
032,112025,132180
032,112025,132181
032,112025,132182
032,112025,132183
032,112025,132184
032,112025,132191
032,112025,132193
032,112025,132194
032,112025,132195
032,112025,132196
032,112025,132197
032,112025,132198
032,112025,132201
032,112025,132202
032,112025,132203
032,112025,132204
032,112025,132205
032,112025,132206
032,112025,132207
032,112025,132208
032,112025,132209
032,112025,132210
032,112025,132211
032,112025,132212
032,112025,132214
032,112025,132215
032,112025,132217
032,112025,132218
032,112025,132219
032,112025,132220
032,112025,132223
032,112025,132224
032,112025,132225
032,112025,132226
032,112025,132228
032,112025,132230
032,112025,132233
032,112025,132234
032,112025,132235
032,112025,132236
032,112025,132237
032,112025,132238
032,112025,132240
032,112025,132241
032,112025,132243
032,112025,132244
032,112025,132245
032,112025,132247
032,112025,132250
032,112025,132251
032,112025,132254
032,112025,132255
032,112025,132256
032,112025,132257
032,112025,132258
032,112025,132259
032,112025,132260
032,112025,132262
032,112025,132263
032,112025,132264
032,112025,132265
032,112025,132266
032,112025,132268
032,112025,132269
032,112025,132270
032,112025,132272
032,112025,132273
032,112025,132274
032,112025,132275
032,112025,132276
032,112025,132277
032,112025,132278
032,112025,132279
032,112025,132280
032,112025,132281
032,112025,132282
032,112025,132283
032,112025,132284
032,112025,132285
032,112025,132286
032,112025,132287
032,112025,132288
032,112025,132289
032,112025,132290
032,112025,132291
032,112025,132293
032,112025,132294
032,112025,132297
032,112025,132298
032,112025,132300
032,112025,132301
032,112025,132302
032,112025,132303
032,112025,132304
032,112025,132305
032,112025,132306
032,112025,132307
032,112025,132308
032,112025,132309
032,112025,132312
032,112025,132313
032,112025,132314
032,112025,132316
032,112025,132318
032,112025,132319
032,112025,132320
032,112025,132321
032,112025,132322
032,112025,132323
032,112025,132324
032,112025,132325
032,112025,132328
032,112025,132329
032,112025,132338
032,112025,132339
032,112025,132340
032,112025,132341
032,112025,132342
032,112025,132343
032,112025,132345
032,112025,132347
032,112025,132348
032,112025,132349
032,112025,132350
032,112025,132351
032,112025,132353
032,112025,132354
032,112025,132355
032,112025,132356
032,112025,132357
032,112025,132358
032,112025,132359
032,112025,132360
032,112025,132361
032,112025,132363
032,112025,132364
032,112025,132365
032,112025,132366
032,112025,132367
032,112025,132368
032,112025,132369
032,112025,132370
032,112025,132371
032,112025,132372
032,112025,132373
032,112025,132374
032,112025,132375
032,112025,132376
032,112025,132378
032,112025,132379
032,112025,132380
032,112025,132381
032,112025,132382
032,112025,132383
032,112025,132384
032,112025,132385
032,112025,132386
032,112025,132387
032,112025,132388
032,112025,132389
032,112025,132390
032,112025,132391
032,112025,132392
032,112025,132393
032,112025,132394
032,112025,132395
032,112025,132397
032,112025,132398
032,112025,132399
032,112025,132401
032,112025,132406
032,112025,132407
032,112025,132409
032,112025,132412
032,112025,132414
032,112025,132415
032,112025,132416
032,112025,132417
032,112025,132419
032,112025,132420
032,112025,132423
032,112025,132424
032,112025,132425
032,112025,132426
032,112025,132427
032,112025,132428
032,112025,132429
032,112025,132430
032,112025,132431
032,112025,132432
032,112025,132433
032,112025,132435
032,112025,132437
032,112025,132438
032,112025,132439
032,112025,132440
032,112025,132441
032,112025,132442
032,112025,132443
032,112025,132444
032,112025,132445
032,112025,132446
032,112025,132447
032,112025,132448
032,112025,132449
032,112025,132450
032,112025,132451
032,112025,132452
032,112025,132453
032,112025,132454
032,112025,132455
032,112025,132457
032,112025,132459
032,112025,132462
032,112025,132463
032,112025,132465
032,112025,132466
032,112025,132468
032,112025,132469
032,112025,132470
032,112025,132471
032,112025,132472
032,112025,132473
032,112025,132474
032,112025,132476
032,112025,132477
032,112025,132478
032,112025,132479
032,112025,132480
032,112025,132481
032,112025,132482
032,112025,132484
032,112025,132485
032,112025,132486
032,112025,132488
032,112025,132489
032,112025,132491
032,112025,132493
032,112025,132494
032,112025,132495
032,112025,132496
032,112025,132497
032,112025,132498
032,112025,132501
032,112025,132506
032,112025,132507
032,112025,132508
032,112025,132511
032,112025,132513
032,112025,132514
032,112025,132515
032,112025,132516
032,112025,132517
032,112025,132518
032,112025,132519
032,112025,132521
032,112025,132522
032,112025,132524
032,112025,132525
032,112025,132526
032,112025,132527
032,112025,132528
032,112025,132529
032,112025,132530
032,112025,132531
032,112025,132532
032,112025,132533
032,112025,132534
032,112025,132535
032,112025,132536
032,112025,132537
032,112025,132538
032,112025,132539
032,112025,132540
032,112025,132543
032,112025,132544
032,112025,132545
032,112025,132546
032,112025,132547
032,112025,132548
032,112025,132549
032,112025,132550
032,112025,132551
032,112025,132552
032,112025,132553
032,112025,132554
032,112025,132555
032,112025,132556
032,112025,132557
032,112025,132558
032,112025,132560
032,112025,132561
032,112025,132562
032,112025,132563
032,112025,132565
032,112025,132566
032,112025,132568
032,112025,132569
032,112025,132570
032,112025,132571
032,112025,132573
032,112025,132574
032,112025,132579
032,112025,132580
032,112025,132581
032,112025,132584
032,112025,132585
032,112025,132587
032,112025,132588
032,112025,132590
032,112025,132591
032,112025,132592
032,112025,132593
032,112025,132594
032,112025,132595
032,112025,132596
032,112025,132597
032,112025,132598
032,112025,132600
032,112025,132601
032,112025,132602
032,112025,132603
032,112025,132604
032,112025,132606
032,112025,132607
032,112025,132608
032,112025,132609
032,112025,132610
032,112025,132611
032,112025,132612
032,112025,132613
032,112025,132614
032,112025,132615
032,112025,132616
032,112025,132617
032,112025,132621
032,112025,132623
032,112025,132625
032,112025,132626
032,112025,132627
032,112025,132628
032,112025,132629
032,112025,132630
032,112025,132631
032,112025,132632
032,112025,132633
032,112025,132635
032,112025,132636
032,112025,132637
032,112025,132638
032,112025,132642
032,112025,132644
032,112025,132653
032,112025,132657
032,112025,132659
032,112025,132660
032,112025,132661
032,112025,132667
032,112025,132668
032,112025,132669
032,112025,132670
032,112025,132671
032,112025,132672
032,112025,132673
032,112025,132674
032,112025,132675
032,112025,132676
032,112025,132677
032,112025,132679
032,112025,132680
032,112025,132681
032,112025,132682
032,112025,132683
032,112025,132684
032,112025,132685
032,112025,132687
032,112025,132688
032,112025,132689
032,112025,132690
032,112025,132691
032,112025,132692
032,112025,132693
032,112025,132694
032,112025,132695
032,112025,132696
032,112025,132698
032,112025,132702
032,112025,132706
032,112025,132707
032,112025,132708
032,112025,132709
032,112025,132710
032,112025,132711
032,112025,132712
032,112025,132713
032,112025,132714
032,112025,132715
032,112025,132716
032,112025,132717
032,112025,132718
032,112025,132719
032,112025,132720
032,112025,132721
032,112025,132722
032,112025,132723
032,112025,132724
032,112025,132725
032,112025,132726
032,112025,132727
032,112025,132728
032,112025,132729
032,112025,132730
032,112025,132731
032,112025,132735
032,112025,132737
032,112025,132738
032,112025,132739
032,112025,132741
032,112025,132742
032,112025,132743
032,112025,132744
032,112025,132745
032,112025,132746
032,112025,132747
032,112025,132748
032,112025,132749
032,112025,132750
032,112025,132751
032,112025,132752
032,112025,132753
032,112025,132754
032,112025,132755
032,112025,132756
032,112025,132757
032,112025,132758
032,112025,132760
032,112025,132763
032,112025,132764
032,112025,132765
032,112025,132767
032,112025,132768
032,112025,132770
032,112025,132771
032,112025,132772
032,112025,132773
032,112025,132774
032,112025,132775
032,112025,132776
032,112025,132778
032,112025,132779
032,112025,132780
032,112025,132781
032,112025,132782
032,112025,132784
032,112025,132785
032,112025,132786
032,112025,132787
032,112025,132788
032,112025,132789
032,112025,132790
032,112025,132791
032,112025,132792
032,112025,132795
032,112025,132799
032,112025,132800
032,112025,132802
032,112025,132803
032,112025,132804
032,112025,132805
032,112025,132806
032,112025,132807
032,112025,132808
032,112025,132809
032,112025,132810
032,112025,132811
032,112025,132812
032,112025,132813
032,112025,132814
032,112025,132815
032,112025,132816
032,112025,132817
032,112025,132818
032,112025,132819
032,112025,132820
032,112025,132822
032,112025,132824
032,112025,132825
032,112025,132826
032,112025,132828
032,112025,132829
032,112025,132830
032,112025,132831
032,112025,132832
032,112025,132833
032,112025,132834
032,112025,132835
032,112025,132838
032,112025,132839
032,112025,132841
032,112025,132842
032,112025,132844
032,112025,132845
032,112025,132847
032,112025,132849
032,112025,132850
032,112025,132851
032,112025,132852
032,112025,132853
032,112025,132854
032,112025,132855
032,112025,132856
032,112025,132857
032,112025,132858
032,112025,132859
032,112025,132861
032,112025,132862
032,112025,132863
032,112025,132865
032,112025,132868
032,112025,132870
032,112025,132875
032,112025,132876
032,112025,132877
032,112025,132878
032,112025,132881
032,112025,132882
032,112025,132883
032,112025,132884
032,112025,132885
032,112025,132886
032,112025,132887
032,112025,132891
032,112025,132892
032,112025,132893
032,112025,132894
032,112025,132895
032,112025,132896
032,112025,132897
032,112025,132898
032,112025,132899
032,112025,132902
032,112025,132903
032,112025,132904
032,112025,132905
032,112025,132906
032,112025,132907
032,112025,132908
032,112025,132909
032,112025,132910
032,112025,132911
032,112025,132912
032,112025,132913
032,112025,132914
032,112025,132915
032,112025,132916
032,112025,132920
032,112025,132921
032,112025,132922
032,112025,132923
032,112025,132924
032,112025,132925
032,112025,132926
032,112025,132927
032,112025,132928
032,112025,132929
032,112025,132930
032,112025,132931
032,112025,132932
032,112025,132933
032,112025,132935
032,112025,132936
032,112025,132937
032,112025,132938
032,112025,132939
032,112025,132943
032,112025,132944
032,112025,132946
032,112025,132947
032,112025,132948
032,112025,132949
032,112025,132950
032,112025,132951
032,112025,132952
032,112025,132953
032,112025,132954
032,112025,132956
032,112025,132957
032,112025,132958
032,112025,132959
032,112025,132960
032,112025,132961
032,112025,132964
032,112025,132965
032,112025,132966
032,112025,132967
032,112025,132969
032,112025,132970
032,112025,132971
032,112025,132974
032,112025,132975
032,112025,132976
032,112025,132977
032,112025,132978
032,112025,132979
032,112025,132981
032,112025,132982
032,112025,132983
032,112025,132984
032,112025,132985
032,112025,132986
032,112025,132988
032,112025,132992
032,112025,132993
032,112025,132994
032,112025,132995
032,112025,133003
032,112025,133004
032,112025,133005
032,112025,133006
032,112025,133007
032,112025,133008
032,112025,133009
032,112025,133010
032,112025,133011
032,112025,133012
032,112025,133013
032,112025,133014
032,112025,133015
032,112025,133016
032,112025,133017
032,112025,133020
032,112025,133021
032,112025,133024
032,112025,133025
032,112025,133026
032,112025,133027
032,112025,133028
032,112025,133029
032,112025,133030
032,112025,133033
032,112025,133034
032,112025,133035
032,112025,133036
032,112025,133038
032,112025,133039
032,112025,133040
032,112025,133041
032,112025,133042
032,112025,133044
032,112025,133048
032,112025,133049
032,112025,133050
032,112025,133051
032,112025,133052
032,112025,133053
032,112025,133054
032,112025,133056
032,112025,133057
032,112025,133058
032,112025,133060
032,112025,133061
032,112025,133064
032,112025,133065
032,112025,133066
032,112025,133067
032,112025,133068
032,112025,133069
032,112025,133070
032,112025,133071
032,112025,133073
032,112025,133074
032,112025,133075
032,112025,133076
032,112025,133077
032,112025,133078
032,112025,133079
032,112025,133080
032,112025,133081
032,112025,133082
032,112025,133083
032,112025,133084
032,112025,133085
032,112025,133086
032,112025,133087
032,112025,133088
032,112025,133089
032,112025,133090
032,112025,133091
032,112025,133092
032,112025,133094
032,112025,133095
032,112025,133096
032,112025,133097
032,112025,133098
032,112025,133099
032,112025,133100
032,112025,133101
032,112025,133102
032,112025,133104
032,112025,133105
032,112025,133107
032,112025,133108
032,112025,133109
032,112025,133110
032,112025,133111
032,112025,133113
032,112025,133114
032,112025,133116
032,112025,133117
032,112025,133120
032,112025,133121
032,112025,133122
032,112025,133123
032,112025,133124
032,112025,133125
032,112025,133126
032,112025,133129
032,112025,133130
032,112025,133131
032,112025,133132
032,112025,133133
032,112025,133135
032,112025,133137
032,112025,133139
032,112025,133140
032,112025,133141
032,112025,133142
032,112025,133143
032,112025,133144
032,112025,133145
032,112025,133146
032,112025,133147
032,112025,133148
032,112025,133149
032,112025,133150
032,112025,133151
032,112025,133152
032,112025,133153
032,112025,133154
032,112025,133155
032,112025,133157
032,112025,133158
032,112025,133159
032,112025,133161
032,112025,133162
032,112025,133163
032,112025,133165
032,112025,133167
032,112025,133169
032,112025,133171
032,112025,133172
032,112025,133174
032,112025,133175
032,112025,133176
032,112025,133177
032,112025,133178
032,112025,133179
032,112025,133180
032,112025,133181
032,112025,133182
032,112025,133183
032,112025,133187
032,112025,133188
032,112025,133189
032,112025,133190
032,112025,133191
032,112025,133192
032,112025,133193
032,112025,133194
032,112025,133195
032,112025,133196
032,112025,133197
032,112025,133200
032,112025,133201
032,112025,133203
032,112025,133205
032,112025,133206
032,112025,133208
032,112025,133209
032,112025,133210
032,112025,133211
032,112025,133213
032,112025,133214
032,112025,133215
032,112025,133217
032,112025,133218
032,112025,133219
032,112025,133220
032,112025,133222
032,112025,133223
032,112025,133224
032,112025,133225
032,112025,133226
032,112025,133227
032,112025,133228
032,112025,133230
032,112025,133231
032,112025,133232
032,112025,133233
032,112025,133234
032,112025,133237
032,112025,133238
032,112025,133241
032,112025,133242
032,112025,133243
032,112025,133244
032,112025,133245
032,112025,133246
032,112025,133247
032,112025,133248
032,112025,133249
032,112025,133250
032,112025,133251
032,112025,133252
032,112025,133253
032,112025,133257
032,112025,133258
032,112025,133259
032,112025,133260
032,112025,133261
032,112025,133262
032,112025,133263
032,112025,133264
032,112025,133265
032,112025,133266
032,112025,133267
032,112025,133269
032,112025,133270
032,112025,133271
032,112025,133272
032,112025,133273
032,112025,133274
032,112025,133277
032,112025,133278
032,112025,133279
032,112025,133280
032,112025,133281
032,112025,133283
032,112025,133284
032,112025,133285
032,112025,133286
032,112025,133287
032,112025,133288
032,112025,133289
032,112025,133293
032,112025,133294
032,112025,133295
032,112025,133297
032,112025,133298
032,112025,133302
032,112025,133303
032,112025,133304
032,112025,133305
032,112025,133306
032,112025,133307
032,112025,133308
032,112025,133309
032,112025,133310
032,112025,133311
032,112025,133312
032,112025,133314
032,112025,133315
032,112025,133316
032,112025,133317
032,112025,133318
032,112025,133320
032,112025,133321
032,112025,133323
032,112025,133324
032,112025,133325
032,112025,133326
032,112025,133327
032,112025,133328
032,112025,133329
032,112025,133330
032,112025,133331
032,112025,133332
032,112025,133333
032,112025,133334
032,112025,133335
032,112025,133336
032,112025,133337
032,112025,133338
032,112025,133340
032,112025,133341
032,112025,133342
032,112025,133343
032,112025,133344
032,112025,133345
032,112025,133346
032,112025,133347
032,112025,133348
032,112025,133351
032,112025,133352
032,112025,133353
032,112025,133354
032,112025,133355
032,112025,133356
032,112025,133358
032,112025,133363
032,112025,133365
032,112025,133366
032,112025,133367
032,112025,133368
032,112025,133369
032,112025,133370
032,112025,133371
032,112025,133372
032,112025,133373
032,112025,133374
032,112025,133375
032,112025,133376
032,112025,133377
032,112025,133378
032,112025,133379
032,112025,133380
032,112025,133381
032,112025,133382
032,112025,133383
032,112025,133384
032,112025,133385
032,112025,133386
032,112025,133387
032,112025,133388
032,112025,133389
032,112025,133391
032,112025,133392
032,112025,133393
032,112025,133394
032,112025,133396
032,112025,133397
032,112025,133398
032,112025,133399
032,112025,133400
032,112025,133401
032,112025,133402
032,112025,133405
032,112025,133406
032,112025,133408
032,112025,133409
032,112025,133411
032,112025,133412
032,112025,133413
032,112025,133414
032,112025,133415
032,112025,133416
032,112025,133418
032,112025,133421
032,112025,133425
032,112025,133426
032,112025,133429
032,112025,133430
032,112025,133431
032,112025,133432
032,112025,133433
032,112025,133435
032,112025,133438
032,112025,133440
032,112025,133442
032,112025,133443
032,112025,133445
032,112025,133446
032,112025,133447
032,112025,133448
032,112025,133449
032,112025,133450
032,112025,133451
032,112025,133452
032,112025,133453
032,112025,133454
032,112025,133455
032,112025,133456
032,112025,133457
032,112025,133459
032,112025,133460
032,112025,133461
032,112025,133462
032,112025,133463
032,112025,133464
032,112025,133465
032,112025,133468
032,112025,133469
032,112025,133470
032,112025,133471
032,112025,133472
032,112025,133473
032,112025,133474
032,112025,133475
032,112025,133477
032,112025,133478
032,112025,133479
032,112025,133481
032,112025,133482
032,112025,133484
032,112025,133485
032,112025,133487
032,112025,133488
032,112025,133489
032,112025,133491
032,112025,133492
032,112025,133493
032,112025,133494
032,112025,133495
032,112025,133496
032,112025,133497
032,112025,133498
032,112025,133499
032,112025,133501
032,112025,133502
032,112025,133503
032,112025,133505
032,112025,133506
032,112025,133507
032,112025,133508
032,112025,133510
032,112025,133511
032,112025,133512
032,112025,133513
032,112025,133514
032,112025,133516
032,112025,133517
032,112025,133518
032,112025,133519
032,112025,133520
032,112025,133521
032,112025,133522
032,112025,133523
032,112025,133524
032,112025,133525
032,112025,133526
032,112025,133527
032,112025,133528
032,112025,133529
032,112025,133530
032,112025,133531
032,112025,133532
032,112025,133533
032,112025,133534
032,112025,133535
032,112025,133536
032,112025,133537
032,112025,133538
032,112025,133539
032,112025,133540
032,112025,133541
032,112025,133542
032,112025,133543
032,112025,133544
032,112025,133545
032,112025,133546
032,112025,133547
032,112025,133548
032,112025,133549
032,112025,133550
032,112025,133551
032,112025,133553
032,112025,133554
032,112025,133555
032,112025,133559
032,112025,133560
032,112025,133561
032,112025,133562
032,112025,133563
032,112025,133566
032,112025,133569
032,112025,133570
032,112025,133572
032,112025,133574
032,112025,133576
032,112025,133577
032,112025,133578
032,112025,133579
032,112025,133580
032,112025,133581
032,112025,133582
032,112025,133583
032,112025,133584
032,112025,133586
032,112025,133587
032,112025,133588
032,112025,133589
032,112025,133590
032,112025,133591
032,112025,133592
032,112025,133593
032,112025,133594
032,112025,133595
032,112025,133596
032,112025,133597
032,112025,133598
032,112025,133599
032,112025,133600
032,112025,133601
032,112025,133602
032,112025,133603
032,112025,133604
032,112025,133605
032,112025,133606
032,112025,133607
032,112025,133608
032,112025,133609
032,112025,133610
032,112025,133611
032,112025,133612
032,112025,133613
032,112025,133614
032,112025,133615
032,112025,133616
032,112025,133617
032,112025,133618
032,112025,133620
032,112025,133621
032,112025,133622
032,112025,133623
032,112025,133633
032,112025,133634
032,112025,133636
032,112025,133637
032,112025,133638
032,112025,133639
032,112025,133640
032,112025,133641
032,112025,133642
032,112025,133643
032,112025,133644
032,112025,133647
032,112025,133649
032,112025,133650
032,112025,133651
032,112025,133652
032,112025,133653
032,112025,133654
032,112025,133656
032,112025,133657
032,112025,133658
032,112025,133659
032,112025,133660
032,112025,133661
032,112025,133662
032,112025,133665
032,112025,133666
032,112025,133667
032,112025,133668
032,112025,133669
032,112025,133670
032,112025,133673
032,112025,133675
032,112025,133677
032,112025,133678
032,112025,133679
032,112025,133680
032,112025,133681
032,112025,133682
032,112025,133683
032,112025,133684
032,112025,133685
032,112025,133686
032,112025,133687
032,112025,133688
032,112025,133689
032,112025,133691
032,112025,133692
032,112025,133693
032,112025,133694
032,112025,133695
032,112025,133696
032,112025,133697
032,112025,133698
032,112025,133699
032,112025,133700
032,112025,133701
032,112025,133702
032,112025,133703
032,112025,133704
032,112025,133705
032,112025,133707
032,112025,133708
032,112025,133709
032,112025,133710
032,112025,133711
032,112025,133712
032,112025,133713
032,112025,133714
032,112025,133715
032,112025,133716
032,112025,133717
032,112025,133718
032,112025,133719
032,112025,133720
032,112025,133721
032,112025,133722
032,112025,133730
032,112025,133731
032,112025,133733
032,112025,133734
032,112025,133735
032,112025,133736
032,112025,133737
032,112025,133738
032,112025,133739
032,112025,133742
032,112025,133743
032,112025,133744
032,112025,133745
032,112025,133746
032,112025,133747
032,112025,133748
032,112025,133750
032,112025,133751
032,112025,133752
032,112025,133753
032,112025,133754
032,112025,133755
032,112025,133756
032,112025,133764
032,112025,133765
032,112025,133767
032,112025,133768
032,112025,133770
032,112025,133771
032,112025,133772
032,112025,133773
032,112025,133774
032,112025,133775
032,112025,133776
032,112025,133777
032,112025,133779
032,112025,133781
032,112025,133782
032,112025,133783
032,112025,133784
032,112025,133785
032,112025,133786
032,112025,133787
032,112025,133788
032,112025,133789
032,112025,133790
032,112025,133791
032,112025,133793
032,112025,133795
032,112025,133796
032,112025,133797
032,112025,133798
032,112025,133800
032,112025,133801
032,112025,133802
032,112025,133805
032,112025,133806
032,112025,133807
032,112025,133808
032,112025,133809
032,112025,133810
032,112025,133813
032,112025,133816
032,112025,133817
032,112025,133820
032,112025,133821
032,112025,133822
032,112025,133823
032,112025,133824
032,112025,133825
032,112025,133826
032,112025,133827
032,112025,133828
032,112025,133829
032,112025,133831
032,112025,133832
032,112025,133833
032,112025,133834
032,112025,133835
032,112025,133836
032,112025,133837
032,112025,133838
032,112025,133840
032,112025,133842
032,112025,133843
032,112025,133844
032,112025,133845
032,112025,133847
032,112025,133848
032,112025,133850
032,112025,133851
032,112025,133852
032,112025,133853
032,112025,133854
032,112025,133855
032,112025,133856
032,112025,133857
032,112025,133858
032,112025,133859
032,112025,133860
032,112025,133861
032,112025,133862
032,112025,133863
032,112025,133864
032,112025,133865
032,112025,133867
032,112025,133868
032,112025,133869
032,112025,133870
032,112025,133871
032,112025,133872
032,112025,133873
032,112025,133874
032,112025,133875
032,112025,133876
032,112025,133877
032,112025,133878
032,112025,133879
032,112025,133880
032,112025,133881
032,112025,133882
032,112025,133883
032,112025,133884
032,112025,133885
032,112025,133886
032,112025,133887
032,112025,133888
032,112025,133889
032,112025,133890
032,112025,133891
032,112025,133892
032,112025,133898
032,112025,133902
032,112025,133903
032,112025,133904
032,112025,133905
032,112025,133908
032,112025,133909
032,112025,133910
032,112025,133911
032,112025,133912
032,112025,133913
032,112025,133914
032,112025,133915
032,112025,133916
032,112025,133917
032,112025,133918
032,112025,133919
032,112025,133920
032,112025,133921
032,112025,133922
032,112025,133923
032,112025,133924
032,112025,133925
032,112025,133926
032,112025,133927
032,112025,133928
032,112025,133929
032,112025,133930
032,112025,133931
032,112025,133932
032,112025,133933
032,112025,133934
032,112025,133935
032,112025,133936
032,112025,133937
032,112025,133938
032,112025,133939
032,112025,133940
032,112025,133941
032,112025,133942
032,112025,133943
032,112025,133944
032,112025,133945
032,112025,133946
032,112025,133947
032,112025,133948
032,112025,133949
032,112025,133950
032,112025,133951
032,112025,133952
032,112025,133953
032,112025,133954
032,112025,133956
032,112025,133957
032,112025,133959
032,112025,133960
032,112025,133965
032,112025,133967
032,112025,133971
032,112025,133972
032,112025,133973
032,112025,133974
032,112025,133975
032,112025,133976
032,112025,133977
032,112025,133978
032,112025,133979
032,112025,133980
032,112025,133981
032,112025,133982
032,112025,133983
032,112025,133984
032,112025,133986
032,112025,133987
032,112025,133988
032,112025,133989
032,112025,133990
032,112025,133992
032,112025,133993
032,112025,133994
032,112025,133995
032,112025,133996
032,112025,133997
032,112025,133998
032,112025,133999
032,112025,134000
032,112025,134001
032,112025,134002
032,112025,134003
032,112025,134004
032,112025,134007
032,112025,134008
032,112025,134009
032,112025,134010
032,112025,134011
032,112025,134012
032,112025,134013
032,112025,134014
032,112025,134015
032,112025,134016
032,112025,134017
032,112025,134018
032,112025,134020
032,112025,134021
032,112025,134022
032,112025,134029
032,112025,134039
032,112025,134040
032,112025,134041
032,112025,134044
032,112025,134045
032,112025,134049
032,112025,134050
032,112025,134051
032,112025,134052
032,112025,134053
032,112025,134054
032,112025,134055
032,112025,134056
032,112025,134057
032,112025,134059
032,112025,134060
032,112025,134061
032,112025,134062
032,112025,134063
032,112025,134064
032,112025,134065
032,112025,134066
032,112025,134067
032,112025,134068
032,112025,134069
032,112025,134070
032,112025,134071
032,112025,134072
032,112025,134073
032,112025,134074
032,112025,134075
032,112025,134076
032,112025,134077
032,112025,134078
032,112025,134079
032,112025,134080
032,112025,134081
032,112025,134082
032,112025,134083
032,112025,134084
032,112025,134085
032,112025,134086
032,112025,134087
032,112025,134088
032,112025,134089
032,112025,134091
032,112025,134092
032,112025,134093
032,112025,134094
032,112025,134095
032,112025,134096
032,112025,134098
032,112025,134099
032,112025,134100
032,112025,134101
032,112025,134103
032,112025,134104
032,112025,134105
032,112025,134106
032,112025,134107
032,112025,134108
032,112025,134109
032,112025,134111
032,112025,134112
032,112025,134113
032,112025,134114
032,112025,134115
032,112025,134116
032,112025,134117
032,112025,134118
032,112025,134119
032,112025,134120
032,112025,134121
032,112025,134122
032,112025,134123
032,112025,134124
032,112025,134125
032,112025,134127
032,112025,134128
032,112025,134129
032,112025,134140
032,112025,134145
032,112025,134146
032,112025,134149
032,112025,134151
032,112025,134152
032,112025,134153
032,112025,134154
032,112025,134156
032,112025,134157
032,112025,134158
032,112025,134159
032,112025,134160
032,112025,134161
032,112025,134164
032,112025,134166
032,112025,134167
032,112025,134168
032,112025,134169
032,112025,134170
032,112025,134171
032,112025,134172
032,112025,134175
032,112025,134176
032,112025,134177
032,112025,134178
032,112025,134179
032,112025,134181
032,112025,134182
032,112025,134183
032,112025,134184
032,112025,134185
032,112025,134186
032,112025,134188
032,112025,134189
032,112025,134191
032,112025,134192
032,112025,134193
032,112025,134195
032,112025,134197
032,112025,134198
032,112025,134203
032,112025,134207
032,112025,134208
032,112025,134209
032,112025,134210
032,112025,134212
032,112025,134213
032,112025,134215
032,112025,134218
032,112025,134219
032,112025,134220
032,112025,134221
032,112025,134222
032,112025,134223
032,112025,134224
032,112025,134225
032,112025,134226
032,112025,134227
032,112025,134228
032,112025,134229
032,112025,134230
032,112025,134231
032,112025,134233
032,112025,134234
032,112025,134235
032,112025,134236
032,112025,134237
032,112025,134238
032,112025,134239
032,112025,134240
032,112025,134241
032,112025,134242
032,112025,134243
032,112025,134244
032,112025,134245
032,112025,134246
032,112025,134247
032,112025,134248
032,112025,134249
032,112025,134250
032,112025,134251
032,112025,134252
032,112025,134253
032,112025,134254
032,112025,134255
032,112025,134256
032,112025,134257
032,112025,134258
032,112025,134259
032,112025,134260
032,112025,134262
032,112025,134263
032,112025,134264
032,112025,134265
032,112025,134266
032,112025,134268
032,112025,134269
032,112025,134270
032,112025,134271
032,112025,134272
032,112025,134273
032,112025,134274
032,112025,134275
032,112025,134276
032,112025,134277
032,112025,134278
032,112025,134280
032,112025,134281
032,112025,134282
032,112025,134283
032,112025,134284
032,112025,134285
032,112025,134286
032,112025,134287
032,112025,134288
032,112025,134289
032,112025,134290
032,112025,134291
032,112025,134292
032,112025,134293
032,112025,134294
032,112025,134295
032,112025,134296
032,112025,134297
032,112025,134298
032,112025,134299
032,112025,134300
032,112025,134302
032,112025,134303
032,112025,134304
032,112025,134305
032,112025,134306
032,112025,134307
032,112025,134308
032,112025,134309
032,112025,134310
032,112025,134311
032,112025,134312
032,112025,134313
032,112025,134314
032,112025,134315
032,112025,134316
032,112025,134317
032,112025,134318
032,112025,134321
032,112025,134322
032,112025,134323
032,112025,134324
032,112025,134325
032,112025,134326
032,112025,134327
032,112025,134328
032,112025,134329
032,112025,134330
032,112025,134331
032,112025,134332
032,112025,134333
032,112025,134334
032,112025,134335
032,112025,134336
032,112025,134337
032,112025,134338
032,112025,134339
032,112025,134340
032,112025,134341
032,112025,134342
032,112025,134343
032,112025,134344
032,112025,134345
032,112025,134346
032,112025,134347
032,112025,134348
032,112025,134349
032,112025,134350
032,112025,134351
032,112025,134352
032,112025,134353
032,112025,134354
032,112025,134358
032,112025,134360
032,112025,134361
032,112025,134362
032,112025,134363
032,112025,134364
032,112025,134365
032,112025,134366
032,112025,134367
032,112025,134368
032,112025,134369
032,112025,134370
032,112025,134371
032,112025,134372
032,112025,134373
032,112025,134375
032,112025,134376
032,112025,134377
032,112025,134378
032,112025,134379
032,112025,134380
032,112025,134381
032,112025,134382
032,112025,134383
032,112025,134384
032,112025,134392
032,112025,134393
032,112025,134394
032,112025,134395
032,112025,134396
032,112025,134398
032,112025,134399
032,112025,134400
032,112025,134401
032,112025,134402
032,112025,134405
032,112025,134407
032,112025,134408
032,112025,134409
032,112025,134410
032,112025,134411
032,112025,134412
032,112025,134413
032,112025,134414
032,112025,134415
032,112025,134416
032,112025,134417
032,112025,134418
032,112025,134419
032,112025,134422
032,112025,134424
032,112025,134425
032,112025,134426
032,112025,134427
032,112025,134428
032,112025,134429
032,112025,134430
032,112025,134431
032,112025,134432
032,112025,134433
032,112025,134434
032,112025,134437
032,112025,134438
032,112025,134439
032,112025,134440
032,112025,134442
032,112025,134443
032,112025,134444
032,112025,134445
032,112025,134446
032,112025,134448
032,112025,134450
032,112025,134451
032,112025,134452
032,112025,134453
032,112025,134455
032,112025,134457
032,112025,134460
032,112025,134463
032,112025,134467
032,112025,134468
032,112025,134469
032,112025,134470
032,112025,134471
032,112025,134473
032,112025,134474
032,112025,134475
032,112025,134476
032,112025,134477
032,112025,134478
032,112025,134479
032,112025,134480
032,112025,134481
032,112025,134482
032,112025,134483
032,112025,134484
032,112025,134485
032,112025,134487
032,112025,134489
032,112025,134490
032,112025,134491
032,112025,134492
032,112025,134493
032,112025,134494
032,112025,134495
032,112025,134496
032,112025,134497
032,112025,134499
032,112025,134500
032,112025,134501
032,112025,134502
032,112025,134503
032,112025,134504
032,112025,134506
032,112025,134507
032,112025,134508
032,112025,134509
032,112025,134510
032,112025,134511
032,112025,134512
032,112025,134516
032,112025,134517
032,112025,134518
032,112025,134519
032,112025,134520
032,112025,134521
032,112025,134522
032,112025,134523
032,112025,134525
032,112025,134526
032,112025,134527
032,112025,134528
032,112025,134529
032,112025,134531
032,112025,134532
032,112025,134533
032,112025,134534
032,112025,134535
032,112025,134536
032,112025,134537
032,112025,134538
032,112025,134541
032,112025,134542
032,112025,134543
032,112025,134544
032,112025,134545
032,112025,134546
032,112025,134548
032,112025,134550
032,112025,134551
032,112025,134552
032,112025,134553
032,112025,134555
032,112025,134556
032,112025,134557
032,112025,134558
032,112025,134559
032,112025,134560
032,112025,134561
032,112025,134562
032,112025,134563
032,112025,134564
032,112025,134565
032,112025,134566
032,112025,134567
032,112025,134569
032,112025,134571
032,112025,134572
032,112025,134573
032,112025,134574
032,112025,134575
032,112025,134576
032,112025,134580
032,112025,134581
032,112025,134582
032,112025,134583
032,112025,134584
032,112025,134585
032,112025,134586
032,112025,134587
032,112025,134588
032,112025,134589
032,112025,134590
032,112025,134591
032,112025,134601
032,112025,134602
032,112025,134603
032,112025,134605
032,112025,134606
032,112025,134607
032,112025,134609
032,112025,134610
032,112025,134611
032,112025,134613
032,112025,134617
032,112025,134620
032,112025,134621
032,112025,134622
032,112025,134623
032,112025,134624
032,112025,134625
032,112025,134626
032,112025,134627
032,112025,134628
032,112025,134630
032,112025,134631
032,112025,134632
032,112025,134633
032,112025,134634
032,112025,134635
032,112025,134637
032,112025,134638
032,112025,134639
032,112025,134640
032,112025,134641
032,112025,134642
032,112025,134643
032,112025,134644
032,112025,134645
032,112025,134646
032,112025,134647
032,112025,134648
032,112025,134649
032,112025,134650
032,112025,134651
032,112025,134652
032,112025,134653
032,112025,134654
032,112025,134656
032,112025,134658
032,112025,134659
032,112025,134660
032,112025,134661
032,112025,134662
032,112025,134663
032,112025,134667
032,112025,134668
032,112025,134669
032,112025,134670
032,112025,134672
032,112025,134675
032,112025,134676
032,112025,134677
032,112025,134678
032,112025,134679
032,112025,134681
032,112025,134682
032,112025,134684
032,112025,134685
032,112025,134687
032,112025,134688
032,112025,134689
032,112025,134690
032,112025,134691
032,112025,134692
032,112025,134697
032,112025,134698
032,112025,134700
032,112025,134705
032,112025,134706
032,112025,134707
032,112025,134708
032,112025,134709
032,112025,134710
032,112025,134712
032,112025,134713
032,112025,134714
032,112025,134715
032,112025,134719
032,112025,134720
032,112025,134721
032,112025,134722
032,112025,134723
032,112025,134724
032,112025,134725
032,112025,134726
032,112025,134727
032,112025,134728
032,112025,134729
032,112025,134731
032,112025,134733
032,112025,134734
032,112025,134735
032,112025,134736
032,112025,134740
032,112025,134741
032,112025,134743
032,112025,134744
032,112025,134747
032,112025,134748
032,112025,134749
032,112025,134755
032,112025,134756
032,112025,134757
032,112025,134758
032,112025,134759
032,112025,134760
032,112025,134761
032,112025,134762
032,112025,134763
032,112025,134764
032,112025,134765
032,112025,134768
032,112025,134769
032,112025,134771
032,112025,134773
032,112025,134774
032,112025,134776
032,112025,134778
032,112025,134779
032,112025,134780
032,112025,134781
032,112025,134782
032,112025,134783
032,112025,134784
032,112025,134789
032,112025,134790
032,112025,134791
032,112025,134792
032,112025,134793
032,112025,134794
032,112025,134795
032,112025,134798
032,112025,134799
032,112025,134800
032,112025,134801
032,112025,134802
032,112025,134805
032,112025,134806
032,112025,134808
032,112025,134809
032,112025,134811
032,112025,134814
032,112025,134815
032,112025,134816
032,112025,134817
032,112025,134818
032,112025,134819
032,112025,134820
032,112025,134821
032,112025,134822
032,112025,134823
032,112025,134824
032,112025,134825
032,112025,134826
032,112025,134827
032,112025,134828
032,112025,134829
032,112025,134830
032,112025,134831
032,112025,134832
032,112025,134834
032,112025,134835
032,112025,134839
032,112025,134840
032,112025,134841
032,112025,134842
032,112025,134844
032,112025,134845
032,112025,134846
032,112025,134849
032,112025,134850
032,112025,134851
032,112025,134852
032,112025,134853
032,112025,134854
032,112025,134855
032,112025,134857
032,112025,134862
032,112025,134863
032,112025,134864
032,112025,134865
032,112025,134868
032,112025,134869
032,112025,134870
032,112025,134872
032,112025,134873
032,112025,134874
032,112025,134875
032,112025,134876
032,112025,134877
032,112025,134878
032,112025,134880
032,112025,134881
032,112025,134882
032,112025,134884
032,112025,134888
032,112025,134889
032,112025,134890
032,112025,134891
032,112025,134892
032,112025,134893
032,112025,134894
032,112025,134895
032,112025,134896
032,112025,134898
032,112025,134899
032,112025,134900
032,112025,134901
032,112025,134902
032,112025,134903
032,112025,134904
032,112025,134905
032,112025,134906
032,112025,134907
032,112025,134908
032,112025,134909
032,112025,134910
032,112025,134911
032,112025,134913
032,112025,134914
032,112025,134916
032,112025,134917
032,112025,134918
032,112025,134920
032,112025,134921
032,112025,134922
032,112025,134926
032,112025,134927
032,112025,134928
032,112025,134929
032,112025,134930
032,112025,134932
032,112025,134934
032,112025,134935
032,112025,134936
032,112025,134937
032,112025,134939
032,112025,134940
032,112025,134941
032,112025,134942
032,112025,134945
032,112025,134947
032,112025,134948
032,112025,134949
032,112025,134950
032,112025,134951
032,112025,134952
032,112025,134953
032,112025,134955
032,112025,134956
032,112025,134957
032,112025,134958
032,112025,134959
032,112025,134960
032,112025,134961
032,112025,134962
032,112025,134963
032,112025,134964
032,112025,134965
032,112025,134966
032,112025,134967
032,112025,134968
032,112025,134971
032,112025,134974
032,112025,134977
032,112025,134978
032,112025,134979
032,112025,134980
032,112025,134981
032,112025,134982
032,112025,134984
032,112025,134985
032,112025,134986
032,112025,134987
032,112025,134989
032,112025,134990
032,112025,134991
032,112025,134992
032,112025,134994
032,112025,134998
032,112025,134999
032,112025,135000
032,112025,135001
032,112025,135011
032,112025,135012
032,112025,135013
032,112025,135014
032,112025,135016
032,112025,135017
032,112025,135019
032,112025,135021
032,112025,135022
032,112025,135023
032,112025,135024
032,112025,135025
032,112025,135026
032,112025,135027
032,112025,135028
032,112025,135029
032,112025,135033
032,112025,135035
032,112025,135038
032,112025,135039
032,112025,135040
032,112025,135042
032,112025,135043
032,112025,135045
032,112025,135046
032,112025,135047
032,112025,135048
032,112025,135049
032,112025,135051
032,112025,135053
032,112025,135054
032,112025,135055
032,112025,135057
032,112025,135058
032,112025,135059
032,112025,135060
032,112025,135061
032,112025,135064
032,112025,135067
032,112025,135071
032,112025,135072
032,112025,135073
032,112025,135074
032,112025,135075
032,112025,135078
032,112025,135079
032,112025,135080
032,112025,135081
032,112025,135082
032,112025,135083
032,112025,135084
032,112025,135085
032,112025,135086
032,112025,135087
032,112025,135089
032,112025,135090
032,112025,135091
032,112025,135092
032,112025,135094
032,112025,135095
032,112025,135096
032,112025,135097
032,112025,135099
032,112025,135100
032,112025,135101
032,112025,135102
032,112025,135103
032,112025,135104
032,112025,135105
032,112025,135106
032,112025,135107
032,112025,135109
032,112025,135110
032,112025,135111
032,112025,135112
032,112025,135113
032,112025,135114
032,112025,135115
032,112025,135116
032,112025,135117
032,112025,135118
032,112025,135119
032,112025,135120
032,112025,135121
032,112025,135122
032,112025,135123
032,112025,135124
032,112025,135125
032,112025,135126
032,112025,135127
032,112025,135128
032,112025,135130
032,112025,135131
032,112025,135133
032,112025,135134
032,112025,135135
032,112025,135138
032,112025,135139
032,112025,135140
032,112025,135141
032,112025,135142
032,112025,135143
032,112025,135144
032,112025,135146
032,112025,135147
032,112025,135148
032,112025,135149
032,112025,135150
032,112025,135151
032,112025,135152
032,112025,135153
032,112025,135154
032,112025,135155
032,112025,135156
032,112025,135157
032,112025,135158
032,112025,135159
032,112025,135160
032,112025,135161
032,112025,135162
032,112025,135163
032,112025,135164
032,112025,135165
032,112025,135166
032,112025,135167
032,112025,135168
032,112025,135169
032,112025,135170
032,112025,135171
032,112025,135172
032,112025,135173
032,112025,135174
032,112025,135175
032,112025,135176
032,112025,135177
032,112025,135178
032,112025,135179
032,112025,135180
032,112025,135181
032,112025,135182
032,112025,135183
032,112025,135185
032,112025,135186
032,112025,135187
032,112025,135188
032,112025,135189
032,112025,135190
032,112025,135192
032,112025,135193
032,112025,135194
032,112025,135195
032,112025,135196
032,112025,135197
032,112025,135198
032,112025,135199
032,112025,135200
032,112025,135201
032,112025,135202
032,112025,135203
032,112025,135204
032,112025,135205
032,112025,135206
032,112025,135207
032,112025,135208
032,112025,135209
032,112025,135210
032,112025,135211
032,112025,135212
032,112025,135213
032,112025,135214
032,112025,135215
032,112025,135216
032,112025,135217
032,112025,135218
032,112025,135220
032,112025,135221
032,112025,135222
032,112025,135223
032,112025,135224
032,112025,135226
032,112025,135227
032,112025,135228
032,112025,135229
032,112025,135230
032,112025,135231
032,112025,135232
032,112025,135233
032,112025,135234
032,112025,135235
032,112025,135236
032,112025,135237
032,112025,135238
032,112025,135239
032,112025,135240
032,112025,135241
032,112025,135242
032,112025,135243
032,112025,135244
032,112025,135245
032,112025,135246
032,112025,135248
032,112025,135249
032,112025,135252
032,112025,135253
032,112025,135254
032,112025,135255
032,112025,135258
032,112025,135259
032,112025,135261
032,112025,135262
032,112025,135263
032,112025,135265
032,112025,135266
032,112025,135267
032,112025,135268
032,112025,135269
032,112025,135270
032,112025,135271
032,112025,135272
032,112025,135273
032,112025,135274
032,112025,135275
032,112025,135276
032,112025,135278
032,112025,135280
032,112025,135281
032,112025,135282
032,112025,135283
032,112025,135284
032,112025,135285
032,112025,135286
032,112025,135287
032,112025,135288
032,112025,135289
032,112025,135290
032,112025,135291
032,112025,135292
032,112025,135294
032,112025,135295
032,112025,135298
032,112025,135300
032,112025,135301
032,112025,135302
032,112025,135304
032,112025,135305
032,112025,135307
032,112025,135309
032,112025,135310
032,112025,135311
032,112025,135312
032,112025,135314
032,112025,135315
032,112025,135316
032,112025,135317
032,112025,135319
032,112025,135320
032,112025,135321
032,112025,135322
032,112025,135323
032,112025,135324
032,112025,135325
032,112025,135326
032,112025,135327
032,112025,135328
032,112025,135330
032,112025,135331
032,112025,135332
032,112025,135334
032,112025,135337
032,112025,135338
032,112025,135339
032,112025,135340
032,112025,135341
032,112025,135342
032,112025,135344
032,112025,135345
032,112025,135346
032,112025,135347
032,112025,135348
032,112025,135350
032,112025,135351
032,112025,135353
032,112025,135354
032,112025,135356
032,112025,135357
032,112025,135358
032,112025,135359
032,112025,135360
032,112025,135361
032,112025,135363
032,112025,135365
032,112025,135368
032,112025,135369
032,112025,135370
032,112025,135371
032,112025,135372
032,112025,135373
032,112025,135374
032,112025,135375
032,112025,135377
032,112025,135378
032,112025,135380
032,112025,135381
032,112025,135382
032,112025,135384
032,112025,135385
032,112025,135386
032,112025,135387
032,112025,135388
032,112025,135389
032,112025,135391
032,112025,135392
032,112025,135393
032,112025,135394
032,112025,135395
032,112025,135396
032,112025,135397
032,112025,135398
032,112025,135399
032,112025,135400
032,112025,135401
032,112025,135402
032,112025,135403
032,112025,135404
032,112025,135407
032,112025,135408
032,112025,135409
032,112025,135410
032,112025,135412
032,112025,135413
032,112025,135414
032,112025,135416
032,112025,135417
032,112025,135420
032,112025,135422
032,112025,135423
032,112025,135424
032,112025,135425
032,112025,135426
032,112025,135430
032,112025,135432
032,112025,135433
032,112025,135434
032,112025,135435
032,112025,135436
032,112025,135439
032,112025,135440
032,112025,135441
032,112025,135442
032,112025,135444
032,112025,135445
032,112025,135446
032,112025,135448
032,112025,135449
032,112025,135451
032,112025,135452
032,112025,135456
032,112025,135457
032,112025,135458
032,112025,135459
032,112025,135461
032,112025,135462
032,112025,135464
032,112025,135465
032,112025,135466
032,112025,135467
032,112025,135468
032,112025,135470
032,112025,135471
032,112025,135472
032,112025,135473
032,112025,135474
032,112025,135475
032,112025,135476
032,112025,135478
032,112025,135479
032,112025,135480
032,112025,135481
032,112025,135483
032,112025,135485
032,112025,135486
032,112025,135487
032,112025,135488
032,112025,135490
032,112025,135491
032,112025,135493
032,112025,135494
032,112025,135496
032,112025,135497
032,112025,135498
032,112025,135499
032,112025,135500
032,112025,135501
032,112025,135502
032,112025,135507
032,112025,135508
032,112025,135509
032,112025,135512
032,112025,135513
032,112025,135514
032,112025,135515
032,112025,135516
032,112025,135517
032,112025,135521
032,112025,135522
032,112025,135523
032,112025,135525
032,112025,135526
032,112025,135527
032,112025,135531
032,112025,135533
032,112025,135534
032,112025,135535
032,112025,135536
032,112025,135539
032,112025,135540
032,112025,135541
032,112025,135543
032,112025,135544
032,112025,135546
032,112025,135547
032,112025,135548
032,112025,135550
032,112025,135551
032,112025,135552
032,112025,135553
032,112025,135556
032,112025,135558
032,112025,135559
032,112025,135560
032,112025,135562
032,112025,135565
032,112025,135566
032,112025,135567
032,112025,135568
032,112025,135569
032,112025,135570
032,112025,135571
032,112025,135572
032,112025,135574
032,112025,135575
032,112025,135576
032,112025,135577
032,112025,135581
032,112025,135582
032,112025,135587
032,112025,135588
032,112025,135590
032,112025,135591
032,112025,135592
032,112025,135593
032,112025,135595
032,112025,135597
032,112025,135598
032,112025,135599
032,112025,135600
032,112025,135601
032,112025,135603
032,112025,135605
032,112025,135608
032,112025,135611
032,112025,135614
032,112025,135615
032,112025,135616
032,112025,135617
032,112025,135618
032,112025,135620
032,112025,135621
032,112025,135622
032,112025,135623
032,112025,135625
032,112025,135626
032,112025,135627
032,112025,135628
032,112025,135629
032,112025,135631
032,112025,135632
032,112025,135634
032,112025,135635
032,112025,135637
032,112025,135638
032,112025,135639
032,112025,135640
032,112025,135641
032,112025,135643
032,112025,135644
032,112025,135646
032,112025,135647
032,112025,135648
032,112025,135649
032,112025,135650
032,112025,135652
032,112025,135653
032,112025,135654
032,112025,135655
032,112025,135658
032,112025,135659
032,112025,135661
032,112025,135663
032,112025,135664
032,112025,135665
032,112025,135667
032,112025,135668
032,112025,135669
032,112025,135670
032,112025,135671
032,112025,135672
032,112025,135673
032,112025,135675
032,112025,135676
032,112025,135677
032,112025,135678
032,112025,135679
032,112025,135680
032,112025,135683
032,112025,135684
032,112025,135685
032,112025,135687
032,112025,135689
032,112025,135693
032,112025,135695
032,112025,135696
032,112025,135697
032,112025,135699
032,112025,135701
032,112025,135703
032,112025,135705
032,112025,135706
032,112025,135707
032,112025,135708
032,112025,135710
032,112025,135711
032,112025,135712
032,112025,135714
032,112025,135715
032,112025,135716
032,112025,135717
032,112025,135718
032,112025,135719
032,112025,135723
032,112025,135724
032,112025,135725
032,112025,135726
032,112025,135727
032,112025,135728
032,112025,135729
032,112025,135730
032,112025,135731
032,112025,135732
032,112025,135733
032,112025,135736
032,112025,135737
032,112025,135739
032,112025,135740
032,112025,135741
032,112025,135745
032,112025,135748
032,112025,135750
032,112025,135751
032,112025,135752
032,112025,135753
032,112025,135754
032,112025,135758
032,112025,135759
032,112025,135760
032,112025,135762
032,112025,135763
032,112025,135764
032,112025,135765
032,112025,135767
032,112025,135771
032,112025,135773
032,112025,135774
032,112025,135777
032,112025,135779
032,112025,135783
032,112025,135784
032,112025,135787
032,112025,135789
032,112025,135790
032,112025,135791
032,112025,135792
032,112025,135793
032,112025,135795
032,112025,135796
032,112025,135797
032,112025,135798
032,112025,135802
032,112025,135804
032,112025,135805
032,112025,135811
032,112025,135812
032,112025,135813
032,112025,135814
032,112025,135815
032,112025,135817
032,112025,135818
032,112025,135819
032,112025,135820
032,112025,135822
032,112025,135825
032,112025,135826
032,112025,135827
032,112025,135828
032,112025,135830
032,112025,135831
032,112025,135836
032,112025,135837
032,112025,135838
032,112025,135839
032,112025,135840
032,112025,135841
032,112025,135842
032,112025,135843
032,112025,135844
032,112025,135845
032,112025,135846
032,112025,135847
032,112025,135848
032,112025,135849
032,112025,135850
032,112025,135851
032,112025,135852
032,112025,135853
032,112025,135854
032,112025,135857
032,112025,135858
032,112025,135859
032,112025,135861
032,112025,135863
032,112025,135865
032,112025,135866
032,112025,135867
032,112025,135868
032,112025,135869
032,112025,135870
032,112025,135871
032,112025,135872
032,112025,135875
032,112025,135876
032,112025,135877
032,112025,135878
032,112025,135879
032,112025,135880
032,112025,135882
032,112025,135883
032,112025,135884
032,112025,135886
032,112025,135887
032,112025,135889
032,112025,135890
032,112025,135891
032,112025,135892
032,112025,135893
032,112025,135894
032,112025,135895
032,112025,135896
032,112025,135898
032,112025,135899
032,112025,135900
032,112025,135901
032,112025,135902
032,112025,135906
032,112025,135907
032,112025,135908
032,112025,135911
032,112025,135912
032,112025,135913
032,112025,135914
032,112025,135915
032,112025,135916
032,112025,135917
032,112025,135918
032,112025,135919
032,112025,135920
032,112025,135925
032,112025,135927
032,112025,135928
032,112025,135929
032,112025,135931
032,112025,135932
032,112025,135934
032,112025,135935
032,112025,135936
032,112025,135937
032,112025,135941
032,112025,135942
032,112025,135944
032,112025,135945
032,112025,135948
032,112025,135949
032,112025,135950
032,112025,135952
032,112025,135954
032,112025,135955
032,112025,135956
032,112025,135957
032,112025,135959
032,112025,135960
032,112025,135962
032,112025,135963
032,112025,135964
032,112025,135965
032,112025,135966
032,112025,135967
032,112025,135968
032,112025,135971
032,112025,135972
032,112025,135973
032,112025,135974
032,112025,135975
032,112025,135977
032,112025,135978
032,112025,135979
032,112025,135980
032,112025,135981
032,112025,135982
032,112025,135983
032,112025,135984
032,112025,135985
032,112025,135986
032,112025,135987
032,112025,135988
032,112025,135989
032,112025,135990
032,112025,135991
032,112025,135992
032,112025,135993
032,112025,135994
032,112025,135995
032,112025,135996
032,112025,135997
032,112025,135998
032,112025,135999
032,112025,136001
032,112025,136002
032,112025,136003
032,112025,136004
032,112025,136005
032,112025,136006
032,112025,136007
032,112025,136008
032,112025,136009
032,112025,136010
032,112025,136011
032,112025,136012
032,112025,136013
032,112025,136014
032,112025,136015
032,112025,136016
032,112025,136017
032,112025,136018
032,112025,136019
032,112025,136020
032,112025,136022
032,112025,136023
032,112025,136024
032,112025,136026
032,112025,136027
032,112025,136028
032,112025,136029
032,112025,136030
032,112025,136031
032,112025,136032
032,112025,136033
032,112025,136036
032,112025,136037
032,112025,136038
032,112025,136040
032,112025,136041
032,112025,136042
032,112025,136043
032,112025,136044
032,112025,136045
032,112025,136046
032,112025,136049
032,112025,136050
032,112025,136051
032,112025,136052
032,112025,136053
032,112025,136055
032,112025,136056
032,112025,136057
032,112025,136058
032,112025,136061
032,112025,136063
032,112025,136065
032,112025,136066
032,112025,136068
032,112025,136069
032,112025,136070
032,112025,136071
032,112025,136072
032,112025,136073
032,112025,136075
032,112025,136076
032,112025,136077
032,112025,136079
032,112025,136081
032,112025,136083
032,112025,136084
032,112025,136085
032,112025,136087
032,112025,136089
032,112025,136090
032,112025,136091
032,112025,136093
032,112025,136095
032,112025,136096
032,112025,136099
032,112025,136101
032,112025,136103
032,112025,136104
032,112025,136105
032,112025,136106
032,112025,136109
032,112025,136111
032,112025,136112
032,112025,136113
032,112025,136115
032,112025,136116
032,112025,136117
032,112025,136118
032,112025,136120
032,112025,136121
032,112025,136123
032,112025,136124
032,112025,136125
032,112025,136127
032,112025,136129
032,112025,136130
032,112025,136131
032,112025,136132
032,112025,136133
032,112025,136135
032,112025,136137
032,112025,136139
032,112025,136141
032,112025,136142
032,112025,136143
032,112025,136144
032,112025,136145
032,112025,136147
032,112025,136151
032,112025,136153
032,112025,136154
032,112025,136157
032,112025,136158
032,112025,136160
032,112025,136161
032,112025,136162
032,112025,136167
032,112025,136168
032,112025,136170
032,112025,136171
032,112025,136172
032,112025,136173
032,112025,136177
032,112025,136178
032,112025,136179
032,112025,136180
032,112025,136185
032,112025,136186
032,112025,136187
032,112025,136189
032,112025,136190
032,112025,136191
032,112025,136192
032,112025,136193
032,112025,136194
032,112025,136197
032,112025,136198
032,112025,136199
032,112025,136200
032,112025,136201
032,112025,136202
032,112025,136203
032,112025,136204
032,112025,136205
032,112025,136208
032,112025,136214
032,112025,136215
032,112025,136217
032,112025,136218
032,112025,136219
032,112025,136224
032,112025,136226
032,112025,136229
032,112025,136230
032,112025,136232
032,112025,136233
032,112025,136235
032,112025,136236
032,112025,136237
032,112025,136238
032,112025,136241
032,112025,136244
032,112025,136245
032,112025,136246
032,112025,136248
032,112025,136249
032,112025,136250
032,112025,136251
032,112025,136252
032,112025,136253
032,112025,136254
032,112025,136255
032,112025,136256
032,112025,136257
032,112025,136258
032,112025,136259
032,112025,136260
032,112025,136261
032,112025,136262
032,112025,136263
032,112025,136264
032,112025,136265
032,112025,136266
032,112025,136267
032,112025,136268
032,112025,136269
032,112025,136270
032,112025,136271
032,112025,136272
032,112025,136273
032,112025,136274
032,112025,136275
032,112025,136276
032,112025,136277
032,112025,136278
032,112025,136279
032,112025,136280
032,112025,136281
032,112025,136282
032,112025,136283
032,112025,136284
032,112025,136285
032,112025,136286
032,112025,136287
032,112025,136288
032,112025,136289
032,112025,136290
032,112025,136291
032,112025,136292
032,112025,136293
032,112025,136294
032,112025,136295
032,112025,136296
032,112025,136297
032,112025,136298
032,112025,136299
032,112025,136300
032,112025,136301
032,112025,136302
032,112025,136303
032,112025,136304
032,112025,136305
032,112025,136306
032,112025,136307
032,112025,136308
032,112025,136309
032,112025,136310
032,112025,136311
032,112025,136312
032,112025,136313
032,112025,136314
032,112025,136315
032,112025,136316
032,112025,136317
032,112025,136318
032,112025,136319
032,112025,136320
032,112025,136321
032,112025,136322
032,112025,136323
032,112025,136324
032,112025,136325
032,112025,136326
032,112025,136327
032,112025,136328
032,112025,136329
032,112025,136330
032,112025,136331
032,112025,136332
032,112025,136333
032,112025,136334
032,112025,136335
032,112025,136336
032,112025,136337
032,112025,136338
032,112025,136339
032,112025,136340
032,112025,136341
032,112025,136342
032,112025,136343
032,112025,136344
032,112025,136345
032,112025,136346
032,112025,136347
032,112025,136348
032,112025,136349
032,112025,136350
032,112025,136351
032,112025,136352
032,112025,136353
032,112025,136354
032,112025,136355
032,112025,136356
032,112025,136357
032,112025,136358
032,112025,136359
032,112025,136360
032,112025,136361
032,112025,136362
032,112025,136363
032,112025,136364
032,112025,136365
032,112025,136366
032,112025,136367
032,112025,136368
032,112025,136369
032,112025,136370
032,112025,136371
032,112025,136372
032,112025,136373
032,112025,136374
032,112025,136375
032,112025,136376
032,112025,136377
032,112025,136378
032,112025,136379
032,112025,136380
032,112025,136381
032,112025,136382
032,112025,136383
032,112025,136384
032,112025,136385
032,112025,136386
032,112025,136387
032,112025,136388
032,112025,136389
032,112025,136390
032,112025,136391
032,112025,136392
032,112025,136393
032,112025,136394
032,112025,136395
032,112025,136396
032,112025,136397
032,112025,136398
032,112025,136399
032,112025,136400
032,112025,136401
032,112025,136402
032,112025,136403
032,112025,136405
032,112025,136406
032,112025,136407
032,112025,136408
032,112025,136410
032,112025,136411
032,112025,136414
032,112025,136419
032,112025,136420
032,112025,136421
032,112025,136422
032,112025,136423
032,112025,136424
032,112025,136425
032,112025,136426
032,112025,136428
032,112025,136429
032,112025,136430
032,112025,136431
032,112025,136432
032,112025,136433
032,112025,136434
032,112025,136438
032,112025,136440
032,112025,136441
032,112025,136442
032,112025,136443
032,112025,136445
032,112025,136446
032,112025,136447
032,112025,136450
032,112025,136451
032,112025,136452
032,112025,136453
032,112025,136454
032,112025,136457
032,112025,136458
032,112025,136459
032,112025,136460
032,112025,136461
032,112025,136462
032,112025,136463
032,112025,136465
032,112025,136466
032,112025,136467
032,112025,136468
032,112025,136469
032,112025,136470
032,112025,136471
032,112025,136472
032,112025,136473
032,112025,136474
032,112025,136475
032,112025,136476
032,112025,136477
032,112025,136478
032,112025,136479
032,112025,136480
032,112025,136481
032,112025,136482
032,112025,136483
032,112025,136484
032,112025,136485
032,112025,136486
032,112025,136487
032,112025,136488
032,112025,136489
032,112025,136490
032,112025,136491
032,112025,136492
032,112025,136493
032,112025,136494
032,112025,136495
032,112025,136496
032,112025,136497
032,112025,136498
032,112025,136499
032,112025,136500
032,112025,136501
032,112025,136502
032,112025,136503
032,112025,136504
032,112025,136505
032,112025,136506
032,112025,136507
032,112025,136508
032,112025,136509
032,112025,136510
032,112025,136511
032,112025,136512
032,112025,136513
032,112025,136514
032,112025,136515
032,112025,136516
032,112025,136517
032,112025,136518
032,112025,136519
032,112025,136520
032,112025,136521
032,112025,136522
032,112025,136523
032,112025,136524
032,112025,136525
032,112025,136526
032,112025,136527
032,112025,136528
032,112025,136529
032,112025,136530
032,112025,136531
032,112025,136532
032,112025,136533
032,112025,136534
032,112025,136535
032,112025,136536
032,112025,136537
032,112025,136538
032,112025,136539
032,112025,136540
032,112025,136541
032,112025,136542
032,112025,136543
032,112025,136544
032,112025,136545
032,112025,136546
032,112025,136547
032,112025,136548
032,112025,136549
032,112025,136550
032,112025,136552
032,112025,136553
032,112025,136554
032,112025,136555
032,112025,136556
032,112025,136557
032,112025,136558
032,112025,136559
032,112025,136561
032,112025,136562
032,112025,136563
032,112025,136564
032,112025,136565
032,112025,136566
032,112025,136567
032,112025,136568
032,112025,136569
032,112025,136570
032,112025,136571
032,112025,136572
032,112025,136573
032,112025,136574
032,112025,136575
032,112025,136576
032,112025,136577
032,112025,136578
032,112025,136579
032,112025,136580
032,112025,136581
032,112025,136582
032,112025,136583
032,112025,136585
032,112025,136587
032,112025,136588
032,112025,136589
032,112025,136590
032,112025,136591
032,112025,136593
032,112025,136594
032,112025,136595
032,112025,136596
032,112025,136597
032,112025,136598
032,112025,136599
032,112025,136600
032,112025,136601
032,112025,136602
032,112025,136603
032,112025,136604
032,112025,136605
032,112025,136606
032,112025,136607
032,112025,136608
032,112025,136609
032,112025,136610
032,112025,136611
032,112025,136612
032,112025,136616
032,112025,136617
032,112025,136618
032,112025,136619
032,112025,136620
032,112025,136625
032,112025,136626
032,112025,136627
032,112025,136628
032,112025,136632
032,112025,136633
032,112025,136634
032,112025,136638
032,112025,136639
032,112025,136643
032,112025,136644
032,112025,136648
032,112025,136649
032,112025,136650
032,112025,136651
032,112025,136652
032,112025,136653
032,112025,136654
032,112025,136655
032,112025,136656
032,112025,136657
032,112025,136658
032,112025,136659
032,112025,136660
032,112025,136662
032,112025,136663
032,112025,136665
032,112025,136668
032,112025,136670
032,112025,136671
032,112025,136672
032,112025,136673
032,112025,136675
032,112025,136676
032,112025,136677
032,112025,136678
032,112025,136684
032,112025,136685
032,112025,136686
032,112025,136689
032,112025,136690
032,112025,136691
032,112025,136692
032,112025,136693
032,112025,136695
032,112025,136696
032,112025,136697
032,112025,136700
032,112025,136701
032,112025,136702
032,112025,136704
032,112025,136705
032,112025,136707
032,112025,136708
032,112025,136712
032,112025,136714
032,112025,136717
032,112025,136718
032,112025,136719
032,112025,136720
032,112025,136722
032,112025,136723
032,112025,136724
032,112025,136726
032,112025,136727
032,112025,136728
032,112025,136729
032,112025,136730
032,112025,136732
032,112025,136733
032,112025,136734
032,112025,136737
032,112025,136739
032,112025,136740
032,112025,136741
032,112025,136742
032,112025,136745
032,112025,136747
032,112025,136748
032,112025,136750
032,112025,136752
032,112025,136754
032,112025,136755
032,112025,136756
032,112025,136757
032,112025,136758
032,112025,136760
032,112025,136761
032,112025,136762
032,112025,136764
032,112025,136765
032,112025,136768
032,112025,136769
032,112025,136770
032,112025,136771
032,112025,136772
032,112025,136775
032,112025,136776
032,112025,136777
032,112025,136779
032,112025,136782
032,112025,136783
032,112025,136785
032,112025,136787
032,112025,136788
032,112025,136790
032,112025,136791
032,112025,136793
032,112025,136794
032,112025,136795
032,112025,136797
032,112025,136798
032,112025,136799
032,112025,136802
032,112025,136805
032,112025,136806
032,112025,136807
032,112025,136808
032,112025,136810
032,112025,136811
032,112025,136812
032,112025,136813
032,112025,136814
032,112025,136818
032,112025,136823
032,112025,136825
032,112025,136828
032,112025,136830
032,112025,136831
032,112025,136833
032,112025,136834
032,112025,136835
032,112025,136836
032,112025,136838
032,112025,136840
032,112025,136841
032,112025,136861
032,112025,136871
032,112025,350117
032,112025,350121
032,112025,350122
032,112025,350126
032,112025,350127
032,112025,350130
032,112025,350136
032,112025,350138
032,112025,350141
032,112025,350142
032,112025,350144
032,112025,350146
032,112025,350154
032,112025,350157
032,112025,350162
032,112025,350168
032,112025,350169
032,112025,350170
032,112025,350171
032,112025,350175
032,112025,350178
032,112025,350179
032,112025,350189
032,112025,350191
032,112025,350193
032,112025,350194
032,112025,350198
032,112025,350201
032,112025,350202
032,112025,350205
032,112025,350207
032,112025,350208
032,112025,350209
032,112025,350210
032,112025,350214
032,112025,350215
032,112025,350216
032,112025,350218
032,112025,350220
032,112025,350221
032,112025,350222
032,112025,350223
032,112025,350224
032,112025,350226
032,112025,350227
032,112025,350229
032,112025,350231
032,112025,350234
032,112025,350240
032,112025,350242
032,112025,350249
032,112025,350250
032,112025,350253
032,112025,350256
032,112025,350258
032,112025,350259
032,112025,350260
032,112025,350261
032,112025,350262
032,112025,350263
032,112025,350264
032,112025,350266
032,112025,350267
032,112025,350272
032,112025,350273
032,112025,350274
032,112025,350276
032,112025,350277
032,112025,350281
032,112025,350284
032,112025,350286
032,112025,350289
032,112025,350290
032,112025,350293
032,112025,350297
032,112025,350299
032,112025,350301
032,112025,350305
032,112025,350307
032,112025,350309
032,112025,350315
032,112025,350316
032,112025,350317
032,112025,350322
032,112025,350323
032,112025,350327
032,112025,350333
032,112025,350335
032,112025,350337
032,112025,350339
032,112025,350340
032,112025,350341
032,112025,350343
032,112025,350344
032,112025,350345
032,112025,350346
032,112025,350349
032,112025,350353
032,112025,350354
032,112025,350355
032,112025,350357
032,112025,350363
032,112025,350365
032,112025,350366
032,112025,350367
032,112025,350368
032,112025,350370
032,112025,350373
032,112025,350375
032,112025,350376
032,112025,350378
032,112025,350381
032,112025,350383
032,112025,350384
032,112025,350385
032,112025,350388
032,112025,350390
032,112025,350392
032,112025,350393
032,112025,350394
032,112025,350396
032,112025,350397
032,112025,350398
032,112025,350404
032,112025,350406
032,112025,350408
032,112025,350409
032,112025,350411
032,112025,350414
032,112025,350415
032,112025,350416
032,112025,350421
032,112025,350423
032,112025,350424
032,112025,350431
032,112025,350432
032,112025,350437
032,112025,350443
032,112025,350445
032,112025,350446
032,112025,350447
032,112025,350449
032,112025,350452
032,112025,350454
032,112025,350455
032,112025,350456
032,112025,350457
032,112025,350458
032,112025,350462
032,112025,350465
032,112025,350467
032,112025,350468
032,112025,350470
032,112025,350471
032,112025,350474
032,112025,350475
032,112025,350476
032,112025,350478
032,112025,350479
032,112025,350480
032,112025,350482
032,112025,350483
032,112025,350487
032,112025,350488
032,112025,350489
032,112025,350491
032,112025,350492
032,112025,350493
032,112025,350495
032,112025,350497
032,112025,350499
032,112025,350502
032,112025,350503
032,112025,350504
032,112025,350505
032,112025,350506
032,112025,350507
032,112025,350508
032,112025,350509
032,112025,350510
032,112025,350514
032,112025,350515
032,112025,350516
032,112025,350517
032,112025,350521
032,112025,350522
032,112025,350525
032,112025,350526
032,112025,350528
032,112025,350530
032,112025,350531
032,112025,350533
032,112025,350534
032,112025,350536
032,112025,350537
032,112025,350539
032,112025,350540
032,112025,350541
032,112025,350544
032,112025,350545
032,112025,350547
032,112025,350549
032,112025,350550
032,112025,350552
032,112025,350553
032,112025,350554
032,112025,350555
032,112025,350556
032,112025,350557
032,112025,350563
032,112025,350565
032,112025,350566
032,112025,350567
032,112025,350570
032,112025,350575
032,112025,350577
032,112025,350578
032,112025,350579
032,112025,350580
032,112025,350584
032,112025,350585
032,112025,350586
032,112025,350587
032,112025,350588
032,112025,350589
032,112025,350590
032,112025,350591
032,112025,350592
032,112025,350593
032,112025,350596
032,112025,350597
032,112025,350602
032,112025,350605
032,112025,350608
032,112025,350609
032,112025,350610
032,112025,350611
032,112025,350613
032,112025,350615
032,112025,350617
032,112025,350621
032,112025,350623
032,112025,350626
032,112025,350628
032,112025,350631
032,112025,350633
032,112025,350634
032,112025,350635
032,112025,350636
032,112025,350639
032,112025,350646
032,112025,350647
032,112025,350648
032,112025,350650
032,112025,350655
032,112025,350656
032,112025,350657
032,112025,350659
032,112025,350662
032,112025,350665
032,112025,350666
032,112025,350668
032,112025,350669
032,112025,350672
032,112025,350675
032,112025,350678
032,112025,350679
032,112025,350680
032,112025,350681
032,112025,350682
032,112025,350683
032,112025,350686
032,112025,350687
032,112025,350690
032,112025,350695
032,112025,350698
032,112025,350699
032,112025,350700
032,112025,350701
032,112025,350712
032,112025,350713
032,112025,350718
032,112025,350720
032,112025,350721
032,112025,350722
032,112025,350723
032,112025,350727
032,112025,350730
032,112025,350731
032,112025,350732
032,112025,350733
032,112025,350734
032,112025,350737
032,112025,350741
032,112025,350746
032,112025,350748
032,112025,350752
032,112025,350753
032,112025,350755
032,112025,350757
032,112025,350758
032,112025,350759
032,112025,350761
032,112025,350764
032,112025,350766
032,112025,350767
032,112025,350768
032,112025,350769
032,112025,350771
032,112025,350774
032,112025,350775
032,112025,350781
032,112025,350787
032,112025,350789
032,112025,350790
032,112025,350792
032,112025,350793
032,112025,350798
032,112025,350802
032,112025,350806
032,112025,350809
032,112025,350810
032,112025,350811
032,112025,350813
032,112025,350814
032,112025,350816
032,112025,350820
032,112025,350821
032,112025,350822
032,112025,350824
032,112025,350825
032,112025,350828
032,112025,350829
032,112025,350830
032,112025,350832
032,112025,350838
032,112025,350841
032,112025,350842
032,112025,350844
032,112025,350845
032,112025,350846
032,112025,350847
032,112025,350848
032,112025,350852
032,112025,350855
032,112025,350857
032,112025,350858
032,112025,350859
032,112025,350860
032,112025,350864
032,112025,350866
032,112025,350867
032,112025,350869
032,112025,350871
032,112025,350872
032,112025,350873
032,112025,350874
032,112025,350876
032,112025,350878
032,112025,350883
032,112025,350884
032,112025,350887
032,112025,350889
032,112025,350890
032,112025,350893
032,112025,350894
032,112025,350897
032,112025,350898
032,112025,350899
032,112025,350900
032,112025,350901
032,112025,350902
032,112025,350903
032,112025,350904
032,112025,350905
032,112025,350906
032,112025,350907
032,112025,350910
032,112025,350911
032,112025,350912
032,112025,350915
032,112025,350917
032,112025,350918
032,112025,350920
032,112025,350922
032,112025,350928
032,112025,350929
032,112025,350930
032,112025,350932
032,112025,350935
032,112025,350937
032,112025,350938
032,112025,350939
032,112025,350941
032,112025,350943
032,112025,350945
032,112025,350946
032,112025,350947
032,112025,350948
032,112025,350950
032,112025,350952
032,112025,350953
032,112025,350955
032,112025,350956
032,112025,350957
032,112025,350961
032,112025,350962
032,112025,350964
032,112025,350965
032,112025,350966
032,112025,350967
032,112025,350968
032,112025,350969
032,112025,350970
032,112025,350971
032,112025,350972
032,112025,350973
032,112025,350974
032,112025,350975
032,112025,350978
032,112025,350980
032,112025,350981
032,112025,350982
032,112025,350983
032,112025,350984
032,112025,350985
032,112025,350986
032,112025,350987
032,112025,350988
032,112025,350989
032,112025,350992
032,112025,350993
032,112025,350994
032,112025,350996
032,112025,350997
032,112025,350999
032,112025,351000
032,112025,351001
032,112025,351005
032,112025,351007
032,112025,351008
032,112025,351009
032,112025,351010
032,112025,351012
032,112025,351016
032,112025,351017
032,112025,351019
032,112025,351020
032,112025,351022
032,112025,351026
032,112025,351027
032,112025,351029
032,112025,351033
032,112025,351034
032,112025,351035
032,112025,351039
032,112025,351040
032,112025,351041
032,112025,351042
032,112025,351047
032,112025,351051
032,112025,351054
032,112025,351061
032,112025,351063
032,112025,351066
032,112025,351069
032,112025,351070
032,112025,351071
032,112025,351074
032,112025,351076
032,112025,351078
032,112025,351080
032,112025,351081
032,112025,351083
032,112025,351086
032,112025,351087
032,112025,351089
032,112025,351091
032,112025,351093
032,112025,351096
032,112025,351097
032,112025,351098
032,112025,351102
032,112025,351105
032,112025,351107
032,112025,351108
032,112025,351109
032,112025,351111
032,112025,351112
032,112025,351115
032,112025,351116
032,112025,351120
032,112025,351122
032,112025,351123
032,112025,351124
032,112025,351125
032,112025,351126
032,112025,351127
032,112025,351129
032,112025,351133
032,112025,351134
032,112025,351135
032,112025,351136
032,112025,351138
032,112025,351139
032,112025,351140
032,112025,351143
032,112025,351147
032,112025,351148
032,112025,351151
032,112025,351152
032,112025,351155
032,112025,351157
032,112025,351160
032,112025,351161
032,112025,351172
032,112025,351173
032,112025,351175
032,112025,351176
032,112025,351177
032,112025,351178
032,112025,351179
032,112025,351182
032,112025,351185
032,112025,351191
032,112025,351192
032,112025,351198
032,112025,351199
032,112025,351200
032,112025,351201
032,112025,351202
032,112025,351203
032,112025,351204
032,112025,351217
032,112025,351218
032,112025,351219
032,112025,351220
032,112025,351222
032,112025,351223
032,112025,351224
032,112025,351226
032,112025,351227
032,112025,351229
032,112025,351237
032,112025,351238
032,112025,351239
032,112025,351240
032,112025,351242
032,112025,351244
032,112025,351245
032,112025,351250
032,112025,351252
032,112025,351253
032,112025,351255
032,112025,351259
032,112025,351260
032,112025,351261
032,112025,351271
032,112025,351272
032,112025,351274
032,112025,351275
032,112025,351277
032,112025,351279
032,112025,351284
032,112025,351285
032,112025,351287
032,112025,351288
032,112025,351292
032,112025,351293
032,112025,351294
032,112025,351295
032,112025,351298
032,112025,351299
032,112025,351301
032,112025,351305
032,112025,351306
032,112025,351309
032,112025,351312
032,112025,351313
032,112025,351317
032,112025,351319
032,112025,351322
032,112025,351324
032,112025,351326
032,112025,351333
032,112025,351339
032,112025,351340
032,112025,351341
032,112025,351342
032,112025,351346
032,112025,351347
032,112025,351348
032,112025,351349
032,112025,351353
032,112025,351354
032,112025,351355
032,112025,351356
032,112025,351357
032,112025,351358
032,112025,351359
032,112025,351360
032,112025,351361
032,112025,351362
032,112025,351363
032,112025,351364
032,112025,351367
032,112025,351370
032,112025,351371
032,112025,351379
032,112025,351380
032,112025,351383
032,112025,351386
032,112025,351387
032,112025,351389
032,112025,351390
032,112025,351391
032,112025,351393
032,112025,351395
032,112025,351396
032,112025,351397
032,112025,351399
032,112025,351403
032,112025,351404
032,112025,351406
032,112025,351407
032,112025,351410
032,112025,351411
032,112025,351413
032,112025,351414
032,112025,351417
032,112025,351418
032,112025,351419
032,112025,351420
032,112025,351421
032,112025,351422
032,112025,351423
032,112025,351425
032,112025,351426
032,112025,351429
032,112025,351431
032,112025,351432
032,112025,351434
032,112025,351435
032,112025,351436
032,112025,351437
032,112025,351438
032,112025,351439
032,112025,351441
032,112025,351448
032,112025,351450
032,112025,351451
032,112025,351453
032,112025,351454
032,112025,351455
032,112025,351459
032,112025,351468
032,112025,351470
032,112025,351474
032,112025,351475
032,112025,351476
032,112025,351477
032,112025,351478
032,112025,351479
032,112025,351481
032,112025,351482
032,112025,351483
032,112025,351484
032,112025,351485
032,112025,351486
032,112025,351487
032,112025,351489
032,112025,351491
032,112025,351493
032,112025,351495
032,112025,351497
032,112025,351498
032,112025,351499
032,112025,351500
032,112025,351503
032,112025,351504
032,112025,351506
032,112025,351511
032,112025,351512
032,112025,351513
032,112025,351518
032,112025,351519
032,112025,351521
032,112025,351523
032,112025,351525
032,112025,351526
032,112025,351528
032,112025,351529
032,112025,351530
032,112025,351531
032,112025,351532
032,112025,351534
032,112025,351535
032,112025,351538
032,112025,351539
032,112025,351540
032,112025,351541
032,112025,351543
032,112025,351544
032,112025,351547
032,112025,351549
032,112025,351551
032,112025,351552
032,112025,351553
032,112025,351555
032,112025,351556
032,112025,351557
032,112025,351559
032,112025,351561
032,112025,351563
032,112025,351564
032,112025,351566
032,112025,351567
032,112025,351570
032,112025,351573
032,112025,351574
032,112025,351576
032,112025,351577
032,112025,351578
032,112025,351582
032,112025,351584
032,112025,351586
032,112025,351587
032,112025,351588
032,112025,351592
032,112025,351598
032,112025,351600
032,112025,351605
032,112025,351607
032,112025,351611
032,112025,351615
032,112025,351616
032,112025,351618
032,112025,351619
032,112025,351620
032,112025,351623
032,112025,351624
032,112025,351625
032,112025,351627
032,112025,351631
032,112025,351632
032,112025,351633
032,112025,351635
032,112025,351643
032,112025,351649
032,112025,351650
032,112025,351652
032,112025,351653
032,112025,351654
032,112025,351655
032,112025,351657
032,112025,351659
032,112025,351663
032,112025,351664
032,112025,351668
032,112025,351671
032,112025,351672
032,112025,351676
032,112025,351677
032,112025,351680
032,112025,351681
032,112025,351682
032,112025,351683
032,112025,351684
032,112025,351686
032,112025,351687
032,112025,351688
032,112025,351689
032,112025,351691
032,112025,351692
032,112025,351693
032,112025,351694
032,112025,351695
032,112025,351698
032,112025,351700
032,112025,351701
032,112025,351702
032,112025,351703
032,112025,351704
032,112025,351705
032,112025,351706
032,112025,351707
032,112025,351711
032,112025,351713
032,112025,351714
032,112025,351716
032,112025,351718
032,112025,351719
032,112025,351721
032,112025,351722
032,112025,351725
032,112025,351726
032,112025,351727
032,112025,351736
032,112025,351740
032,112025,351741
032,112025,351743
032,112025,351744
032,112025,351748
032,112025,351749
032,112025,351751
032,112025,351753
032,112025,351754
032,112025,351755
032,112025,351756
032,112025,351759
032,112025,351761
032,112025,351765
032,112025,351766
032,112025,351769
032,112025,351770
032,112025,351771
032,112025,351775
032,112025,351776
032,112025,351779
032,112025,351780
032,112025,351781
032,112025,351783
032,112025,351784
032,112025,351785
032,112025,351787
032,112025,351788
032,112025,351791
032,112025,351792
032,112025,351793
032,112025,351798
032,112025,351799
032,112025,351801
032,112025,351807
032,112025,351808
032,112025,351811
032,112025,351815
032,112025,351821
032,112025,351822
032,112025,351823
032,112025,351824
032,112025,351826
032,112025,351829
032,112025,351830
032,112025,351831
032,112025,351832
032,112025,351833
032,112025,351834
032,112025,351836
032,112025,351839
032,112025,351841
032,112025,351843
032,112025,351844
032,112025,351845
032,112025,351846
032,112025,351847
032,112025,351848
032,112025,351849
032,112025,351851
032,112025,351853
032,112025,351854
032,112025,351855
032,112025,351856
032,112025,351857
032,112025,351858
032,112025,351861
032,112025,351862
032,112025,351864
032,112025,351865
032,112025,351866
032,112025,351869
032,112025,351870
032,112025,351872
032,112025,351873
032,112025,351874
032,112025,351877
032,112025,351879
032,112025,351880
032,112025,351884
032,112025,351885
032,112025,351886
032,112025,351891
032,112025,351892
032,112025,351898
032,112025,351899
032,112025,351901
032,112025,351905
032,112025,351910
032,112025,351911
032,112025,351912
032,112025,351916
032,112025,351918
032,112025,351922
032,112025,351924
032,112025,351925
032,112025,351928
032,112025,351930
032,112025,351933
032,112025,351938
032,112025,351940
032,112025,351941
032,112025,351942
032,112025,351944
032,112025,351946
032,112025,351947
032,112025,351949
032,112025,351952
032,112025,351954
032,112025,351955
032,112025,351959
032,112025,351960
032,112025,351962
032,112025,351966
032,112025,351967
032,112025,351968
032,112025,351971
032,112025,351972
032,112025,351973
032,112025,351974
032,112025,351975
032,112025,351977
032,112025,351980
032,112025,351984
032,112025,351985
032,112025,351987
032,112025,351988
032,112025,351991
032,112025,351992
032,112025,351994
032,112025,351995
032,112025,351997
032,112025,351999
032,112025,352002
032,112025,352003
032,112025,352005
032,112025,352007
032,112025,352009
032,112025,352011
032,112025,352012
032,112025,352017
032,112025,352018
032,112025,352019
032,112025,352020
032,112025,352021
032,112025,352022
032,112025,352023
032,112025,352024
032,112025,352025
032,112025,352026
032,112025,352030
032,112025,352031
032,112025,352032
032,112025,352036
032,112025,352037
032,112025,352039
032,112025,352042
032,112025,352044
032,112025,352048
032,112025,352049
032,112025,352050
032,112025,352052
032,112025,352056
032,112025,352058
032,112025,352060
032,112025,352061
032,112025,352062
032,112025,352065
032,112025,352066
032,112025,352067
032,112025,352069
032,112025,352070
032,112025,352071
032,112025,352073
032,112025,352074
032,112025,352075
032,112025,352079
032,112025,352080
032,112025,352083
032,112025,352084
032,112025,352088
032,112025,352090
032,112025,352093
032,112025,352096
032,112025,352097
032,112025,352101
032,112025,352103
032,112025,352104
032,112025,352106
032,112025,352107
032,112025,352108
032,112025,352110
032,112025,352111
032,112025,352113
032,112025,352116
032,112025,352117
032,112025,352119
032,112025,352120
032,112025,352122
032,112025,352125
032,112025,352127
032,112025,352128
032,112025,352129
032,112025,352130
032,112025,352131
032,112025,352132
032,112025,352134
032,112025,352136
032,112025,352138
032,112025,352140
032,112025,352143
032,112025,352145
032,112025,352147
032,112025,352148
032,112025,352149
032,112025,352153
032,112025,352154
032,112025,352155
032,112025,352157
032,112025,352159
032,112025,352160
032,112025,352161
032,112025,352162
032,112025,352166
032,112025,352171
032,112025,352172
032,112025,352173
032,112025,352175
032,112025,352177
032,112025,352178
032,112025,352180
032,112025,352182
032,112025,352184
032,112025,352185
032,112025,352187
032,112025,352189
032,112025,352190
032,112025,352191
032,112025,352192
032,112025,352193
032,112025,352194
032,112025,352196
032,112025,352197
032,112025,352199
032,112025,352200
032,112025,352201
032,112025,352204
032,112025,352206
032,112025,352207
032,112025,352211
032,112025,352213
032,112025,352215
032,112025,352225
032,112025,352233
032,112025,352235
032,112025,352236
032,112025,352237
032,112025,352238
032,112025,352239
032,112025,352240
032,112025,352241
032,112025,352242
032,112025,352247
032,112025,352250
032,112025,352251
032,112025,352252
032,112025,352259
032,112025,352262
032,112025,352263
032,112025,352264
032,112025,352265
032,112025,352266
032,112025,352268
032,112025,352269
032,112025,352271
032,112025,352272
032,112025,352274
032,112025,352279
032,112025,352281
032,112025,352287
032,112025,352288
032,112025,352289
032,112025,352291
032,112025,352295
032,112025,352298
032,112025,352300
032,112025,352301
032,112025,352302
032,112025,352304
032,112025,352305
032,112025,352306
032,112025,352309
032,112025,352310
032,112025,352311
032,112025,352313
032,112025,352315
032,112025,352323
032,112025,352324
032,112025,352327
032,112025,352328
032,112025,352329
032,112025,352331
032,112025,352333
032,112025,352334
032,112025,352335
032,112025,352343
032,112025,352344
032,112025,352345
032,112025,352348
032,112025,352349
032,112025,352353
032,112025,352356
032,112025,352361
032,112025,352365
032,112025,352367
032,112025,352372
032,112025,352374
032,112025,352378
032,112025,352379
032,112025,352381
032,112025,352382
032,112025,352383
032,112025,352386
032,112025,352389
032,112025,352390
032,112025,352391
032,112025,352395
032,112025,352399
032,112025,352405
032,112025,352406
032,112025,352547
032,112025,352549
032,112025,352551
032,112025,352552
032,112025,352554
032,112025,352555
032,112025,352561
032,112025,352565
032,112025,352566
032,112025,352567
032,112025,352569
032,112025,352576
032,112025,352577
032,112025,352579
032,112025,352580
032,112025,352583
032,112025,352586
032,112025,352587
032,112025,352590
032,112025,352591
032,112025,352592
032,112025,352594
032,112025,352595
032,112025,352599
032,112025,352600
032,112025,352601
032,112025,352603
032,112025,352605
032,112025,352607
032,112025,352608
032,112025,352612
032,112025,352614
032,112025,352620
032,112025,352621
032,112025,352630
032,112025,352635
032,112025,352637
032,112025,352638
032,112025,352640
032,112025,352642
032,112025,352643
032,112025,352644
032,112025,352645
032,112025,352649
032,112025,352650
032,112025,352653
032,112025,352654
032,112025,352655
032,112025,352657
032,112025,352660
032,112025,352661
032,112025,352664
032,112025,352666
032,112025,352668
032,112025,352676
032,112025,352678
032,112025,352679
032,112025,352680
032,112025,352682
032,112025,352685
032,112025,352689
032,112025,352694
032,112025,352699
032,112025,352700
032,112025,352701
032,112025,352703
032,112025,352705
032,112025,352707
032,112025,352710
032,112025,352711
032,112025,352713
032,112025,352716
032,112025,352718
032,112025,352722
032,112025,352735
032,112025,352736
032,112025,352742
032,112025,352756
032,112025,352760
032,112025,352773
032,112025,352778
032,112025,352784
032,112025,352787
032,112025,352815
032,112025,352820
032,112025,352911
032,112025,352916
032,112025,352923
032,112025,352994
032,112025,353037
032,112025,353038
032,112025,353039
032,112025,353040
032,112025,353041
032,112025,353042
032,112025,353043
032,112025,353044
032,112025,353045
032,112025,353046
032,112025,353047
032,112025,353048
032,112025,353049
032,112025,353050
032,112025,353051
032,112025,353052
032,112025,353053
032,112025,353054
032,112025,353055
032,112025,353056
032,112025,353057
032,112025,353058
032,112025,353059
032,112025,353060
032,112025,353061
032,112025,353062
032,112025,353063
032,112025,353064
032,112025,353066
032,112025,353067
032,112025,353068
032,112025,353069
032,112025,353070
032,112025,353071
032,112025,353072
032,112025,353073
032,112025,353074
032,112025,353075
032,112025,353076
032,112025,353078
032,112025,353079
032,112025,353080
032,112025,353081
032,112025,353082
032,112025,353083
032,112025,353084
032,112025,353085
032,112025,353086
032,112025,353087
032,112025,353088
032,112025,353089
032,112025,353090
032,112025,353091
032,112025,353092
032,112025,353093
032,112025,353094
032,112025,353095
032,112025,353096
032,112025,353097
032,112025,353098
032,112025,353099
032,112025,353100
032,112025,353101
032,112025,353102
032,112025,353103
032,112025,353104
032,112025,353105
032,112025,353106
032,112025,353107
032,112025,353108
032,112025,353109
032,112025,353110
032,112025,353111
032,112025,353112
032,112025,353113
032,112025,353116
032,112025,353117
032,112025,353118
032,112025,353119
032,112025,353120
032,112025,353121
032,112025,353122
032,112025,353123
032,112025,353124
032,112025,353125
032,112025,353126
032,112025,353127
032,112025,353128
032,112025,353129
032,112025,353130
032,112025,353131
032,112025,353132
032,112025,353133
032,112025,353134
032,112025,353135
032,112025,353136
032,112025,353137
032,112025,353138
032,112025,353139
032,112025,353140
032,112025,353141
032,112025,353142
032,112025,353144
032,112025,353145
032,112025,353146
032,112025,353147
032,112025,353148
032,112025,353149
032,112025,353150
032,112025,353151
032,112025,353159
032,112025,353579
032,112025,353720
032,112025,353765
032,112025,353772
032,112025,353796
032,112025,353854
032,112025,353855
032,112025,353856
032,112025,353857
032,112025,353858
032,112025,353859
032,112025,353860
032,112025,353861
032,112025,353862
032,112025,353863
032,112025,353864
032,112025,353865
032,112025,353866
032,112025,353867
032,112025,353868
032,112025,353869
032,112025,353870
032,112025,353871
032,112025,353872
032,112025,353873
032,112025,353874
032,112025,353875
032,112025,353876
032,112025,353877
032,112025,353878
032,112025,353879
032,112025,353880
032,112025,353881
032,112025,353882
032,112025,353883
032,112025,353884
032,112025,353885
032,112025,353886
032,112025,353887
032,112025,353888
032,112025,353889
032,112025,353890
032,112025,353891
032,112025,353892
032,112025,353893
032,112025,353894
032,112025,353895
032,112025,353896
032,112025,353897
032,112025,353898
032,112025,353899
032,112025,353900
032,112025,353901
032,112025,353902
032,112025,353903
032,112025,353904
032,112025,353905
032,112025,353906
032,112025,353907
032,112025,353908
032,112025,353909
032,112025,353910
032,112025,353911
032,112025,353912
032,112025,353913
032,112025,353914
032,112025,353915
032,112025,353916
032,112025,353917
032,112025,353918
032,112025,353919
032,112025,353920
032,112025,353921
032,112025,353922
032,112025,353923
032,112025,353924
032,112025,353925
032,112025,353926
032,112025,353927
032,112025,353928
032,112025,353929
032,112025,353930
032,112025,353931
032,112025,353932
032,112025,353933
032,112025,353934
032,112025,353935
032,112025,353936
032,112025,353937
032,112025,353938
032,112025,353939
032,112025,353940
032,112025,353941
032,112025,353942
032,112025,353943
032,112025,353944
032,112025,353945
032,112025,353946
032,112025,353947
032,112025,353948
032,112025,353949
032,112025,353950
032,112025,353951
032,112025,353952
032,112025,353953
032,112025,353954
032,112025,353955
032,112025,353956
032,112025,353957
032,112025,353958
032,112025,353959
032,112025,353960
032,112025,353961
032,112025,353962
032,112025,353963
032,112025,353964
032,112025,353965
032,112025,353966
032,112025,353967
032,112025,353968
032,112025,353969
032,112025,353970
032,112025,353971
032,112025,353972
032,112025,353973
032,112025,353974
032,112025,353975
032,112025,353976
032,112025,353977
032,112025,353978
032,112025,353979
032,112025,353980
032,112025,353981
032,112025,353982
032,112025,353983
032,112025,353984
032,112025,353985
032,112025,353986
032,112025,353987
032,112025,353988
032,112025,353989
032,112025,353990
032,112025,353991
032,112025,353992
032,112025,353993
032,112025,353994
032,112025,353995
032,112025,353996
032,112025,353997
032,112025,353998
032,112025,353999
032,112025,354000
032,112025,354001
032,112025,354002
032,112025,354003
032,112025,354004
032,112025,354005
032,112025,354006
032,112025,354007
032,112025,354008
032,112025,354009
032,112025,354010
032,112025,354276
032,112025,354280
032,112025,354285
032,112025,354297
032,112025,354310
032,112025,354313
032,112025,354323
032,112025,354325
032,112025,354333
032,112025,354353
032,112025,354356
032,112025,354360
032,112025,354361
032,112025,354372
032,112025,354375
032,112025,354377
032,112025,354382
032,112025,354397
032,112025,354403
032,112025,354410
032,112025,354413
032,112025,354430
032,112025,354478
032,112025,354480
032,112025,354481
032,112025,354491
032,112025,354506
032,112025,354507
032,112025,354519
032,112025,354534
032,112025,354538
032,112025,354539
032,112025,354555
032,112025,354595
032,112025,354613
032,112025,354628
032,112025,354630
032,112025,354635
032,112025,354642
032,112025,354697
032,112025,354711
032,112025,354717
032,112025,354750
032,112025,354759
032,112025,354768
032,112025,354774
032,112025,354785
032,112025,354802
032,112025,354807
032,112025,354828
032,112025,354831
032,112025,354864
032,112025,354881
032,112025,354884
032,112025,354921
032,112025,354926
032,112025,354949
032,112025,354951
032,112025,354954
032,112025,354967
032,112025,354970
032,112025,354971
032,112025,354977
032,112025,355021
032,112025,355049
032,112025,355053
032,112025,355077
032,112025,355104
032,112025,355105
032,112025,355110
032,112025,355111
032,112025,355112
032,112025,355250
032,112025,356176
032,112025,356277
