032,112025,3100623,4,7405,3,1,3100623,0,1,1,1,3100623,01/08/2004,QA3AD3CK03A0400,0,09-102 Rec. Copihue,1
032,112025,3100639,4,7404,1,1,3100639,0,4,1,1,3100639,01/03/2003,QA3AD3CK03A0630,0,Rec. General Alim. Retiro,1
032,112025,3100647,4,8409,1,1,3100647,0,4,1,1,3100647,01/03/2003,QA3AD3CK03A0630,0,Rec. General Alim. San Gregorio,1
032,112025,3100655,4,7403,1,1,3100655,0,4,1,1,3100655,01/03/2003,QA3AD3CK03A0630,0,Rec. General Alim. Longavi,1
032,112025,3100663,4,7405,3,1,3100663,0,1,1,1,3100663,01/08/2004,QA3AD3CK03A0400,0,08-110 Rec. Camelia,1
032,112025,3100671,4,7404,3,1,3100671,0,1,1,1,3100671,01/09/2005,QA3AD3CK03A0630,0,08-101 Rec. Bullileo,1
032,112025,3100679,4,7404,3,1,3100679,0,1,1,1,3100679,01/06/1991,QA3AD3CK03A0400,0,08-116,0
032,112025,3100687,4,7404,3,1,3100687,0,1,1,1,3100687,01/09/2005,QA3AD3CK03A0400,0,08-103 Rec. Catillo,1
032,112025,3100703,4,7403,3,1,3100703,0,1,1,1,3100703,01/03/2003,QA3AD3CK03A0400,0,11-104 Rec. La Cuarta,1
032,112025,3100711,4,7405,2,1,3100711,0,1,1,1,3100711,01/09/2006,QA3AD3CK03A0630,0,32-4116 Rec. David Del Curto,0
032,112025,3100719,4,7404,3,1,3100719,0,1,1,1,3100719,01/11/2006,QA3AD3CK03A0630,0,32-4118 Rec. Retiro,1
032,112025,3100727,4,8409,3,1,3100727,0,1,1,1,3100727,01/12/2006,QA3AD3CK03A0400,0,32-4188 Rec. Colvindo,1
032,112025,3100735,4,7404,3,1,3100735,0,1,1,1,3100735,01/12/2001,QA3AD3CK03A0400,0,08-108 Rec. Enlace Digua,1
032,112025,3100743,4,7404,3,1,3100743,0,1,1,1,3100743,01/02/1958,QA3AD3CK03A0400,0,08-113 Rec. Palma Rosa,0
032,112025,3100775,4,7404,3,1,3100775,0,1,1,1,3100775,01/01/2003,QA3AD3CK03A0400,0,08-111,1
032,112025,3100799,4,7405,3,1,3100799,0,1,1,1,3100799,01/12/2001,QA3AD3CK03A0400,0,08-109 Rec. Quillaimo,1
032,112025,3100823,4,8409,3,1,3100823,0,1,1,1,3100823,02/01/1970,QA3AD3CK03A0400,0,10-104 Rec. Peñon Sur,0
032,112025,3100887,4,7404,3,1,3100887,0,1,1,1,3100887,01/01/2005,QA3AD3CK03A0400,0,08-114,1
032,112025,3100895,3,7403,3,1,3100895,0,1,1,1,3100895,31/12/2014,QA3AC3BW03A0600,0,11-206 Paine lado Los Areneros,1
032,112025,3100903,3,7405,3,1,3100903,0,1,1,1,3100903,31/12/2014,QA3AC3BW03A0600,0,32-4136  Omni Rupter El Lucero,1
032,112025,3100911,3,7404,3,1,3100911,0,1,1,1,3100911,01/01/1958,QA3AC3BW03A0600,0,08-201 Omni Rupter Cruce Catillo,1
032,112025,3100927,3,7403,3,1,3100927,0,1,1,1,3100927,01/02/2002,QA3AC3BW03A0600,0,11-202 OmniRupter Villa Longavi Poniente,1
032,112025,3100943,3,8409,3,1,3100943,0,1,1,1,3100943,31/12/2014,QA3AC3BW03A0600,0,32-4015 Lado Norte SSEE San Gregorio,1
032,112025,3100951,1,7403,3,1,3100951,0,1,1,1,3100951,01/07/2004,QA1AA1AW01A0001,0,11-3069,1
032,112025,3100958,1,7403,3,1,3100958,0,1,1,1,3100958,01/07/2004,QA1AA1AW01A0001,0,11-3068,1
032,112025,3100965,1,7403,3,1,3100965,0,1,1,1,3100965,01/07/2004,QA1AA1AW01A0001,0,11-3033,1
032,112025,3100972,1,7403,3,1,3100972,0,1,1,1,3100972,01/07/2004,QA1AA1AW01A0001,0,11-3075,1
032,112025,3100979,1,7403,3,1,3100979,0,1,1,1,3100979,01/07/2004,QA1AA1AW01A0001,0,11-3077,1
032,112025,3100986,1,7403,3,1,3100986,0,1,1,1,3100986,01/07/2004,QA1AA1AW01A0001,0,11-3076,1
032,112025,3100993,1,7403,3,1,3100993,0,1,1,1,3100993,01/07/2004,QA2AA1AW02A0002,0,11-3035,1
032,112025,3101000,1,7403,3,1,3101000,0,1,1,1,3101000,01/12/2005,QA3AA1AW03A0002,0,11-3036,1
032,112025,3101007,1,7403,3,1,3101007,0,1,1,1,3101007,01/07/2004,QA2AA1AW02A0002,0,11-3037,1
032,112025,3101014,1,7403,3,1,3101014,0,1,1,1,3101014,01/07/2004,QA3AA1AW03A0002,0,11-3038,1
032,112025,3101021,1,7403,3,1,3101021,0,1,1,1,3101021,01/07/2004,QA3AA1AW03A0002,0,11-3039,1
032,112025,3101028,1,7403,3,1,3101028,0,1,1,1,3101028,01/07/2004,QA3AA1AW03A0002,0,11-1010,1
032,112025,3101035,1,7403,3,1,3101035,0,1,1,1,3101035,01/07/2004,QA1AA1AW01A0001,0,11-3041,1
032,112025,3101042,1,7403,3,1,3101042,0,1,1,1,3101042,01/07/2004,QA3AA1AW03A0002,0,11-3042,1
032,112025,3101049,1,7403,3,1,3101049,0,1,1,1,3101049,01/07/2004,QA1AA1AW01A0003,0,11-3045,1
032,112025,3101056,1,7403,3,1,3101056,0,1,1,1,3101056,01/07/2004,QA1AA1AW01A0001,0,11-3046,1
032,112025,3101063,1,7403,3,1,3101063,0,1,1,1,3101063,01/07/2004,QA1AA1AW01A0001,0,11-3048,1
032,112025,3101070,1,7403,3,1,3101070,0,1,1,1,3101070,31/12/2014,QA1AA1AW01A0002,0,11-3050,1
032,112025,3101077,1,7403,3,1,3101077,0,1,1,1,3101077,01/07/2004,QA2AA1AW02A0002,0,11-3054,1
032,112025,3101084,1,7403,3,1,3101084,0,1,1,1,3101084,01/12/2005,QA3AA1AW03A0002,0,11-2002,1
032,112025,3101091,1,7403,3,1,3101091,0,1,1,1,3101091,01/07/2004,QA3AA1AW03A0002,0,11-3092,1
032,112025,3101098,1,7403,3,1,3101098,0,1,1,1,3101098,01/07/2004,QA3AA1AW03A0002,0,11-3086,1
032,112025,3101112,1,7405,3,1,3101112,0,1,1,1,3101112,01/07/2004,QA2AA1AW02A0001,0,11-3097,1
032,112025,3101119,1,7405,3,1,3101119,0,1,1,1,3101119,01/07/2004,QA3AA1AW03A0002,0,11-3100,1
032,112025,3101126,1,7405,3,1,3101126,0,1,1,1,3101126,01/07/2004,QA2AA1AW02A0001,0,11-3103,1
032,112025,3101133,1,7405,3,1,3101133,0,1,1,1,3101133,01/07/2004,QA1AA1AW01A0003,0,11-3129,1
032,112025,3101140,1,7405,3,1,3101140,0,1,1,1,3101140,01/07/2004,QA3AA1AW03A0002,0,11-3110,1
032,112025,3101147,1,7405,3,1,3101147,0,1,1,1,3101147,01/07/2004,QA3AA1AW03A0002,0,11-3132,1
032,112025,3101154,1,7405,3,1,3101154,0,1,1,1,3101154,01/07/2004,QA3AA1AW03A0002,0,11-3140,1
032,112025,3101161,1,7405,3,1,3101161,0,1,1,1,3101161,01/07/2004,QA3AA1AW03A0002,0,Desconectador arranque S/E 2273 Caliboro,1
032,112025,3101175,1,7405,3,1,3101175,0,1,1,1,3101175,01/08/2004,QA2AA1AW02A0001,0,11-3144,1
032,112025,3101182,1,7405,3,1,3101182,0,1,1,1,3101182,01/11/2005,QA3AA1AW03A0003,0,09-3007,1
032,112025,3101203,1,7405,3,1,3101203,0,1,1,1,3101203,01/08/2004,QA1AA1AW01A0002,0,09-3068,1
032,112025,3101224,1,7405,3,1,3101224,0,1,1,1,3101224,01/08/2004,QA2AA1AW02A0001,0,09-3058,1
032,112025,3101231,1,7405,3,1,3101231,0,1,1,1,3101231,01/08/2004,QA3AA1AW03A0002,0,08-3047,1
032,112025,3101238,1,7405,3,1,3101238,0,1,1,1,3101238,01/08/2004,QA2AA1AW02A0002,0,08-3056,1
032,112025,3101245,1,7405,3,1,3101245,0,1,1,1,3101245,01/08/2004,QA3AA1AW03A0002,0,08-3048,1
032,112025,3101252,1,7405,3,1,3101252,0,1,1,1,3101252,01/08/2004,QA1AA1AW01A0002,1,09-3054,1
032,112025,3101259,1,7405,3,1,3101259,0,1,1,1,3101259,01/08/2004,QA1AA1AW01A0003,0,09-2121,1
032,112025,3101266,1,7405,3,1,3101266,0,1,1,1,3101266,01/08/2004,QA3AA1AW03A0002,1,09-3022,1
032,112025,3101273,1,7405,3,1,3101273,0,1,1,1,3101273,01/08/2004,QA2AA1AW02A0002,0,09-3031,1
032,112025,3101280,1,7405,3,1,3101280,0,1,1,1,3101280,01/08/2004,QA2AA1AW02A0002,0,09-3041,1
032,112025,3101287,1,7404,3,1,3101287,0,1,1,1,3101287,01/08/2004,QA2AA1AW02A0001,0,08-3201,1
032,112025,3101294,1,7404,3,1,3101294,0,1,1,1,3101294,01/08/2004,QA2AA1AW02A0001,1,08-3226,1
032,112025,3101301,1,7404,3,1,3101301,0,1,1,1,3101301,01/08/2004,QA3AA1AW03A0005,0,08-3224,1
032,112025,3101308,1,7404,3,1,3101308,0,1,1,1,3101308,01/08/2004,QA2AA1AW02A0001,0,08-3223,1
032,112025,3101322,1,7404,3,1,3101322,0,1,1,1,3101322,01/08/2004,QA2AA1AW02A0001,0,08-3221,1
032,112025,3101329,1,7404,3,1,3101329,0,1,1,1,3101329,01/08/2004,QA2AA1AW02A0002,0,08-3242,1
032,112025,3101336,1,7404,3,1,3101336,0,1,1,1,3101336,01/08/2004,QA1AA1AW01A0001,0,08-3240,1
032,112025,3101343,1,7404,3,1,3101343,0,1,1,1,3101343,01/08/2004,QA2AA1AW02A0001,0,08-3152,1
032,112025,3101350,1,7404,3,1,3101350,0,1,1,1,3101350,01/08/2004,QA2AA1AW02A0001,0,08-3158,1
032,112025,3101357,1,7404,3,1,3101357,0,1,1,1,3101357,01/08/2004,QA3AA1AW03A0010,0,08-3163,1
032,112025,3101364,1,7404,3,1,3101364,0,1,1,1,3101364,01/08/2004,QA3AA1AW03A0020,0,08-3157,1
032,112025,3101371,1,7405,3,1,3101371,0,1,1,1,3101371,01/08/2004,QA1AA1AW01A0002,0,08-3104,1
032,112025,3101378,1,7405,3,1,3101378,0,1,1,1,3101378,01/10/1988,QA1AA1AW01A0010,0,08-3410,1
032,112025,3101385,1,8409,3,1,3101385,0,1,1,1,3101385,01/05/1964,QA3AA1AW03A0010,0,10-3037,1
032,112025,3101392,1,8409,3,1,3101392,0,1,1,1,3101392,01/05/1964,QA3AA1AW03A0010,0,10-3039,1
032,112025,3101399,1,8409,3,1,3101399,0,1,1,1,3101399,01/05/1964,QA3AA1AW03A0010,0,10-3044,1
032,112025,3101406,1,8409,3,1,3101406,0,1,1,1,3101406,01/05/1964,QA2AA1AW02A0010,0,10-3047,1
032,112025,3101420,1,7403,3,1,3101420,0,1,1,1,3101420,01/09/1999,QA3AA1AW03A0010,0,11-502,1
032,112025,3101427,1,7403,3,1,3101427,0,4,1,1,3101427,01/09/1999,QA3AA1AW03A0010,0,11-3004,1
032,112025,3101434,1,7403,3,1,3101434,0,1,1,1,3101434,31/12/2014,QA3AA1AW03A0010,0,11-1003,1
032,112025,3101455,1,8416,3,1,3101455,0,1,1,1,3101455,01/07/2004,QA1AA1AW01A0001,0,10-3122,1
032,112025,3101462,1,8416,3,1,3101462,0,1,1,1,3101462,01/07/2004,QA1AA1AW01A0001,0,10-3121,1
032,112025,3101469,1,8416,3,1,3101469,0,1,1,1,3101469,01/07/2004,QA1AA1AW01A0001,0,10-3118,1
032,112025,3101476,1,8416,3,1,3101476,0,1,1,1,3101476,01/07/2004,QA2AA1AW02A0001,0,10-1010,1
032,112025,3101483,1,8409,3,1,3101483,0,1,1,1,3101483,01/07/2004,QA2AA1AW02A0001,0,10-3107,1
032,112025,3101490,1,8409,3,1,3101490,0,1,1,1,3101490,01/07/2004,QA2AA1AW02A0001,0,10-3109,1
032,112025,3101497,1,8409,3,1,3101497,0,1,1,1,3101497,01/07/2004,QA2AA1AW02A0001,0,10-3110,1
032,112025,3101504,1,8409,3,1,3101504,0,1,1,1,3101504,01/07/2004,QA2AA1AW02A0001,0,10-3111,1
032,112025,3101511,1,8409,3,1,3101511,0,1,1,1,3101511,01/07/2004,QA2AA1AW02A0001,0,10-3086,1
032,112025,3101518,1,8409,3,1,3101518,0,1,1,1,3101518,01/07/2004,QA2AA1AW02A0001,0,10-1009,1
032,112025,3101525,1,8409,3,1,3101525,0,1,1,1,3101525,01/07/2004,QA2AA1AW02A0001,0,10-3136,1
032,112025,3101532,1,8409,3,1,3101532,0,1,1,1,3101532,01/07/2004,QA2AA1AW02A0001,0,10-3141,1
032,112025,3101539,1,8409,3,1,3101539,0,1,1,1,3101539,01/09/2005,QA2AA1AW02A0001,0,10-3144,1
032,112025,3101546,1,8409,3,1,3101546,0,1,1,1,3101546,01/07/2004,QA2AA1AW02A0001,0,10-3145,1
032,112025,3101553,1,8409,3,1,3101553,0,1,1,1,3101553,01/07/2004,QA2AA1AW02A0001,0,10-3143,1
032,112025,3101560,1,8409,3,1,3101560,0,1,1,1,3101560,01/07/2004,QA2AA1AW02A0001,0,10-3209,0
032,112025,3101567,1,8409,3,1,3101567,0,1,1,1,3101567,01/07/2004,QA2AA1AW02A0001,0,10-1012,1
032,112025,3101574,1,8409,3,1,3101574,0,1,1,1,3101574,01/07/2004,QA2AA1AW02A0001,0,10-3140,1
032,112025,3101581,1,8409,3,1,3101581,0,1,1,1,3101581,01/07/2004,QA2AA1AW02A0001,0,10-1021,1
032,112025,3101588,1,8409,3,1,3101588,0,1,1,1,3101588,01/07/2004,QA1AA1AW01A0001,0,10-3211,1
032,112025,3101595,1,8409,3,1,3101595,0,1,1,1,3101595,01/07/2004,QA1AA1AW01A0001,0,10-3213,1
032,112025,3101602,1,8409,3,1,3101602,0,1,1,1,3101602,01/07/2004,QA2AA1AW02A0001,0,10-3214,1
032,112025,3101609,1,8409,3,1,3101609,0,1,1,1,3101609,01/07/2004,QA1AA1AW01A0001,0,10-3215,1
032,112025,3101616,1,8409,3,1,3101616,0,1,1,1,3101616,01/07/2004,QA1AA1AW01A0001,0,10-3217,1
032,112025,3101623,1,8409,3,1,3101623,0,1,1,1,3101623,01/07/2004,QA2AA1AW02A0001,0,10-3218,1
032,112025,3101630,1,8409,3,1,3101630,0,1,1,1,3101630,01/07/2004,QA1AA1AW01A0001,0,10-3219,1
032,112025,3101637,1,8409,3,1,3101637,0,1,1,1,3101637,01/07/2004,QA1AA1AW01A0001,0,10-3220,1
032,112025,3101644,1,8409,3,1,3101644,0,1,1,1,3101644,01/07/2004,QA2AA1AW02A0001,0,10-3204,1
032,112025,3101651,1,8409,3,1,3101651,0,1,1,1,3101651,01/07/2004,QA3AA1AW03A0005,0,10-3201,1
032,112025,3101658,1,8409,3,1,3101658,0,1,1,1,3101658,01/07/2004,QA1AA1AW01A0002,0,10-3200,1
032,112025,3101665,1,8409,3,1,3101665,0,1,1,1,3101665,01/07/2004,QA1AA1AW01A0001,0,10-3198,1
032,112025,3101672,1,8409,3,1,3101672,0,1,1,1,3101672,01/07/2004,QA1AA1AW01A0001,0,10-3196,1
032,112025,3101679,1,8409,3,1,3101679,0,1,1,1,3101679,01/07/2004,QA2AA1AW02A0001,0,10-3195,1
032,112025,3101686,1,8409,3,1,3101686,0,1,1,1,3101686,01/07/2004,QA3AA1AW03A0002,0,10-1019,1
032,112025,3101693,1,8409,3,1,3101693,0,1,1,1,3101693,01/07/2004,QA2AA1AW02A0002,0,10-3187,1
032,112025,3101700,1,8416,3,1,3101700,0,1,1,1,3101700,01/07/2004,QA2AA1AW02A0001,0,10-516,1
032,112025,3101707,1,8416,3,1,3101707,0,1,1,1,3101707,01/07/2004,QA2AA1AW02A0001,0,10-3090,1
032,112025,3101714,1,8416,3,1,3101714,0,1,1,1,3101714,01/07/2004,QA2AA1AW02A0001,0,10-3093,1
032,112025,3101721,1,8416,3,1,3101721,0,1,1,1,3101721,01/07/2004,QA2AA1AW02A0001,0,10-3094,1
032,112025,3101728,1,8416,3,1,3101728,0,1,1,1,3101728,01/07/2004,QA2AA1AW02A0001,0,10-3095,1
032,112025,3101735,1,8416,3,1,3101735,0,1,1,1,3101735,01/07/2004,QA1AA1AW01A0001,0,10-3089,1
032,112025,3101749,1,8416,3,1,3101749,0,1,1,1,3101749,01/07/2004,QA1AA1AW01A0001,0,10-3084,1
032,112025,3101756,1,8409,3,1,3101756,0,1,1,1,3101756,01/07/2004,QA1AA1AW01A0001,0,10-3087,1
032,112025,3101763,1,8409,3,1,3101763,0,1,1,1,3101763,01/07/2004,QA1AA1AW01A0001,0,10-1004,1
032,112025,3101770,1,8416,3,1,3101770,0,1,1,1,3101770,01/07/2004,QA1AA1AW01A0001,0,10-3153,1
032,112025,3101777,1,8416,3,1,3101777,0,1,1,1,3101777,01/07/2004,QA1AA1AW01A0001,0,10-3149,1
032,112025,3101798,1,8416,3,1,3101798,0,1,1,1,3101798,01/07/2004,QA3AA1AW03A0003,0,10-2001,1
032,112025,3101805,1,8416,3,1,3101805,0,1,1,1,3101805,01/07/2004,QA3AA1AW03A0001,0,10-2003,1
032,112025,3101812,1,8416,3,1,3101812,0,1,1,1,3101812,01/07/2004,QA3AA1AW03A0002,0,10-3005,1
032,112025,3101819,1,8416,3,1,3101819,0,1,1,1,3101819,31/12/2014,QA3AA1AW03A0040,0,10-513,1
032,112025,3101826,1,8416,3,1,3101826,0,1,1,1,3101826,01/07/2004,QA2AA1AW02A0001,0,10-3009,1
032,112025,3101833,1,8416,3,1,3101833,0,1,1,1,3101833,01/07/2004,QA3AA1AW03A0040,0,10-2004,1
032,112025,3101847,1,8409,3,1,3101847,0,1,1,1,3101847,01/07/2004,QA1AA1AW01A0002,0,10-3191,1
032,112025,3101854,1,8409,3,1,3101854,0,1,1,1,3101854,01/07/2004,QA1AA1AW01A0001,0,10-3231,1
032,112025,3101861,1,8416,3,1,3101861,0,1,1,1,3101861,01/07/2004,QA1AA1AW01A0003,0,10-2007,1
032,112025,3101868,1,8409,3,1,3101868,0,1,1,1,3101868,01/07/2004,QA1AA1AW01A0001,0,10-3147,1
032,112025,3101882,1,8416,3,1,3101882,0,1,1,1,3101882,01/07/2004,QA2AA1AW02A0001,0,10-3023,1
032,112025,3101889,1,8416,3,1,3101889,0,1,1,1,3101889,01/07/2004,QA2AA1AW02A0001,0,10-3026,1
032,112025,3101896,1,8409,3,1,3101896,0,1,1,1,3101896,01/07/2004,QA2AA1AW02A0001,0,10-3045,1
032,112025,3101903,1,8409,3,1,3101903,0,1,1,1,3101903,01/07/2004,QA2AA1AW02A0001,0,10-3046,1
032,112025,3101910,1,8409,3,1,3101910,0,1,1,1,3101910,01/07/2004,QA2AA1AW02A0001,0,10-3054,1
032,112025,3101924,1,8409,3,1,3101924,0,1,1,1,3101924,01/07/2004,QA1AA1AW01A0001,0,10-3176,1
032,112025,3101938,1,8409,3,1,3101938,0,1,1,1,3101938,01/07/2004,QA3AA1AW03A0002,0,10-3182,1
032,112025,3101945,1,8409,3,1,3101945,0,1,1,1,3101945,01/07/2004,QA1AA1AW01A0001,0,10-2013,1
032,112025,3101966,1,8409,3,1,3101966,0,1,1,1,3101966,01/07/2004,QA2AA1AW02A0002,0,10-3159,1
032,112025,3101973,1,8409,3,1,3101973,0,1,1,1,3101973,01/07/2004,QA3AA1AW03A0001,0,10-503,0
032,112025,3101980,1,8409,3,1,3101980,0,1,1,1,3101980,01/07/2004,QA3AA1AW03A0001,0,10-502,1
032,112025,3102008,1,7403,3,1,3102008,0,1,1,1,3102008,01/07/2004,QA3AA1AW03A0001,0,11-512,1
032,112025,3102015,1,7403,3,1,3102015,0,1,1,1,3102015,01/07/2004,QA3AA1AW03A0003,0,11-3010,1
032,112025,3102022,1,7403,3,1,3102022,0,1,1,1,3102022,01/07/2004,QA1AA1AW01A0001,0,11-3014,1
032,112025,3102029,1,7403,3,1,3102029,0,1,1,1,3102029,01/07/2004,QA1AA1AW01A0001,0,11-3017,1
032,112025,3102036,1,7403,3,1,3102036,0,1,1,1,3102036,01/07/2004,QA1AA1AW01A0001,0,11-3018,1
032,112025,3102043,1,7403,3,1,3102043,0,1,1,1,3102043,01/07/2004,QA1AA1AW01A0001,0,11-3023,1
032,112025,3102085,1,7403,3,1,3102085,0,1,1,1,3102085,01/07/2004,QA2AA1AW02A0002,0,11-2012,1
032,112025,3102092,1,7403,3,1,3102092,0,1,1,1,3102092,01/07/2004,QA3AA1AW03A0002,0,11-2017,1
032,112025,3102113,1,7403,3,1,3102113,0,1,1,1,3102113,01/12/2005,QA1AA1AW01A0001,0,11-3084,1
032,112025,3102120,1,7403,3,1,3102120,0,1,1,1,3102120,01/07/2004,QA1AA1AW01A0001,0,11-2025,1
032,112025,3102127,1,7403,3,1,3102127,0,1,1,1,3102127,01/07/2004,QA3AA1AW03A0002,0,11-1005,1
032,112025,3102134,1,7403,3,1,3102134,0,1,1,1,3102134,01/07/2004,QA2AA1AW02A0002,0,11-2026,0
032,112025,3102141,1,7403,3,1,3102141,0,1,1,1,3102141,01/07/2004,QA1AA1AW01A0003,0,11-3064,1
032,112025,3102148,1,7403,3,1,3102148,0,1,1,1,3102148,01/07/2004,QA1AA1AW01A0001,0,11-3063,1
032,112025,3102155,1,7403,3,1,3102155,0,1,1,1,3102155,01/07/2004,QA1AA1AW01A0001,0,11-3062,1
032,112025,3102162,1,7403,3,1,3102162,0,1,1,1,3102162,01/07/2004,QA3AA1AW03A0002,0,11-1012,1
032,112025,3102169,1,7403,3,1,3102169,0,1,1,1,3102169,01/07/2004,QA1AA1AW01A0001,1,11-3059,1
032,112025,3102176,1,7403,3,1,3102176,0,1,1,1,3102176,01/07/2004,QA3AA1AW03A0002,0,11-3160,1
032,112025,3102183,1,7403,3,1,3102183,0,1,1,1,3102183,01/07/2004,QA1AA1AW01A0003,0,11-3061,1
032,112025,3102190,1,7404,3,1,3102190,0,1,1,1,3102190,01/11/2000,QA2AA1AW02A0002,0,08-3246,1
032,112025,3102197,1,7403,3,1,3102197,0,1,1,1,3102197,01/07/2004,QA3AA1AW03A0002,0,11-3056,1
032,112025,3102204,1,7403,3,1,3102204,0,1,1,1,3102204,01/07/2004,QA3AA1AW03A0002,0,11-3055,1
032,112025,3102211,1,7403,3,1,3102211,0,1,1,1,3102211,01/01/2006,QA3AA1AW03A0002,0,11-1011,1
032,112025,3102218,1,7403,3,1,3102218,0,1,1,1,3102218,01/07/2004,QA3AA1AW03A0002,0,11-3067,1
032,112025,3102225,1,7403,3,1,3102225,0,1,1,1,3102225,01/07/2004,QA1AA1AW01A0001,0,11-3071,1
032,112025,3102232,1,7403,3,1,3102232,0,1,1,1,3102232,01/07/2004,QA1AA1AW01A0001,0,11-3070,1
032,112025,3102239,1,7404,3,1,3102239,0,1,1,1,3102239,01/08/2004,QA3AA1AW03A0003,0,08-3146,1
032,112025,3102253,1,7404,3,1,3102253,0,1,1,1,3102253,01/08/2004,QA1AA1AW01A0002,0,08-3257,1
032,112025,3102260,1,7404,3,1,3102260,0,1,1,1,3102260,01/08/2004,QA1AA1AW01A0001,0,08-3248,1
032,112025,3102267,1,7404,3,1,3102267,0,1,1,1,3102267,01/08/2004,QA2AA1AW02A0001,0,08-3254,1
032,112025,3102274,1,7404,3,1,3102274,0,1,1,1,3102274,01/08/2004,QA1AA1AW01A0001,0,08-3216,1
032,112025,3102281,1,7404,3,1,3102281,0,1,1,1,3102281,01/08/2004,QA3AA1AW03A0003,0,08-2027,1
032,112025,3102288,1,8409,3,1,3102288,0,1,1,1,3102288,01/08/2004,QA3AA1AW03A0005,0,08-2034,1
032,112025,3102295,1,7405,3,1,3102295,0,1,1,1,3102295,01/08/2004,QA2AA1AW02A0001,0,08-3415,1
032,112025,3102302,1,7405,3,1,3102302,0,1,1,1,3102302,01/08/2004,QA2AA1AW02A0001,0,08-3416,1
032,112025,3102309,1,7404,3,1,3102309,0,1,1,1,3102309,01/08/2004,QA2AA1AW02A0001,0,08-3425,1
032,112025,3102316,1,7404,3,1,3102316,0,1,1,1,3102316,01/08/2004,QA1AA1AW01A0001,0,08-3193,1
032,112025,3102323,1,7404,3,1,3102323,0,1,1,1,3102323,01/09/2005,QA3AA1AW03A0005,0,08-1027,1
032,112025,3102330,1,7404,3,1,3102330,0,1,1,1,3102330,01/08/2004,QA3AA1AW03A0005,0,08-3181,1
032,112025,3102337,1,7404,3,1,3102337,0,1,1,1,3102337,01/08/2004,QA1AA1AW01A0001,0,08-3185,1
032,112025,3102344,1,7404,3,1,3102344,0,1,1,1,3102344,01/08/2004,QA1AA1AW01A0001,0,08-3212,1
032,112025,3102351,1,7404,3,1,3102351,0,1,1,1,3102351,01/08/2004,QA2AA1AW02A0001,0,08-3203,1
032,112025,3102365,1,7404,3,1,3102365,0,1,1,1,3102365,01/08/2004,QA1AA1AW01A0001,0,08-3289,1
032,112025,3102372,1,7404,3,1,3102372,0,1,1,1,3102372,01/08/2004,QA1AA1AW01A0003,0,08-3293,1
032,112025,3102386,1,7404,3,1,3102386,0,1,1,1,3102386,01/08/2004,QA1AA1AW01A0001,0,08-3295,1
032,112025,3102393,1,7404,3,1,3102393,0,1,1,1,3102393,01/08/2004,QA1AA1AW01A0002,0,08-3299,1
032,112025,3102400,1,7404,3,1,3102400,0,1,1,1,3102400,01/08/2004,QA2AA1AW02A0001,0,08-3333,1
032,112025,3102407,1,7405,3,1,3102407,0,1,1,1,3102407,01/08/2004,QA1AA1AW01A0001,1,08-3367,1
032,112025,3102414,1,7405,3,1,3102414,0,1,1,1,3102414,01/08/2004,QA2AA1AW02A0001,0,08-3411,1
032,112025,3102421,1,7405,3,1,3102421,0,1,1,1,3102421,01/08/2004,QA2AA1AW02A0001,0,08-3414,1
032,112025,3102428,1,7405,3,1,3102428,0,1,1,1,3102428,01/08/2004,QA3AA1AW03A0005,0,08-3374,1
032,112025,3102449,1,7404,3,1,3102449,0,1,1,1,3102449,01/08/2004,QA1AA1AW01A0001,0,08-3324,1
032,112025,3102463,1,7405,3,1,3102463,0,1,1,1,3102463,01/08/2004,QA2AA1AW02A0001,0,08-3389,1
032,112025,3102470,1,7405,3,1,3102470,0,1,1,1,3102470,01/08/2004,QA3AA1AW03A0010,0,08-3393,1
032,112025,3102477,1,7404,3,1,3102477,0,1,1,1,3102477,01/08/2004,QA1AA1AW01A0001,0,08-3230,1
032,112025,3102484,1,7404,3,1,3102484,0,1,1,1,3102484,01/08/2004,QA2AA1AW02A0001,0,08-3232,1
032,112025,3102491,1,7404,3,1,3102491,0,1,1,1,3102491,01/08/2004,QA2AA1AW02A0001,0,08-3233,1
032,112025,3102498,1,7404,3,1,3102498,0,1,1,1,3102498,01/08/2004,QA2AA1AW02A0001,0,08-3235,1
032,112025,3102505,1,7404,3,1,3102505,0,1,1,1,3102505,01/08/2004,QA1AA1AW01A0001,0,08-3287,1
032,112025,3102512,1,7404,3,1,3102512,0,1,1,1,3102512,01/08/2004,QA2AA1AW02A0001,0,08-3241,1
032,112025,3102519,1,7404,3,1,3102519,0,1,1,1,3102519,01/08/2004,QA3AA1AW03A0010,0,08-3269,1
032,112025,3102526,1,7404,3,1,3102526,0,1,1,1,3102526,01/08/2004,QA3AA1AW03A0010,0,08-3339,1
032,112025,3102533,1,7404,3,1,3102533,0,1,1,1,3102533,01/08/2004,QA2AA1AW02A0010,0,08-1016,1
032,112025,3102540,1,7405,3,1,3102540,0,1,1,1,3102540,01/08/2004,QA3AA1AW03A0002,0,08-3386,1
032,112025,3102547,1,7404,3,1,3102547,0,1,1,1,3102547,01/08/2004,QA2AA1AW02A0002,0,08-3338,1
032,112025,3102554,1,7404,3,1,3102554,0,1,1,1,3102554,01/08/2004,QA2AA1AW02A0010,0,08-3330,0
032,112025,3102561,1,7404,3,1,3102561,0,1,1,1,3102561,01/08/2004,QA2AA1AW02A0002,0,08-3331,1
032,112025,3102568,1,7404,3,1,3102568,0,1,1,1,3102568,01/08/2004,QA2AA1AW02A0002,1,08-3332,1
032,112025,3102575,1,7404,3,1,3102575,0,1,1,1,3102575,01/08/2004,QA2AA1AW02A0001,0,08-3336,1
032,112025,3102582,1,7404,3,1,3102582,0,1,1,1,33020878,27/11/2013,QA3AA1AW03A0010,0,08-3337,1
032,112025,3102603,1,7404,2,1,3102603,0,1,1,1,3102603,01/08/2004,QA3AA1AW03A0040,0,08-1020,0
032,112025,3102610,1,7404,2,1,3102610,0,1,1,1,3102610,01/08/2004,QA3AA1AW03A0040,0,08-1021,0
032,112025,3102617,1,7404,3,1,3102617,0,1,1,1,3102617,01/08/2004,QA1AA1AW01A0002,0,08-3128,1
032,112025,3102624,1,7403,3,1,3102624,0,1,1,1,3102624,01/08/2004,QA2AA1AW02A0001,1,08-3441,1
032,112025,3102631,1,7403,3,1,3102631,0,1,1,1,3102631,01/08/2004,QA2AA1AW02A0001,0,08-3440,1
032,112025,3102645,1,7404,3,1,3102645,0,1,1,1,3102645,01/08/2004,QA1AA1AW01A0001,0,08-3123,1
032,112025,3102652,1,7404,3,1,3102652,0,1,1,1,3102652,01/08/2004,QA3AA1AW03A0040,0,08-1003,1
032,112025,3102659,1,7404,3,1,3102659,0,1,1,1,3102659,01/08/2004,QA1AA1AW01A0002,1,08-3117,1
032,112025,3102666,1,7405,3,1,3102666,0,1,1,1,3102666,01/08/2004,QA3AA1AW03A0002,0,08-3105,1
032,112025,3102673,1,7405,3,1,3102673,0,1,1,1,3102673,01/08/2004,QA1AA1AW01A0001,0,08-3079,1
032,112025,3102680,1,7405,3,1,3102680,0,1,1,1,3102680,01/08/2004,QA3AA1AW03A0040,0,08-520,1
032,112025,3102687,1,7405,3,1,3102687,0,1,1,1,3102687,01/08/2004,QA1AA1AW01A0001,0,08-3085,1
032,112025,3102694,1,7405,3,1,3102694,0,1,1,1,3102694,01/08/2004,QA1AA1AW01A0002,0,08-3087,1
032,112025,3102701,1,7405,3,1,3102701,0,1,1,1,3102701,01/08/2004,QA2AA1AW02A0002,0,08-3088,1
032,112025,3102708,1,7405,3,1,3102708,0,1,1,1,3102708,01/08/2004,QA2AA1AW02A0002,0,08-3092,1
032,112025,3102715,1,7405,3,1,3102715,0,1,1,1,3102715,01/08/2004,QA3AA1AW03A0040,0,08-3091,1
032,112025,3102722,1,7405,3,1,3102722,0,1,1,1,3102722,01/08/2004,QA3AA1AW03A0005,0,08-3094,1
032,112025,3102729,1,7405,3,1,3102729,0,1,1,1,3102729,01/08/2004,QA3AA1AW03A0005,0,08-3095,1
032,112025,3102736,1,7404,3,1,3102736,0,1,1,1,3102736,01/08/2004,QA3AA1AW03A0005,0,08-3143,1
032,112025,3102743,1,7404,3,1,3102743,0,1,1,1,3102743,01/06/2005,QA3AA1AW03A0040,0,08-530,1
032,112025,3102764,1,7404,3,1,3102764,0,1,1,1,3102764,01/08/2004,QA3AA1AW03A0010,0,08-3005,1
032,112025,3102778,1,7404,3,1,3102778,0,1,1,1,3102778,01/08/2004,QA3AA1AW03A0040,0,08-504,1
032,112025,3102785,1,7404,3,1,3102785,0,1,1,1,3102785,01/08/2004,QA3AA1AW03A0010,0,08-2005,1
032,112025,3102799,1,7404,3,1,3102799,0,1,1,1,3102799,01/09/2005,QA3AA1AW03A0040,0,08-2009,1
032,112025,3102820,1,7404,3,1,3102820,0,1,1,1,3102820,01/08/2004,QA2AA1AW02A0001,0,08-2015,1
032,112025,3102827,1,7404,3,1,3102827,0,1,1,1,3102827,01/08/2004,QA2AA1AW02A0002,0,08-2017,1
032,112025,3102834,1,7404,3,1,3102834,0,1,1,1,3102834,01/08/2004,QA3AA1AW03A0005,0,08-3219,1
032,112025,3102841,1,7404,3,1,3102841,0,1,1,1,3102841,01/10/2005,QA2AA1AW02A0002,0,08-3228,1
032,112025,3102848,1,7404,3,1,3102848,0,1,1,1,3102848,01/08/2004,QA3AA1AW03A0002,0,08-3231,1
032,112025,3102855,1,7404,3,1,3102855,0,1,1,1,3102855,01/08/2005,QA2AA1AW02A0002,0,08-3227,1
032,112025,3102862,1,7404,3,1,3102862,0,1,1,1,3102862,01/08/2004,QA2AA1AW02A0001,0,08-3267,1
032,112025,3102876,1,7404,3,1,3102876,0,1,1,1,3102876,01/08/2004,QA1AA1AW01A0002,1,08-3277,1
032,112025,3102883,1,7405,3,1,3102883,0,1,1,1,3102883,01/08/2004,QA3AA1AW03A0002,0,08-3060,1
032,112025,3102897,1,7405,3,1,3102897,0,1,1,1,3102897,01/08/2004,QA1AA1AW01A0001,0,08-3031,1
032,112025,3102904,1,7405,3,1,3102904,0,1,1,1,3102904,01/08/2004,QA3AA1AW03A0005,0,08-3034,1
032,112025,3102911,1,7405,3,1,3102911,0,1,1,1,3102911,01/08/2004,QA2AA1AW02A0002,0,08-3036,1
032,112025,3102918,1,7405,3,1,3102918,0,1,1,1,3102918,01/08/2004,QA2AA1AW02A0002,0,08-3037,1
032,112025,3102925,1,7405,3,1,3102925,0,1,1,1,3102925,01/08/2004,QA1AA1AW01A0002,0,08-3040,1
032,112025,3102939,1,7405,3,1,3102939,0,1,1,1,3102939,01/08/2004,QA3AA1AW03A0020,0,08-3046,1
032,112025,3102946,1,7405,3,1,3102946,0,1,1,1,3102946,01/08/2004,QA3AA1AW03A0005,0,08-3045,1
032,112025,3102953,1,7405,3,1,3102953,0,1,1,1,3102953,01/08/2004,QA2AA1AW02A0002,0,08-3023,1
032,112025,3102960,1,7405,3,1,3102960,0,1,1,1,3102960,01/08/2004,QA3AA1AW03A0040,0,08-526,1
032,112025,3102967,1,7405,3,1,3102967,0,1,1,1,3102967,01/08/2004,QA3AA1AW03A0015,0,08-3013,1
032,112025,3102981,1,7405,3,1,3102981,0,1,1,1,3102981,01/08/2004,QA3AA1AW03A0005,0,08-3052,1
032,112025,3102988,1,7405,3,1,3102988,0,1,1,1,3102988,01/08/2004,QA3AA1AW03A0003,1,Dsconectador S/E 1145 santa Isabel,1
032,112025,3102995,1,7405,3,1,3102995,0,1,1,1,3102995,01/08/2004,QA1AA1AW01A0002,0,08-3057,1
032,112025,3103002,1,7404,3,1,3103002,0,1,1,1,3103002,01/08/2004,QA1AA1AW01A0001,0,08-3145,1
032,112025,3103009,1,7404,3,1,3103009,0,1,1,1,3103009,01/08/2004,QA2AA1AW02A0002,0,08-3239,1
032,112025,3103016,1,7404,3,1,3103016,0,1,1,1,3103016,01/08/2004,QA2AA1AW02A0001,0,08-3303,1
032,112025,3103030,1,7405,3,1,3103030,0,1,1,1,3103030,01/08/2004,QA3AA1AW03A0040,0,08-1014,1
032,112025,3103037,1,7404,3,1,3103037,0,1,1,1,3103037,01/08/2004,QA3AA1AW03A0040,0,08-523,1
032,112025,3103051,1,7405,3,1,3103051,0,1,1,1,3103051,01/08/2004,QA3AA1AW03A0005,0,09-3002,1
032,112025,3103058,1,7405,3,1,3103058,0,1,1,1,3103058,01/08/2004,QA3AA1AW03A0002,1,09-3020,1
032,112025,3103065,1,7405,3,1,3103065,0,1,1,1,3103065,01/08/2004,QA2AA1AW02A0001,0,09-3039,1
032,112025,3103079,1,7403,3,1,3103079,0,1,1,1,3103079,01/07/2005,QA3AA1AW03A0001,0,11-3043,1
032,112025,3103086,1,7404,3,1,3103086,0,1,1,1,3103086,01/10/2005,QA3AA1AW03A0002,0,09-2001,1
032,112025,3103093,1,7404,3,1,3103093,0,1,1,1,3103093,01/06/2005,QA2AA1AW02A0002,0,08-3452,1
032,112025,3103100,1,7405,3,1,3103100,0,1,1,1,3103100,01/10/2005,QA3AA1AW03A0001,1,32-4182,1
032,112025,3103107,1,7404,3,1,3103107,0,1,1,1,3103107,01/01/2005,QA3AA1AW03A0010,0,08-3463,0
032,112025,3103114,1,7404,3,1,3103114,0,1,1,1,3103114,01/09/2005,QA3AA1AW03A0002,0,08-3464,0
032,112025,3103128,1,8409,3,1,3103128,0,1,1,1,3103128,01/03/2005,QA3AA1AW03A0002,0,10-3171,1
032,112025,3103135,1,7404,3,1,3103135,0,4,1,1,3103135,01/03/2005,QA3AA1AW03A0002,0,08-3473,1
032,112025,3103142,1,7404,3,1,3103142,0,4,1,1,3103142,01/03/2005,QA3AA1AW03A0002,0,08-3534,1
032,112025,3103149,1,7406,3,1,3103149,0,4,1,1,3103149,01/03/2005,QA3AA1AW03A0002,1,11-3184,1
032,112025,3103156,1,7405,3,1,3103156,0,1,1,1,3103156,01/08/1999,QA1AA1AW01A0001,0,11-3142,1
032,112025,3103163,1,7405,3,1,3103163,0,1,1,1,3103163,01/11/2003,QA3AA1AW03A0003,0,11-3151,1
032,112025,3103170,1,7403,3,1,3103170,0,4,1,1,3103170,01/03/2005,QA1AA1AW01A0001,0,11-3203,1
032,112025,3103177,1,7405,3,1,3103177,0,1,1,1,3103177,01/03/2003,QA3AA1AW03A0001,0,09-2021,1
032,112025,3103184,1,7404,3,1,3103184,0,4,1,1,3103184,01/11/2004,QA3AA1AW03A0001,0,08-3521,1
032,112025,3103191,1,7405,3,1,3103191,0,1,1,1,3103191,01/03/2003,QA2AA1AW02A0001,0,08-3485,1
032,112025,3103198,1,7405,3,1,3103198,0,1,1,1,3103198,01/03/2003,QA1AA1AW01A0001,0,09-3127,1
032,112025,3103205,1,7405,3,1,3103205,0,1,1,1,3103205,01/01/2005,QA1AA1AW01A0003,0,09-3105,1
032,112025,3103212,1,7405,3,1,3103212,0,4,1,1,3103212,01/03/2003,QA2AA1AW02A0001,0,08-3517,1
032,112025,3103219,1,7405,3,1,3103219,0,1,1,1,3103219,01/03/2003,QA3AA1AW03A0002,0,09-1004,1
032,112025,3103226,1,8409,3,1,3103226,0,1,1,1,3103226,01/03/2003,QA3AA1AW03A0001,0,10-3042,1
032,112025,3103247,1,7404,3,1,3103247,0,1,1,1,3103247,01/03/2003,QA3AA1AW03A0003,0,08-546,1
032,112025,3103275,1,8409,3,1,3103275,0,1,1,1,3103275,01/03/2003,QA3AA1AW03A0040,0,32-4056,1
032,112025,3103282,1,7404,3,1,3103282,0,1,1,1,3103282,01/07/2005,QA2AA1AW02A0001,0,Desc arranque S/E 2609 Torca,1
032,112025,3103289,1,7403,3,1,3103289,0,1,1,1,3103289,01/07/2005,QA3AA1AW03A0001,0,11-3186,1
032,112025,3103296,1,7403,3,1,3103296,0,4,1,1,3103296,01/05/2005,QA3AA1AW03A0002,0,32-4157,1
032,112025,3103303,1,7404,3,1,3103303,0,1,1,1,3103303,01/03/2003,QA2AA1AW02A0001,0,08-3247,1
032,112025,3103310,1,7405,3,1,3103310,0,1,1,1,3103310,01/03/2003,QA3AA1AW03A0002,0,11-3192,1
032,112025,3103338,1,7405,3,1,3103338,0,1,1,1,3103338,31/12/2014,QA3AA1AW03A0040,0,09-1008,1
032,112025,3103345,1,7405,3,1,3103345,0,1,1,1,3103345,01/03/2003,QA1AA1AW01A0001,0,09-1007,1
032,112025,3103359,1,8409,3,1,3103359,0,1,1,1,3103359,16/10/2012,QA2AA1AW02A0002,0,10-3224,1
032,112025,3103366,1,8416,3,1,3103366,0,1,1,1,3103366,01/03/2003,QA1AA1AW01A0002,0,32-4036,1
032,112025,3103373,1,8409,3,1,3103373,0,1,1,1,3103373,01/03/2003,QA3AA1AW03A0001,0,32-4023,1
032,112025,3103380,1,8416,3,1,3103380,0,1,1,1,3103380,01/03/2003,QA3AA1AW03A0040,0,32-4047,1
032,112025,3103387,1,8416,3,1,3103387,0,4,1,1,3103387,01/03/2003,QA3AA1AW03A0002,0,32-4054,1
032,112025,3103394,1,8416,3,1,3103394,0,4,1,1,3103394,01/03/2003,QA3AA1AW03A0002,1,32-4055,1
032,112025,3103401,1,8409,3,1,3103401,0,1,1,1,3103401,01/03/2003,QA2AA1AW02A0001,0,10-3228,1
032,112025,3103408,1,8416,3,1,3103408,0,1,1,1,3103408,01/03/2003,QA1AA1AW01A0001,0,32-4048,1
032,112025,3103415,1,8409,3,1,3103415,0,1,1,1,3103415,01/03/2003,QA2AA1AW02A0001,0,32-4066,1
032,112025,3103422,1,8409,3,1,3103422,0,1,1,1,3103422,01/03/2003,QA3AA1AW03A0010,0,32-4073,1
032,112025,3103429,1,8409,3,1,3103429,0,1,1,1,3103429,01/03/2003,QA2AA1AW02A0001,0,32-4058,1
032,112025,3103436,1,8409,3,1,3103436,0,1,1,1,3103436,01/03/2003,QA1AA1AW01A0002,0,32-4059,1
032,112025,3103443,1,8409,3,1,3103443,0,1,1,1,3103443,01/03/2003,QA1AA1AW01A0002,0,32-4060,1
032,112025,3103450,1,8409,3,1,3103450,0,1,1,1,3103450,01/03/2003,QA1AA1AW01A0002,0,32-4069,1
032,112025,3103457,1,8409,3,1,3103457,0,1,1,1,3103457,01/03/2003,QA2AA1AW02A0001,1,32-4050,1
032,112025,3103464,1,8409,3,1,3103464,0,1,1,1,3103464,01/03/2003,QA1AA1AW01A0002,0,32-4049,1
032,112025,3103471,1,8409,3,1,3103471,0,1,1,1,3103471,01/03/2003,QA2AA1AW02A0002,0,32-4041,1
032,112025,3103478,1,8409,3,1,3103478,0,1,1,1,3103478,01/03/2003,QA1AA1AW01A0001,0,32-4042,1
032,112025,3103485,1,8409,3,1,3103485,0,1,1,1,3103485,01/03/2003,QA3AA1AW03A0040,0,10-504,1
032,112025,3103492,1,8409,3,1,3103492,0,1,1,1,3103492,01/03/2003,QA3AA1AW03A0040,0,10-2015,0
032,112025,3103499,1,8409,3,1,3103499,0,1,1,1,3103499,01/03/2003,QA2AA1AW02A0002,0,10-3169,1
032,112025,3103506,1,8409,3,1,3103506,0,1,1,1,3103506,01/03/2003,QA1AA1AW01A0002,0,32-4068,1
032,112025,3103513,1,8409,3,1,3103513,0,1,1,1,3103513,01/03/2003,QA1AA1AW01A0002,0,10-3057,1
032,112025,3103520,1,8409,3,1,3103520,0,1,1,1,3103520,01/03/2003,QA2AA1AW02A0002,0,10-3230,1
032,112025,3103527,1,8409,3,1,3103527,0,1,1,1,3103527,01/03/2003,QA1AA1AW01A0002,0,10-3060,1
032,112025,3103534,1,8409,3,1,3103534,0,1,1,1,3103534,01/03/2003,QA3AA1AW03A0002,0,10-2011,1
032,112025,3103541,1,8409,3,1,3103541,0,1,1,1,3103541,01/03/2003,QA1AA1AW01A0002,0,10-3222,1
032,112025,3103548,1,7404,3,1,3103548,0,1,1,1,3103548,01/03/2003,QA3AA1AW03A0002,0,08-3526,1
032,112025,3103555,1,7404,3,1,3103555,0,1,1,1,3103555,01/03/2003,QA1AA1AW01A0001,0,32-4024,1
032,112025,3103562,1,7403,3,1,3103562,0,1,1,1,3103562,01/03/2003,QA1AA1AW01A0001,0,11-3199,1
032,112025,3103569,1,7404,2,1,3103569,0,1,1,1,3103569,01/03/2003,QA3AA1AW03A0040,0,08-502,0
032,112025,3103576,1,8409,3,1,3103576,0,1,1,1,3103576,01/03/2003,QA2AA1AW02A0001,0,32-4067,1
032,112025,3103583,1,8409,3,1,3103583,0,1,1,1,3103583,01/03/2003,QA3AA1AW03A0002,0,10-3043,1
032,112025,3103590,1,8409,3,1,3103590,0,4,1,1,3103590,01/09/2005,QA1AA1AW01A0002,0,32-4022,1
032,112025,3103597,1,7404,3,1,3103597,0,1,1,1,3103597,01/03/2003,QA3AA1AW03A0002,0,08-3195,1
032,112025,3103604,1,7404,3,1,3103604,0,1,1,1,3103604,01/03/2003,QA3AA1AW03A0002,0,08-3492,1
032,112025,3103611,1,7404,3,1,3103611,0,1,1,1,3103611,01/03/2003,QA1AA1AW01A0001,0,08-3186,1
032,112025,3103618,1,7404,3,1,3103618,0,1,1,1,3103618,01/03/2003,QA1AA1AW01A0002,1,08-3205,1
032,112025,3103625,1,7404,3,1,3103625,0,1,1,1,3103625,01/03/2003,QA3AA1AW03A0002,0,08-3166,1
032,112025,3103632,1,7404,3,1,3103632,0,1,1,1,3103632,01/03/2003,QA2AA1AW02A0002,1,08-3522,1
032,112025,3103646,1,7404,3,1,3103646,0,1,1,1,3103646,01/12/2003,QA3AA1AW03A0010,0,08-3524,1
032,112025,3103653,1,7404,3,1,3103653,0,1,1,1,3103653,01/03/2003,QA3AA1AW03A0003,0,08-3176,1
032,112025,3103660,1,7404,3,1,3103660,0,1,1,1,3103660,01/03/2003,QA1AA1AW01A0002,0,08-3516,1
032,112025,3103674,1,7404,3,1,3103674,0,1,1,1,3103674,01/03/2003,QA1AA1AW01A0002,0,08-3179,1
032,112025,3103688,1,7404,3,1,3103688,0,1,1,1,3103688,01/03/2003,QA3AA1AW03A0002,0,08-3207,1
032,112025,3103695,1,7403,3,1,3103695,0,4,1,1,3103695,01/03/2003,QA3AA1AW03A0002,0,11-3188,1
032,112025,3103702,1,7403,3,1,3103702,0,1,1,1,3103702,01/03/2003,QA1AA1AW01A0003,0,11-3197,1
032,112025,3103716,1,7404,3,1,3103716,0,1,1,1,3103716,01/03/2003,QA2AA1AW02A0002,0,08-3491,1
032,112025,3103723,1,7404,3,1,3103723,0,1,1,1,3103723,01/03/2003,QA3AA1AW03A0002,0,08-3490,1
032,112025,3103730,1,7404,3,1,3103730,0,4,1,1,3103730,01/03/2003,QA3AA1AW03A0002,0,08-3140,1
032,112025,3103737,1,7404,3,1,3103737,0,1,1,1,3103737,01/03/2003,QA2AA1AW02A0001,0,08-3141,1
032,112025,3103744,1,7404,3,1,3103744,0,1,1,1,3103744,01/03/2003,QA2AA1AW02A0001,0,08-3518,1
032,112025,3103758,1,7404,3,1,3103758,0,1,1,1,3103758,01/03/2003,QA3AA1AW03A0040,0,08-547,1
032,112025,3103779,1,7404,3,1,3103779,0,1,1,1,3103779,01/03/2003,QA3AA1AW03A0002,0,08-2011,1
032,112025,3103786,1,7405,3,1,3103786,0,4,1,1,3103786,01/01/2005,QA3AA1AW03A0002,0,09-3116,1
032,112025,3103793,1,7404,3,1,3103793,0,1,1,1,3103793,01/03/2003,QA1AA1AW01A0001,0,08-3505,1
032,112025,3103800,1,7404,3,1,3103800,0,1,1,1,3103800,01/03/2003,QA3AA1AW03A0040,0,08-305,1
032,112025,3103807,1,7403,3,1,3103807,0,1,1,1,3103807,01/03/2003,QA1AA1AW01A0010,0,08-3131,1
032,112025,3103814,1,7403,3,1,3103814,0,1,1,1,3103814,01/03/2003,QA1AA1AW01A0003,0,08-3509,1
032,112025,3103821,1,7405,3,1,3103821,0,1,1,1,3103821,01/12/2003,QA2AA1AW02A0001,0,08-3533,1
032,112025,3103828,1,8409,3,1,3103828,0,4,1,1,3103828,01/10/2005,QA3AA1AW03A0001,0,32-4022,1
032,112025,3103835,1,7404,3,1,3103835,0,1,1,1,3103835,01/03/2003,QA2AA1AW02A0002,0,08-128,1
032,112025,3103842,1,7405,3,1,3103842,0,1,1,1,3103842,01/03/2003,QA3AA1AW03A0001,0,08-3102,1
032,112025,3103849,1,7405,3,1,3103849,0,1,1,1,3103849,01/03/2003,QA1AA1AW01A0002,0,08-3512,1
032,112025,3103856,1,7405,3,1,3103856,0,4,1,1,3103856,01/10/2005,QA3AA1AW03A0002,0,11-3211,1
032,112025,3103863,1,7405,3,1,3103863,0,1,1,1,3103863,01/10/2005,QA3AA1AW03A0002,0,11-3205,1
032,112025,3103870,1,7404,3,1,3103870,0,1,1,1,3103870,01/03/2003,QA3AA1AW03A0001,0,08-3476,1
032,112025,3103877,1,7404,3,1,3103877,0,1,1,1,3103877,01/03/2003,QA2AA1AW02A0002,0,08-3225,1
032,112025,3103884,1,7404,3,1,3103884,0,1,1,1,3103884,01/03/2003,QA3AA1AW03A0001,0,08-3535,1
032,112025,3103898,1,7404,3,1,3103898,0,1,1,1,3103898,01/03/2003,QA3AA1AW03A0002,0,08-3502,1
032,112025,3103905,1,7404,3,1,3103905,0,4,1,1,3103905,01/12/2003,QA3AA1AW03A0001,0,08-3536,1
032,112025,3103919,1,7405,3,1,3103919,0,4,1,1,3103919,01/10/2005,QA3AA1AW03A0002,0,09-3106,1
032,112025,3103926,1,7405,3,1,3103926,0,4,1,1,3103926,01/10/2005,QA3AA1AW03A0002,0,08-3539,1
032,112025,3103933,1,7405,3,1,3103933,0,1,1,1,3103933,01/03/2003,QA2AA1AW02A0001,0,08-3540,1
032,112025,3103947,1,7404,3,1,3103947,0,4,1,1,3103947,01/03/2005,QA3AA1AW03A0002,0,08-3495,1
032,112025,3103954,1,7404,3,1,3103954,0,1,1,1,3103954,01/03/2003,QA2AA1AW02A0002,0,08-3475,1
032,112025,3103961,1,7404,3,1,3103961,0,1,1,1,3103961,01/03/2003,QA1AA1AW01A0001,0,08-3528,1
032,112025,3103968,1,7405,3,1,3103968,0,4,1,1,3103968,01/11/2005,QA3AA1AW03A0001,0,09-3118,1
032,112025,3103982,1,7405,3,1,3103982,0,1,1,1,3103982,01/03/2003,QA1AA1AW01A0002,0,08-3329,0
032,112025,3104003,1,7405,3,1,3104003,0,1,1,1,3104003,31/12/2014,QA3AA1AW03A0040,0,11-1017,0
032,112025,3104010,1,7405,3,1,3104010,0,1,1,1,3104010,01/03/2003,QA3AA1AW03A0003,0,09-1009,1
032,112025,3104017,1,7405,3,1,3104017,0,1,1,1,3104017,01/03/2003,QA3AA1AW03A0002,0,09-3016,1
032,112025,3104024,1,7405,3,1,3104024,0,4,1,1,3104024,01/03/2003,QA3AA1AW03A0002,0,09-3123,1
032,112025,3104031,1,7405,3,1,3104031,0,1,1,1,3104031,01/09/1991,QA3AA1AW03A0010,0,08-3510,1
032,112025,3104038,1,7403,3,1,3104038,0,1,1,1,3104038,01/03/2003,QA3AA1AW03A0002,0,11-2031,1
032,112025,3104045,1,7403,3,1,3104045,0,1,1,1,3104045,01/03/2003,QA2AA1AW02A0002,0,11-2030,1
032,112025,3104052,1,7403,3,1,3104052,0,1,1,1,3104052,01/03/2003,QA2AA1AW02A0002,0,11-2032,1
032,112025,3104059,1,7403,3,1,3104059,0,1,1,1,3104059,01/03/2003,QA3AA1AW03A0040,0,11-1019,1
032,112025,3104066,1,7403,3,1,3104066,0,1,1,1,3104066,01/03/2003,QA1AA1AW01A0001,0,11-3066,1
032,112025,3104073,1,7403,3,1,3104073,0,1,1,1,3104073,01/03/2003,QA3AA1AW03A0002,0,11-3194,1
032,112025,3104080,1,7403,3,1,3104080,0,1,1,1,3104080,01/03/2003,QA3AA1AW03A0002,0,11-1018,1
032,112025,3104087,1,7403,3,1,3104087,0,1,1,1,3104087,01/03/2003,QA1AA1AW01A0002,0,11-3204,1
032,112025,3104094,1,7403,3,1,3104094,0,1,1,1,3104094,01/03/2003,QA3AA1AW03A0002,0,11-3057,1
032,112025,3104101,1,7403,3,1,3104101,0,1,1,1,3104101,01/03/2003,QA1AA1AW01A0001,0,32-4167,1
032,112025,3104108,1,7403,3,1,3104108,0,1,1,1,3104108,01/03/2003,QA1AA1AW01A0002,0,11-3200,1
032,112025,3104115,1,7403,3,1,3104115,0,1,1,1,3104115,01/03/2003,QA1AA1AW01A0001,0,11-3202,1
032,112025,3104122,1,7403,3,1,3104122,0,1,1,1,3104122,01/03/2003,QA1AA1AW01A0002,0,11-3167,1
032,112025,3104129,1,7403,3,1,3104129,0,1,1,1,3104129,01/03/2003,QA1AA1AW01A0001,0,11-3198,1
032,112025,3104136,1,7403,3,1,3104136,0,1,1,1,3104136,01/03/2003,QA3AA1AW03A0010,0,32-4165,1
032,112025,3104143,1,7403,3,1,3104143,0,1,1,1,3104143,01/03/2003,QA3AA1AW03A0002,0,11-3213,1
032,112025,3104150,1,7403,3,1,3104150,0,1,1,1,3104150,01/03/2003,QA3AA1AW03A0002,0,11-3196,1
032,112025,3104157,1,7405,3,1,3104157,0,1,1,1,3104157,01/03/2003,QA2AA1AW02A0001,0,11-3181,1
032,112025,3104164,1,7405,3,1,3104164,0,1,1,1,3104164,01/03/2003,QA1AA1AW01A0002,0,11-3128,1
032,112025,3104171,1,7405,3,1,3104171,0,1,1,1,3104171,01/03/2003,QA2AA1AW02A0002,0,31-3190,1
032,112025,3104178,1,7406,3,1,3104178,0,1,1,1,3104178,01/03/2003,QA3AA1AW03A0002,0,32-4171,1
032,112025,3104185,1,7406,3,1,3104185,0,1,1,1,3104185,01/03/2003,QA1AA1AW01A0002,0,11-3207,1
032,112025,3104192,1,7405,3,1,3104192,0,1,1,1,3104192,01/03/2003,QA2AA1AW02A0001,0,11-3206,1
032,112025,3104199,1,8416,3,1,3104199,0,4,1,1,3104199,01/12/2005,QA1AA1AW01A0002,0,32-4062,1
032,112025,3104206,1,8416,3,1,3104206,0,4,1,1,3104206,01/01/2006,QA2AA1AW02A0001,0,32-4035,1
032,112025,3104213,1,7403,3,1,3104213,0,4,1,1,3104213,01/11/2005,QA3AA1AW03A0002,0,32-4155,1
032,112025,3104220,1,7405,3,1,3104220,0,4,1,1,3104220,01/10/2005,QA2AA1AW02A0001,0,32-4125,1
032,112025,3104227,1,7405,3,1,3104227,0,1,1,1,3104227,01/03/2003,QA3AA1AW03A0040,0,08-513,1
032,112025,3104234,1,7405,3,1,3104234,0,1,1,1,3104234,01/03/2003,QA3AA1AW03A0040,0,09-3047,1
032,112025,3104241,1,7405,3,1,3104241,0,1,1,1,3104241,01/02/2006,QA2AA1AW02A0001,0,32-4091,1
032,112025,3104248,1,8409,3,1,3104248,0,1,1,1,3104248,01/02/2006,QA3AA1AW03A0001,0,32-4043,1
032,112025,3104255,1,7403,3,1,3104255,0,1,1,1,3104255,01/03/2006,QA3AA1AW03A0002,0,32-4001,1
032,112025,3104262,1,7405,3,1,3104262,0,4,1,1,3104262,01/02/2006,QA3AA1AW03A0002,0,32-4009,1
032,112025,3104269,1,8409,3,1,3104269,0,1,1,1,3104269,01/04/2006,QA3AA1AW03A0020,0,32-4004,1
032,112025,3104276,1,8409,3,1,3104276,0,1,1,1,3104276,01/04/2006,QA3AA1AW03A0040,0,32-4005,1
032,112025,3104283,1,8409,3,1,3104283,0,1,1,1,3104283,01/04/2006,QA3AA1AW03A0020,0,32-4006,1
032,112025,3104290,1,8409,3,1,3104290,0,1,1,1,3104290,01/04/2006,QA3AA1AW03A0005,0,32-4008,1
032,112025,3104297,1,8416,3,1,3104297,0,1,1,1,3104297,01/03/2003,QA1AA1AW01A0001,0,32-4011,1
032,112025,3104304,1,8416,3,1,3104304,0,1,1,1,3104304,01/03/2003,QA2AA1AW02A0002,0,32-4012,1
032,112025,3104311,1,8409,3,1,3104311,0,1,1,1,3104311,01/04/2006,QA3AA1AW03A0020,0,32-4003,1
032,112025,3104318,1,8409,3,1,3104318,0,1,1,1,3104318,01/04/2006,QA3AA1AW03A0005,0,32-4002,1
032,112025,3104325,1,7404,3,1,3104325,0,4,1,1,3104325,01/04/2006,QA2AA1AW02A0002,0,32-4029,1
032,112025,3104332,1,8409,3,1,3104332,0,1,1,1,3104332,01/03/2003,QA3AA1AW03A0002,0,32-4031,1
032,112025,3104339,1,8416,3,1,3104339,0,1,1,1,3104339,01/03/2003,QA1AA1AW01A0002,0,10-308,1
032,112025,3104346,1,7405,3,1,3104346,0,1,1,1,3104346,01/12/2003,QA2AA1AW02A0010,0,08-3531,1
032,112025,3104353,1,7405,3,1,3104353,0,1,1,1,3104353,01/05/2006,QA3AA1AW03A0002,0,32-4027,1
032,112025,3104360,1,7405,3,1,3104360,0,1,1,1,3104360,01/05/2006,QA2AA1AW02A0002,0,32-4014,1
032,112025,3104374,1,8409,3,1,3104374,0,1,1,1,3104374,01/03/2003,QA3AA1AW03A0020,0,10-2012,1
032,112025,3104381,1,8416,3,1,3104381,0,1,1,1,3104381,01/03/2003,QA2AA1AW02A0002,0,10-3025,1
032,112025,3104388,1,8409,3,1,3104388,0,1,1,1,3104388,01/03/2003,QA3AA1AW03A0002,0,32-4064,1
032,112025,3104395,1,8409,3,1,3104395,0,1,1,1,3104395,01/03/2003,QA3AA1AW03A0002,0,32-4070,1
032,112025,3104402,1,8409,3,1,3104402,0,1,1,1,3104402,01/03/2003,QA3AA1AW03A0002,0,32-4075,1
032,112025,3104409,1,8409,3,1,3104409,0,1,1,1,3104409,01/03/2003,QA2AA1AW02A0002,0,10-3158,1
032,112025,3104416,1,7403,3,1,3104416,0,1,1,1,3104416,01/06/2006,QA2AA1AW02A0002,0,32-4040,1
032,112025,3104423,1,7403,3,1,3104423,0,1,1,1,3104423,01/06/2006,QA3AA1AW03A0003,0,32-4057,1
032,112025,3104430,1,7404,3,1,3104430,0,1,1,1,3104430,01/03/2003,QA3AA1AW03A0002,0,08-2007,1
032,112025,3104444,1,7404,3,1,3104444,0,1,1,1,3104444,01/03/2003,QA2AA1AW02A0002,0,32-4077,1
032,112025,3104451,1,7404,3,1,3104451,0,1,1,1,3104451,01/03/2003,QA3AA1AW03A0005,0,08-3173,1
032,112025,3104458,1,7404,3,1,3104458,0,1,1,1,3104458,01/03/2003,QA3AA1AW03A0001,0,32-4079,1
032,112025,3104465,1,7404,3,1,3104465,0,1,1,1,3104465,01/03/2003,QA3AA1AW03A0040,0,32-4080,1
032,112025,3104472,1,7404,3,1,3104472,0,1,1,1,3104472,01/03/2003,QA2AA1AW02A0002,0,32-4081,1
032,112025,3104479,1,7404,3,1,3104479,0,1,1,1,3104479,01/03/2003,QA3AA1AW03A0002,0,32-4083,1
032,112025,3104493,1,7404,3,1,3104493,0,1,1,1,3104493,01/03/2003,QA3AA1AW03A0002,0,32-4085,1
032,112025,3104514,1,7405,3,1,3104514,0,1,1,1,3104514,01/06/2006,QA3AA1AW03A0002,0,32-4039,1
032,112025,3104521,1,7405,3,1,3104521,0,1,1,1,3104521,01/06/2006,QA3AA1AW03A0002,0,32-4076,1
032,112025,3104535,1,7405,3,1,3104535,0,1,1,1,3104535,01/03/2003,QA3AA1AW03A0002,0,32-4088,1
032,112025,3104542,1,7404,3,1,3104542,0,1,1,1,3104542,01/03/2003,QA2AA1AW02A0002,0,08-3115,1
032,112025,3104549,1,7404,3,1,3104549,0,1,1,1,3104549,01/03/2003,QA3AA1AW03A0001,0,08-3116,1
032,112025,3104556,1,7404,3,1,3104556,0,1,1,1,3104556,01/03/2003,QA2AA1AW02A0002,0,08-3118,1
032,112025,3104563,1,7404,3,1,3104563,0,1,1,1,3104563,01/03/2003,QA3AA1AW03A0002,0,32-4092,1
032,112025,3104570,1,7404,3,1,3104570,0,1,1,1,3104570,01/03/2003,QA2AA1AW02A0002,0,08-3279,1
032,112025,3104577,1,7404,3,1,3104577,0,1,1,1,3104577,01/12/2003,QA2AA1AW02A0002,0,32-4094,1
032,112025,3104584,1,7404,3,1,3104584,0,1,1,1,3104584,01/03/2003,QA1AA1AW01A0002,0,08-3301,1
032,112025,3104591,1,7404,3,1,3104591,0,1,1,1,3104591,01/03/2003,QA1AA1AW01A0002,0,32-4095,1
032,112025,3104598,1,7404,3,1,3104598,0,1,1,1,3104598,01/03/2003,QA3AA1AW03A0040,0,32-4096,1
032,112025,3104612,1,7404,3,1,3104612,0,1,1,1,3104612,01/08/2006,QA2AA1AW02A0002,0,32-4078,1
032,112025,3104619,1,8409,3,1,3104619,0,1,1,1,3104619,01/06/2006,QA2AA1AW02A0002,0,32-4026,1
032,112025,3104626,1,8409,3,1,3104626,0,1,1,1,3104626,01/03/2003,QA3AA1AW03A0040,0,32-4098,1
032,112025,3104633,1,7404,3,1,3104633,0,1,1,1,3104633,01/03/2003,QA3AA1AW03A0002,0,32-4099,1
032,112025,3104640,1,7201,3,1,3104640,0,1,1,1,3104640,01/03/2003,QA3AA1AW03A0002,1,32-4106,1
032,112025,3104647,1,7405,3,1,3104647,0,1,1,1,3104647,01/08/2003,QA3AA1AW03A0040,0,32-4108,1
032,112025,3104654,1,7405,3,1,3104654,0,1,1,1,3104654,01/03/2003,QA3AA1AW03A0020,0,32-4109,1
032,112025,3104661,1,7405,3,1,3104661,0,1,1,1,3104661,01/03/2003,QA1AA1AW01A0002,0,32-4110,1
032,112025,3104675,1,7405,3,1,3104675,0,1,1,1,3104675,01/03/2003,QA3AA1AW03A0040,0,32-4112,1
032,112025,3104689,1,7405,3,1,3104689,0,1,1,1,3104689,01/03/2003,QA3AA1AW03A0002,0,32-4180,1
032,112025,3104710,1,7405,3,1,3104710,0,1,1,1,3104710,01/03/2003,QA2AA1AW02A0002,0,32-4117,1
032,112025,3104717,1,7405,3,1,3104717,0,1,1,1,3104717,01/01/2005,QA3AA1AW03A0002,0,32-4118,1
032,112025,3104724,1,7405,3,1,3104724,0,1,1,1,3104724,01/03/2003,QA2AA1AW02A0002,0,32-4120,1
032,112025,3104731,1,7405,3,1,3104731,0,1,1,1,3104731,01/03/2003,QA3AA1AW03A0002,0,32-4121,1
032,112025,3104738,1,7405,3,1,3104738,0,1,1,1,3104738,01/03/2003,QA3AA1AW03A0002,0,32-4122,1
032,112025,3104745,1,7405,3,1,3104745,0,1,1,1,3104745,01/03/2003,QA3AA1AW03A0002,0,32-4123,1
032,112025,3104752,1,7405,3,1,3104752,0,1,1,1,3104752,01/09/2006,QA3AA1AW03A0020,0,32-4101,1
032,112025,3104759,1,7403,3,1,3104759,0,1,1,1,3104759,01/08/2006,QA3AA1AW03A0005,0,32-4089,1
032,112025,3104766,1,7403,3,1,3104766,0,1,1,1,3104766,01/08/2006,QA2AA1AW02A0010,0,32-4100,1
032,112025,3104773,1,7405,3,1,3104773,0,1,1,1,3104773,01/03/2003,QA3AA1AW03A0002,0,09-1002,1
032,112025,3104780,1,7405,3,1,3104780,0,1,1,1,3104780,01/03/2003,QA3AA1AW03A0002,0,32-4178,1
032,112025,3104794,1,7405,3,1,3104794,0,1,1,1,3104794,01/03/2003,QA2AA1AW02A0002,0,32-4124,1
032,112025,3104801,1,7405,3,1,3104801,0,1,1,1,3104801,01/03/2003,QA2AA1AW02A0002,0,09-3033,1
032,112025,3104808,1,7405,3,1,3104808,0,1,1,1,3104808,01/03/2003,QA1AA1AW01A0002,0,09-3032,1
032,112025,3104815,1,7405,3,1,3104815,0,1,1,1,3104815,01/03/2003,QA3AA1AW03A0002,0,09-3051,1
032,112025,3104822,1,7405,3,1,3104822,0,1,1,1,3104822,01/03/2003,QA3AA1AW03A0040,0,32-4126,1
032,112025,3104829,1,7405,3,1,3104829,0,1,1,1,3104829,01/03/2003,QA3AA1AW03A0040,0,09-104,1
032,112025,3104843,1,7405,3,1,3104843,0,1,1,1,3104843,01/03/2003,QA3AA1AW03A0002,0,32-4128,1
032,112025,3104850,1,7405,3,1,3104850,0,1,1,1,3104850,01/12/2003,QA2AA1AW02A0002,0,32-4179,1
032,112025,3104857,1,7405,3,1,3104857,0,1,1,1,3104857,01/12/2003,QA2AA1AW02A0002,0,32-4129,1
032,112025,3104864,1,7405,3,1,3104864,0,1,1,1,3104864,01/03/2003,QA1AA1AW01A0002,0,32-4130,1
032,112025,3104871,1,7405,3,1,3104871,0,1,1,1,3104871,01/03/2003,QA3AA1AW03A0015,0,32-4131,1
032,112025,3104878,1,7405,3,1,3104878,0,1,1,1,3104878,01/12/1986,QA3AA1AW03A0010,0,09-3124,1
032,112025,3104885,1,7403,3,1,3104885,0,1,1,1,3104885,01/03/2003,QA3AA1AW03A0002,0,32-4132,1
032,112025,3104892,1,7405,3,1,3104892,0,1,1,1,3104892,01/12/1986,QA3AA1AW03A0010,0,09-3125,1
032,112025,3104899,1,7403,3,1,3104899,0,1,1,1,3104899,31/12/2014,QA1AA1AW01A0002,0,32-4133,1
032,112025,3104906,1,7403,3,1,3104906,0,1,1,1,3104906,01/03/2003,QA3AA1AW03A0010,0,32-4135,1
032,112025,3104913,1,7405,3,1,3104913,0,1,1,1,3104913,01/03/2003,QA3AA1AW03A0003,0,32-4138,1
032,112025,3104927,1,7405,3,1,3104927,0,1,1,1,3104927,01/03/2003,QA3AA1AW03A0003,0,08-3112,1
032,112025,3104955,1,7404,3,1,3104955,0,1,1,1,3104955,01/03/2003,QA1AA1AW01A0003,0,32-4145,1
032,112025,3104962,1,7403,3,1,3104962,0,1,1,1,3104962,01/03/2003,QA3AA1AW03A0003,0,32-4146,1
032,112025,3104969,1,7405,3,1,3104969,0,1,1,1,3104969,01/03/2003,QA2AA1AW02A0002,1,32-5195,1
032,112025,3104976,1,7405,3,1,3104976,0,1,1,1,3104976,01/03/2003,QA3AA1AW03A0002,0,11-3127,1
032,112025,3104983,1,7405,3,1,3104983,0,1,1,1,3104983,01/03/2003,QA1AA1AW01A0001,0,32-4151,1
032,112025,3104990,1,7405,3,1,3104990,0,1,1,1,3104990,01/03/2003,QA3AA1AW03A0010,0,11-3114,1
032,112025,3104997,1,7405,3,1,3104997,0,1,1,1,3104997,01/03/2003,QA3AA1AW03A0002,0,32-4152,1
032,112025,3105004,1,7403,3,1,3105004,0,1,1,1,3105004,01/03/2003,QA1AA1AW01A0003,0,11-2019,1
032,112025,3105011,1,7403,3,1,3105011,0,4,1,1,3105011,01/09/2004,QA3AA1AW03A0002,0,32-4156,1
032,112025,3105018,1,7405,3,1,3105018,0,1,1,1,3105018,01/05/1957,QA2AA1AW02A0010,0,09-3113,1
032,112025,3105025,1,7404,3,1,3105025,0,1,1,1,3105025,01/03/2003,QA1AA1AW01A0002,0,08-3160,1
032,112025,3105039,1,7403,3,1,3105039,0,1,1,1,3105039,01/10/2006,QA3AA1AW03A0002,0,32-4102,1
032,112025,3105046,1,7405,3,1,3105046,0,1,1,1,3105046,01/10/2006,QA3AA1AW03A0005,0,32-4158,1
032,112025,3105067,1,7403,3,1,3105067,0,1,1,1,3105067,01/03/2003,QA3AA1AW03A0002,0,32-4164,1
032,112025,3105074,1,7403,3,1,3105074,0,1,1,1,3105074,01/03/2003,QA3AA1AW03A0002,0,32-4166,1
032,112025,3105081,1,7404,3,1,3105081,0,1,1,1,3105081,01/03/2003,QA3AA1AW03A0040,0,32-4168,1
032,112025,3105088,1,7403,3,1,3105088,0,1,1,1,3105088,01/10/2005,QA3AA1AW03A0001,0,11-3049,1
032,112025,3105095,1,7403,3,1,3105095,0,1,1,1,3105095,01/03/2003,QA1AA1AW01A0002,0,32-4170,1
032,112025,3105102,1,7406,3,1,3105102,0,1,1,1,3105102,01/03/2003,QA3AA1AW03A0002,1,Desc S/E 2273 Caliboro,1
032,112025,3105109,1,8409,3,1,3105109,0,1,1,1,3105109,01/03/2003,QA2AA1AW02A0002,0,32-4141,1
032,112025,3105116,1,8409,3,1,3105116,0,1,1,1,3105116,01/03/2003,QA3AA1AW03A0002,0,32-4107,1
032,112025,3105123,1,7405,3,1,3105123,0,1,1,1,3105123,01/08/2003,QA1AA1AW01A0002,1,08-3101,1
032,112025,3105130,1,7405,3,1,3105130,0,4,1,1,3105130,01/11/2006,QA3AA1AW03A0003,0,32-4172,1
032,112025,3105151,1,8409,3,1,3105151,0,1,1,1,3105151,01/11/2006,QA3AA1AW03A0040,0,32-4185,1
032,112025,3105158,1,8409,3,1,3105158,0,1,1,1,3105158,01/11/2006,QA3AA1AW03A0040,0,32-4186,1
032,112025,3105165,1,8409,3,1,3105165,0,1,1,1,3105165,01/11/2005,QA3AA1AW03A0015,0,32-4187,1
032,112025,3105172,1,7405,3,1,3105172,0,1,1,1,3105172,01/12/2006,QA3AA1AW03A0003,0,32-4159,1
032,112025,3105179,1,7405,3,1,3105179,0,1,1,1,3105179,01/12/2006,QA3AA1AW03A0002,0,32-4160,1
032,112025,3105186,1,7405,3,1,3105186,0,4,1,1,3105186,01/11/2006,QA3AA1AW03A0002,0,32-4161,1
032,112025,3105193,1,7404,3,1,3105193,0,4,1,1,3105193,01/12/2006,QA3AA1AW03A0002,0,Desc arranque S/E 2747 Ajial,1
032,112025,3105200,1,7403,3,1,3105200,0,4,1,1,3105200,01/11/2006,QA3AA1AW03A0002,0,32-4176,1
032,112025,3105207,1,7403,3,1,3105207,0,1,1,1,3105207,01/12/2006,QA3AA1AW03A0002,0,32-4174,1
032,112025,3105214,1,7403,3,1,3105214,0,4,1,1,3105214,01/12/2006,QA3AA1AW03A0002,0,32-4175,1
032,112025,3105221,1,7403,3,1,3105221,0,1,1,1,3105221,01/01/2003,QA2AA1AW02A0010,0,08-3438,1
032,112025,3105235,1,7404,2,1,3105235,0,1,1,1,3105235,30/06/2008,QA3AA1AW03A0010,0,08-3282,0
032,112025,3105242,1,7404,3,1,3105242,0,1,1,1,3105242,01/10/1978,QA2AA1AW02A0010,0,08-3308,1
032,112025,3105249,1,7404,3,1,3105249,0,1,1,1,3105249,01/05/1986,QA1AA1AW01A0010,0,08-3243,1
032,112025,3105256,1,7404,3,1,3105256,0,1,1,1,3105256,01/09/2005,QA3AA1AW03A0010,0,08-3423,1
032,112025,3105263,1,7404,3,1,3105263,0,1,1,1,3105263,01/04/2001,QA2AA1AW02A0010,0,08-3183,1
032,112025,3105270,1,7404,3,1,3105270,0,1,1,1,3105270,01/04/2001,QA2AA1AW02A0010,0,08-3191,1
032,112025,3105277,1,7404,3,1,3105277,0,1,1,1,3105277,01/05/1979,QA3AA1AW03A0010,0,08-2032,1
032,112025,3105284,1,7404,3,1,3105284,0,1,1,1,3105284,01/05/1979,QA2AA1AW02A0010,0,08-2031,1
032,112025,3105298,1,7404,3,1,3105298,0,1,1,1,3105298,01/07/1985,QA1AA1AW01A0010,0,08-3255,1
032,112025,3105305,1,7404,3,1,3105305,0,1,1,1,3105305,01/10/2001,QA3AA1AW03A0010,0,08-524,1
032,112025,3105312,1,7404,3,1,3105312,0,1,1,1,3105312,01/02/1998,QA2AA1AW02A0010,0,08-3327,1
032,112025,3105319,1,7404,3,1,3105319,0,1,1,1,3105319,01/10/2001,QA3AA1AW03A0010,0,08-3213,1
032,112025,3105326,1,7404,3,1,3105326,0,1,1,1,3105326,01/02/1998,QA2AA1AW02A0010,0,08-3329,1
032,112025,3105340,1,7404,3,1,3105340,0,1,1,1,3105340,01/02/1998,QA2AA1AW02A0010,0,08-3334,0
032,112025,3105347,1,7404,3,1,3105347,0,1,1,1,3105347,01/02/1998,QA2AA1AW02A0010,0,08-3335,0
032,112025,3105354,1,7404,3,1,3105354,0,1,1,1,3105354,01/02/1987,QA1AA1AW01A0010,0,08-3288,1
032,112025,3105361,1,7404,3,1,3105361,0,1,1,1,3105361,01/09/1988,QA1AA1AW01A0010,0,08-3401,1
032,112025,3105368,1,7404,3,1,3105368,0,1,1,1,3105368,01/02/1987,QA1AA1AW01A0010,0,08-3290,1
032,112025,3105375,1,7404,3,1,3105375,0,1,1,1,3105375,01/02/1987,QA1AA1AW01A0010,0,08-3291,1
032,112025,3105382,1,7404,3,1,3105382,0,1,1,1,3105382,01/02/1987,QA2AA1AW02A0010,0,08-3292,1
032,112025,3105389,1,7404,3,1,3105389,0,1,1,1,3105389,01/01/1978,QA1AA1AW01A0010,0,08-3403,1
032,112025,3105396,1,7404,2,1,3105396,0,1,1,1,3105396,01/01/1987,QA1AA1AW01A0010,0,08-3275,0
032,112025,3105403,1,7404,3,1,3105403,0,1,1,1,3105403,01/01/1987,QA1AA1AW01A0010,0,08-3278,1
032,112025,3105410,1,7404,3,1,3105410,0,1,1,1,3105410,01/01/1987,QA1AA1AW01A0010,0,08-3400,1
032,112025,3105424,1,7404,3,1,3105424,0,1,1,1,3105424,01/08/1984,QA3AA1AW03A0010,0,Desc arranque la Florida,1
032,112025,3105431,1,7404,3,1,3105431,0,1,1,1,3105431,01/02/1958,QA3AA1AW03A0010,0,08-3396,1
032,112025,3105445,1,7404,3,1,3105445,0,1,1,1,3105445,01/04/1968,QA2AA1AW02A0010,0,08-3272,1
032,112025,3105473,1,7404,3,1,3105473,0,1,1,1,3105473,01/05/1984,QA2AA1AW02A0010,0,08-3406,1
032,112025,3105480,1,7404,3,1,3105480,0,1,1,1,3105480,01/05/1984,QA3AA1AW03A0010,0,08-3405,1
032,112025,3105508,1,7404,3,1,3105508,0,1,1,1,3105508,01/05/1988,QA2AA1AW02A0010,0,08-3322,1
032,112025,3105550,1,7404,3,1,3105550,0,1,1,1,3105550,01/06/1965,QA3AA1AW03A0010,0,08-3462,1
032,112025,3105557,1,7404,3,1,3105557,0,1,1,1,3105557,01/06/1965,QA3AA1AW03A0010,0,08-3167,1
032,112025,3105564,1,7404,3,1,3105564,0,1,1,1,3105564,01/06/1965,QA2AA1AW02A0010,0,08-3168,1
032,112025,3105571,1,7404,3,1,3105571,0,1,1,1,3105571,01/10/2001,QA3AA1AW03A0010,0,08-3208,0
032,112025,3105578,1,7404,3,1,3105578,0,1,1,1,3105578,01/07/1969,QA3AA1AW03A0010,0,08-3135,1
032,112025,3105585,1,7404,3,1,3105585,0,1,1,1,3105585,01/07/1969,QA3AA1AW03A0010,0,08-3136,1
032,112025,3105592,1,7404,3,1,3105592,0,1,1,1,3105592,01/07/1969,QA3AA1AW03A0010,0,08-3137,1
032,112025,3105620,1,7404,3,1,3105620,0,1,1,1,3105620,01/10/1969,QA2AA1AW02A0010,0,08-3121,1
032,112025,3105627,1,7404,3,1,3105627,0,1,1,1,3105627,01/10/1969,QA3AA1AW03A0010,0,08-1004,1
032,112025,3105634,1,7404,3,1,3105634,0,1,1,1,3105634,01/10/1969,QA3AA1AW03A0010,0,08-3122,1
032,112025,3105641,1,7404,3,1,3105641,0,1,1,1,3105641,01/09/2005,QA3AA1AW03A0010,0,08-2030,1
032,112025,3105648,1,7404,3,1,3105648,0,1,1,1,3105648,01/10/1969,QA2AA1AW02A0010,0,08-3119,1
032,112025,3105655,1,7404,3,1,3105655,0,1,1,1,3105655,01/10/1969,QA1AA1AW01A0010,0,08-3120,1
032,112025,3105662,1,7404,3,1,3105662,0,1,1,1,3105662,01/05/1979,QA2AA1AW02A0010,0,08-2020,1
032,112025,3105676,1,7404,3,1,3105676,0,1,1,1,3105676,01/05/1979,QA3AA1AW03A0010,0,08-3264,1
032,112025,3105697,1,7404,3,1,3105697,0,1,1,1,3105697,01/05/1979,QA2AA1AW02A0010,0,08-2024,1
032,112025,3105704,1,7404,3,1,3105704,0,1,1,1,3105704,01/05/1979,QA2AA1AW02A0010,0,08-2025,1
032,112025,3105732,1,7404,3,1,3105732,0,1,1,1,3105732,01/01/1958,QA3AA1AW03A0010,0,08-2004,1
032,112025,3105739,1,7404,3,1,3105739,0,1,1,1,3105739,01/01/1958,QA3AA1AW03A0010,0,08-2006,1
032,112025,3105746,1,7404,3,1,3105746,0,1,1,1,3105746,01/01/1958,QA3AA1AW03A0010,0,08-2014,1
032,112025,3105774,1,7404,3,1,3105774,0,1,1,1,3105774,01/06/1991,QA3AA1AW03A0010,0,08-3422,1
032,112025,3105795,1,7404,3,1,3105795,0,1,1,1,3105795,01/06/1991,QA3AA1AW03A0010,0,08-3002,1
032,112025,3105802,1,7404,3,1,3105802,0,1,1,1,3105802,01/06/1991,QA3AA1AW03A0010,0,08-3003,1
032,112025,3105809,1,7404,3,1,3105809,0,1,1,1,3105809,01/10/2001,QA3AA1AW03A0010,0,08-1012,1
032,112025,3105823,1,7404,3,1,3105823,0,1,1,1,3105823,01/06/1991,QA3AA1AW03A0010,1,08-3007,1
032,112025,3105837,1,7404,3,1,3105837,0,1,1,1,3105837,01/05/1981,QA1AA1AW01A0010,0,08-3341,1
032,112025,3105844,1,7404,3,1,3105844,0,1,1,1,3105844,01/02/1987,QA1AA1AW01A0010,0,08-3269,1
032,112025,3105851,1,7404,3,1,3105851,0,1,1,1,3105851,01/02/1958,QA3AA1AW03A0010,0,08-3340,1
032,112025,3105858,1,7404,3,1,3105858,0,1,1,1,3105858,01/05/1966,QA3AA1AW03A0010,0,08-3342,1
032,112025,3105865,1,7404,3,1,3105865,0,1,1,1,3105865,01/02/1987,QA1AA1AW01A0010,0,08-3298,1
032,112025,3105872,1,7404,3,1,3105872,0,1,1,1,3105872,01/02/1987,QA1AA1AW01A0010,0,08-3297,1
032,112025,3105879,1,7404,3,1,3105879,0,1,1,1,3105879,01/01/1978,QA2AA1AW02A0010,0,08-3306,1
032,112025,3105893,1,7404,3,1,3105893,0,1,1,1,3105893,01/05/1986,QA1AA1AW01A0010,0,08-3238,1
032,112025,3105900,1,7404,3,1,3105900,0,1,1,1,3105900,01/05/1986,QA1AA1AW01A0010,0,08-1023,1
032,112025,3105907,1,7404,3,1,3105907,0,1,1,1,3105907,01/05/1979,QA3AA1AW03A0010,0,08-3218,1
032,112025,3105914,1,7404,3,1,3105914,0,1,1,1,3105914,01/05/1986,QA2AA1AW02A0010,0,08-3220,1
032,112025,3105921,1,7404,3,1,3105921,0,1,1,1,3105921,01/11/1998,QA2AA1AW02A0010,0,08-3323,1
032,112025,3105928,1,7404,3,1,3105928,0,1,1,1,3105928,01/08/1984,QA1AA1AW01A0010,0,08-3316,1
032,112025,3105935,1,7404,3,1,3105935,0,1,1,1,3105935,01/07/1969,QA2AA1AW02A0010,0,08-3142,1
032,112025,3105942,1,7404,3,1,3105942,0,1,1,1,3105942,01/01/1958,QA3AA1AW03A0010,0,09-2003,1
032,112025,3105949,1,7404,3,1,3105949,0,1,1,1,3105949,01/05/1987,QA3AA1AW03A0010,0,08-3159,1
032,112025,3105956,1,7404,3,1,3105956,0,1,1,1,3105956,01/05/1987,QA3AA1AW03A0010,0,08-3162,1
032,112025,3105963,1,7404,3,1,3105963,0,1,1,1,3105963,01/01/2003,QA3AA1AW03A0010,0,08-3456,1
032,112025,3105977,1,7404,3,1,3105977,0,1,1,1,3105977,01/06/1980,QA2AA1AW02A0010,0,08-3148,1
032,112025,3105984,1,7404,3,1,3105984,0,1,1,1,3105984,01/06/1980,QA1AA1AW01A0010,0,08-3150,1
032,112025,3105991,1,7404,3,1,3105991,0,1,1,1,3105991,01/06/1980,QA1AA1AW01A0010,0,08-3197,1
032,112025,3105998,1,7404,3,1,3105998,0,1,1,1,3105998,01/06/1980,QA1AA1AW01A0010,0,08-3198,1
032,112025,3106012,1,7404,3,1,3106012,0,1,1,1,3106012,01/06/1965,QA1AA1AW01A0010,0,08-3169,1
032,112025,3106019,1,7404,3,1,3106019,0,1,1,1,3106019,01/05/1987,QA1AA1AW01A0010,0,08-3459,1
032,112025,3106026,1,7404,3,1,3106026,0,1,1,1,3106026,01/05/1981,QA1AA1AW01A0010,0,08-3188,1
032,112025,3106033,1,7404,3,1,3106033,0,1,1,1,3106033,01/06/1980,QA1AA1AW01A0010,0,08-3189,1
032,112025,3106040,1,7404,3,1,3106040,0,1,1,1,3106040,01/05/1981,QA1AA1AW01A0002,0,08-3190,1
032,112025,3106047,1,7404,3,1,3106047,0,1,1,1,3106047,01/05/1981,QA1AA1AW01A0010,0,08-3461,1
032,112025,3106061,1,7404,3,1,3106061,0,1,1,1,3106061,01/06/1965,QA3AA1AW03A0010,0,08-3172,1
032,112025,3106068,1,7404,3,1,3106068,0,1,1,1,3106068,01/06/1980,QA1AA1AW01A0010,0,08-3182,1
032,112025,3106075,1,7404,3,1,3106075,0,1,1,1,3106075,01/05/1981,QA2AA1AW02A0010,0,08-3187,1
032,112025,3106082,1,7404,3,1,3106082,0,1,1,1,3106082,01/05/1987,QA2AA1AW02A0010,0,08-1026,1
032,112025,3106089,1,7404,3,1,3106089,0,1,1,1,3106089,01/05/1987,QA2AA1AW02A0010,0,08-3204,1
032,112025,3106103,1,7404,3,1,3106103,0,1,1,1,3106103,01/06/1965,QA3AA1AW03A0010,0,08-3180,1
032,112025,3106110,1,7404,3,1,3106110,0,1,1,1,3106110,01/12/1986,QA1AA1AW01A0010,0,08-3215,1
032,112025,3106117,1,7404,3,1,3106117,0,1,1,1,3106117,01/10/1968,QA3AA1AW03A0010,0,08-3453,1
032,112025,3106138,1,7405,3,1,3106138,0,1,1,1,3106138,01/12/1982,QA3AA1AW03A0010,0,08-3113,1
032,112025,3106145,1,7404,3,1,3106145,0,1,1,1,3106145,01/05/1987,QA1AA1AW01A0010,0,08-3170,1
032,112025,3106159,1,7404,3,1,3106159,0,1,1,1,3106159,01/09/1988,QA3AA1AW03A0010,0,08-3017,1
032,112025,3106166,1,7404,3,1,3106166,0,1,1,1,3106166,01/09/1988,QA3AA1AW03A0010,0,08-3018,1
032,112025,3106180,1,7404,3,1,3106180,0,1,1,1,3106180,01/01/1980,QA2AA1AW02A0010,0,08-1006,1
032,112025,3106187,1,7404,3,1,3106187,0,1,1,1,3106187,01/10/1969,QA2AA1AW02A0010,0,08-3127,1
032,112025,3106194,1,7404,3,1,3106194,0,1,1,1,3106194,01/01/1980,QA1AA1AW01A0010,0,08-3130,1
032,112025,3106201,1,7404,3,1,3106201,0,1,1,1,3106201,01/10/1969,QA2AA1AW02A0010,0,08-1005,1
032,112025,3106208,1,7404,3,1,3106208,0,1,1,1,3106208,01/10/1969,QA1AA1AW01A0010,0,08-3125,1
032,112025,3106215,1,7404,3,1,3106215,0,1,1,1,3106215,01/01/1980,QA2AA1AW02A0010,0,08-3132,1
032,112025,3106222,1,7404,3,1,3106222,0,1,1,1,3106222,01/10/1969,QA2AA1AW02A0010,0,08-1025,1
032,112025,3106229,1,7404,3,1,3106229,0,1,1,1,3106229,01/01/1980,QA2AA1AW02A0010,0,08-3134,1
032,112025,3106236,1,7404,3,1,3106236,0,1,1,1,3106236,01/05/1960,QA3AA1AW03A0010,0,08-1024,0
032,112025,3106243,1,7404,3,1,3106243,0,1,1,1,3106243,01/01/1980,QA2AA1AW02A0010,0,08-3133,1
032,112025,3106250,1,7404,3,1,3106250,0,1,1,1,3106250,01/10/1968,QA3AA1AW03A0010,0,08-1009,1
032,112025,3106257,1,7404,3,1,3106257,0,1,1,1,3106257,01/10/1968,QA2AA1AW02A0010,0,08-3209,1
032,112025,3106264,1,7404,3,1,3106264,0,1,1,1,3106264,01/05/1960,QA3AA1AW03A0010,0,08-1011,0
032,112025,3106278,1,7404,3,1,3106278,0,1,1,1,3106278,01/05/1960,QA3AA1AW03A0010,0,08-3210,1
032,112025,3106285,1,7404,3,1,3106285,0,1,1,1,3106285,01/12/1986,QA1AA1AW01A0010,0,08-3519,1
032,112025,3106292,1,7404,3,1,3106292,0,1,1,1,3106292,01/06/2005,QA3AA1AW03A0010,0,08-3124,1
032,112025,3106299,1,7404,3,1,3106299,0,1,1,1,3106299,01/01/1980,QA2AA1AW02A0010,0,08-1008,1
032,112025,3106306,1,7404,3,1,3106306,0,1,1,1,3106306,01/10/2001,QA3AA1AW03A0010,0,08-3164,1
032,112025,3106313,1,7404,3,1,3106313,0,1,1,1,3106313,01/05/2001,QA3AA1AW03A0010,0,08-2002,1
032,112025,3106320,1,7404,3,1,3106320,0,1,1,1,3106320,01/09/2005,QA3AA1AW03A0010,0,08-509,1
032,112025,3106334,1,7404,3,1,3106334,0,1,1,1,3106334,01/04/2002,QA3AA1AW03A0010,0,08-3419,1
032,112025,3106341,1,7404,3,1,3106341,0,1,1,1,3106341,01/04/2002,QA2AA1AW02A0010,0,08-3449,1
032,112025,3106348,1,7404,3,1,3106348,0,1,1,1,3106348,01/04/2002,QA2AA1AW02A0010,0,08-3450,1
032,112025,3106355,1,7404,3,1,3106355,0,1,1,1,3106355,01/04/2002,QA2AA1AW02A0010,0,08-3451,1
032,112025,3106362,1,7404,3,1,3106362,0,1,1,1,3106362,01/04/2002,QA2AA1AW02A0010,0,08-3417,1
032,112025,3106369,1,7404,3,1,3106369,0,1,1,1,3106369,01/05/1987,QA2AA1AW02A0010,0,08-3202,1
032,112025,3106376,1,7404,3,1,3106376,0,1,1,1,3106376,01/01/2003,QA3AA1AW03A0010,0,08-3424,0
032,112025,3106383,1,7404,3,1,3106383,0,1,1,1,3106383,01/01/2003,QA3AA1AW03A0010,0,08-522,1
032,112025,3106390,1,7404,3,1,3106390,0,1,1,1,3106390,01/01/2003,QA3AA1AW03A0010,0,08-3437,1
032,112025,3106397,1,7404,3,1,3106397,0,1,1,1,3106397,01/01/2003,QA3AA1AW03A0003,0,08-3454,1
032,112025,3106404,1,7404,3,1,3106404,0,1,1,1,3106404,01/04/2003,QA2AA1AW02A0010,0,08-3399,1
032,112025,3106411,1,7404,3,1,3106411,0,1,1,1,3106411,01/04/2003,QA2AA1AW02A0010,0,32-4093,1
032,112025,3106418,1,7404,3,1,3106418,0,1,1,1,3106418,01/01/2003,QA2AA1AW02A0010,0,08-3436,1
032,112025,3106425,1,7404,3,1,3106425,0,1,1,1,3106425,01/05/2003,QA3AA1AW03A0010,0,08-3426,1
032,112025,3106439,1,7404,3,1,3106439,0,1,1,1,3106439,01/03/2003,QA1AA1AW01A0010,0,08-3455,1
032,112025,3106460,1,7404,3,1,3106460,0,1,1,1,3106460,01/12/2003,QA2AA1AW02A0010,0,08-3404,1
032,112025,3106467,1,7404,3,1,3106467,0,1,1,1,3106467,01/12/2003,QA1AA1AW01A0010,0,08-3407,1
032,112025,3106474,1,7404,3,1,3106474,0,1,1,1,3106474,01/12/2003,QA2AA1AW02A0010,0,08-3402,1
032,112025,3106481,1,7201,3,1,3106481,0,1,1,1,3106481,01/05/1993,QA2AA1AW02A0010,0,08-3395,1
032,112025,3106488,1,7201,3,1,3106488,0,1,1,1,3106488,01/05/1993,QA3AA1AW03A0010,0,08-3394,1
032,112025,3106502,1,7405,3,1,3106502,0,1,1,1,3106502,01/10/1988,QA1AA1AW01A0010,0,32-4622,1
032,112025,3106509,1,7405,3,1,3106509,0,1,1,1,3106509,01/10/1988,QA1AA1AW01A0010,0,08-3356,1
032,112025,3106516,1,7405,3,1,3106516,0,1,1,1,3106516,01/10/1988,QA3AA1AW03A0010,0,08-3357,1
032,112025,3106530,1,7405,3,1,3106530,0,1,1,1,3106530,01/10/1996,QA2AA1AW02A0010,0,08-3359,1
032,112025,3106537,1,7405,3,1,3106537,0,1,1,1,3106537,01/10/1996,QA2AA1AW02A0010,0,08-3360,1
032,112025,3106544,1,7405,3,1,3106544,0,1,1,1,3106544,01/10/1996,QA2AA1AW02A0010,0,08-3361,1
032,112025,3106551,1,7405,3,1,3106551,0,1,1,1,3106551,01/10/1996,QA2AA1AW02A0010,0,08-3362,1
032,112025,3106558,1,7405,3,1,3106558,0,1,1,1,3106558,01/10/1996,QA1AA1AW01A0010,0,08-3363,1
032,112025,3106565,1,7405,3,1,3106565,0,1,1,1,3106565,01/10/1996,QA2AA1AW02A0010,0,08-3364,1
032,112025,3106572,1,7405,3,1,3106572,0,1,1,1,3106572,01/10/1996,QA2AA1AW02A0010,0,08-3365,1
032,112025,3106579,1,7405,3,1,3106579,0,1,1,1,3106579,01/08/1984,QA2AA1AW02A0010,0,08-3390,1
032,112025,3106600,1,7405,3,1,3106600,0,1,1,1,3106600,01/10/1988,QA2AA1AW02A0010,0,08-3383,1
032,112025,3106607,1,8409,3,1,3106607,0,1,1,1,3106607,01/01/2003,QA2AA1AW02A0010,0,32-4063,1
032,112025,3106614,1,7405,3,1,3106614,0,1,1,1,3106614,01/10/1988,QA2AA1AW02A0010,0,08-3385,1
032,112025,3106621,1,7405,3,1,3106621,0,1,1,1,3106621,01/08/1984,QA2AA1AW02A0010,1,08-3387,1
032,112025,3106628,1,7405,3,1,3106628,0,1,1,1,3106628,01/10/1988,QA1AA1AW01A0010,0,08-3372,1
032,112025,3106635,1,7405,3,1,3106635,0,1,1,1,3106635,01/08/1984,QA1AA1AW01A0010,0,08-3412,1
032,112025,3106642,1,7405,3,1,3106642,0,1,1,1,3106642,01/08/1984,QA3AA1AW03A0010,0,08-3381,1
032,112025,3106649,1,7405,3,1,3106649,0,1,1,1,3106649,01/08/1984,QA3AA1AW03A0010,0,08-3382,1
032,112025,3106656,1,7405,3,1,3106656,0,1,1,1,3106656,01/08/1984,QA2AA1AW02A0010,0,08-3377,1
032,112025,3106684,1,7405,3,1,3106684,0,1,1,1,3106684,01/08/1991,QA3AA1AW03A0010,0,08-3038,1
032,112025,3106691,1,7405,3,1,3106691,0,1,1,1,3106691,01/08/1991,QA1AA1AW01A0010,0,08-3039,1
032,112025,3106698,1,7405,3,1,3106698,0,1,1,1,3106698,01/09/1991,QA1AA1AW01A0010,0,08-3106,1
032,112025,3106740,1,7405,3,1,3106740,0,1,1,1,3106740,01/09/1991,QA2AA1AW02A0010,0,08-3069,1
032,112025,3106747,1,7405,3,1,3106747,0,1,1,1,3106747,01/09/1991,QA3AA1AW03A0010,0,08-3107,1
032,112025,3106761,1,7405,3,1,3106761,0,1,1,1,3106761,01/09/1991,QA3AA1AW03A0010,0,08-3074,1
032,112025,3106782,1,7405,3,1,3106782,0,1,1,1,3106782,01/06/1991,QA1AA1AW01A0010,0,08-3014,1
032,112025,3106817,1,7405,3,1,3106817,0,1,1,1,3106817,01/02/1985,QA3AA1AW03A0010,0,08-3062,1
032,112025,3106845,1,7405,3,1,3106845,0,1,1,1,3106845,01/10/1988,QA1AA1AW01A0010,0,08-3368,1
032,112025,3106852,1,7405,3,1,3106852,0,1,1,1,3106852,01/08/1984,QA1AA1AW01A0010,0,08-3370,1
032,112025,3106866,1,7405,3,1,3106866,0,1,1,1,3106866,01/05/1966,QA2AA1AW02A0002,0,08-3343,1
032,112025,3106873,1,7405,3,1,3106873,0,1,1,1,3106873,01/10/1996,QA2AA1AW02A0010,0,08-3366,1
032,112025,3106880,1,7405,3,1,3106880,0,1,1,1,3106880,01/11/1971,QA2AA1AW02A0010,0,08-3027,1
032,112025,3106887,1,7405,3,1,3106887,0,1,1,1,3106887,01/11/1971,QA3AA1AW03A0010,0,08-3024,1
032,112025,3106894,1,7405,3,1,3106894,0,1,1,1,3106894,01/11/1971,QA3AA1AW03A0010,0,08-3026,1
032,112025,3106901,1,7405,3,1,3106901,0,1,1,1,3106901,01/02/1969,QA3AA1AW03A0010,0,08-3021,1
032,112025,3106908,1,7405,3,1,3106908,0,1,1,1,3106908,01/02/1969,QA3AA1AW03A0002,0,08-3022,1
032,112025,3106915,1,7405,3,1,3106915,0,1,1,1,3106915,01/02/1969,QA3AA1AW03A0010,0,08-3020,1
032,112025,3106922,1,7405,3,1,3106922,0,1,1,1,3106922,01/06/1991,QA3AA1AW03A0010,0,08-3016,1
032,112025,3106929,1,7405,2,1,3106929,0,1,1,1,3106929,01/03/1966,QA3AA1AW03A0002,0,08-3100,0
032,112025,3106936,1,7405,3,1,3106936,0,1,1,1,3106936,01/07/2001,QA2AA1AW02A0010,0,08-3353,1
032,112025,3106943,1,7405,3,1,3106943,0,1,1,1,3106943,01/03/1966,QA1AA1AW01A0010,0,08-3090,1
032,112025,3106950,1,7405,3,1,3106950,0,1,1,1,3106950,01/03/1966,QA3AA1AW03A0010,0,08-3089,1
032,112025,3106957,1,7405,3,1,3106957,0,1,1,1,3106957,01/07/2001,QA2AA1AW02A0010,0,08-3318,1
032,112025,3106964,1,7405,3,1,3106964,0,1,1,1,3106964,01/03/1966,QA3AA1AW03A0010,0,08-3093,1
032,112025,3106971,1,7405,3,1,3106971,0,1,1,1,3106971,01/08/1991,QA3AA1AW03A0010,0,08-3082,1
032,112025,3106985,1,7405,3,1,3106985,0,1,1,1,3106985,01/08/1984,QA2AA1AW02A0010,0,08-3376,1
032,112025,3106992,1,7405,3,1,3106992,0,1,1,1,3106992,01/06/2001,QA2AA1AW02A0010,0,08-3375,1
032,112025,3107006,1,7405,3,1,3107006,0,1,1,1,3107006,01/06/1978,QA2AA1AW02A0010,0,08-3041,1
032,112025,3107013,1,7405,3,1,3107013,0,1,1,1,3107013,01/06/1991,QA1AA1AW01A0010,0,08-3077,1
032,112025,3107020,1,7405,3,1,3107020,0,1,1,1,3107020,01/12/1982,QA2AA1AW02A0010,0,08-3110,1
032,112025,3107027,1,7405,3,1,3107027,0,1,1,1,3107027,01/06/1991,QA1AA1AW01A0010,0,08-3111,1
032,112025,3107034,1,7405,3,1,3107034,0,1,1,1,3107034,01/08/1991,QA2AA1AW02A0010,0,09-3078,1
032,112025,3107041,1,7405,3,1,3107041,0,1,1,1,3107041,01/06/1991,QA3AA1AW03A0010,0,08-3097,1
032,112025,3107048,1,7405,3,1,3107048,0,1,1,1,3107048,01/06/1991,QA2AA1AW02A0002,0,08-3096,1
032,112025,3107055,1,7405,3,1,3107055,0,1,1,1,3107055,01/07/2001,QA2AA1AW02A0010,0,08-3354,1
032,112025,3107062,1,7405,3,1,3107062,0,1,1,1,3107062,01/06/1991,QA3AA1AW03A0010,0,08-3081,1
032,112025,3107069,1,7405,3,1,3107069,0,1,1,1,3107069,01/08/1991,QA3AA1AW03A0010,0,08-529,1
032,112025,3107083,1,7405,3,1,3107083,0,1,1,1,3107083,01/06/1991,QA3AA1AW03A0010,0,08-3084,1
032,112025,3107090,1,7405,3,1,3107090,0,1,1,1,3107090,01/06/1991,QA3AA1AW03A0010,0,08-3086,1
032,112025,3107104,1,7405,3,1,3107104,0,1,1,1,3107104,01/07/2001,QA2AA1AW02A0010,0,08-3384,1
032,112025,3107111,1,7405,3,1,3107111,0,1,1,1,3107111,01/07/2001,QA2AA1AW02A0010,0,08-3369,1
032,112025,3107118,1,7405,3,1,3107118,0,1,1,1,3107118,01/07/2001,QA2AA1AW02A0010,0,08-3379,1
032,112025,3107125,1,7405,3,1,3107125,0,1,1,1,3107125,01/07/2001,QA2AA1AW02A0010,0,08-3413,1
032,112025,3107132,1,7405,3,1,3107132,0,1,1,1,3107132,01/07/2001,QA2AA1AW02A0010,0,08-3380,1
032,112025,3107146,1,7405,3,1,3107146,0,1,1,1,3107146,01/12/2003,QA3AA1AW03A0010,0,08-3433,1
032,112025,3107153,1,7405,3,1,3107153,0,1,1,1,3107153,01/12/2003,QA2AA1AW02A0010,0,08-3532,1
032,112025,3107160,1,7405,3,1,3107160,0,1,1,1,3107160,01/12/2003,QA2AA1AW02A0010,0,31-4083,1
032,112025,3107167,1,7403,3,1,3107167,0,1,1,1,3107167,01/03/1973,QA1AA1AW01A0010,0,09-3049,1
032,112025,3107174,1,7405,3,1,3107174,0,1,1,1,3107174,01/01/1980,QA3AA1AW03A0010,0,09-3019,1
032,112025,3107181,1,7405,3,1,3107181,0,1,1,1,3107181,01/01/1980,QA3AA1AW03A0010,0,09-3030,1
032,112025,3107188,1,7405,3,1,3107188,0,1,1,1,3107188,01/09/1982,QA1AA1AW01A0010,0,09-3027,1
032,112025,3107195,1,7405,3,1,3107195,0,1,1,1,3107195,01/01/1980,QA3AA1AW03A0010,0,09-3014,1
032,112025,3107202,1,7405,3,1,3107202,0,1,1,1,3107202,01/09/1982,QA1AA1AW01A0010,0,09-3026,1
032,112025,3107209,1,7405,3,1,3107209,0,1,1,1,3107209,01/01/1969,QA3AA1AW03A0010,0,09-2001,1
032,112025,3107216,1,7405,3,1,3107216,0,1,1,1,3107216,01/05/1957,QA3AA1AW03A0010,0,09-2008,1
032,112025,3107223,1,7405,3,1,3107223,0,1,1,1,3107223,01/05/1957,QA3AA1AW03A0010,0,09-2007,1
032,112025,3107230,1,7405,3,1,3107230,0,1,1,1,3107230,01/08/2000,QA3AA1AW03A0010,0,09-2013,1
032,112025,3107237,1,7405,3,1,3107237,0,1,1,1,3107237,01/02/1998,QA2AA1AW02A0010,0,09-3011,1
032,112025,3107244,1,7405,3,1,3107244,0,1,1,1,3107244,01/01/1989,QA3AA1AW03A0010,0,09-2020,1
032,112025,3107251,1,7405,3,1,3107251,0,1,1,1,3107251,01/01/1998,QA3AA1AW03A0010,0,09-2014,1
032,112025,3107258,1,7405,3,1,3107258,0,1,1,1,3107258,01/01/1998,QA3AA1AW03A0010,0,09-2017,1
032,112025,3107265,1,7405,3,1,3107265,0,1,1,1,3107265,01/01/1998,QA1AA1AW01A0010,0,09-2018,1
032,112025,3107272,1,7405,3,1,3107272,0,1,1,1,3107272,01/01/1998,QA3AA1AW03A0010,0,09-2019,1
032,112025,3107279,1,7405,3,1,3107279,0,1,1,1,3107279,01/08/1989,QA3AA1AW03A0010,0,09-3073,1
032,112025,3107286,1,7405,3,1,3107286,0,1,1,1,35395442,13/01/2015,QA3AA1AW03A0005,0,09-3010,1
032,112025,3107293,1,7405,3,1,3107293,0,1,1,1,3107293,01/04/1962,QA1AA1AW01A0010,0,09-3092,1
032,112025,3107300,1,7405,3,1,3107300,0,1,1,1,3107300,01/04/1962,QA3AA1AW03A0010,0,09-3122,1
032,112025,3107307,1,7405,3,1,3107307,0,1,1,1,3107307,01/04/1962,QA3AA1AW03A0010,0,09-3087,1
032,112025,3107321,1,7405,3,1,3107321,0,1,1,1,3107321,01/01/1968,QA3AA1AW03A0010,0,09-3098,1
032,112025,3107328,1,7405,3,1,3107328,0,1,1,1,3107328,01/06/1969,QA3AA1AW03A0010,0,09-3090,1
032,112025,3107342,1,7405,3,1,3107342,0,1,1,1,3107342,01/11/1985,QA1AA1AW01A0010,0,09-3018,1
032,112025,3107349,1,7405,3,1,3107349,0,1,1,1,3107349,01/01/1987,QA1AA1AW01A0010,0,09-3029,1
032,112025,3107356,1,7405,3,1,3107356,0,1,1,1,3107356,01/01/1987,QA1AA1AW01A0010,0,09-3028,1
032,112025,3107363,1,7405,3,1,3107363,0,1,1,1,3107363,01/01/1980,QA3AA1AW03A0010,0,09-3012,1
032,112025,3107370,1,7405,3,1,3107370,0,1,1,1,3107370,01/06/1991,QA3AA1AW03A0003,0,09-3006,1
032,112025,3107377,1,7405,3,1,3107377,0,1,1,1,3107377,01/06/1991,QA3AA1AW03A0010,0,09-3005,1
032,112025,3107384,1,7405,3,1,3107384,0,1,1,1,3107384,01/11/1996,QA1AA1AW01A0003,0,09-3004,1
032,112025,3107391,1,7405,3,1,3107391,0,1,1,1,3107391,01/06/1991,QA3AA1AW03A0010,0,08-3049,1
032,112025,3107398,1,7405,3,1,3107398,0,1,1,1,3107398,01/06/1991,QA3AA1AW03A0020,0,09-2006,1
032,112025,3107405,1,7405,3,1,3107405,0,1,1,1,3107405,01/06/1991,QA3AA1AW03A0010,0,09-3003,1
032,112025,3107412,1,7405,3,1,3107412,0,1,1,1,3107412,01/06/1991,QA3AA1AW03A0010,0,08-3051,1
032,112025,3107419,1,7405,3,1,3107419,0,1,1,1,3107419,01/11/1992,QA3AA1AW03A0010,0,08-3050,1
032,112025,3107426,1,7405,3,1,3107426,0,1,1,1,3107426,01/04/1962,QA3AA1AW03A0010,0,09-3094,1
032,112025,3107440,1,7405,3,1,3107440,0,1,1,1,3107440,01/01/1989,QA3AA1AW03A0010,0,09-3083,1
032,112025,3107447,1,7405,3,1,3107447,0,1,1,1,3107447,01/01/1989,QA1AA1AW01A0010,0,09-3084,1
032,112025,3107461,1,7405,3,1,3107461,0,1,1,1,3107461,01/10/1985,QA3AA1AW03A0010,0,09-3057,1
032,112025,3107468,1,7405,3,1,3107468,0,1,1,1,3107468,01/10/1985,QA3AA1AW03A0010,0,09-3059,1
032,112025,3107475,1,7405,3,1,3107475,0,1,1,1,3107475,01/10/1985,QA3AA1AW03A0010,0,09-3060,1
032,112025,3107482,1,7405,3,1,3107482,0,1,1,1,3107482,01/12/1986,QA3AA1AW03A0010,0,09-3062,1
032,112025,3107489,1,7405,3,1,3107489,0,1,1,1,3107489,01/12/1986,QA3AA1AW03A0010,0,09-1006,1
032,112025,3107496,1,7405,3,1,3107496,0,1,1,1,3107496,01/10/1985,QA3AA1AW03A0010,0,09-3052,1
032,112025,3107510,1,7405,3,1,3107510,0,1,1,1,3107510,01/10/1985,QA3AA1AW03A0010,0,09-3053,1
032,112025,3107517,1,7405,3,1,3107517,0,1,1,1,3107517,01/10/1985,QA3AA1AW03A0010,0,09-3085,1
032,112025,3107524,1,7405,3,1,3107524,0,1,1,1,3107524,01/10/1985,QA2AA1AW02A0010,0,09-3056,1
032,112025,3107531,1,7405,3,1,3107531,0,1,1,1,3107531,01/10/1988,QA3AA1AW03A0010,0,09-3040,1
032,112025,3107538,1,7405,3,1,3107538,0,1,1,1,3107538,01/10/1961,QA3AA1AW03A0010,0,09-3036,1
032,112025,3107545,1,7405,3,1,3107545,0,1,1,1,3107545,01/10/1961,QA3AA1AW03A0010,0,09-3042,0
032,112025,3107552,1,7405,3,1,3107552,0,1,1,1,3107552,01/01/1969,QA3AA1AW03A0010,0,09-3076,1
032,112025,3107559,1,7405,3,1,3107559,0,1,1,1,3107559,01/05/1957,QA3AA1AW03A0010,0,09-1005,1
032,112025,3107580,1,7405,3,1,3107580,0,1,1,1,3107580,01/05/1957,QA3AA1AW03A0010,0,09-3074,1
032,112025,3107587,1,7405,3,1,3107587,0,1,1,1,3107587,31/12/2014,QA3AA1AW03A0010,0,09-3050,0
032,112025,3107594,1,7405,3,1,3107594,0,1,1,1,3107594,01/08/1984,QA1AA1AW01A0010,0,09-3069,1
032,112025,3107601,1,7405,3,1,3107601,0,1,1,1,3107601,01/01/2003,QA3AA1AW03A0010,0,09-3024,1
032,112025,3107608,1,7405,3,1,3107608,0,1,1,1,3107608,01/01/2003,QA2AA1AW02A0010,0,09-3079,1
032,112025,3107615,1,7405,3,1,3107615,0,1,1,1,3107615,01/01/2003,QA3AA1AW03A0010,0,09-505,1
032,112025,3107622,1,7405,3,1,3107622,0,1,1,1,3107622,01/01/2003,QA3AA1AW03A0010,0,09-3044,1
032,112025,3107629,1,7405,3,1,3107629,0,1,1,1,3107629,01/01/2003,QA3AA1AW03A0010,0,09-3046,1
032,112025,3107636,1,7405,3,1,3107636,0,1,1,1,3107636,01/01/2003,QA3AA1AW03A0010,0,09-1012,1
032,112025,3107643,1,7405,3,1,3107643,0,1,1,1,3107643,01/01/2003,QA3AA1AW03A0010,0,09-503,1
032,112025,3107650,1,7405,3,1,3107650,0,1,1,1,3107650,01/03/2003,QA3AA1AW03A0010,0,09-3099,0
032,112025,3107657,1,7405,3,1,3107657,0,1,1,1,3107657,01/08/2005,QA3AA1AW03A0010,0,09-3077,1
032,112025,3107671,1,7405,3,1,3107671,0,4,1,1,36318689,31/12/2014,QA3AA1AW03A0003,1,32-4020,1
032,112025,3107678,1,8416,3,1,3107678,0,1,1,1,3107678,01/05/1988,QA2AA1AW02A0010,0,10-3004,1
032,112025,3107685,1,8416,3,1,3107685,0,1,1,1,3107685,02/01/1970,QA2AA1AW02A0010,0,10-3007,1
032,112025,3107692,1,8416,3,1,3107692,0,1,1,1,3107692,02/01/1970,QA2AA1AW02A0010,0,10-3008,1
032,112025,3107699,1,8416,3,1,3107699,0,1,1,1,3107699,02/01/1970,QA3AA1AW03A0010,0,10-509,1
032,112025,3107706,1,8416,3,1,3107706,0,1,1,1,3107706,02/01/1970,QA3AA1AW03A0010,0,10-3010,1
032,112025,3107713,1,8409,3,1,3107713,0,1,1,1,3107713,01/07/2004,QA2AA1AW02A0010,0,10-3018,1
032,112025,3107720,1,8416,3,1,3107720,0,1,1,1,3107720,01/05/1964,QA3AA1AW03A0010,0,10-3033,1
032,112025,3107734,1,8416,3,1,3107734,0,1,1,1,3107734,01/08/2005,QA1AA1AW01A0010,0,10-2008,1
032,112025,3107741,1,8416,3,1,3107741,0,1,1,1,3107741,01/05/1988,QA3AA1AW03A0010,0,10-501,1
032,112025,3107748,1,8416,3,1,3107748,0,1,1,1,3107748,01/05/1988,QA3AA1AW03A0010,0,10-2002,1
032,112025,3107762,1,8416,3,1,3107762,0,1,1,1,3107762,01/05/1964,QA3AA1AW03A0010,0,10-3011,1
032,112025,3107769,1,7405,3,1,3107769,0,1,1,1,3107769,01/12/2005,QA3AA1AW03A0001,0,32-4114,1
032,112025,3107776,1,8416,3,1,3107776,0,1,1,1,3107776,01/02/1997,QA1AA1AW01A0010,0,10-3119,1
032,112025,3107783,1,7405,3,1,3107783,0,4,1,1,3107783,01/09/2004,QA3AA1AW03A0001,0,32-4139,1
032,112025,3107790,1,8416,3,1,3107790,0,1,1,1,3107790,01/02/1997,QA1AA1AW01A0010,0,10-3120,1
032,112025,3107797,1,7405,3,1,3107797,0,1,1,1,3107797,01/09/2004,QA3AA1AW03A0001,0,11-3160,1
032,112025,3107804,1,8416,3,1,3107804,0,1,1,1,3107804,01/02/1997,QA1AA1AW01A0010,0,10-3242,1
032,112025,3107811,1,8416,3,1,3107811,0,1,1,1,3107811,01/02/1997,QA1AA1AW01A0010,0,10-3125,1
032,112025,3107818,1,7405,3,1,3107818,0,4,1,1,3107818,01/07/2004,QA3AA1AW03A0001,0,08-3431,1
032,112025,3107825,1,8416,3,1,3107825,0,1,1,1,3107825,01/02/1997,QA1AA1AW01A0010,0,10-3126,1
032,112025,3107832,1,7405,3,1,3107832,0,1,1,1,3107832,01/07/2004,QA3AA1AW03A0001,0,08-3507,1
032,112025,3107839,1,8416,3,1,3107839,0,1,1,1,3107839,01/02/1997,QA1AA1AW01A0010,0,10-3117,1
032,112025,3107846,1,8416,3,1,3107846,0,1,1,1,3107846,01/07/2004,QA3AA1AW03A0001,0,32-4053,1
032,112025,3107853,1,8416,3,1,3107853,0,1,1,1,3107853,01/02/1997,QA1AA1AW01A0010,0,10-3123,1
032,112025,3107860,1,7403,3,1,3107860,0,1,1,1,3107860,01/07/2004,QA2AA1AW02A0001,0,08-3443,1
032,112025,3107867,1,8416,3,1,3107867,0,1,1,1,3107867,01/02/1997,QA1AA1AW01A0010,0,10-3112,1
032,112025,3107874,1,7403,3,1,3107874,0,1,1,1,3107874,01/07/2004,QA2AA1AW02A0001,0,08-3444,1
032,112025,3107881,1,8416,3,1,3107881,0,1,1,1,3107881,01/02/1997,QA1AA1AW01A0010,0,10-3113,1
032,112025,3107888,1,7403,3,1,3107888,0,1,1,1,3107888,01/07/2004,QA2AA1AW02A0001,0,08-3445,1
032,112025,3107895,1,8416,3,1,3107895,0,1,1,1,3107895,01/02/1997,QA1AA1AW01A0010,0,10-3114,1
032,112025,3107902,1,7403,3,1,3107902,0,1,1,1,3107902,01/07/2004,QA2AA1AW02A0001,0,08-3446,1
032,112025,3107909,1,8416,3,1,3107909,0,1,1,1,3107909,01/02/1997,QA1AA1AW01A0010,0,10-3115,1
032,112025,3107916,1,7403,3,1,3107916,0,1,1,1,3107916,01/07/2004,QA2AA1AW02A0001,0,08-3447,1
032,112025,3107923,1,8416,3,1,3107923,0,1,1,1,3107923,01/02/1997,QA1AA1AW01A0010,0,10-3116,1
032,112025,3107930,1,7403,3,1,3107930,0,1,1,1,3107930,01/07/2004,QA2AA1AW02A0001,0,08-3448,1
032,112025,3107937,1,8416,3,1,3107937,0,1,1,1,3107937,01/02/1997,QA2AA1AW02A0010,0,10-3099,1
032,112025,3107944,1,8409,3,1,3107944,0,1,1,1,3107944,01/05/2004,QA3AA1AW03A0001,0,32-4028,1
032,112025,3107951,1,8416,3,1,3107951,0,1,1,1,3107951,01/02/1997,QA2AA1AW02A0010,0,10-515,1
032,112025,3107958,1,8416,3,1,3107958,0,1,1,1,3107958,01/05/1964,QA3AA1AW03A0010,0,10-1024,1
032,112025,3107965,1,8416,3,1,3107965,0,1,1,1,3107965,01/05/1964,QA2AA1AW02A0010,0,10-1021,1
032,112025,3107972,1,8416,3,1,3107972,0,1,1,1,3107972,01/11/1987,QA3AA1AW03A0010,0,10-1026,1
032,112025,3107979,1,7403,3,1,3107979,0,1,1,1,3107979,01/05/2004,QA2AA1AW02A0001,0,11-3191,1
032,112025,3107986,1,8416,3,1,3107986,0,1,1,1,3107986,01/11/1987,QA1AA1AW01A0010,0,10-3032,1
032,112025,3107993,1,7403,3,1,3107993,0,1,1,1,3107993,01/05/2004,QA2AA1AW02A0001,0,09-3102,1
032,112025,3108000,1,8416,3,1,3108000,0,1,1,1,3108000,01/11/1987,QA3AA1AW03A0010,0,10-3031,1
032,112025,3108007,1,7403,3,1,3108007,0,1,1,1,3108007,31/07/2012,QA2AA1AW02A0001,0,09-3103,1
032,112025,3108014,1,8416,3,1,3108014,0,1,1,1,3108014,01/11/1987,QA2AA1AW02A0010,0,10-3035,1
032,112025,3108021,1,7404,3,1,3108021,0,1,1,1,3108021,01/05/2004,QA3AA1AW03A0001,0,08-3470,1
032,112025,3108028,1,8416,3,1,3108028,0,1,1,1,3108028,01/11/1987,QA3AA1AW03A0010,0,10-3238,1
032,112025,3108049,1,7405,3,1,3108049,0,1,1,1,3108049,01/04/2004,QA1AA1AW01A0001,0,08-3432,1
032,112025,3108056,1,8416,3,1,3108056,0,1,1,1,3108056,02/01/1970,QA2AA1AW02A0010,0,10-3006,1
032,112025,3108063,1,7405,3,1,3108063,0,1,1,1,3108063,01/03/2004,QA2AA1AW02A0001,0,09-3126,1
032,112025,3108077,1,8416,3,1,3108077,0,1,1,1,3108077,01/04/1973,QA2AA1AW02A0010,0,10-3091,1
032,112025,3108084,1,8416,3,1,3108084,0,1,1,1,3108084,01/09/1988,QA2AA1AW02A0010,0,10-3096,1
032,112025,3108091,1,8416,3,1,3108091,0,1,1,1,3108091,01/11/1984,QA1AA1AW01A0010,0,10-3082,1
032,112025,3108098,1,8416,3,1,3108098,0,1,1,1,3108098,02/01/1970,QA1AA1AW01A0010,0,10-3154,1
032,112025,3108112,1,8416,3,1,3108112,0,1,1,1,3108112,01/11/1980,QA1AA1AW01A0010,0,10-3081,1
032,112025,3108119,1,8416,3,1,3108119,0,1,1,1,3108119,01/11/1980,QA1AA1AW01A0010,0,10-3080,1
032,112025,3108133,1,8416,3,1,3108133,0,1,1,1,3108133,01/11/1980,QA1AA1AW01A0010,0,10-3078,1
032,112025,3108140,1,8416,3,1,3108140,0,1,1,1,3108140,01/12/2005,QA1AA1AW01A0010,0,10-3077,1
032,112025,3108147,1,7405,3,1,3108147,0,4,1,1,3108147,01/11/2004,QA3AA1AW03A0001,0,08-3471,1
032,112025,3108154,1,8416,3,1,3108154,0,1,1,1,3108154,01/11/1980,QA1AA1AW01A0010,0,10-3075,1
032,112025,3108161,1,7405,3,1,3108161,0,1,1,1,3108161,01/11/2004,QA3AA1AW03A0001,0,09-3129,1
032,112025,3108168,1,8416,3,1,3108168,0,1,1,1,3108168,01/09/1971,QA1AA1AW01A0010,0,10-3239,1
032,112025,3108175,1,8416,3,1,3108175,0,1,1,1,3108175,02/01/1970,QA1AA1AW01A0010,0,10-3150,1
032,112025,3108182,1,8409,3,1,3108182,0,1,1,1,3108182,01/11/2004,QA1AA1AW01A0001,0,32-4044,1
032,112025,3108189,1,8409,3,1,3108189,0,1,1,1,3108189,01/02/1997,QA1AA1AW01A0010,0,32-4030,1
032,112025,3108196,1,8416,3,1,3108196,0,1,1,1,3108196,01/07/2000,QA1AA1AW01A0010,0,10-3130,1
032,112025,3108203,1,8416,3,1,3108203,0,1,1,1,3108203,01/07/2000,QA1AA1AW01A0010,0,10-3129,1
032,112025,3108210,1,7201,3,1,3108210,0,1,1,1,3108210,01/07/2000,QA1AA1AW01A0010,0,10-3128,1
032,112025,3108217,1,7201,3,1,3108217,0,1,1,1,3108217,01/07/2000,QA1AA1AW01A0010,0,10-3131,1
032,112025,3108224,1,7405,3,1,3108224,0,1,1,1,3108224,01/01/2001,QA2AA1AW02A0002,0,11-3112,1
032,112025,3108231,1,7201,3,1,3108231,0,1,1,1,3108231,01/07/2000,QA1AA1AW01A0010,0,10-3132,1
032,112025,3108245,1,8408,3,1,3108245,0,1,1,1,3108245,01/07/2000,QA1AA1AW01A0010,0,10-3133,1
032,112025,3108252,1,7405,3,1,3108252,0,1,1,1,3108252,11/04/2014,QA2AA1AW02A0002,0,11-3193,1
032,112025,3108259,1,8416,3,1,3108259,0,1,1,1,3108259,01/07/2000,QA1AA1AW01A0010,0,10-3127,1
032,112025,3108266,1,7405,3,1,3108266,0,1,1,1,3108266,01/03/2003,QA2AA1AW02A0002,0,11-3212,1
032,112025,3108273,1,8416,3,1,3108273,0,1,1,1,3108273,01/07/2000,QA1AA1AW01A0010,0,10-1028,1
032,112025,3108280,1,7405,3,1,3108280,0,1,1,1,3108280,01/03/2003,QA2AA1AW02A0002,0,11-3210,1
032,112025,3108287,1,8416,3,1,3108287,0,1,1,1,3108287,01/06/2000,QA2AA1AW02A0010,0,10-1006,1
032,112025,3108294,1,7404,3,1,3108294,0,1,1,1,3108294,01/01/2001,QA2AA1AW02A0002,0,08-3489,1
032,112025,3108301,1,8416,3,1,3108301,0,1,1,1,3108301,01/06/2000,QA2AA1AW02A0010,0,10-3098,1
032,112025,3108308,1,7404,3,1,3108308,0,1,1,1,3108308,01/01/2000,QA1AA1AW01A0002,0,08-3244,1
032,112025,3108315,1,8416,3,1,3108315,0,1,1,1,3108315,01/06/2000,QA2AA1AW02A0010,0,10-3097,1
032,112025,3108322,1,7404,3,1,3108322,0,1,1,1,3108322,01/01/2000,QA2AA1AW02A0002,0,08-3245,1
032,112025,3108329,1,8416,3,1,3108329,0,1,1,1,3108329,01/07/2000,QA3AA1AW03A0010,0,10-3030,1
032,112025,3108336,1,7404,3,1,3108336,0,1,1,1,3108336,01/09/2003,QA2AA1AW02A0002,0,08-3500,1
032,112025,3108343,1,8416,3,1,3108343,0,1,1,1,3108343,01/01/2003,QA2AA1AW02A0010,0,10-3236,1
032,112025,3108350,1,8409,3,1,3108350,0,1,1,1,3108350,31/12/2014,QA3AA1AW03A0010,0,10-3012,1
032,112025,3108357,1,7403,3,1,3108357,0,1,1,1,3108357,01/12/2004,QA2AA1AW02A0001,0,08-3477,1
032,112025,3108364,1,8409,3,1,3108364,0,1,1,1,3108364,01/11/1970,QA2AA1AW02A0010,0,10-3015,1
032,112025,3108371,1,7403,3,1,3108371,0,1,1,1,3108371,01/12/2004,QA2AA1AW02A0001,0,08-3478,1
032,112025,3108378,1,8416,3,1,3108378,0,1,1,1,3108378,01/11/1970,QA2AA1AW02A0010,0,10-3017,1
032,112025,3108385,1,7403,3,1,3108385,0,1,1,1,3108385,01/12/2004,QA2AA1AW02A0001,0,32-3479,1
032,112025,3108392,1,8409,3,1,3108392,0,1,1,1,3108392,01/05/1987,QA3AA1AW03A0010,0,10-1023,1
032,112025,3108399,1,7403,3,1,3108399,0,4,1,1,3108399,01/12/2004,QA3AA1AW03A0001,1,11-3182,1
032,112025,3108406,1,8409,3,1,3108406,0,1,1,1,3108406,01/05/1964,QA1AA1AW01A0010,0,10-3036,1
032,112025,3108413,1,8409,3,1,3108413,0,1,1,1,3108413,01/05/1964,QA3AA1AW03A0010,0,10-3038,1
032,112025,3108420,1,7404,3,1,3108420,0,1,1,1,3108420,01/12/2004,QA3AA1AW03A0001,1,08-3473,1
032,112025,3108427,1,8409,3,1,3108427,0,1,1,1,3108427,01/05/1964,QA3AA1AW03A0010,0,10-1025,1
032,112025,3108434,1,7405,3,1,3108434,0,1,1,1,3108434,01/12/2004,QA3AA1AW03A0001,0,08-3527,1
032,112025,3108441,1,8409,3,1,3108441,0,1,1,1,3108441,01/05/1964,QA2AA1AW02A0010,0,10-3048,1
032,112025,3108448,1,7404,3,1,3108448,0,1,1,1,3108448,01/12/2004,QA2AA1AW02A0001,0,08-3472,1
032,112025,3108455,1,8409,3,1,3108455,0,1,1,1,3108455,01/05/1964,QA3AA1AW03A0010,0,10-3051,1
032,112025,3108462,1,7404,3,1,3108462,0,1,1,1,3108462,01/12/2004,QA3AA1AW03A0001,0,08-3525,1
032,112025,3108469,1,8409,3,1,3108469,0,1,1,1,3108469,01/05/1964,QA2AA1AW02A0010,0,10-3064,1
032,112025,3108476,1,8409,3,1,3108476,0,1,1,1,3108476,01/05/1964,QA1AA1AW01A0010,0,10-3065,1
032,112025,3108483,1,7405,3,1,3108483,0,1,1,1,3108483,01/09/2000,QA2AA1AW02A0001,0,09-3072,1
032,112025,3108490,1,8409,3,1,3108490,0,1,1,1,3108490,01/05/1964,QA3AA1AW03A0010,0,10-3066,1
032,112025,3108497,1,8409,3,1,3108497,0,1,1,1,3108497,01/04/1990,QA3AA1AW03A0010,0,10-3069,1
032,112025,3108504,1,7405,3,1,3108504,0,1,1,1,3108504,01/12/2001,QA2AA1AW02A0001,0,08-3487,1
032,112025,3108511,1,8409,3,1,3108511,0,1,1,1,3108511,01/04/1990,QA3AA1AW03A0010,0,10-508,1
032,112025,3108518,1,7404,3,1,3108518,0,1,1,1,3108518,01/04/1990,QA3AA1AW03A0010,0,10-3180,1
032,112025,3108525,1,7404,3,1,3108525,0,1,1,1,3108525,01/11/2000,QA2AA1AW02A0001,0,08-3488,1
032,112025,3108532,1,7404,3,1,3108532,0,1,1,1,3108532,01/04/1990,QA3AA1AW03A0010,0,10-3179,1
032,112025,3108539,1,7405,3,1,3108539,0,4,1,1,3108539,01/01/2004,QA1AA1AW01A0003,0,08-3537,1
032,112025,3108546,1,8409,3,1,3108546,0,1,1,1,3108546,01/04/1990,QA3AA1AW03A0010,0,10-3178,1
032,112025,3108567,1,8409,3,1,3108567,0,1,1,1,3108567,01/06/1980,QA2AA1AW02A0010,0,10-3174,1
032,112025,3108581,1,8409,3,1,3108581,0,1,1,1,3108581,01/06/1980,QA3AA1AW03A0010,0,10-3173,1
032,112025,3108588,1,7405,3,1,3108588,0,1,1,1,3108588,01/03/2000,QA2AA1AW02A0002,0,09-3017,1
032,112025,3108595,1,8409,3,1,3108595,0,1,1,1,3108595,01/06/1980,QA3AA1AW03A0010,0,10-507,1
032,112025,3108602,1,8409,3,1,3108602,0,1,1,1,3108602,01/06/1980,QA3AA1AW03A0010,0,Desc reconectador Colvindo,1
032,112025,3108616,1,8409,3,1,3108616,0,1,1,1,3108616,01/05/1979,QA2AA1AW02A0010,0,08-2033,1
032,112025,3108623,1,8409,3,1,3108623,0,1,1,1,3108623,01/02/1989,QA3AA1AW03A0010,0,10-2009,1
032,112025,3108630,1,7405,3,1,3108630,0,1,1,1,3108630,01/02/2004,QA3AA1AW03A0001,0,09-3110,1
032,112025,3108637,1,7405,3,1,3108637,0,1,1,1,3108637,01/02/2004,QA3AA1AW03A0001,0,09-3108,1
032,112025,3108651,1,7405,3,1,3108651,0,1,1,1,3108651,01/02/2004,QA3AA1AW03A0001,0,09-3109,1
032,112025,3108658,1,8409,3,1,3108658,0,1,1,1,3108658,01/02/1989,QA2AA1AW02A0010,0,10-2010,1
032,112025,3108665,1,8409,3,1,3108665,0,1,1,1,3108665,01/02/1989,QA3AA1AW03A0010,0,10-3170,1
032,112025,3108672,1,8409,3,1,3108672,0,1,1,1,3108672,01/07/1999,QA2AA1AW02A0010,0,08-3259,1
032,112025,3108679,1,8409,3,1,3108679,0,1,1,1,3108679,01/05/1979,QA3AA1AW03A0010,0,10-2025,1
032,112025,3108686,1,8409,3,1,3108686,0,1,1,1,3108686,01/06/1980,QA1AA1AW01A0010,0,10-3163,1
032,112025,3108693,1,8409,3,1,3108693,0,1,1,1,3108693,01/06/1980,QA1AA1AW01A0010,0,10-3161,1
032,112025,3108700,1,8409,3,1,3108700,0,1,1,1,3108700,01/05/1964,QA3AA1AW03A0010,0,10-3052,1
032,112025,3108707,1,8409,3,1,3108707,0,1,1,1,3108707,01/06/1980,QA2AA1AW02A0010,0,10-3162,1
032,112025,3108714,1,8409,3,1,3108714,0,1,1,1,3108714,01/06/1980,QA1AA1AW01A0010,0,10-1014,1
032,112025,3108721,1,8409,3,1,3108721,0,1,1,1,3108721,01/06/1980,QA1AA1AW01A0010,0,10-3160,1
032,112025,3108728,1,8409,3,1,3108728,0,1,1,1,3108728,01/06/1980,QA1AA1AW01A0010,0,10-1015,1
032,112025,3108735,1,8409,3,1,3108735,0,1,1,1,3108735,01/06/1978,QA2AA1AW02A0010,0,10-3199,1
032,112025,3108742,1,8409,3,1,3108742,0,1,1,1,3108742,01/01/1997,QA2AA1AW02A0002,0,10-1022,1
032,112025,3108749,1,8409,3,1,3108749,0,1,1,1,3108749,01/01/1997,QA2AA1AW02A0010,0,10-3216,1
032,112025,3108756,1,8409,3,1,3108756,0,1,1,1,3108756,01/02/1997,QA2AA1AW02A0010,0,10-3139,1
032,112025,3108770,1,8409,3,1,3108770,0,1,1,1,3108770,01/02/1997,QA2AA1AW02A0010,0,10-3102,1
032,112025,3108777,1,8409,3,1,3108777,0,1,1,1,3108777,01/02/1997,QA2AA1AW02A0010,0,10-3101,1
032,112025,3108784,1,8409,3,1,3108784,0,1,1,1,3108784,01/02/1997,QA2AA1AW02A0010,0,10-3100,1
032,112025,3108791,1,8409,3,1,3108791,0,1,1,1,3108791,01/02/1997,QA2AA1AW02A0010,0,10-3103,1
032,112025,3108798,1,8409,3,1,3108798,0,1,1,1,3108798,01/02/1997,QA2AA1AW02A0010,0,10-3106,1
032,112025,3108805,1,8409,3,1,3108805,0,1,1,1,3108805,31/12/2014,QA2AA1AW02A0010,0,10-1008,1
032,112025,3108812,1,8409,3,1,3108812,0,1,1,1,3108812,01/02/1997,QA2AA1AW02A0010,0,10-3104,1
032,112025,3108819,1,8409,3,1,3108819,0,1,1,1,3108819,01/02/1997,QA2AA1AW02A0010,0,10-3105,1
032,112025,3108826,1,8409,3,1,3108826,0,1,1,1,3108826,01/02/1997,QA2AA1AW02A0010,0,10-3108,1
032,112025,3108833,1,8409,3,1,3108833,0,1,1,1,3108833,01/02/1997,QA2AA1AW02A0010,0,10-1011,1
032,112025,3108840,1,8409,3,1,3108840,0,1,1,1,3108840,01/02/1997,QA2AA1AW02A0010,0,Desc arranque S/E 1795 Agua Fria,1
032,112025,3108847,1,8409,3,1,3108847,0,1,1,1,3108847,01/02/1997,QA2AA1AW02A0010,0,10-3134,1
032,112025,3108854,1,8409,3,1,3108854,0,1,1,1,3108854,01/05/1964,QA1AA1AW01A0010,0,10-3235,1
032,112025,3108861,1,8409,3,1,3108861,0,1,1,1,3108861,01/11/1987,QA1AA1AW01A0010,0,10-3040,1
032,112025,3108868,1,8409,3,1,3108868,0,1,1,1,3108868,01/04/1981,QA1AA1AW01A0010,0,10-3049,1
032,112025,3108875,1,8409,3,1,3108875,0,1,1,1,3108875,01/11/1984,QA1AA1AW01A0010,0,10-3085,1
032,112025,3108882,1,8409,3,1,3108882,0,1,1,1,3108882,01/05/1979,QA1AA1AW01A0010,0,10-3221,1
032,112025,3108889,1,8409,3,1,3108889,0,1,1,1,3108889,01/02/1997,QA2AA1AW02A0010,0,10-3152,1
032,112025,3108910,1,8409,3,1,3108910,0,1,1,1,3108910,01/06/1978,QA2AA1AW02A0010,0,10-3192,1
032,112025,3108917,1,8409,3,1,3108917,0,1,1,1,3108917,01/02/1998,QA2AA1AW02A0010,0,10-3194,1
032,112025,3108924,1,8409,3,1,3108924,0,1,1,1,3108924,01/02/1998,QA2AA1AW02A0010,0,32-4895,1
032,112025,3108931,1,8409,3,1,3108931,0,1,1,1,3108931,01/06/1978,QA3AA1AW03A0010,0,10-3197,1
032,112025,3108938,1,8409,3,1,3108938,0,1,1,1,3108938,01/06/1978,QA3AA1AW03A0010,0,10-3203,1
032,112025,3108945,1,8409,3,1,3108945,0,1,1,1,3108945,01/02/1997,QA2AA1AW02A0010,0,10-3137,1
032,112025,3108952,1,8409,3,1,3108952,0,1,1,1,3108952,01/02/1997,QA2AA1AW02A0010,0,10-3138,1
032,112025,3108959,1,8409,3,1,3108959,0,1,1,1,3108959,01/02/1997,QA2AA1AW02A0010,0,10-3142,1
032,112025,3108966,1,8409,3,1,3108966,0,1,1,1,3108966,01/10/2000,QA2AA1AW02A0010,0,10-3210,1
032,112025,3108973,1,8409,3,1,3108973,0,1,1,1,3108973,01/06/1980,QA2AA1AW02A0010,0,10-3172,1
032,112025,3108980,1,8409,3,1,3108980,0,1,1,1,3108980,01/06/1980,QA1AA1AW01A0010,0,10-2020,1
032,112025,3108994,1,8409,3,1,3108994,0,1,1,1,3108994,01/06/1980,QA1AA1AW01A0010,0,10-3164,1
032,112025,3109001,1,8409,3,1,3109001,0,1,1,1,3109001,01/06/1980,QA1AA1AW01A0010,0,10-3165,1
032,112025,3109008,1,8409,3,1,3109008,0,1,1,1,3109008,01/06/1980,QA2AA1AW02A0010,0,10-3168,1
032,112025,3109015,1,8409,3,1,3109015,0,1,1,1,3109015,01/04/1990,QA2AA1AW02A0010,0,10-3070,1
032,112025,3109022,1,8409,3,1,3109022,0,1,1,1,3109022,01/04/1990,QA3AA1AW03A0010,0,10-3071,1
032,112025,3109029,1,8409,3,1,3109029,0,1,1,1,3109029,01/11/1970,QA1AA1AW01A0010,0,10-3155,1
032,112025,3109036,1,8409,3,1,3109036,0,1,1,1,3109036,01/11/1970,QA1AA1AW01A0010,0,10-3156,1
032,112025,3109043,1,8409,3,1,3109043,0,1,1,1,3109043,01/11/1970,QA1AA1AW01A0010,0,10-3157,1
032,112025,3109050,1,8409,3,1,3109050,0,1,1,1,3109050,02/01/1970,QA1AA1AW01A0010,0,10-3016,1
032,112025,3109057,1,8409,3,1,3109057,0,1,1,1,3109057,01/11/1970,QA1AA1AW01A0010,0,10-3019,1
032,112025,3109064,1,8409,3,1,3109064,0,1,1,1,3109064,02/01/1970,QA1AA1AW01A0010,0,10-3013,1
032,112025,3109071,1,8409,3,1,3109071,0,1,1,1,3109071,02/01/1970,QA3AA1AW03A0010,0,10-3014,1
032,112025,3109078,1,8409,3,1,3109078,0,1,1,1,3109078,01/02/2001,QA3AA1AW03A0010,0,10-2017,1
032,112025,3109085,1,8409,3,1,3109085,0,1,1,1,3109085,01/02/2001,QA3AA1AW03A0010,0,10-2016,1
032,112025,3109092,1,8409,3,1,3109092,0,1,1,1,3109092,01/02/2001,QA3AA1AW03A0010,0,10-2019,0
032,112025,3109099,1,8409,3,1,3109099,0,1,1,1,3109099,01/02/2001,QA3AA1AW03A0010,0,10-505,1
032,112025,3109106,1,7404,3,1,3109106,0,1,1,1,3109106,01/04/2001,QA2AA1AW02A0010,0,08-3261,1
032,112025,3109113,1,7404,3,1,3109113,0,1,1,1,3109113,01/04/2001,QA2AA1AW02A0010,0,08-3263,1
032,112025,3109120,1,7404,3,1,3109120,0,1,1,1,3109120,01/04/2001,QA2AA1AW02A0010,0,08-3262,1
032,112025,3109127,1,7404,3,1,3109127,0,1,1,1,3109127,01/04/2001,QA2AA1AW02A0010,0,08-3260,1
032,112025,3109134,1,7404,3,1,3109134,0,1,1,1,3109134,01/03/2000,QA2AA1AW02A0010,0,10-3245,1
032,112025,3109141,1,8416,3,1,3109141,0,1,1,1,3109141,01/01/2001,QA2AA1AW02A0010,0,32-5203,1
032,112025,3109148,1,8409,3,1,3109148,0,1,1,1,3109148,01/10/2000,QA1AA1AW01A0010,0,10-3206,1
032,112025,3109155,1,8409,3,1,3109155,0,1,1,1,3109155,01/10/2000,QA1AA1AW01A0010,0,10-3207,1
032,112025,3109162,1,8409,3,1,3109162,0,1,1,1,3109162,01/10/2000,QA2AA1AW02A0010,0,10-3208,1
032,112025,3109169,1,8409,3,1,3109169,0,1,1,1,3109169,01/12/2004,QA2AA1AW02A0010,0,10-3020,1
032,112025,3109183,1,8409,3,1,3109183,0,1,1,1,3109183,01/02/2003,QA3AA1AW03A0010,0,10-3234,1
032,112025,3109190,1,8409,3,1,3109190,0,1,1,1,3109190,01/02/2003,QA2AA1AW02A0010,0,10-3223,1
032,112025,3109197,1,8409,3,1,3109197,0,1,1,1,3109197,01/02/2003,QA2AA1AW02A0010,0,10-3229,1
032,112025,3109204,1,8409,3,1,3109204,0,1,1,1,3109204,01/08/2005,QA2AA1AW02A0010,0,10-3056,1
032,112025,3109211,1,8409,3,1,3109211,0,1,1,1,3109211,01/02/2003,QA2AA1AW02A0010,1,10-3058,1
032,112025,3109218,1,8409,3,1,3109218,0,1,1,1,3109218,01/07/2004,QA3AA1AW03A0010,0,10-3175,1
032,112025,3109225,1,8409,3,1,3109225,0,1,1,1,3109225,01/02/2003,QA2AA1AW02A0010,0,10-3225,1
032,112025,3109232,1,8409,3,1,3109232,0,1,1,1,3109232,01/02/2003,QA2AA1AW02A0010,0,10-3226,1
032,112025,3109239,1,8409,3,1,3109239,0,1,1,1,3109239,01/02/2003,QA2AA1AW02A0010,0,10-3227,1
032,112025,3109246,1,8409,3,1,3109246,0,1,1,1,3109246,01/02/2003,QA2AA1AW02A0010,0,32-4061,1
032,112025,3109253,1,8409,3,1,3109253,0,1,1,1,3109253,01/08/2005,QA2AA1AW02A0010,0,10-3041,1
032,112025,3109260,1,8409,3,1,3109260,0,1,1,1,3109260,01/01/2003,QA2AA1AW02A0010,0,32-4065,1
032,112025,3109267,1,8409,3,1,3109267,0,1,1,1,3109267,01/01/2003,QA2AA1AW02A0010,0,32-4072,1
032,112025,3109274,1,7404,3,1,3109274,0,1,1,1,3109274,01/01/1985,QA1AA1AW01A0010,0,32-4025,1
032,112025,3109281,1,7404,3,1,3109281,0,1,1,1,3109281,01/02/1998,QA1AA1AW01A0010,0,10-3202,1
032,112025,3109288,1,7404,3,1,3109288,0,1,1,1,3109288,01/04/1990,QA2AA1AW02A0010,0,10-3181,1
032,112025,3109295,1,7404,3,1,3109295,0,1,1,1,3109295,01/04/1990,QA1AA1AW01A0010,0,10-3072,1
032,112025,3109302,1,7404,3,1,3109302,0,1,1,1,3109302,01/04/1990,QA2AA1AW02A0010,0,10-3073,1
032,112025,3109309,1,7406,3,1,3109309,0,1,1,1,3109309,01/08/1999,QA3AA1AW03A0010,0,11-3155,1
032,112025,3109316,1,7403,3,1,3109316,0,1,1,1,3109316,27/05/2014,QA3AA1AW03A0010,0,11-3089,1
032,112025,3109323,1,7403,3,1,3109323,0,1,1,1,3109323,27/05/2014,QA3AA1AW03A0010,0,11-3090,1
032,112025,3109344,1,7403,3,1,3109344,0,1,1,1,3109344,01/07/1989,QA1AA1AW01A0010,0,11-1014,1
032,112025,3109351,1,7403,3,1,3109351,0,1,1,1,3109351,01/07/1989,QA1AA1AW01A0010,0,11-3085,1
032,112025,3109365,1,7403,3,1,3109365,0,1,1,1,3109365,01/09/2005,QA3AA1AW03A0010,0,11-2003,1
032,112025,3109372,1,7403,3,1,3109372,0,1,1,1,3109372,01/09/1999,QA1AA1AW01A0010,0,11-2004,1
032,112025,3109379,1,7403,3,1,3109379,0,1,1,1,3109379,01/09/1999,QA3AA1AW03A0010,0,11-2005,1
032,112025,3109400,1,7403,3,1,3109400,0,1,1,1,3109400,01/09/1999,QA1AA1AW01A0010,0,11-3003,1
032,112025,3109407,1,7403,3,1,3109407,0,1,1,1,3109407,01/09/1999,QA2AA1AW02A0010,0,11-2007,1
032,112025,3109421,1,7403,3,1,3109421,0,1,1,1,3109421,01/11/2001,QA3AA1AW03A0010,0,11-2009,1
032,112025,3109428,1,7403,3,1,3109428,0,1,1,1,3109428,01/09/1999,QA2AA1AW02A0010,0,11-2011,1
032,112025,3109435,1,7403,3,1,3109435,0,1,1,1,3109435,01/06/1978,QA2AA1AW02A0010,0,11-3030,1
032,112025,3109442,1,7403,3,1,3109442,0,1,1,1,3109442,01/09/1999,QA3AA1AW03A0010,0,Desc S7E 1709 los Cristales,1
032,112025,3109449,1,7403,3,1,3109449,0,1,1,1,3109449,01/09/1999,QA3AA1AW03A0010,0,11-2010,1
032,112025,3109456,1,7403,3,1,3109456,0,1,1,1,3109456,01/09/1999,QA2AA1AW02A0010,0,11-2013,1
032,112025,3109463,1,7403,3,1,3109463,0,1,1,1,3109463,31/12/2014,QA3AA1AW03A0010,0,11-2016,1
032,112025,3109470,1,7403,3,1,3109470,0,1,1,1,3109470,28/12/2013,QA3AA1AW03A0010,0,11-3087,1
032,112025,3109477,1,7403,3,1,3109477,0,1,1,1,3109477,01/05/1999,QA1AA1AW01A0010,0,11-3072,1
032,112025,3109491,1,7403,3,1,3109491,0,1,1,1,3109491,01/09/1999,QA3AA1AW03A0010,0,11-3025,1
032,112025,3109498,1,7403,3,1,3109498,0,1,1,1,3109498,01/01/1969,QA2AA1AW02A0010,0,11-2029,1
032,112025,3109505,1,7403,3,1,3109505,0,1,1,1,3109505,01/09/1999,QA2AA1AW02A0010,0,11-3026,1
032,112025,3109512,1,7403,3,1,3109512,0,1,1,1,3109512,01/10/1998,QA1AA1AW01A0010,0,11-3021,1
032,112025,3109519,1,7403,3,1,3109519,0,1,1,1,3109519,01/10/1998,QA1AA1AW01A0010,0,11-3016,1
032,112025,3109526,1,7403,3,1,3109526,0,1,1,1,3109526,01/10/1998,QA1AA1AW01A0010,0,11-3019,1
032,112025,3109533,1,7403,3,1,3109533,0,1,1,1,3109533,01/10/1998,QA1AA1AW01A0010,0,11-3020,1
032,112025,3109540,1,7403,3,1,3109540,0,1,1,1,3109540,01/11/2001,QA3AA1AW03A0010,0,11-3164,1
032,112025,3109554,1,7403,3,1,3109554,0,1,1,1,3109554,01/06/1999,QA1AA1AW01A0010,0,11-3178,1
032,112025,3109561,1,7403,3,1,3109561,0,1,1,1,3109561,01/06/1999,QA1AA1AW01A0010,0,11-3080,1
032,112025,3109568,1,7403,3,1,3109568,0,1,1,1,3109568,01/11/1999,QA1AA1AW01A0010,0,11-3065,1
032,112025,3109575,1,7403,2,1,3109575,0,1,1,1,3109575,01/06/1991,QA3AA1AW03A0010,0,11-516,0
032,112025,3109582,1,7403,3,1,3109582,0,1,1,1,3109582,01/06/1991,QA1AA1AW01A0010,0,11-3047,1
032,112025,3109589,1,7403,3,1,3109589,0,1,1,1,3109589,01/10/2005,QA3AA1AW03A0010,0,11-3053,1
032,112025,3109596,1,7403,3,1,3109596,0,1,1,1,3109596,01/05/1998,QA1AA1AW01A0010,0,11-3052,1
032,112025,3109603,1,7403,3,1,3109603,0,1,1,1,3109603,01/05/1998,QA2AA1AW02A0010,0,11-3168,1
032,112025,3109610,1,7403,3,1,3109610,0,1,1,1,3109610,01/08/1998,QA1AA1AW01A0010,0,11-3083,1
032,112025,3109617,1,7403,3,1,3109617,0,1,1,1,3109617,18/08/2016,QA3AA1AW03A0010,0,11-3040,1
032,112025,3109624,1,7403,3,1,3109624,0,1,1,1,3109624,01/05/1999,QA3AA1AW03A0010,0,11-3179,1
032,112025,3109631,1,7403,3,1,3109631,0,1,1,1,3109631,01/10/1998,QA1AA1AW01A0010,0,11-3013,1
032,112025,3109638,1,7403,3,1,3109638,0,1,1,1,3109638,01/10/1998,QA3AA1AW03A0010,0,11-3008,1
032,112025,3109645,1,7403,3,1,3109645,0,4,1,1,3109645,01/10/1998,QA3AA1AW03A0010,1,Desc arranque S/e 1837 las Mercedes,1
032,112025,3109652,1,7403,3,1,3109652,0,1,1,1,3109652,01/06/1991,QA1AA1AW01A0010,0,11-3158,1
032,112025,3109659,1,7403,3,1,3109659,0,1,1,1,3109659,01/06/1991,QA1AA1AW01A0010,0,11-3073,1
032,112025,3109673,1,7403,3,1,3109673,0,1,1,1,3109673,01/09/1999,QA2AA1AW02A0010,0,11-3028,1
032,112025,3109694,1,7403,3,1,3109694,0,1,1,1,3109694,01/03/2003,QA1AA1AW01A0010,0,11-2021,1
032,112025,3109701,1,7403,3,1,3109701,0,1,1,1,3109701,01/08/1998,QA1AA1AW01A0010,0,11-3082,1
032,112025,3109715,1,7403,3,1,3109715,0,1,1,1,3109715,01/10/1998,QA3AA1AW03A0010,0,11-3007,1
032,112025,3109722,1,7403,3,1,3109722,0,1,1,1,3109722,01/10/1998,QA2AA1AW02A0010,0,11-3011,1
032,112025,3109729,1,7403,3,1,3109729,0,1,1,1,3109729,01/10/1998,QA3AA1AW03A0010,0,11-3015,1
032,112025,3109736,1,7403,3,1,3109736,0,1,1,1,3109736,01/10/1998,QA3AA1AW03A0010,0,11-3012,1
032,112025,3109750,1,7403,3,1,3109750,0,1,1,1,3109750,01/04/2002,QA2AA1AW02A0010,0,11-3175,1
032,112025,3109764,1,7403,3,1,3109764,0,1,1,1,3109764,01/04/2003,QA3AA1AW03A0010,0,11-3170,1
032,112025,3109771,1,7403,3,1,3109771,0,1,1,1,3109771,01/04/2003,QA1AA1AW01A0010,0,11-3171,1
032,112025,3109785,1,7403,3,1,3109785,0,4,1,1,3109785,22/07/2008,QA3AA1AW03A0010,0,11-3091,1
032,112025,3109792,1,7403,3,1,3109792,0,1,1,1,3109792,01/09/2003,QA3AA1AW03A0010,0,11-3208,1
032,112025,3109799,1,7405,3,1,3109799,0,1,1,1,3109799,01/08/1999,QA2AA1AW02A0010,0,11-3123,1
032,112025,3109806,1,7405,3,1,3109806,0,1,1,1,3109806,01/06/1969,QA1AA1AW01A0010,0,11-3094,1
032,112025,3109813,1,7405,3,1,3109813,0,1,1,1,3109813,01/08/1999,QA2AA1AW02A0010,0,11-3150,1
032,112025,3109820,1,7405,3,1,3109820,0,1,1,1,3109820,01/08/1999,QA3AA1AW03A0010,0,11-3131,1
032,112025,3109827,1,7405,3,1,3109827,0,1,1,1,3109827,01/08/1999,QA2AA1AW02A0010,0,11-3135,1
032,112025,3109834,1,7405,3,1,3109834,0,1,1,1,3109834,01/08/1999,QA2AA1AW02A0010,0,11-3136,1
032,112025,3109841,1,7405,3,1,3109841,0,1,1,1,3109841,01/08/1984,QA3AA1AW03A0010,0,11-3152,1
032,112025,3109848,1,7405,3,1,3109848,0,1,1,1,3109848,01/08/1999,QA1AA1AW01A0010,0,11-3145,1
032,112025,3109855,1,7405,3,1,3109855,0,1,1,1,3109855,01/08/1999,QA1AA1AW01A0010,0,11-3146,1
032,112025,3109862,1,7405,3,1,3109862,0,1,1,1,3109862,01/08/1999,QA2AA1AW02A0010,0,11-3147,1
032,112025,3109876,1,7405,3,1,3109876,0,1,1,1,3109876,01/08/1999,QA1AA1AW01A0010,0,11-3148,1
032,112025,3109883,1,7405,3,1,3109883,0,1,1,1,3109883,01/08/1999,QA1AA1AW01A0010,0,11-3149,1
032,112025,3109890,1,7405,3,1,3109890,0,1,1,1,3109890,01/08/1999,QA3AA1AW03A0010,0,11-3134,1
032,112025,3109897,1,7405,3,1,3109897,0,1,1,1,3109897,01/08/1999,QA3AA1AW03A0010,0,11-3137,1
032,112025,3109904,1,7405,3,1,3109904,0,1,1,1,3109904,01/08/1999,QA3AA1AW03A0010,0,11-3138,1
032,112025,3109918,1,7405,3,1,3109918,0,1,1,1,3109918,01/08/1999,QA2AA1AW02A0010,0,11-3143,1
032,112025,3109925,1,7405,3,1,3109925,0,1,1,1,3109925,01/06/1969,QA1AA1AW01A0010,0,11-3104,1
032,112025,3109939,1,7405,3,1,3109939,0,1,1,1,3109939,01/08/1999,QA2AA1AW02A0010,0,11-3119,1
032,112025,3109946,1,7405,3,1,3109946,0,1,1,1,3109946,01/08/1999,QA2AA1AW02A0010,0,11-3122,1
032,112025,3109953,1,7405,3,1,3109953,0,1,1,1,3109953,01/08/1999,QA3AA1AW03A0010,0,11-3126,1
032,112025,3109960,1,7405,3,1,3109960,0,1,1,1,3109960,01/01/2003,QA2AA1AW02A0010,0,32-4150,1
032,112025,3109967,1,7405,3,1,3109967,0,1,1,1,3109967,01/08/1999,QA3AA1AW03A0010,0,11-3124,1
032,112025,3109974,1,7405,3,1,3109974,0,1,1,1,3109974,01/08/1999,QA3AA1AW03A0010,0,11-3125,1
032,112025,3109981,1,7405,3,1,3109981,0,1,1,1,3109981,01/08/1984,QA1AA1AW01A0010,0,11-3130,1
032,112025,3109988,1,7405,3,1,3109988,0,1,1,1,3109988,01/08/1984,QA2AA1AW02A0010,1,11-3107,1
032,112025,3109995,1,7405,3,1,3109995,0,1,1,1,3109995,01/08/1984,QA2AA1AW02A0010,0,11-3108,1
032,112025,3110023,1,7405,3,1,3110023,0,1,1,1,3110023,01/08/1984,QA3AA1AW03A0010,0,11-3109,1
032,112025,3110030,1,7405,3,1,3110030,0,1,1,1,3110030,01/08/1984,QA3AA1AW03A0010,0,11-1008,1
032,112025,3110037,1,7405,3,1,3110037,0,1,1,1,3110037,01/06/1991,QA2AA1AW02A0010,0,11-3113,1
032,112025,3110044,1,7405,3,1,3110044,0,1,1,1,3110044,01/08/1999,QA3AA1AW03A0010,0,11-3115,1
032,112025,3110051,1,7405,3,1,3110051,0,1,1,1,3110051,01/08/1999,QA3AA1AW03A0010,0,11-3116,1
032,112025,3110065,1,7405,3,1,3110065,0,1,1,1,3110065,01/06/1969,QA1AA1AW01A0010,0,11-3099,1
032,112025,3110079,1,7405,3,1,3110079,0,1,1,1,3110079,01/06/1969,QA1AA1AW01A0010,0,11-3098,1
032,112025,3110086,1,7405,3,1,3110086,0,1,1,1,3110086,01/06/1969,QA3AA1AW03A0010,0,11-3096,1
032,112025,3110093,1,7405,3,1,3110093,0,1,1,1,3110093,01/10/1988,QA3AA1AW03A0010,0,11-3093,1
032,112025,3110100,1,7405,3,1,3110100,0,1,1,1,3110100,01/06/1969,QA2AA1AW02A0010,0,11-3095,1
032,112025,3110107,1,7405,3,1,3110107,0,1,1,1,3110107,01/01/2003,QA2AA1AW02A0010,0,11-3156,1
032,112025,3110114,1,7405,3,1,3110114,0,1,1,1,3110114,01/01/2005,QA2AA1AW02A0002,0,09-2011,1
032,112025,3110128,1,7405,3,1,3110128,0,1,1,1,3110128,01/01/2005,QA1AA1AW01A0002,0,09-3065,1
032,112025,3110135,1,7405,3,1,3110135,0,1,1,1,3110135,01/01/2005,QA1AA1AW01A0001,0,09-3055,1
032,112025,3110149,1,7405,3,1,3110149,0,1,1,1,3110149,01/01/2005,QA1AA1AW01A0002,0,09-3089,1
032,112025,3110156,1,7405,3,1,3110156,0,1,1,1,3110156,01/01/2005,QA2AA1AW02A0002,0,09-3091,1
032,112025,3110163,1,7405,3,1,3110163,0,1,1,1,3110163,01/01/2005,QA2AA1AW02A0001,0,09-3096,1
032,112025,3110170,1,7403,3,1,3110170,0,1,1,1,3110170,01/01/2005,QA3AA1AW03A0005,0,11-2008,1
032,112025,3110177,1,7403,3,1,3110177,0,1,1,1,3110177,01/01/2005,QA3AA1AW03A0040,0,11-515,1
032,112025,3110184,1,7403,3,1,3110184,0,1,1,1,3110184,01/01/2005,QA3AA1AW03A0005,0,11-1013,1
032,112025,3110191,1,7403,3,1,3110191,0,1,1,1,3110191,01/01/2005,QA1AA1AW01A0001,0,11-3169,1
032,112025,3110198,1,8409,3,1,3110198,0,1,1,1,3110198,01/01/2005,QA3AA1AW03A0001,0,10-518,1
032,112025,3110205,1,8409,3,1,3110205,0,1,1,1,3110205,01/01/2005,QA2AA1AW02A0001,0,10-2026,1
032,112025,3110212,1,8409,3,1,3110212,0,1,1,1,3110212,01/01/2005,QA3AA1AW03A0040,0,10-1027,1
032,112025,3110219,1,7404,3,1,3110219,0,1,1,1,3110219,01/01/2005,QA2AA1AW02A0002,0,08-3418,1
032,112025,3110226,1,7405,3,1,3110226,0,1,1,1,3110226,01/01/2005,QA2AA1AW02A0002,0,08-3437,1
032,112025,3110233,1,7405,3,1,3110233,0,1,1,1,3110233,01/01/2005,QA3AA1AW03A0002,0,08-3428,1
032,112025,3110240,1,8409,3,1,3110240,0,1,1,1,3110240,01/03/2005,QA3AA1AW03A0001,0,32-4045,1
032,112025,3110247,1,7404,3,1,3110247,0,1,1,1,3110247,01/03/2005,QA2AA1AW02A0001,0,08-3482,1
032,112025,3110254,1,7406,3,1,3110254,0,1,1,1,3110254,01/03/2005,QA3AA1AW03A0002,0,11-3183,1
032,112025,3110261,1,7405,3,1,3110261,0,1,1,1,3110261,01/04/2005,QA3AA1AW03A0002,0,09-3119,1
032,112025,3110282,1,8409,3,1,3110282,0,1,1,1,3110282,01/01/2005,QA3AA1AW03A0001,0,32-4017,1
032,112025,3110289,1,8409,3,1,3110289,0,1,1,1,3110289,01/01/2005,QA3AA1AW03A0001,0,32-4016,0
032,112025,3110296,1,8409,3,1,3110296,0,1,1,1,3110296,01/05/2010,QA3AA1AW03A0002,1,32-4416,1
032,112025,3110303,1,7405,3,1,3110303,0,1,1,1,3110303,01/01/2005,QA1AA1AW01A0003,0,09-3115,1
032,112025,3110310,1,8409,3,1,3110310,0,1,1,1,3110310,01/01/2005,QA3AA1AW03A0040,0,32-4020,1
032,112025,3110317,1,7403,3,1,3110317,0,1,1,1,3110317,01/07/2005,QA2AA1AW02A0001,0,11-3201,1
032,112025,3110324,1,7403,3,1,3110324,0,1,1,1,3110324,01/07/2005,QA2AA1AW02A0002,0,11-3165,1
032,112025,3110338,1,7404,3,1,3110338,0,1,1,1,3110338,01/07/2005,QA1AA1AW01A0001,0,08-3499,1
032,112025,3110345,1,7405,3,1,3110345,0,1,1,1,3110345,01/07/2005,QA3AA1AW03A0002,0,09-3112,1
032,112025,3110359,1,7405,3,1,3110359,0,1,1,1,3110359,01/07/2005,QA2AA1AW02A0001,0,08-3484,1
032,112025,3110366,1,7404,3,1,3110366,0,1,1,1,3110366,01/07/2005,QA1AA1AW01A0002,0,32-4026,1
032,112025,3110373,1,7405,3,1,3110373,0,1,1,1,3110373,01/01/2005,QA3AA1AW03A0002,0,32-4119,1
032,112025,3110387,1,8409,3,1,3110387,0,1,1,1,3110387,01/10/2005,QA3AA1AW03A0002,0,32-4021,1
032,112025,3110408,1,7404,3,1,3110408,0,1,1,1,3110408,01/12/2005,QA3AA1AW03A0002,0,08-3508,1
032,112025,3110415,1,7405,3,1,3110415,0,1,1,1,3110415,01/12/2005,QA3AA1AW03A0002,0,09-3128,1
032,112025,3110422,1,7405,3,1,3110422,0,1,1,1,3110422,01/12/2005,QA3AA1AW03A0002,0,08-3541,1
032,112025,3110439,12,7404,3,1,3110439,0,1,1,1,3110439,01/08/2004,QA3AN3CK03R0300,0,08-302,1
032,112025,3110444,12,7404,3,1,3110444,0,1,1,1,3110444,01/03/2003,QA3AN3CK03R0600,0,08-304,1
032,112025,3110449,12,8409,3,1,3110449,0,1,1,1,3110449,01/03/2003,QA3AN3CK03R0600,0,32-4051,1
032,112025,3110454,12,7403,3,1,3110454,0,1,1,1,3110454,01/03/2003,QA3AN3CK03R0600,0,11-301,1
032,112025,3110459,12,7405,3,1,3110459,0,1,1,1,3110459,01/08/2005,QA3AN3CK03R0600,0,09-301,1
032,112025,3110474,12,8409,3,1,3110474,0,1,1,1,3110474,01/08/2005,QA3AN3CK03R0600,0,32-4037,1
032,112025,3110479,12,8409,3,1,3110479,0,1,1,1,3110479,01/08/2005,QA3AN3CK03R0600,0,32-4034,1
032,112025,3110732,12,7404,3,1,3110732,0,4,1,1,3110732,01/03/2005,QA3AH3AW03N0040,0,Compacto de Medida,1
032,112025,3110740,12,7404,3,1,3110740,0,4,1,1,3110740,01/03/2005,QA3AH3AW03N0040,0,Compacto de Medida,1
032,112025,3110748,12,7405,3,1,3110748,0,4,1,1,3110748,01/03/2005,QA3AH3AW03N0040,0,Compacto de Medida,1
032,112025,3110756,12,8409,3,1,3110756,0,4,1,1,3110756,01/02/2004,QA3AH3AW03N0040,0,Compacto de Medida,1
032,112025,3110764,12,7405,3,1,3110764,0,4,1,1,3110764,01/03/2003,QA3AH3AW03N0040,0,Compacto de Medida,1
032,112025,3110772,12,7404,3,1,3110772,0,4,1,1,3110772,01/03/2003,QA3AH3AW03N0040,0,Compacto de Medida,1
032,112025,3110780,12,7403,3,1,3110780,0,1,1,1,3110780,01/03/2003,QA3AH3AW03N0040,0,Compacto de Medida,1
032,112025,3110788,12,7405,3,1,3110788,0,1,1,1,3110788,01/03/2003,QA3AH3AW03N0040,0,Compacto de Medida,1
032,112025,3110796,12,7404,3,1,3110796,0,4,1,1,3110796,01/03/2003,QA3AH3AW03N0040,0,Compacto de Medida,1
032,112025,3110804,12,7405,3,1,3110804,0,1,1,1,3110804,01/03/2003,QA3AH3AW03N0040,0,Compacto de Medida,1
032,112025,3110812,12,7405,3,1,3110812,0,4,1,1,3110812,01/03/2003,QA3AH3AW03N0040,0,Compacto de Medida,1
032,112025,3110820,12,7403,3,1,3110820,0,1,1,1,3110820,01/03/2003,QA3AH3AW03N0040,0,Compacto de Medida,1
032,112025,3110828,12,7405,3,1,3110828,0,4,1,1,3110828,01/01/2005,QA3AH3AW03N0040,0,Compacto de Medida,1
032,112025,3110836,12,7405,3,1,3110836,0,4,1,1,3110836,01/03/2003,QA3AH3AW03N0040,0,Compacto de Medida,1
032,112025,3110844,12,7405,3,1,3110844,0,4,1,1,3110844,01/12/2005,QA3AH3AW03N0040,0,Compacto de Medida,1
032,112025,3110852,12,7403,3,1,3110852,0,4,1,1,3110852,01/11/2005,QA3AH3AW03N0040,0,Compacto de Medida,1
032,112025,3110860,12,7404,3,1,3110860,0,1,1,1,3110860,01/02/2006,QA3AH3AW03N0040,0,Compacto de Medida,1
032,112025,3110868,12,7201,3,1,3110868,0,4,1,1,3110868,01/03/2003,QA3AH3AW03N0040,0,Compacto de Medida,1
032,112025,3110876,12,7404,3,1,3110876,0,1,1,1,3110876,01/03/2003,QC3AH3AW03N0015,0,Compacto de Medida,1
032,112025,3110884,12,7405,3,1,3110884,0,4,1,1,3110884,01/09/2006,QA3AH3AW03N0040,0,Compacto de Medida,1
032,112025,3110892,12,7201,3,1,3110892,0,4,1,1,3110892,01/05/2006,QA3AH3AW03N0040,0,Compacto de Medida,1
032,112025,3110900,12,7403,3,1,3110900,0,4,1,1,3110900,01/11/2006,QA3AH3AW03N0040,0,Compacto de Medida,1
032,112025,3110908,12,7404,3,1,3110908,0,1,1,1,3110908,01/05/1987,QA3AH3AW03N0040,0,Compacto de Medida,1
032,112025,3110916,12,7405,3,1,3110916,0,1,1,1,3110916,01/01/1998,QA3AH3AW03N0040,0,Compacto de Medida,1
032,112025,3110924,12,7403,3,1,3110924,0,1,1,1,3110924,01/10/2000,QA3AH3AW03N0040,0,Compacto de Medida,1
032,112025,3110932,12,7403,3,1,3110932,0,1,1,1,3110932,01/05/1998,QA3AH3AW03N0040,0,Compacto de Medida,1
032,112025,3111044,12,7404,3,1,3111044,0,1,1,1,3111044,07/10/2014,QA3AH3AW03N0040,0,Compacto de Medida,1
032,112025,3111052,12,7403,3,1,3111052,0,1,1,1,3111052,01/09/2005,QA3AH3AW03N0040,0,Compacto de Medida,1
032,112025,3319119,1,7403,3,1,3319119,0,1,1,1,3319119,01/01/1980,QA2AA1AW02A0001,1,EQMT_SSEE_3222778,1
032,112025,3319126,1,7403,3,1,3319126,0,1,1,1,3319126,01/01/1980,QA2AA1AW02A0001,1,EQMT_SSEE_3223634,1
032,112025,3319133,1,7403,3,1,3319133,0,1,1,1,3319133,01/01/1980,QA1AA1AW01A0002,1,EQMT_SSEE_3219082,1
032,112025,3319140,1,7403,3,1,3319140,0,1,1,1,3319140,01/01/1980,QA1AA1AW01A0001,1,EQMT_SSEE_3220670,1
032,112025,3319147,1,7403,3,1,3319147,0,1,1,1,3319147,01/01/1980,QA1AA1AW01A0001,1,EQMT_SSEE_3220674,1
032,112025,3319154,1,7403,3,1,3319154,0,1,1,1,3319154,01/01/1980,QA1AA1AW01A0001,1,EQMT_SSEE_3221546,1
032,112025,3319161,1,7403,3,1,3319161,0,1,1,1,3319161,01/09/1978,QA1AA1AW01A0002,1,EQMT_SSEE_3218742,1
032,112025,3319168,1,7403,3,1,3319168,0,1,1,1,3319168,01/01/2003,QA1AA1AW01A0001,1,EQMT_SSEE_3224414,1
032,112025,3319175,1,7403,3,1,3319175,0,1,1,1,3319175,01/01/2003,QA1AA1AW01A0001,1,EQMT_SSEE_3224410,1
032,112025,3319182,1,7404,3,1,3319182,0,1,1,1,3319182,01/09/1988,QA2AA1AW02A0001,1,EQMT_SSEE_3219494,1
032,112025,3319189,1,7404,3,1,3319189,0,1,1,1,3319189,01/06/1978,QA1AA1AW01A0001,1,EQMT_SSEE_3219446,1
032,112025,3319196,1,7404,3,1,3319196,0,1,1,1,3319196,01/06/1978,QA2AA1AW02A0001,1,EQMT_SSEE_3223002,1
032,112025,3319203,1,7404,3,1,3319203,0,1,1,1,3319203,01/06/1978,QA2AA1AW02A0001,1,EQMT_SSEE_3220522,1
032,112025,3319210,1,7404,3,1,3319210,0,1,1,1,3319210,01/06/1978,QA2AA1AW02A0001,1,EQMT_SSEE_3221326,1
032,112025,3319217,1,7404,3,1,3319217,0,1,1,1,3319217,01/10/1978,QA2AA1AW02A0001,1,EQMT_SSEE_3221790,1
032,112025,3319224,1,7404,3,1,3319224,0,1,1,1,3319224,01/05/1986,QA2AA1AW02A0001,1,EQMT_SSEE_3219646,1
032,112025,3319231,1,7404,3,1,3319231,0,1,1,1,3319231,01/05/1986,QA2AA1AW02A0001,1,EQMT_SSEE_3219642,1
032,112025,3319238,1,7404,3,1,3319238,0,1,1,1,3319238,01/05/1986,QA2AA1AW02A0001,1,EQMT_SSEE_3223582,1
032,112025,3319245,1,7404,3,1,3319245,0,1,1,1,3319245,01/05/1986,QA2AA1AW02A0001,1,EQMT_SSEE_3219650,1
032,112025,3319252,1,7404,3,1,3319252,0,1,1,1,3319252,01/05/1986,QA2AA1AW02A0001,1,EQMT_SSEE_3219626,1
032,112025,3319259,1,7404,3,1,3319259,0,1,1,1,3319259,01/05/1986,QA2AA1AW02A0001,1,EQMT_SSEE_3219634,1
032,112025,3319266,1,7404,3,1,3319266,0,1,1,1,3319266,01/05/1986,QA2AA1AW02A0001,1,EQMT_SSEE_3219622,1
032,112025,3319273,1,7404,3,1,3319273,0,1,1,1,3319273,01/05/1986,QA2AA1AW02A0001,1,EQMT_SSEE_3219618,1
032,112025,3319280,1,7404,3,1,3319280,0,1,1,1,3319280,01/05/1986,QA2AA1AW02A0001,1,EQMT_SSEE_3219662,1
032,112025,3319287,1,7404,3,1,3319287,0,1,1,1,3319287,01/05/1986,QA2AA1AW02A0001,1,EQMT_SSEE_3220082,1
032,112025,3319294,1,7404,3,1,3319294,0,1,1,1,3319294,01/05/1986,QA1AA1AW01A0002,1,EQMT_SSEE_3223570,1
032,112025,3319301,1,7404,3,1,3319301,0,1,1,1,3319301,01/05/1986,QA1AA1AW01A0002,1,EQMT_SSEE_3218818,1
032,112025,3319308,1,7404,3,1,3319308,0,1,1,1,3319308,01/05/1986,QA1AA1AW01A0001,1,EQMT_SSEE_3218822,1
032,112025,3319315,1,7404,3,1,3319315,0,1,1,1,3319315,01/05/1986,QA1AA1AW01A0001,1,EQMT_SSEE_3219794,1
032,112025,3319322,1,7404,3,1,3319322,0,1,1,1,3319322,01/05/1986,QA1AA1AW01A0001,1,EQMT_SSEE_3219798,1
032,112025,3319329,1,7404,3,1,3319329,0,1,1,1,3319329,01/05/1986,QA1AA1AW01A0001,1,EQMT_SSEE_3219802,1
032,112025,3319336,1,7404,3,1,3319336,0,1,1,1,3319336,01/05/1979,QA1AA1AW01A0001,1,EQMT_SSEE_3223394,1
032,112025,3319343,1,7404,3,1,3319343,0,1,1,1,3319343,01/05/1979,QA1AA1AW01A0001,1,EQMT_SSEE_3219442,1
032,112025,3319350,1,7404,3,1,3319350,0,1,1,1,3319350,01/05/1979,QA1AA1AW01A0001,1,EQMT_SSEE_3219438,1
032,112025,3319357,1,7404,3,1,3319357,0,1,1,1,3319357,01/04/2001,QA1AA1AW01A0001,1,EQMT_SSEE_3222154,1
032,112025,3319364,1,7404,3,1,3319364,0,1,1,1,3319364,01/05/1979,QA2AA1AW02A0002,1,EQMT_SSEE_3220982,1
032,112025,3319371,1,7404,3,1,3319371,0,1,1,1,3319371,01/01/1958,QA2AA1AW02A0001,1,EQMT_SSEE_3217902,1
032,112025,3319378,1,7404,3,1,3319378,0,1,1,1,3319378,01/01/1958,QA3AA1AW03A0001,1,EQMT_SSEE_3217894,1
032,112025,3319385,1,7404,3,1,3319385,0,1,1,1,3319385,01/01/1958,QA3AA1AW03A0003,1,EQMT_SSEE_3221346,1
032,112025,3319392,1,7404,3,1,3319392,0,4,1,1,3319392,01/01/1958,QA3AA1AW03A0015,1,EQMT_SSEE_3221530,1
032,112025,3319406,1,7404,3,1,3319406,0,1,1,1,3319406,01/05/1979,QA2AA1AW02A0001,1,EQMT_SSEE_3219590,1
032,112025,3319413,1,7404,3,1,3319413,0,1,1,1,3319413,01/05/1979,QA1AA1AW01A0002,1,EQMT_SSEE_3219594,1
032,112025,3319420,1,7404,3,1,3319420,0,1,1,1,3319420,01/04/2001,QA2AA1AW02A0001,1,EQMT_SSEE_3223366,1
032,112025,3319427,1,7404,3,1,3319427,0,1,1,1,3319427,01/12/2000,QA1AA1AW01A0001,1,EQMT_SSEE_3223498,1
032,112025,3319434,1,7404,3,1,3319434,0,1,1,1,3319434,01/05/1979,QA2AA1AW02A0001,1,EQMT_SSEE_3221862,1
032,112025,3319441,1,7404,3,1,3319441,0,1,1,1,3319441,01/05/1979,QA2AA1AW02A0001,1,EQMT_SSEE_3219866,1
032,112025,3319448,1,7404,3,1,3319448,0,1,1,1,3319448,01/05/1979,QA2AA1AW02A0001,1,EQMT_SSEE_3217914,1
032,112025,3319455,1,7404,3,1,3319455,0,1,1,1,3319455,01/05/1979,QA2AA1AW02A0001,1,EQMT_SSEE_3221950,1
032,112025,3319462,1,7404,3,1,3319462,0,1,1,1,3319462,01/05/1979,QA1AA1AW01A0002,1,EQMT_SSEE_3218662,1
032,112025,3319469,1,7404,3,1,3319469,0,1,1,1,3319469,01/05/1979,QA1AA1AW01A0001,1,EQMT_SSEE_3223286,1
032,112025,3319476,1,7404,3,1,3319476,0,1,1,1,3319476,01/05/1979,QA2AA1AW02A0001,1,EQMT_SSEE_3223282,1
032,112025,3319483,1,7404,3,1,3319483,0,1,1,1,3319483,01/05/1979,QA2AA1AW02A0001,1,EQMT_SSEE_3217922,1
032,112025,3319490,1,7404,3,1,3319490,0,1,1,1,3319490,01/05/1979,QA1AA1AW01A0001,1,EQMT_SSEE_3219434,1
032,112025,3319497,1,7404,3,1,3319497,0,1,1,1,3319497,01/05/1986,QA2AA1AW02A0001,1,EQMT_SSEE_3219630,1
032,112025,3319504,1,7404,3,1,3319504,0,1,1,1,3319504,01/05/1986,QA2AA1AW02A0001,1,EQMT_SSEE_3219638,1
032,112025,3319511,1,7404,3,1,3319511,0,1,1,1,3319511,01/02/1986,QA3AA1AW03A0001,1,EQMT_SSEE_3220998,1
032,112025,3319518,1,7404,3,1,3319518,0,1,1,1,3319518,01/02/1986,QA2AA1AW02A0001,1,EQMT_SSEE_3217918,1
032,112025,3319525,1,7404,3,1,3319525,0,1,1,1,3319525,01/02/1998,QA2AA1AW02A0001,1,EQMT_SSEE_3221450,1
032,112025,3319532,1,7404,3,1,3319532,0,1,1,1,3319532,01/02/1998,QA2AA1AW02A0001,1,EQMT_SSEE_3219978,1
032,112025,3319539,1,7404,3,1,3319539,0,1,1,1,3319539,01/02/1998,QA2AA1AW02A0001,1,EQMT_SSEE_3219982,1
032,112025,3319546,1,7404,3,1,3319546,0,1,1,1,3319546,01/02/1998,QA2AA1AW02A0001,1,EQMT_SSEE_3219954,1
032,112025,3319553,1,7404,3,1,3319553,0,1,1,1,3319553,01/02/1998,QA2AA1AW02A0001,1,EQMT_SSEE_3219958,1
032,112025,3319560,1,7404,3,1,3319560,0,1,1,1,3319560,01/02/1998,QA2AA1AW02A0001,1,EQMT_SSEE_3219962,1
032,112025,3319567,1,7404,3,1,3319567,0,1,1,1,3319567,01/02/1998,QA2AA1AW02A0002,1,EQMT_SSEE_3219974,1
032,112025,3319574,1,7404,3,1,3319574,0,1,1,1,3319574,01/10/2001,QA1AA1AW01A0001,1,EQMT_SSEE_3220542,1
032,112025,3319581,1,7404,3,1,3319581,0,1,1,1,3319581,01/02/1998,QA1AA1AW01A0001,1,EQMT_SSEE_3219966,1
032,112025,3319588,1,7404,3,1,3319588,0,1,1,1,3319588,01/02/1998,QA1AA1AW01A0002,1,EQMT_SSEE_3219970,1
032,112025,3319595,1,7404,3,1,3319595,0,1,1,1,3319595,01/02/1998,QA2AA1AW02A0001,1,EQMT_SSEE_3219942,1
032,112025,3319602,1,7404,3,1,3319602,0,1,1,1,3319602,01/02/1998,QA2AA1AW02A0001,1,EQMT_SSEE_3219950,1
032,112025,3319609,1,7404,3,1,3319609,0,1,1,1,3319609,01/02/1998,QA2AA1AW02A0001,1,EQMT_SSEE_3219946,1
032,112025,3319616,1,7404,3,1,3319616,0,1,1,1,3319616,01/02/1998,QA2AA1AW02A0001,1,EQMT_SSEE_3222922,1
032,112025,3319623,1,7404,3,1,3319623,0,1,1,1,3319623,01/02/1998,QA2AA1AW02A0001,1,EQMT_SSEE_3222906,1
032,112025,3319630,1,7404,3,1,3319630,0,1,1,1,3319630,01/02/1998,QA2AA1AW02A0001,1,EQMT_SSEE_3222946,1
032,112025,3319637,1,7404,3,1,3319637,0,1,1,1,3319637,01/02/1998,QA2AA1AW02A0001,1,EQMT_SSEE_3222942,1
032,112025,3319644,1,7404,3,1,3319644,0,1,1,1,3319644,01/02/1998,QA2AA1AW02A0001,1,EQMT_SSEE_3222934,1
032,112025,3319651,1,7404,3,1,3319651,0,1,1,1,3319651,01/02/1998,QA2AA1AW02A0001,1,EQMT_SSEE_3222930,1
032,112025,3319658,1,7404,3,1,3319658,0,1,1,1,3319658,01/01/1978,QA1AA1AW01A0001,1,EQMT_SSEE_3220030,1
032,112025,3319665,1,7404,3,1,3319665,0,1,1,1,3319665,01/01/1978,QA1AA1AW01A0001,1,EQMT_SSEE_3220034,1
032,112025,3319672,1,7404,3,1,3319672,0,1,1,1,3319672,01/01/1978,QA1AA1AW01A0002,1,EQMT_SSEE_3220038,1
032,112025,3319679,1,7404,3,1,3319679,0,1,1,1,3319679,01/01/1978,QA1AA1AW01A0001,1,EQMT_SSEE_3220042,1
032,112025,3319686,1,7404,3,1,3319686,0,1,1,1,3319686,01/02/1987,QA1AA1AW01A0001,1,EQMT_SSEE_3222962,1
032,112025,3319693,1,7404,3,1,3319693,0,1,1,1,3319693,01/02/1987,QA1AA1AW01A0001,1,EQMT_SSEE_3220342,1
032,112025,3319700,1,7404,3,1,3319700,0,1,1,1,3319700,01/09/1988,QA2AA1AW02A0001,1,EQMT_SSEE_3219498,1
032,112025,3319707,1,7404,3,1,3319707,0,1,1,1,3319707,01/09/1988,QA2AA1AW02A0001,1,EQMT_SSEE_3219502,1
032,112025,3319714,1,7404,3,1,3319714,0,1,1,1,3319714,01/09/1988,QA2AA1AW02A0001,1,EQMT_SSEE_3219506,1
032,112025,3319721,1,7404,3,1,3319721,0,1,1,1,3319721,01/09/1988,QA2AA1AW02A0001,1,EQMT_SSEE_3219510,1
032,112025,3319728,1,7404,3,1,3319728,0,1,1,1,3319728,01/09/1988,QA2AA1AW02A0001,1,EQMT_SSEE_3219514,1
032,112025,3319735,1,7404,3,1,3319735,0,1,1,1,3319735,01/09/1988,QA2AA1AW02A0001,1,EQMT_SSEE_3220058,1
032,112025,3319742,1,7404,3,1,3319742,0,1,1,1,3319742,01/01/1978,QA1AA1AW01A0001,1,EQMT_SSEE_3220026,1
032,112025,3319749,1,7404,3,1,3319749,0,1,1,1,3319749,01/01/1978,QA1AA1AW01A0001,1,EQMT_SSEE_3220490,1
032,112025,3319756,1,7404,3,1,3319756,0,1,1,1,3319756,01/02/1987,QA1AA1AW01A0001,1,EQMT_SSEE_3222966,1
032,112025,3319770,1,7404,3,1,3319770,0,1,1,1,3319770,01/09/1988,QA1AA1AW01A0001,1,EQMT_SSEE_3219518,1
032,112025,3319777,1,7404,3,1,3319777,0,1,1,1,3319777,01/02/1987,QA1AA1AW01A0001,1,EQMT_SSEE_3220346,1
032,112025,3319784,1,7404,3,1,3319784,0,1,1,1,3319784,01/02/1987,QA1AA1AW01A0001,1,EQMT_SSEE_3220350,1
032,112025,3319791,1,7404,3,1,3319791,0,1,1,1,3319791,01/02/1987,QA2AA1AW02A0001,1,EQMT_SSEE_3222958,1
032,112025,3319798,1,7404,3,1,3319798,0,1,1,1,3319798,01/02/1987,QA1AA1AW01A0001,1,EQMT_SSEE_3222954,1
032,112025,3319805,1,7404,3,1,3319805,0,1,1,1,3319805,01/01/1978,QA1AA1AW01A0001,1,EQMT_SSEE_3220046,1
032,112025,3319812,1,7404,3,1,3319812,0,1,1,1,3319812,01/02/1987,QA1AA1AW01A0001,1,EQMT_SSEE_3220378,1
032,112025,3319826,1,7404,3,1,3319826,0,1,1,1,3319826,01/02/1987,QA1AA1AW01A0002,1,EQMT_SSEE_3220374,1
032,112025,3319833,1,7404,3,1,3319833,0,1,1,1,3319833,01/02/1987,QA1AA1AW01A0001,1,EQMT_SSEE_3220386,1
032,112025,3319840,1,7404,3,1,3319840,0,1,1,1,3319840,01/02/1987,QA1AA1AW01A0001,1,EQMT_SSEE_3220390,1
032,112025,3319847,1,7404,3,1,3319847,0,1,1,1,3319847,01/02/1987,QA1AA1AW01A0002,1,EQMT_SSEE_3220502,1
032,112025,3319854,1,7404,3,1,3319854,0,1,1,1,3319854,01/01/1987,QA1AA1AW01A0001,1,EQMT_SSEE_3219574,1
032,112025,3319861,1,7404,3,1,3319861,0,1,1,1,3319861,01/01/1987,QA1AA1AW01A0001,1,EQMT_SSEE_3220418,1
032,112025,3319868,1,7404,3,1,3319868,0,1,1,1,3319868,01/01/1987,QA1AA1AW01A0001,1,EQMT_SSEE_3220422,1
032,112025,3319875,1,7404,3,1,3319875,0,1,1,1,3319875,01/01/1987,QA2AA1AW02A0001,1,EQMT_SSEE_3218930,1
032,112025,3319882,1,7404,3,1,3319882,0,1,1,1,3319882,01/01/1987,QA1AA1AW01A0001,1,EQMT_SSEE_3221734,1
032,112025,3319889,1,7404,3,1,3319889,0,1,1,1,3319889,01/01/1987,QA1AA1AW01A0002,1,EQMT_SSEE_3223618,1
032,112025,3319896,1,7404,3,1,3319896,0,1,1,1,3319896,01/02/1987,QA1AA1AW01A0001,1,EQMT_SSEE_3220354,1
032,112025,3319910,1,7404,3,1,3319910,0,1,1,1,3319910,01/06/1978,QA2AA1AW02A0001,1,EQMT_SSEE_3218526,1
032,112025,3319917,1,7404,3,1,3319917,0,1,1,1,3319917,01/02/1958,QA3AA1AW03A0001,1,EQMT_SSEE_3217970,1
032,112025,3319924,1,7404,3,1,3319924,0,1,1,1,3319924,01/10/1988,QA1AA1AW01A0001,1,EQMT_SSEE_3219778,1
032,112025,3320022,1,7404,3,1,3320022,0,1,1,1,3320022,01/05/1966,QA3AA1AW03A0001,1,EQMT_SSEE_3218538,1
032,112025,3320029,1,7404,3,1,3320029,0,1,1,1,3320029,01/05/1993,QA3AA1AW03A0003,1,EQMT_SSEE_3220858,1
032,112025,3320036,1,7404,3,1,3320036,0,1,1,1,3320036,01/04/1968,QA3AA1AW03A0002,1,EQMT_SSEE_3220114,1
032,112025,3320043,1,7404,3,1,3320043,0,1,1,1,3320043,01/05/1993,QA2AA1AW02A0001,1,EQMT_SSEE_3218510,1
032,112025,3320050,1,7404,3,1,3320050,0,1,1,1,3320050,01/05/1993,QA2AA1AW02A0001,1,EQMT_SSEE_3222734,1
032,112025,3320057,1,7404,3,1,3320057,0,1,1,1,3320057,01/04/1968,QA2AA1AW02A0001,1,EQMT_SSEE_3218514,1
032,112025,3320064,1,7404,3,1,3320064,0,1,1,1,3320064,01/02/1958,QA2AA1AW02A0001,1,EQMT_SSEE_3221826,1
032,112025,3320071,1,7404,3,1,3320071,0,1,1,1,3320071,01/02/1958,QA2AA1AW02A0001,1,EQMT_SSEE_3218522,1
032,112025,3320078,1,7404,3,1,3320078,0,4,1,1,3320078,01/06/1991,QA2AA1AW02A0001,1,EQMT_SSEE_3223362,1
032,112025,3320085,1,7404,3,1,3320085,0,1,1,1,3320085,01/06/1991,QA2AA1AW02A0001,1,EQMT_SSEE_3221874,1
032,112025,3320092,1,7404,3,1,3320092,0,1,1,1,3320092,01/05/1988,QA1AA1AW01A0002,1,EQMT_SSEE_3221094,1
032,112025,3320106,1,7404,3,1,3320106,0,1,1,1,3320106,01/05/1984,QA2AA1AW02A0001,1,EQMT_SSEE_3219830,1
032,112025,3320113,1,7404,3,1,3320113,0,1,1,1,3320113,01/05/1984,QA2AA1AW02A0001,1,EQMT_SSEE_3219834,1
032,112025,3320120,1,7404,3,1,3320120,0,1,1,1,3320120,01/05/1984,QA1AA1AW01A0001,1,EQMT_SSEE_3223294,1
032,112025,3320127,1,7404,3,1,3320127,0,1,1,1,3320127,01/06/1991,QA3AA1AW03A0001,1,EQMT_SSEE_3220722,1
032,112025,3320141,1,7404,3,1,3320141,0,4,1,1,3320141,01/05/1988,QA3AA1AW03A0002,1,EQMT_SSEE_3222986,1
032,112025,3320148,1,7404,3,1,3320148,0,1,1,1,3320148,01/05/1988,QA2AA1AW02A0001,1,EQMT_SSEE_3219250,1
032,112025,3320155,1,7404,3,1,3320155,0,1,1,1,3320155,01/05/1988,QA2AA1AW02A0001,1,EQMT_SSEE_3222970,1
032,112025,3320162,1,7404,3,1,3320162,0,1,1,1,3320162,01/05/1988,QA2AA1AW02A0001,1,EQMT_SSEE_3220398,1
032,112025,3320169,1,7404,3,1,3320169,0,1,1,1,3320169,01/06/1965,QA2AA1AW02A0001,1,EQMT_SSEE_3221562,1
032,112025,3320176,1,7404,3,1,3320176,0,1,1,1,3320176,01/05/1979,QA3AA1AW03A0001,1,EQMT_SSEE_3221558,1
032,112025,3320197,1,7404,3,1,3320197,0,1,1,1,3320197,01/06/1965,QA2AA1AW02A0001,1,EQMT_SSEE_3222166,1
032,112025,3320211,1,7404,3,1,3320211,0,1,1,1,3320211,01/06/1965,QA3AA1AW03A0001,1,EQMT_SSEE_3223546,1
032,112025,3320218,1,7404,3,1,3320218,0,1,1,1,3320218,01/10/2001,QA2AA1AW02A0001,1,EQMT_SSEE_3218110,1
032,112025,3320232,1,7404,3,1,3320232,0,1,1,1,3320232,01/06/1965,QA2AA1AW02A0001,1,EQMT_SSEE_3219102,1
032,112025,3320239,1,7404,3,1,3320239,0,1,1,1,3320239,01/10/1969,QA2AA1AW02A0001,1,EQMT_SSEE_3221954,1
032,112025,3320246,1,7404,3,1,3320246,0,1,1,1,3320246,01/10/1969,QA2AA1AW02A0001,1,EQMT_SSEE_3220790,1
032,112025,3320253,1,7404,3,1,3320253,0,1,1,1,3320253,01/10/1969,QA2AA1AW02A0001,1,EQMT_SSEE_3218130,1
032,112025,3320260,1,7404,3,1,3320260,0,1,1,1,3320260,01/10/1969,QA2AA1AW02A0001,1,EQMT_SSEE_3218706,1
032,112025,3320267,1,7404,3,1,3320267,0,1,1,1,3320267,01/10/1969,QA3AA1AW03A0001,1,EQMT_SSEE_3220706,1
032,112025,3320274,1,7404,3,1,3320274,0,1,1,1,3320274,01/07/1985,QA1AA1AW01A0001,1,EQMT_SSEE_3219110,1
032,112025,3320281,1,7404,3,1,3320281,0,1,1,1,3320281,01/10/1969,QA2AA1AW02A0001,1,EQMT_SSEE_3218894,1
032,112025,3320288,1,7404,3,1,3320288,0,1,1,1,3320288,01/10/1969,QA2AA1AW02A0001,1,EQMT_SSEE_3220218,1
032,112025,3320295,1,7404,3,1,3320295,0,1,1,1,3320295,01/10/1969,QA2AA1AW02A0002,1,EQMT_SSEE_3218898,1
032,112025,3320316,1,7404,3,1,3320316,0,1,1,1,3320316,01/05/1979,QA2AA1AW02A0001,1,EQMT_SSEE_3223602,1
032,112025,3320323,1,7404,3,1,3320323,0,1,1,1,3320323,01/05/1979,QA2AA1AW02A0001,1,EQMT_SSEE_3218766,1
032,112025,3320330,1,7404,3,1,3320330,0,1,1,1,3320330,01/10/1969,QA3AA1AW03A0001,1,EQMT_SSEE_3223278,1
032,112025,3320344,1,7404,3,1,3320344,0,1,1,1,3320344,01/06/1991,QA3AA1AW03A0002,1,EQMT_SSEE_3220146,1
032,112025,3320351,1,7404,3,1,3320351,0,1,1,1,3320351,01/06/1991,QA2AA1AW02A0001,1,EQMT_SSEE_3221282,1
032,112025,3320358,1,7404,3,1,3320358,0,1,1,1,3320358,01/06/1991,QA3AA1AW03A0002,1,EQMT_SSEE_3221990,1
032,112025,3320365,1,7404,3,1,3320365,0,1,1,1,3320365,01/06/1991,QA2AA1AW02A0001,1,EQMT_SSEE_3218046,1
032,112025,3320372,1,7404,3,1,3320372,0,1,1,1,3320372,01/06/1991,QA2AA1AW02A0001,1,EQ_MT_SED1088,1
032,112025,3320379,1,7404,3,1,3320379,0,1,1,1,3320379,01/05/1966,QA2AA1AW02A0001,1,EQMT_SSEE_3221090,1
032,112025,3320386,1,7404,3,1,3320386,0,1,1,1,3320386,01/05/1966,QA2AA1AW02A0001,1,EQMT_SSEE_3222782,1
032,112025,3320400,1,7404,3,1,3320400,0,1,1,1,3320400,01/02/1987,QA1AA1AW01A0002,1,EQMT_SSEE_3220362,1
032,112025,3320407,1,7404,3,1,3320407,0,1,1,1,3320407,01/02/1987,QA1AA1AW01A0001,1,EQMT_SSEE_3222598,1
032,112025,3320414,1,7404,3,1,3320414,0,1,1,1,3320414,01/01/1978,QA1AA1AW01A0001,1,EQMT_SSEE_3222898,1
032,112025,3320421,1,7404,3,1,3320421,0,1,1,1,3320421,01/02/1987,QA1AA1AW01A0001,1,EQMT_SSEE_3220366,1
032,112025,3320428,1,7404,3,1,3320428,0,1,1,1,3320428,01/02/1998,QA1AA1AW01A0001,1,EQMT_SSEE_3220394,1
032,112025,3320435,1,7404,3,1,3320435,0,1,1,1,3320435,01/01/1978,QA1AA1AW01A0001,1,EQMT_SSEE_3222894,1
032,112025,3320442,1,7404,3,1,3320442,0,1,1,1,3320442,01/02/1998,QA2AA1AW02A0001,1,EQMT_SSEE_3219934,1
032,112025,3320449,1,7404,3,1,3320449,0,1,1,1,3320449,01/02/1998,QA2AA1AW02A0001,1,EQMT_SSEE_3219938,1
032,112025,3320456,1,7404,3,1,3320456,0,1,1,1,3320456,01/02/1998,QA2AA1AW02A0001,1,EQMT_SSEE_3222918,1
032,112025,3320463,1,7404,3,1,3320463,0,1,1,1,3320463,01/02/1998,QA2AA1AW02A0001,1,EQMT_SSEE_3222914,1
032,112025,3320470,1,7404,3,1,3320470,0,1,1,1,3320470,01/02/1998,QA2AA1AW02A0001,1,EQMT_SSEE_3222910,1
032,112025,3320477,1,7404,3,1,3320477,0,1,1,1,3320477,01/02/1998,QA2AA1AW02A0001,1,EQMT_SSEE_3222926,1
032,112025,3320484,1,7404,3,1,3320484,0,1,1,1,3320484,01/02/1998,QA2AA1AW02A0001,1,EQMT_SSEE_3222938,1
032,112025,3320491,1,7404,3,1,3320491,0,1,1,1,3320491,01/05/1979,QA1AA1AW01A0001,1,EQMT_SSEE_3223698,1
032,112025,3320498,1,7404,3,1,3320498,0,1,1,1,3320498,01/07/1985,QA1AA1AW01A0001,1,EQMT_SSEE_3219114,1
032,112025,3320526,1,7404,3,1,3320526,0,1,1,1,3320526,01/05/1979,QA3AA1AW03A0002,1,EQ_MTSED11,1
032,112025,3320533,1,7404,3,1,3320533,0,1,1,1,3320533,01/05/1986,QA2AA1AW02A0001,1,EQMT_SSEE_3219658,1
032,112025,3320540,1,7404,3,1,3320540,0,1,1,1,3320540,01/05/1986,QA2AA1AW02A0001,1,EQMT_SSEE_3219654,1
032,112025,3320547,1,7404,3,1,3320547,0,1,1,1,3320547,01/05/1979,QA2AA1AW02A0001,1,EQMT_SSEE_3223678,1
032,112025,3320554,1,7404,3,1,3320554,0,1,1,1,3320554,01/05/1979,QA2AA1AW02A0001,1,EQMT_SSEE_3221586,1
032,112025,3320561,1,7404,3,1,3320561,0,1,1,1,3320561,01/05/1979,QA2AA1AW02A0001,1,EQMT_SSEE_3221698,1
032,112025,3320568,1,7404,3,1,3320568,0,1,1,1,3320568,01/05/1979,QA3AA1AW03A0002,1,EQMT_SSEE_3222874,1
032,112025,3320575,1,7404,3,1,3320575,0,1,1,1,3320575,01/05/1979,QA1AA1AW01A0001,1,EQMT_SSEE_3219194,1
032,112025,3320582,1,7404,3,1,3320582,0,1,1,1,3320582,01/05/1986,QA1AA1AW01A0001,1,EQMT_SSEE_3219010,1
032,112025,3320589,1,7404,3,1,3320589,0,1,1,1,3320589,01/05/1986,QA1AA1AW01A0002,1,EQMT_SSEE_3219782,1
032,112025,3320596,1,7404,3,1,3320596,0,1,1,1,3320596,01/05/1986,QA1AA1AW01A0001,1,EQMT_SSEE_3219786,1
032,112025,3320603,1,7404,3,1,3320603,0,1,1,1,3320603,01/05/1986,QA1AA1AW01A0001,1,EQMT_SSEE_3219790,1
032,112025,3320610,1,7404,3,1,3320610,0,1,1,1,3320610,01/05/1986,QA1AA1AW01A0001,1,EQMT_SSEE_3219806,1
032,112025,3320617,1,7404,3,1,3320617,0,1,1,1,3320617,01/02/1986,QA2AA1AW02A0001,1,EQMT_SSEE_3223482,1
032,112025,3320624,1,7404,3,1,3320624,0,1,1,1,3320624,01/05/1986,QA2AA1AW02A0001,1,EQMT_SSEE_3219606,1
032,112025,3320631,1,7404,3,1,3320631,0,1,1,1,3320631,01/05/1986,QA2AA1AW02A0001,1,EQMT_SSEE_3219610,1
032,112025,3320638,1,7404,3,1,3320638,0,1,1,1,3320638,01/05/1986,QA2AA1AW02A0001,1,EQMT_SSEE_3219614,1
032,112025,3320645,1,7404,3,1,3320645,0,1,1,1,3320645,01/11/1998,QA1AA1AW01A0001,1,EQMT_SSEE_3218994,1
032,112025,3320652,1,7404,3,1,3320652,0,1,1,1,3320652,01/11/1998,QA2AA1AW02A0001,1,EQMT_SSEE_3219722,1
032,112025,3320659,1,7404,3,1,3320659,0,1,1,1,3320659,01/11/1998,QA2AA1AW02A0001,1,EQMT_SSEE_3222062,1
032,112025,3320666,1,7404,3,1,3320666,0,1,1,1,3320666,01/09/1981,QA1AA1AW01A0002,1,EQMT_SSEE_3223578,1
032,112025,3320673,1,7404,3,1,3320673,0,1,1,1,3320673,01/10/1978,QA2AA1AW02A0001,1,EQMT_SSEE_3221794,1
032,112025,3320680,1,7404,3,1,3320680,0,1,1,1,3320680,01/07/1969,QA2AA1AW02A0001,1,EQMT_SSEE_3218090,1
032,112025,3320687,1,7404,3,1,3320687,0,1,1,1,3320687,01/01/1958,QA3AA1AW03A0002,1,EQMT_SSEE_3221414,1
032,112025,3320694,1,7404,3,1,3320694,0,4,1,1,3320694,01/06/1965,QA3AA1AW03A0005,1,EQMT_SSEE_3222738,1
032,112025,3320701,1,7404,3,1,3320701,0,4,1,1,3320701,01/01/1958,QA3AA1AW03A0020,1,EQMT_SSEE_3218794,1
032,112025,3320708,1,7404,3,1,3320708,0,4,1,1,3320708,01/06/1991,QA3AA1AW03A0002,1,EQMT_SSEE_3218098,1
032,112025,3320715,1,7404,3,1,3320715,0,1,1,1,3320715,01/05/1987,QA3AA1AW03A0001,1,EQMT_SSEE_3218666,1
032,112025,3320722,1,7404,3,1,3320722,0,1,1,1,3320722,01/05/1987,QA2AA1AW02A0001,1,EQMT_SSEE_3219558,1
032,112025,3320729,1,7404,3,1,3320729,0,1,1,1,3320729,01/05/1987,QA1AA1AW01A0001,1,EQMT_SSEE_3220746,1
032,112025,3320736,1,7404,3,1,3320736,0,1,1,1,3320736,01/05/1987,QA2AA1AW02A0001,1,EQMT_SSEE_3219674,1
032,112025,3320743,1,7404,3,1,3320743,0,4,1,1,3320743,01/05/1987,QA3AA1AW03A0003,1,EQMT_SSEE_3223070,1
032,112025,3320750,1,7404,3,1,3320750,0,1,1,1,3320750,01/06/1980,QA1AA1AW01A0001,1,EQMT_SSEE_3220846,1
032,112025,3320757,1,7404,3,1,3320757,0,1,1,1,3320757,01/06/1980,QA1AA1AW01A0002,1,EQMT_SSEE_3220850,1
032,112025,3320764,1,7404,3,1,3320764,0,1,1,1,3320764,01/05/1987,QA1AA1AW01A0001,1,EQMT_SSEE_3221290,1
032,112025,3320771,1,7404,3,1,3320771,0,1,1,1,3320771,01/05/1987,QA1AA1AW01A0001,1,EQMT_SSEE_3220178,1
032,112025,3320778,1,7404,3,1,3320778,0,1,1,1,3320778,01/06/1980,QA1AA1AW01A0001,1,EQMT_SSEE_3220970,1
032,112025,3320792,1,7404,3,1,3320792,0,1,1,1,3320792,01/06/1980,QA1AA1AW01A0001,1,EQMT_SSEE_3220126,1
032,112025,3320799,1,7404,3,1,3320799,0,1,1,1,3320799,01/06/1980,QA1AA1AW01A0001,1,EQMT_SSEE_3220130,1
032,112025,3320806,1,7404,3,1,3320806,0,1,1,1,3320806,01/05/1987,QA1AA1AW01A0002,1,EQMT_SSEE_3220138,1
032,112025,3320813,1,7404,3,1,3320813,0,1,1,1,3320813,01/05/1987,QA1AA1AW01A0002,1,EQMT_SSEE_3220134,1
032,112025,3320820,1,7404,3,1,3320820,0,1,1,1,3320820,01/07/1969,QA3AA1AW03A0001,1,EQMT_SSEE_3218078,1
032,112025,3320834,1,7404,3,1,3320834,0,1,1,1,3320834,01/06/1965,QA3AA1AW03A0001,1,EQMT_SSEE_3218102,1
032,112025,3320841,1,7404,3,1,3320841,0,1,1,1,3320841,01/07/1969,QA2AA1AW02A0001,1,EQMT_SSEE_3218074,1
032,112025,3320848,1,7404,3,1,3320848,0,1,1,1,3320848,01/05/1987,QA1AA1AW01A0001,1,EQMT_SSEE_3220302,1
032,112025,3320855,1,7404,3,1,3320855,0,1,1,1,3320855,01/09/1982,QA2AA1AW02A0001,1,EQMT_SSEE_3218094,1
032,112025,3320862,1,7404,3,1,3320862,0,1,1,1,3320862,01/06/1980,QA1AA1AW01A0001,1,EQMT_SSEE_3221286,1
032,112025,3320869,1,7404,3,1,3320869,0,1,1,1,3320869,01/09/1982,QA1AA1AW01A0001,1,EQMT_SSEE_3220022,1
032,112025,3320876,1,7404,3,1,3320876,0,1,1,1,3320876,01/06/1980,QA1AA1AW01A0002,1,EQMT_SSEE_3220838,1
032,112025,3320883,1,7404,3,1,3320883,0,1,1,1,3320883,01/06/1980,QA1AA1AW01A0001,1,EQMT_SSEE_3220842,1
032,112025,3320897,1,7404,3,1,3320897,0,1,1,1,3320897,01/06/1965,QA2AA1AW02A0001,1,EQMT_SSEE_3220474,1
032,112025,3320904,1,7404,3,1,3320904,0,1,1,1,3320904,01/05/1987,QA1AA1AW01A0002,1,EQMT_SSEE_3220306,1
032,112025,3320911,1,7404,3,1,3320911,0,1,1,1,3320911,01/05/1987,QA1AA1AW01A0001,1,EQMT_SSEE_3220406,1
032,112025,3320918,1,7404,3,1,3320918,0,1,1,1,3320918,01/06/1980,QA1AA1AW01A0002,1,EQMT_SSEE_3223354,1
032,112025,3320925,1,7404,3,1,3320925,0,1,1,1,3320925,01/06/1980,QA1AA1AW01A0002,1,EQMT_SSEE_3220862,1
032,112025,3320932,1,7404,3,1,3320932,0,1,1,1,3320932,01/05/1981,QA1AA1AW01A0001,1,EQMT_SSEE_3220866,1
032,112025,3320946,1,7404,3,1,3320946,0,1,1,1,3320946,01/05/1987,QA1AA1AW01A0001,1,EQMT_SSEE_3220294,1
032,112025,3320953,1,7404,3,1,3320953,0,1,1,1,3320953,01/05/1987,QA1AA1AW01A0001,1,EQMT_SSEE_3221278,1
032,112025,3320967,1,7404,3,1,3320967,0,4,1,1,3320967,01/06/1980,QA3AA1AW03A0002,1,EQMT_SSEE_3222750,1
032,112025,3320974,1,7404,3,1,3320974,0,1,1,1,3320974,01/06/1980,QA2AA1AW02A0001,1,EQMT_SSEE_3220702,1
032,112025,3320981,1,7404,3,1,3320981,0,1,1,1,3320981,01/06/1980,QA2AA1AW02A0001,1,EQMT_SSEE_3219570,1
032,112025,3320988,1,7404,3,1,3320988,0,1,1,1,3320988,01/06/1980,QA1AA1AW01A0002,1,EQMT_SSEE_3219486,1
032,112025,3320995,1,7404,3,1,3320995,0,1,1,1,3320995,01/06/1980,QA1AA1AW01A0001,1,EQMT_SSEE_3220334,1
032,112025,3321002,1,7404,3,1,3321002,0,1,1,1,3321002,01/10/1982,QA1AA1AW01A0002,1,EQMT_SSEE_3218918,1
032,112025,3321009,1,7404,3,1,3321009,0,1,1,1,3321009,01/05/1981,QA1AA1AW01A0001,1,EQMT_SSEE_3220262,1
032,112025,3321016,1,7404,3,1,3321016,0,1,1,1,3321016,01/05/1981,QA1AA1AW01A0001,1,EQMT_SSEE_3220442,1
032,112025,3321023,1,7404,3,1,3321023,0,1,1,1,3321023,01/05/1981,QA1AA1AW01A0001,1,EQMT_SSEE_3219598,1
032,112025,3321030,1,7404,3,1,3321030,0,1,1,1,3321030,01/05/1981,QA1AA1AW01A0002,1,EQMT_SSEE_3223710,1
032,112025,3321037,1,7404,3,1,3321037,0,1,1,1,3321037,01/05/1987,QA2AA1AW02A0001,1,EQMT_SSEE_3221214,1
032,112025,3321044,1,7404,3,1,3321044,0,1,1,1,3321044,01/05/1987,QA2AA1AW02A0001,1,EQMT_SSEE_3221418,1
032,112025,3321051,1,7404,3,1,3321051,0,1,1,1,3321051,01/05/1987,QA2AA1AW02A0001,1,EQMT_SSEE_3221514,1
032,112025,3321058,1,7404,3,1,3321058,0,1,1,1,3321058,01/05/1987,QA2AA1AW02A0001,1,EQMT_SSEE_3223714,1
032,112025,3321065,1,7404,3,1,3321065,0,1,1,1,3321065,01/06/1980,QA2AA1AW02A0001,1,EQ_MT_SED1520,1
032,112025,3321079,1,7404,3,1,3321079,0,1,1,1,3321079,01/10/2001,QA2AA1AW02A0001,1,EQMT_SSEE_3223542,1
032,112025,3321086,1,7404,3,1,3321086,0,1,1,1,3321086,01/03/1986,QA2AA1AW02A0001,1,EQMT_SSEE_3219254,1
032,112025,3321093,1,7404,3,1,3321093,0,1,1,1,3321093,01/03/1986,QA1AA1AW01A0002,1,EQMT_SSEE_3219258,1
032,112025,3321114,1,7404,3,1,3321114,0,1,1,1,3321114,01/05/1987,QA2AA1AW02A0001,1,EQMT_SSEE_3221266,1
032,112025,3321121,1,7404,3,1,3321121,0,1,1,1,3321121,01/05/1987,QA2AA1AW02A0001,1,EQMT_SSEE_3221270,1
032,112025,3321128,1,7404,3,1,3321128,0,1,1,1,3321128,01/05/1987,QA2AA1AW02A0001,1,EQMT_SSEE_3221274,1
032,112025,3321135,1,7404,3,1,3321135,0,1,1,1,3321135,01/06/1980,QA1AA1AW01A0002,1,EQMT_SSEE_3219234,1
032,112025,3321149,1,7404,3,1,3321149,0,1,1,1,3321149,01/05/1987,QA2AA1AW02A0001,1,EQMT_SSEE_3221190,1
032,112025,3321156,1,7404,3,1,3321156,0,1,1,1,3321156,01/05/1987,QA2AA1AW02A0001,1,EQMT_SSEE_3221194,1
032,112025,3321163,1,7404,3,1,3321163,0,1,1,1,3321163,01/05/1987,QA2AA1AW02A0001,1,EQMT_SSEE_3221198,1
032,112025,3321170,1,7404,3,1,3321170,0,1,1,1,3321170,01/05/1987,QA2AA1AW02A0001,1,EQMT_SSEE_3221202,1
032,112025,3321177,1,7404,3,1,3321177,0,1,1,1,3321177,01/05/1987,QA2AA1AW02A0001,1,EQMT_SSEE_3221206,1
032,112025,3321184,1,7404,3,1,3321184,0,1,1,1,3321184,01/02/1987,QA1AA1AW01A0002,1,EQMT_SSEE_3222022,1
032,112025,3321191,1,7404,3,1,3321191,0,1,1,1,3321191,01/02/1987,QA1AA1AW01A0001,1,EQMT_SSEE_3222950,1
032,112025,3321198,1,7404,3,1,3321198,0,1,1,1,3321198,01/02/1987,QA1AA1AW01A0001,1,EQMT_SSEE_3220338,1
032,112025,3321205,1,7404,3,1,3321205,0,1,1,1,3321205,01/02/1998,QA2AA1AW02A0001,1,EQMT_SSEE_3220494,1
032,112025,3321212,1,7404,3,1,3321212,0,1,1,1,3321212,01/01/1987,QA1AA1AW01A0001,1,EQMT_SSEE_3219578,1
032,112025,3321219,1,7404,3,1,3321219,0,1,1,1,3321219,01/06/1965,QA2AA1AW02A0001,1,EQMT_SSEE_3220562,1
032,112025,3321233,1,7404,3,1,3321233,0,1,1,1,3321233,01/05/1987,QA1AA1AW01A0001,1,EQMT_SSEE_3222666,1
032,112025,3321261,1,7404,3,1,3321261,0,1,1,1,3321261,01/09/1988,QA1AA1AW01A0001,1,EQMT_SSEE_3219522,1
032,112025,3321268,1,7404,3,1,3321268,0,4,1,1,3321268,01/09/1988,QA3AA1AW03A0002,1,EQMT_SSEE_3223358,1
032,112025,3321289,1,7404,3,1,3321289,0,1,1,1,3321289,01/06/1991,QA2AA1AW02A0001,1,EQMT_SSEE_3222034,1
032,112025,3321296,1,7404,3,1,3321296,0,1,1,1,3321296,01/12/1982,QA1AA1AW01A0002,1,EQMT_SSEE_3218906,1
032,112025,3321303,1,7404,3,1,3321303,0,1,1,1,3321303,01/10/1969,QA2AA1AW02A0001,1,EQMT_SSEE_3220738,1
032,112025,3321310,1,7404,3,1,3321310,0,1,1,1,3321310,01/01/1980,QA2AA1AW02A0001,1,EQMT_SSEE_3221302,1
032,112025,3321317,1,7404,3,1,3321317,0,1,1,1,3321317,01/01/1980,QA2AA1AW02A0001,1,EQMT_SSEE_3221238,1
032,112025,3321324,1,7404,3,1,3321324,0,1,1,1,3321324,01/01/1980,QA1AA1AW01A0002,1,EQMT_SSEE_3220402,1
032,112025,3321331,1,7404,3,1,3321331,0,1,1,1,3321331,01/01/1980,QA2AA1AW02A0001,1,EQMT_SSEE_3219230,1
032,112025,3321338,1,7404,3,1,3321338,0,1,1,1,3321338,01/10/1969,QA2AA1AW02A0001,1,EQMT_SSEE_3218138,1
032,112025,3321345,1,7404,3,1,3321345,0,1,1,1,3321345,01/10/1969,QA2AA1AW02A0001,1,EQMT_SSEE_3220410,1
032,112025,3321352,1,7404,3,1,3321352,0,1,1,1,3321352,01/01/1980,QA2AA1AW02A0001,1,EQMT_SSEE_3221254,1
032,112025,3321359,1,7404,3,1,3321359,0,1,1,1,3321359,01/01/1980,QA1AA1AW01A0001,1,EQMT_SSEE_3221258,1
032,112025,3321366,1,7404,3,1,3321366,0,1,1,1,3321366,01/01/1980,QA2AA1AW02A0001,1,EQMT_SSEE_3223726,1
032,112025,3321373,1,7404,3,1,3321373,0,1,1,1,3321373,01/01/1980,QA2AA1AW02A0001,1,EQMT_SSEE_3222198,1
032,112025,3321380,1,7404,3,1,3321380,0,1,1,1,3321380,01/10/1969,QA2AA1AW02A0001,1,EQMT_SSEE_3218142,1
032,112025,3321387,1,7404,3,1,3321387,0,1,1,1,3321387,01/10/1969,QA1AA1AW01A0002,1,EQMT_SSEE_3218146,1
032,112025,3321394,1,7404,3,1,3321394,0,1,1,1,3321394,01/01/1980,QA2AA1AW02A0001,1,EQMT_SSEE_3221250,1
032,112025,3321401,1,7404,3,1,3321401,0,1,1,1,3321401,01/01/1980,QA2AA1AW02A0001,1,EQMT_SSEE_3221246,1
032,112025,3321408,1,7404,3,1,3321408,0,1,1,1,3321408,01/01/1980,QA2AA1AW02A0001,1,EQMT_SSEE_3222202,1
032,112025,3321415,1,7404,3,1,3321415,0,1,1,1,3321415,01/01/1980,QA2AA1AW02A0001,1,EQMT_SSEE_3222206,1
032,112025,3321422,1,7404,3,1,3321422,0,1,1,1,3321422,01/06/1991,QA2AA1AW02A0001,1,EQMT_SSEE_3222790,1
032,112025,3321429,1,7404,3,1,3321429,0,1,1,1,3321429,01/09/1991,QA2AA1AW02A0001,1,EQMT_SSEE_3223010,1
032,112025,3321436,1,7404,3,1,3321436,0,1,1,1,3321436,01/09/1991,QA1AA1AW01A0001,1,EQMT_SSEE_3219266,1
032,112025,3321443,1,7404,3,1,3321443,0,1,1,1,3321443,01/06/1991,QA1AA1AW01A0001,1,EQMT_SSEE_3221438,1
032,112025,3321450,1,7404,3,1,3321450,0,1,1,1,3321450,01/10/1968,QA2AA1AW02A0001,1,EQMT_SSEE_3218118,1
032,112025,3321457,1,7404,3,1,3321457,0,4,1,1,3321457,01/10/1968,QA3AA1AW03A0005,1,EQMT_SSEE_3220762,1
032,112025,3321464,1,7404,3,1,3321464,0,1,1,1,3321464,01/05/1960,QA3AA1AW03A0001,1,EQMT_SSEE_3218122,1
032,112025,3321478,1,7404,3,1,3321478,0,1,1,1,3321478,01/12/1982,QA1AA1AW01A0001,1,EQMT_SSEE_3220230,1
032,112025,3321485,1,7404,3,1,3321485,0,1,1,1,3321485,01/06/1991,QA2AA1AW02A0001,1,EQMT_SSEE_3223730,1
032,112025,3321492,1,7404,3,1,3321492,0,1,1,1,3321492,01/06/1991,QA2AA1AW02A0001,1,EQMT_SSEE_3222014,1
032,112025,3321499,1,7404,3,1,3321499,0,1,1,1,3321499,01/10/1968,QA3AA1AW03A0002,1,EQMT_SSEE_3222218,1
032,112025,3321506,1,7404,3,1,3321506,0,1,1,1,3321506,01/10/1968,QA2AA1AW02A0001,1,EQMT_SSEE_3220554,1
032,112025,3321513,1,7404,3,1,3321513,0,1,1,1,3321513,01/10/1968,QA1AA1AW01A0002,1,EQMT_SSEE_3220546,1
032,112025,3321520,1,7404,3,1,3321520,0,1,1,1,3321520,01/10/1968,QA1AA1AW01A0001,1,EQMT_SSEE_3220550,1
032,112025,3321527,1,7404,3,1,3321527,0,1,1,1,3321527,01/12/1982,QA1AA1AW01A0001,1,EQMT_SSEE_3218914,1
032,112025,3321534,1,7404,3,1,3321534,0,1,1,1,3321534,01/12/1982,QA2AA1AW02A0001,1,EQMT_SSEE_3218910,1
032,112025,3321548,1,7404,3,1,3321548,0,1,1,1,3321548,01/05/1960,QA2AA1AW02A0001,1,EQMT_SSEE_3221502,1
032,112025,3321555,1,7404,3,1,3321555,0,1,1,1,3321555,01/10/1968,QA2AA1AW02A0001,1,EQMT_SSEE_3221506,1
032,112025,3321569,1,7404,3,1,3321569,0,1,1,1,3321569,01/10/1968,QA3AA1AW03A0003,1,EQMT_SSEE_3218738,1
032,112025,3321576,1,7404,3,1,3321576,0,1,1,1,3321576,01/10/1968,QA3AA1AW03A0002,1,EQMT_SSEE_3218114,1
032,112025,3321583,1,7404,3,1,3321583,0,1,1,1,3321583,01/12/1986,QA1AA1AW01A0002,1,EQMT_SSEE_3220814,1
032,112025,3321590,1,7404,3,1,3321590,0,1,1,1,3321590,01/12/1986,QA1AA1AW01A0001,1,EQMT_SSEE_3221854,1
032,112025,3321597,1,7404,3,1,3321597,0,1,1,1,3321597,01/12/1986,QA1AA1AW01A0001,1,EQMT_SSEE_3221858,1
032,112025,3321604,1,7403,3,1,3321604,0,1,1,1,3321604,01/01/1980,QA3AA1AW03A0002,1,EQMT_SSEE_3220710,1
032,112025,3321611,1,7404,3,1,3321611,0,1,1,1,3321611,01/01/1980,QA1AA1AW01A0001,1,EQMT_SSEE_3218134,1
032,112025,3321618,1,7404,3,1,3321618,0,1,1,1,3321618,01/02/1987,QA1AA1AW01A0001,1,EQMT_SSEE_3220370,1
032,112025,3321625,1,7404,3,1,3321625,0,1,1,1,3321625,01/10/2001,QA2AA1AW02A0001,1,EQMT_SSEE_3219582,1
032,112025,3321632,1,7404,3,1,3321632,0,4,1,1,3321632,01/10/2001,QA3AA1AW03A0002,1,EQMT_SSEE_3223310,1
032,112025,3321639,1,7404,3,1,3321639,0,4,1,1,3321639,01/05/2001,QA3AA1AW03A0005,1,EQMT_SSEE_3223374,1
032,112025,3321646,1,7404,3,1,3321646,0,1,1,1,3321646,01/12/2001,QA1AA1AW01A0001,1,EQMT_SSEE_3223550,1
032,112025,3321653,1,7404,3,1,3321653,0,1,1,1,3321653,01/06/1965,QA3AA1AW03A0001,1,EQMT_SSEE_3218734,1
032,112025,3321660,1,7404,3,1,3321660,0,1,1,1,3321660,01/10/2001,QA3AA1AW03A0001,1,EQMT_SSEE_3217890,1
032,112025,3321667,1,7404,3,1,3321667,0,1,1,1,3321667,01/01/1998,QA3AA1AW03A0002,1,EQMT_SSEE_3223302,1
032,112025,3321674,1,7404,3,1,3321674,0,4,1,1,3321674,01/03/2002,QA3AA1AW03A0010,1,EQMT_SSEE_3223750,1
032,112025,3321681,1,7404,3,1,3321681,0,1,1,1,3321681,01/04/2002,QA2AA1AW02A0001,1,EQMT_SSEE_3223646,1
032,112025,3321688,1,7404,3,1,3321688,0,1,1,1,3321688,01/04/2002,QA1AA1AW01A0001,1,EQMT_SSEE_3223746,1
032,112025,3321695,1,7404,3,1,3321695,0,1,1,1,3321695,01/05/1986,QA1AA1AW01A0001,1,EQMT_SSEE_3223866,1
032,112025,3321702,1,7404,3,1,3321702,0,1,1,1,3321702,01/05/1986,QA1AA1AW01A0001,1,EQMT_SSEE_3219702,1
032,112025,3321709,1,7404,3,1,3321709,0,1,1,1,3321709,01/05/1986,QA1AA1AW01A0001,1,EQMT_SSEE_3223870,1
032,112025,3321716,1,7404,3,1,3321716,0,1,1,1,3321716,01/05/1986,QA1AA1AW01A0001,1,EQMT_SSEE_3223874,1
032,112025,3321723,1,7404,3,1,3321723,0,1,1,1,3321723,01/06/1980,QA1AA1AW01A0001,1,EQMT_SSEE_3224258,1
032,112025,3321730,1,7404,3,1,3321730,0,1,1,1,3321730,01/10/1978,QA2AA1AW02A0001,1,EQMT_SSEE_3224254,1
032,112025,3321737,1,7404,3,1,3321737,0,1,1,1,3321737,01/04/2003,QA1AA1AW01A0001,1,EQMT_SSEE_3224142,1
032,112025,3321744,1,7404,3,1,3321744,0,1,1,1,3321744,01/04/2003,QA1AA1AW01A0001,1,EQMT_SSEE_3224138,1
032,112025,3321751,1,7404,3,1,3321751,0,4,1,1,3321751,01/04/2003,QA3AA1AW03A0003,1,EQMT_SSEE_3224134,1
032,112025,3321758,1,7404,3,1,3321758,0,1,1,1,3321758,01/01/2003,QA2AA1AW02A0001,1,EQMT_SSEE_3224046,1
032,112025,3321765,1,7404,3,1,3321765,0,1,1,1,3321765,01/03/2003,QA1AA1AW01A0001,1,EQMT_SSEE_3224126,1
032,112025,3321779,1,7404,3,1,3321779,0,4,1,1,3321779,01/12/2003,QA3AA1AW03A0003,1,EQMT_SSEE_3224190,1
032,112025,3321786,1,7404,3,1,3321786,0,4,1,1,3321786,01/12/2003,QA1AA1AW01A0001,1,EQMT_SSEE_3224182,1
032,112025,3321793,1,7404,3,1,3321793,0,1,1,1,3321793,01/12/2003,QA1AA1AW01A0001,1,EQMT_SSEE_3224178,1
032,112025,3321800,1,7404,3,1,3321800,0,1,1,1,3321800,01/12/2003,QA2AA1AW02A0001,1,EQMT_SSEE_3224222,1
032,112025,3321807,1,7404,3,1,3321807,0,1,1,1,3321807,01/12/2003,QA2AA1AW02A0001,1,EQMT_SSEE_3224226,1
032,112025,3321814,1,7404,3,1,3321814,0,1,1,1,3321814,01/12/2003,QA1AA1AW01A0001,1,EQMT_SSEE_3224230,1
032,112025,3321821,1,7404,3,1,3321821,0,1,1,1,3321821,01/12/2003,QA1AA1AW01A0001,1,EQMT_SSEE_3224218,1
032,112025,3321828,1,7404,3,1,3321828,0,1,1,1,3321828,01/12/2003,QA3AA1AW03A0003,1,EQMT_SSEE_3224246,1
032,112025,3321835,1,7404,3,1,3321835,0,1,1,1,3321835,01/02/2002,QA2AA1AW02A0001,1,EQMT_SSEE_3223638,1
032,112025,3321849,1,7405,3,1,3321849,0,1,1,1,3321849,01/07/2001,QA2AA1AW02A0001,1,EQMT_SSEE_3223426,1
032,112025,3321856,1,7405,3,1,3321856,0,1,1,1,3321856,01/10/1988,QA2AA1AW02A0001,1,EQMT_SSEE_3219882,1
032,112025,3321863,1,7405,3,1,3321863,0,1,1,1,3321863,01/10/1988,QA2AA1AW02A0001,1,EQMT_SSEE_3219886,1
032,112025,3321870,1,7405,3,1,3321870,0,1,1,1,3321870,01/10/1988,QA2AA1AW02A0001,1,EQMT_SSEE_3219890,1
032,112025,3321877,1,7405,3,1,3321877,0,1,1,1,3321877,01/10/1996,QA2AA1AW02A0001,1,EQMT_SSEE_3221878,1
032,112025,3321884,1,7405,3,1,3321884,0,1,1,1,3321884,01/10/1996,QA2AA1AW02A0001,1,EQMT_SSEE_3221882,1
032,112025,3321891,1,7405,3,1,3321891,0,1,1,1,3321891,01/10/1996,QA2AA1AW02A0001,1,EQMT_SSEE_3221890,1
032,112025,3321898,1,7405,3,1,3321898,0,1,1,1,3321898,01/10/1996,QA2AA1AW02A0001,1,EQMT_SSEE_3221886,1
032,112025,3321905,1,7405,3,1,3321905,0,1,1,1,3321905,01/10/1996,QA2AA1AW02A0001,1,EQ_MT_SED1564,1
032,112025,3321912,1,7405,3,1,3321912,0,1,1,1,3321912,01/10/1996,QA2AA1AW02A0001,1,EQMT_SSEE_3221898,1
032,112025,3321919,1,7405,3,1,3321919,0,1,1,1,3321919,01/10/1996,QA2AA1AW02A0001,1,EQMT_SSEE_3221906,1
032,112025,3321926,1,7405,3,1,3321926,0,1,1,1,3321926,01/10/1996,QA1AA1AW01A0001,1,EQMT_SSEE_3221902,1
032,112025,3321933,1,7405,3,1,3321933,0,1,1,1,3321933,01/10/1996,QA2AA1AW02A0001,1,EQMT_SSEE_3221910,1
032,112025,3321940,1,7405,3,1,3321940,0,1,1,1,3321940,01/10/1996,QA2AA1AW02A0001,1,EQMT_SSEE_3221914,1
032,112025,3321947,1,7405,3,1,3321947,0,1,1,1,3321947,01/10/1996,QA2AA1AW02A0001,1,EQMT_SSEE_3221918,1
032,112025,3321954,1,7405,3,1,3321954,0,1,1,1,3321954,01/10/1996,QA2AA1AW02A0001,1,EQMT_SSEE_3221930,1
032,112025,3321961,1,7405,3,1,3321961,0,1,1,1,3321961,01/10/1988,QA2AA1AW02A0001,1,EQMT_SSEE_3219894,1
032,112025,3321968,1,7405,3,1,3321968,0,1,1,1,3321968,01/10/1988,QA2AA1AW02A0001,1,EQMT_SSEE_3219898,1
032,112025,3321975,1,7405,3,1,3321975,0,1,1,1,3321975,01/10/1988,QA2AA1AW02A0001,1,EQMT_SSEE_3219902,1
032,112025,3321982,1,7405,3,1,3321982,0,1,1,1,3321982,01/10/1988,QA2AA1AW02A0001,1,EQMT_SSEE_3223410,1
032,112025,3321989,1,7405,3,1,3321989,0,1,1,1,3321989,01/10/1988,QA2AA1AW02A0001,1,EQMT_SSEE_3219906,1
032,112025,3321996,1,7405,3,1,3321996,0,1,1,1,3321996,01/10/1988,QA2AA1AW02A0001,1,EQMT_SSEE_3219910,1
032,112025,3322003,1,7405,3,1,3322003,0,1,1,1,3322003,01/10/1988,QA2AA1AW02A0001,1,EQMT_SSEE_3219930,1
032,112025,3322010,1,7405,3,1,3322010,0,1,1,1,3322010,01/10/1996,QA2AA1AW02A0001,1,EQMT_SSEE_3221926,1
032,112025,3322017,1,7405,3,1,3322017,0,1,1,1,3322017,01/10/1996,QA2AA1AW02A0001,1,EQMT_SSEE_3221922,1
032,112025,3322024,1,7405,3,1,3322024,0,1,1,1,3322024,01/10/1988,QA2AA1AW02A0001,1,EQMT_SSEE_3219926,1
032,112025,3322031,1,7405,3,1,3322031,0,1,1,1,3322031,01/11/1971,QA2AA1AW02A0001,1,EQMT_SSEE_3222090,1
032,112025,3322038,1,7405,3,1,3322038,0,1,1,1,3322038,01/08/1984,QA2AA1AW02A0001,1,EQMT_SSEE_3222074,1
032,112025,3322045,1,7405,3,1,3322045,0,1,1,1,3322045,01/08/1984,QA2AA1AW02A0001,1,EQMT_SSEE_3222078,1
032,112025,3322052,1,7405,3,1,3322052,0,1,1,1,3322052,01/08/1984,QA2AA1AW02A0001,1,EQMT_SSEE_3222082,1
032,112025,3322059,1,7405,3,1,3322059,0,1,1,1,3322059,01/08/1984,QA2AA1AW02A0001,1,EQMT_SSEE_3222086,1
032,112025,3322066,1,7405,3,1,3322066,0,1,1,1,3322066,01/10/1988,QA2AA1AW02A0001,1,EQMT_SSEE_3219922,1
032,112025,3322073,1,7405,3,1,3322073,0,1,1,1,3322073,01/08/1984,QA2AA1AW02A0001,1,EQMT_SSEE_3223274,1
032,112025,3322087,1,7405,3,1,3322087,0,1,1,1,3322087,01/10/1988,QA2AA1AW02A0001,1,EQMT_SSEE_3220682,1
032,112025,3322101,1,7405,3,1,3322101,0,1,1,1,3322101,01/10/1988,QA1AA1AW01A0001,1,EQMT_SSEE_3219918,1
032,112025,3322108,1,7405,3,1,3322108,0,1,1,1,3322108,01/08/1984,QA2AA1AW02A0001,1,EQMT_SSEE_3221018,1
032,112025,3322115,1,7405,3,1,3322115,0,4,1,1,3322115,01/08/1984,QA3AA1AW03A0005,1,EQMT_SSEE_3220438,1
032,112025,3322122,1,7405,3,1,3322122,0,1,1,1,3322122,01/08/1984,QA2AA1AW02A0001,1,EQMT_SSEE_3223942,1
032,112025,3322129,1,7405,3,1,3322129,0,1,1,1,3322129,01/08/1984,QA2AA1AW02A0001,1,EQMT_SSEE_3222070,1
032,112025,3322136,1,7405,3,1,3322136,0,1,1,1,3322136,01/08/1984,QA2AA1AW02A0001,1,EQMT_SSEE_3222066,1
032,112025,3322143,1,7405,3,1,3322143,0,1,1,1,3322143,01/08/1991,QA3AA1AW03A0003,1,EQMT_SSEE_3218062,1
032,112025,3322150,1,7405,3,1,3322150,0,1,1,1,3322150,01/08/1991,QA2AA1AW02A0001,1,EQMT_SSEE_3219006,1
032,112025,3322157,1,7405,3,1,3322157,0,1,1,1,3322157,01/06/1991,QA3AA1AW03A0001,1,EQMT_SSEE_3220462,1
032,112025,3322164,1,7405,3,1,3322164,0,1,1,1,3322164,01/06/1991,QA2AA1AW02A0001,1,EQMT_SSEE_3222142,1
032,112025,3322171,1,7405,3,1,3322171,0,1,1,1,3322171,01/06/1991,QA2AA1AW02A0001,1,EQMT_SSEE_3221218,1
032,112025,3322178,1,7405,3,1,3322178,0,1,1,1,3322178,01/08/1991,QA1AA1AW01A0001,1,EQMT_SSEE_3220186,1
032,112025,3322185,1,7405,3,1,3322185,0,1,1,1,3322185,01/07/2001,QA2AA1AW02A0001,1,EQMT_SSEE_3223430,1
032,112025,3322192,1,7405,3,1,3322192,0,1,1,1,3322192,01/06/1991,QA1AA1AW01A0001,1,EQMT_SSEE_3221074,1
032,112025,3322199,1,7405,3,1,3322199,0,1,1,1,3322199,01/08/1991,QA1AA1AW01A0001,1,EQMT_SSEE_3219298,1
032,112025,3322206,1,7405,3,1,3322206,0,1,1,1,3322206,01/08/1991,QA1AA1AW01A0002,1,EQMT_SSEE_3220214,1
032,112025,3322213,1,7405,3,1,3322213,0,1,1,1,3322213,01/09/1991,QA2AA1AW02A0001,1,EQMT_SSEE_3222602,1
032,112025,3322220,1,7405,3,1,3322220,0,1,1,1,3322220,01/06/1991,QA3AA1AW03A0003,1,EQMT_SSEE_3220110,1
032,112025,3322227,1,7405,3,1,3322227,0,1,1,1,3322227,01/01/1969,QA3AA1AW03A0002,1,EQMT_SSEE_3221610,1
032,112025,3322248,1,7405,3,1,3322248,0,1,1,1,3322248,01/09/1991,QA1AA1AW01A0001,1,EQMT_SSEE_3220102,1
032,112025,3322255,1,7405,3,1,3322255,0,1,1,1,3322255,01/09/1991,QA1AA1AW01A0002,1,EQMT_SSEE_3220106,1
032,112025,3322262,1,7405,3,1,3322262,0,1,1,1,3322262,01/08/1991,QA3AA1AW03A0001,1,EQMT_SSEE_3218998,1
032,112025,3322269,1,7405,3,1,3322269,0,1,1,1,3322269,01/06/1991,QA3AA1AW03A0002,1,EQMT_SSEE_3222258,1
032,112025,3322276,1,7405,3,1,3322276,0,1,1,1,3322276,01/06/1991,QA2AA1AW02A0001,1,EQMT_SSEE_3222174,1
032,112025,3322283,1,7405,3,1,3322283,0,1,1,1,3322283,01/06/1991,QA2AA1AW02A0001,1,EQMT_SSEE_3221774,1
032,112025,3322290,1,7405,3,1,3322290,0,1,1,1,3322290,01/09/1981,QA1AA1AW01A0001,1,EQMT_SSEE_3219354,1
032,112025,3322297,1,7405,3,1,3322297,0,1,1,1,3322297,01/09/1981,QA2AA1AW02A0001,1,EQMT_SSEE_3219342,1
032,112025,3322304,1,7405,3,1,3322304,0,1,1,1,3322304,01/09/1981,QA1AA1AW01A0001,1,EQMT_SSEE_3219346,1
032,112025,3322311,1,7405,3,1,3322311,0,1,1,1,3322311,01/02/1986,QA1AA1AW01A0001,1,EQMT_SSEE_3220962,1
032,112025,3322318,1,7405,3,1,3322318,0,1,1,1,3322318,01/09/1981,QA1AA1AW01A0001,1,EQMT_SSEE_3219350,1
032,112025,3322374,1,7405,3,1,3322374,0,1,1,1,3322374,01/09/1991,QA2AA1AW02A0001,1,EQMT_SSEE_3223854,1
032,112025,3322388,1,7405,3,1,3322388,0,1,1,1,3322388,01/09/1991,QA2AA1AW02A0001,1,EQMT_SSEE_3223682,1
032,112025,3322402,1,7405,3,1,3322402,0,1,1,1,3322402,01/06/1991,QA2AA1AW02A0001,1,EQMT_SSEE_3221946,1
032,112025,3322416,1,7405,3,1,3322416,0,1,1,1,3322416,01/06/1991,QA3AA1AW03A0002,1,EQMT_SSEE_3218054,1
032,112025,3322430,1,7405,3,1,3322430,0,1,1,1,3322430,01/01/1969,QA2AA1AW02A0001,1,EQMT_SSEE_3223690,1
032,112025,3322437,1,7405,3,1,3322437,0,1,1,1,3322437,01/09/1991,QA2AA1AW02A0002,1,EQMT_SSEE_3218762,1
032,112025,3322458,1,7405,3,1,3322458,0,1,1,1,3322458,01/10/1988,QA1AA1AW01A0002,1,EQMT_SSEE_3219914,1
032,112025,3322465,1,7405,3,1,3322465,0,1,1,1,3322465,01/08/1984,QA1AA1AW01A0001,1,EQMT_SSEE_3221310,1
032,112025,3322507,1,7405,3,1,3322507,0,1,1,1,3322507,01/08/1984,QA2AA1AW02A0001,1,EQMT_SSEE_3222010,1
032,112025,3322514,1,7405,3,1,3322514,0,1,1,1,3322514,01/05/1966,QA2AA1AW02A0001,1,EQMT_SSEE_3222246,1
032,112025,3322521,1,7405,3,1,3322521,0,1,1,1,3322521,01/05/1966,QA2AA1AW02A0001,1,EQMT_SSEE_3218534,1
032,112025,3322528,1,7405,3,1,3322528,0,1,1,1,3322528,01/02/1987,QA1AA1AW01A0001,1,EQMT_SSEE_3219862,1
032,112025,3322535,1,7405,3,1,3322535,0,1,1,1,3322535,01/08/1986,QA1AA1AW01A0002,1,EQMT_SSEE_3219290,1
032,112025,3322542,1,7405,3,1,3322542,0,1,1,1,3322542,01/02/1969,QA2AA1AW02A0002,1,EQMT_SSEE_3218066,1
032,112025,3322549,1,7405,3,1,3322549,0,4,1,1,3322549,01/11/1971,QA3AA1AW03A0001,1,EQMT_SSEE_3226642,1
032,112025,3322556,1,7405,3,1,3322556,0,1,1,1,3322556,01/09/1981,QA1AA1AW01A0002,1,EQMT_SSEE_3219358,1
032,112025,3322563,1,7405,3,1,3322563,0,1,1,1,3322563,01/08/1984,QA1AA1AW01A0001,1,EQMT_SSEE_3222150,1
032,112025,3322570,1,7405,3,1,3322570,0,1,1,1,3322570,01/09/1981,QA1AA1AW01A0001,1,EQMT_SSEE_3219366,1
032,112025,3322577,1,7405,3,1,3322577,0,1,1,1,3322577,01/09/1981,QA1AA1AW01A0002,1,EQMT_SSEE_3219362,1
032,112025,3322584,1,7405,3,1,3322584,0,1,1,1,3322584,01/06/1991,QA2AA1AW02A0001,1,EQMT_SSEE_3221434,1
032,112025,3322591,1,7405,3,1,3322591,0,1,1,1,3322591,01/02/1969,QA3AA1AW03A0002,1,EQMT_SSEE_3218070,1
032,112025,3322598,1,7405,3,1,3322598,0,1,1,1,3322598,01/06/1991,QA1AA1AW01A0002,1,EQMT_SSEE_3220258,1
032,112025,3322605,1,7405,3,1,3322605,0,4,1,1,3322605,01/06/1991,QA3AA1AW03A0003,1,EQMT_SSEE_3219710,1
032,112025,3322612,1,7405,3,1,3322612,0,1,1,1,3322612,01/06/1991,QA2AA1AW02A0001,1,EQMT_SSEE_3223706,1
032,112025,3322619,1,7405,3,1,3322619,0,1,1,1,3322619,01/03/1966,QA3AA1AW03A0001,1,EQMT_SSEE_3218170,1
032,112025,3322626,1,7405,3,1,3322626,0,1,1,1,3322626,01/11/1971,QA1AA1AW01A0002,1,EQMT_SSEE_3223574,1
032,112025,3322633,1,7405,3,1,3322633,0,1,1,1,3322633,01/03/1966,QA2AA1AW02A0001,1,EQMT_SSEE_3221082,1
032,112025,3322640,1,7405,3,1,3322640,0,1,1,1,3322640,01/03/1966,QA2AA1AW02A0001,1,EQMT_SSEE_3218174,1
032,112025,3322647,1,7405,3,1,3322647,0,1,1,1,3322647,01/08/1986,QA3AA1AW03A0001,1,EQMT_SSEE_3223794,1
032,112025,3322654,1,7405,3,1,3322654,0,4,1,1,3322654,01/08/1986,QA3AA1AW03A0005,1,EQMT_SSEE_3222978,1
032,112025,3322661,1,7405,3,1,3322661,0,1,1,1,3322661,01/07/2001,QA2AA1AW02A0001,1,EQMT_SSEE_3223446,1
032,112025,3322668,1,7405,3,1,3322668,0,1,1,1,3322668,01/07/2001,QA2AA1AW02A0001,1,EQMT_SSEE_3223450,1
032,112025,3322675,1,7405,3,1,3322675,0,1,1,1,3322675,01/07/2001,QA2AA1AW02A0001,1,EQMT_SSEE_3223454,1
032,112025,3322682,1,7405,3,1,3322682,0,1,1,1,3322682,01/06/1991,QA1AA1AW01A0001,1,EQMT_SSEE_3220322,1
032,112025,3322689,1,7405,3,1,3322689,0,1,1,1,3322689,01/06/1991,QA2AA1AW02A0001,1,EQMT_SSEE_3218166,1
032,112025,3322696,1,7405,3,1,3322696,0,1,1,1,3322696,01/03/1966,QA2AA1AW02A0001,1,EQMT_SSEE_3218178,1
032,112025,3322703,1,7405,3,1,3322703,0,1,1,1,3322703,01/08/1986,QA1AA1AW01A0001,1,EQMT_SSEE_3219286,1
032,112025,3322710,1,7405,3,1,3322710,0,1,1,1,3322710,01/09/1991,QA1AA1AW01A0002,1,EQMT_SSEE_3218150,1
032,112025,3322717,1,7405,3,1,3322717,0,1,1,1,3322717,01/07/2001,QA1AA1AW01A0002,1,EQMT_SSEE_3223422,1
032,112025,3322724,1,7405,3,1,3322724,0,1,1,1,3322724,01/08/1991,QA2AA1AW02A0001,1,EQMT_SSEE_3223734,1
032,112025,3322731,1,7405,3,1,3322731,0,4,1,1,3322731,01/06/1991,QA3AA1AW03A0001,1,EQMT_SSEE_3221014,1
032,112025,3322745,1,7405,3,1,3322745,0,1,1,1,3322745,01/07/2001,QA2AA1AW02A0001,1,EQMT_SSEE_3223442,1
032,112025,3322752,1,7405,3,1,3322752,0,1,1,1,3322752,01/09/1988,QA3AA1AW03A0001,1,EQMT_SSEE_3218050,1
032,112025,3322759,1,7405,3,1,3322759,0,1,1,1,3322759,01/10/1988,QA1AA1AW01A0001,1,EQMT_SSEE_3226350,1
032,112025,3322773,1,7405,3,1,3322773,0,1,1,1,3322773,01/06/1978,QA1AA1AW01A0001,1,EQMT_SSEE_3222098,1
032,112025,3322794,1,7405,3,1,3322794,0,1,1,1,3322794,01/12/1982,QA2AA1AW02A0001,1,EQMT_SSEE_3218926,1
032,112025,3322801,1,7405,3,1,3322801,0,1,1,1,3322801,01/06/1991,QA1AA1AW01A0001,1,EQMT_SSEE_3220986,1
032,112025,3322808,1,7405,3,1,3322808,0,1,1,1,3322808,01/12/1982,QA2AA1AW02A0001,1,EQMT_SSEE_3218902,1
032,112025,3322815,1,7405,3,1,3322815,0,1,1,1,3322815,01/08/1991,QA1AA1AW01A0001,1,EQMT_SSEE_3218158,1
032,112025,3322822,1,7405,3,1,3322822,0,1,1,1,3322822,01/08/1991,QA2AA1AW02A0001,1,EQMT_SSEE_3219002,1
032,112025,3322829,1,7405,3,1,3322829,0,1,1,1,3322829,01/06/1991,QA1AA1AW01A0001,1,EQMT_SSEE_3220650,1
032,112025,3322843,1,7405,3,1,3322843,0,1,1,1,3322843,01/06/1991,QA2AA1AW02A0001,1,EQMT_SSEE_3221370,1
032,112025,3322850,1,7405,3,1,3322850,0,1,1,1,3322850,01/06/1991,QA2AA1AW02A0002,1,EQMT_SSEE_3221378,1
032,112025,3322857,1,7405,3,1,3322857,0,1,1,1,3322857,01/06/1991,QA2AA1AW02A0001,1,EQMT_SSEE_3221374,1
032,112025,3322864,1,7405,3,1,3322864,0,1,1,1,3322864,01/06/1991,QA1AA1AW01A0002,1,EQMT_SSEE_3220094,1
032,112025,3322871,1,7405,3,1,3322871,0,1,1,1,3322871,01/06/1991,QA1AA1AW01A0001,1,EQMT_SSEE_3220090,1
032,112025,3322878,1,7405,3,1,3322878,0,1,1,1,3322878,01/06/1991,QA2AA1AW02A0001,1,EQMT_SSEE_3218670,1
032,112025,3322885,1,7405,3,1,3322885,0,4,1,1,3322885,01/08/1991,QA3AA1AW03A0002,1,EQMT_SSEE_3222266,1
032,112025,3322892,1,7405,3,1,3322892,0,1,1,1,3322892,01/08/1991,QA3AA1AW03A0001,1,EQMT_SSEE_3218162,1
032,112025,3322899,1,7405,3,1,3322899,0,4,1,1,3322899,01/06/1991,QA3AA1AW03A0002,1,EQMT_SSEE_3222662,1
032,112025,3322906,1,7405,3,1,3322906,0,1,1,1,3322906,01/06/1991,QA2AA1AW02A0001,1,EQMT_SSEE_3220774,1
032,112025,3322913,1,7405,3,1,3322913,0,4,1,1,3322913,01/06/1991,QA3AA1AW03A0001,1,EQMT_SSEE_3221626,1
032,112025,3322920,1,7405,3,1,3322920,0,1,1,1,3322920,01/06/1991,QA1AA1AW01A0001,1,EQMT_SSEE_3219870,1
032,112025,3322927,1,7405,3,1,3322927,0,1,1,1,3322927,01/06/1991,QA3AA1AW03A0001,1,EQMT_SSEE_3220994,1
032,112025,3322934,1,7405,3,1,3322934,0,1,1,1,3322934,01/06/1991,QA1AA1AW01A0001,1,EQMT_SSEE_3219750,1
032,112025,3322941,1,7405,3,1,3322941,0,1,1,1,3322941,01/06/1991,QA1AA1AW01A0001,1,EQMT_SSEE_3219754,1
032,112025,3322948,1,7405,3,1,3322948,0,1,1,1,3322948,01/07/2001,QA2AA1AW02A0001,1,EQMT_SSEE_3223458,1
032,112025,3322955,1,7405,3,1,3322955,0,1,1,1,3322955,01/06/1991,QA2AA1AW02A0001,1,EQMT_SSEE_3220606,1
032,112025,3322962,1,7405,3,1,3322962,0,1,1,1,3322962,01/03/1966,QA2AA1AW02A0001,1,EQMT_SSEE_3220158,1
032,112025,3322976,1,7405,3,1,3322976,0,1,1,1,3322976,01/07/2001,QA1AA1AW01A0001,1,EQMT_SSEE_3223398,1
032,112025,3322983,1,7405,3,1,3322983,0,1,1,1,3322983,01/07/2001,QA2AA1AW02A0001,1,EQMT_SSEE_3223622,1
032,112025,3322990,1,7405,3,1,3322990,0,1,1,1,3322990,01/07/2001,QA2AA1AW02A0001,1,EQMT_SSEE_3223418,1
032,112025,3322997,1,7405,3,1,3322997,0,1,1,1,3322997,01/07/2001,QA1AA1AW01A0001,1,EQMT_SSEE_3223414,1
032,112025,3323004,1,7405,3,1,3323004,0,1,1,1,3323004,01/07/2001,QA2AA1AW02A0001,1,EQMT_SSEE_3223462,1
032,112025,3323011,1,7405,3,1,3323011,0,1,1,1,3323011,01/07/2001,QA2AA1AW02A0001,1,EQMT_SSEE_3223466,1
032,112025,3323018,1,7405,3,1,3323018,0,1,1,1,3323018,01/07/2001,QA2AA1AW02A0001,1,EQMT_SSEE_3223470,1
032,112025,3323025,1,7404,3,1,3323025,0,1,1,1,3323025,01/07/2001,QA2AA1AW02A0001,1,EQMT_SSEE_3223474,1
032,112025,3323032,1,7405,3,1,3323032,0,1,1,1,3323032,01/08/1991,QA2AA1AW02A0001,1,EQMT_SSEE_3223738,1
032,112025,3323039,1,7405,3,1,3323039,0,1,1,1,3323039,01/06/1991,QA2AA1AW02A0001,1,EQMT_SSEE_3223826,1
032,112025,3323046,1,7405,3,1,3323046,0,1,1,1,3323046,01/06/1991,QA2AA1AW02A0001,1,EQMT_SSEE_3223830,1
032,112025,3323053,1,7405,3,1,3323053,0,1,1,1,3323053,01/03/1973,QA2AA1AW02A0001,1,EQMT_SSEE_3223834,1
032,112025,3323060,1,7405,3,1,3323060,0,1,1,1,3323060,01/06/1991,QA2AA1AW02A0001,1,EQMT_SSEE_3223838,1
032,112025,3323067,1,7405,3,1,3323067,0,1,1,1,3323067,01/06/1991,QA2AA1AW02A0001,1,EQMT_SSEE_3223842,1
032,112025,3323074,1,7405,3,1,3323074,0,1,1,1,3323074,01/06/1991,QA2AA1AW02A0001,1,EQMT_SSEE_3223858,1
032,112025,3323081,1,7405,3,1,3323081,0,1,1,1,3323081,01/11/1971,QA1AA1AW01A0001,1,EQMT_SSEE_3223890,1
032,112025,3323088,1,7405,3,1,3323088,0,1,1,1,3323088,01/11/1971,QA2AA1AW02A0001,1,EQMT_SSEE_3223906,1
032,112025,3323095,1,7405,3,1,3323095,0,1,1,1,3323095,01/11/1971,QA2AA1AW02A0001,1,EQMT_SSEE_3223862,1
032,112025,3323102,1,7405,3,1,3323102,0,1,1,1,3323102,01/09/1981,QA1AA1AW01A0001,1,EQMT_SSEE_3223910,1
032,112025,3323109,1,7405,3,1,3323109,0,1,1,1,3323109,01/10/1996,QA2AA1AW02A0001,1,EQMT_SSEE_3223922,1
032,112025,3323116,1,7405,3,1,3323116,0,1,1,1,3323116,01/06/1991,QA2AA1AW02A0001,1,EQMT_SSEE_3223934,1
032,112025,3323123,1,7405,3,1,3323123,0,1,1,1,3323123,01/01/2003,QA1AA1AW01A0001,1,EQMT_SSEE_3224034,1
032,112025,3323130,1,7405,3,1,3323130,0,1,1,1,3323130,01/01/2003,QA2AA1AW02A0001,1,EQMT_SSEE_3224418,1
032,112025,3323137,1,7405,3,1,3323137,0,1,1,1,3323137,01/01/2003,QA2AA1AW02A0001,1,EQMT_SSEE_3224062,1
032,112025,3323144,1,7405,3,1,3323144,0,1,1,1,3323144,31/12/2015,QA3AA1AW03A0002,1,EQMT_SSEE_3218770,1
032,112025,3323151,1,7405,3,1,3323151,0,4,1,1,3323151,01/08/2003,QA3AA1AW03A0001,1,EQMT_SSEE_3227678,1
032,112025,3323158,1,7405,3,1,3323158,0,1,1,1,3323158,01/12/2003,QA2AA1AW02A0001,1,EQMT_SSEE_3224194,1
032,112025,3323165,1,7405,3,1,3323165,0,1,1,1,3323165,01/12/2003,QA2AA1AW02A0001,1,EQMT_SSEE_3224210,1
032,112025,3323172,1,7405,3,1,3323172,0,1,1,1,3323172,01/12/2003,QA2AA1AW02A0001,1,EQMT_SSEE_3224214,1
032,112025,3323179,1,7404,3,1,3323179,0,1,1,1,3323179,01/01/1980,QA2AA1AW02A0001,1,EQMT_SSEE_3221242,1
032,112025,3323207,1,7403,3,1,3323207,0,1,1,1,3323207,01/01/1960,QA1AA1AW01A0002,1,EQMT_SSEE_3220890,1
032,112025,3323214,1,7403,3,1,3323214,0,1,1,1,3323214,01/07/1996,QA1AA1AW01A0002,1,EQMT_SSEE_3223610,1
032,112025,3323221,1,7404,3,1,3323221,0,1,1,1,3323221,01/10/1997,QA3AA1AW03A0002,1,EQMT_SSEE_3223754,1
032,112025,3323235,1,7405,3,1,3323235,0,1,1,1,3323235,01/01/1987,QA1AA1AW01A0001,1,EQMT_SSEE_3219854,1
032,112025,3323242,1,7405,3,1,3323242,0,1,1,1,3323242,01/01/1980,QA2AA1AW02A0001,1,EQMT_SSEE_3222146,1
032,112025,3323249,1,7405,3,1,3323249,0,1,1,1,3323249,01/01/1980,QA2AA1AW02A0001,1,EQMT_SSEE_3221714,1
032,112025,3323256,1,7405,3,1,3323256,0,1,1,1,3323256,01/09/1982,QA1AA1AW01A0002,1,EQMT_SSEE_3218922,1
032,112025,3323263,1,7405,3,1,3323263,0,1,1,1,3323263,01/09/1982,QA1AA1AW01A0002,1,EQMT_SSEE_3220190,1
032,112025,3323270,1,7405,3,1,3323270,0,1,1,1,3323270,01/09/1982,QA1AA1AW01A0001,1,EQMT_SSEE_3219850,1
032,112025,3323277,1,7405,3,1,3323277,0,1,1,1,3323277,01/01/1980,QA3AA1AW03A0005,1,EQMT_SSEE_3218554,1
032,112025,3323284,1,7405,3,1,3323284,0,1,1,1,3323284,01/05/1966,QA1AA1AW01A0001,1,EQMT_SSEE_3223902,1
032,112025,3323298,1,7405,3,1,3323298,0,1,1,1,3323298,01/01/1980,QA2AA1AW02A0001,1,EQMT_SSEE_3221806,1
032,112025,3323305,1,7405,3,1,3323305,0,1,1,1,3323305,01/01/1980,QA2AA1AW02A0001,1,EQMT_SSEE_3221802,1
032,112025,3323312,1,7405,3,1,3323312,0,1,1,1,3323312,01/11/1985,QA1AA1AW01A0001,1,EQMT_SSEE_3219222,1
032,112025,3323319,1,7405,3,1,3323319,0,1,1,1,3323319,01/05/1957,QA3AA1AW03A0002,1,EQMT_SSEE_3220694,1
032,112025,3323326,1,7405,3,1,3323326,0,1,1,1,3323326,01/05/1957,QA2AA1AW02A0001,1,EQMT_SSEE_3220718,1
032,112025,3323333,1,7405,3,1,3323333,0,1,1,1,3323333,01/08/1989,QA2AA1AW02A0001,1,EQMT_SSEE_3222710,1
032,112025,3323340,1,7405,3,1,3323340,0,1,1,1,3323340,01/06/1991,QA2AA1AW02A0001,1,EQMT_SSEE_3218370,1
032,112025,3323354,1,7405,3,1,3323354,0,1,1,1,3323354,01/06/1991,QA2AA1AW02A0001,1,EQMT_SSEE_3221114,1
032,112025,3323361,1,7405,3,1,3323361,0,1,1,1,3323361,01/09/1970,QA3AA1AW03A0001,1,EQMT_SSEE_3218378,1
032,112025,3323368,1,7405,3,1,3323368,0,1,1,1,3323368,01/09/1970,QA2AA1AW02A0001,1,EQMT_SSEE_3218790,1
032,112025,3323389,1,7405,3,1,3323389,0,1,1,1,3323389,01/01/1998,QA3AA1AW03A0001,1,EQMT_SSEE_3219766,1
032,112025,3323403,1,7405,3,1,3323403,0,1,1,1,3323403,01/01/1998,QA1AA1AW01A0002,1,EQMT_SSEE_3219414,1
032,112025,3323410,1,7405,3,1,3323410,0,1,1,1,3323410,01/01/1998,QA2AA1AW02A0001,1,EQMT_SSEE_3220326,1
032,112025,3323417,1,7405,3,1,3323417,0,1,1,1,3323417,01/08/1989,QA2AA1AW02A0001,1,EQMT_SSEE_3220098,1
032,112025,3323424,1,7405,3,1,3323424,0,1,1,1,3323424,01/01/1969,QA3AA1AW03A0002,1,EQMT_SSEE_3218546,1
032,112025,3323431,1,7405,3,1,3323431,0,1,1,1,3323431,01/01/1969,QA2AA1AW02A0001,1,EQMT_SSEE_3220754,1
032,112025,3323438,1,7405,3,1,3323438,0,1,1,1,3323438,01/01/1969,QA3AA1AW03A0005,1,EQMT_SSEE_3220254,1
032,112025,3323445,1,7405,3,1,3323445,0,1,1,1,3323445,01/12/1998,QA2AA1AW02A0001,1,EQMT_SSEE_3222742,1
032,112025,3323452,1,7405,3,1,3323452,0,1,1,1,3323452,01/01/1998,QA2AA1AW02A0001,1,EQMT_SSEE_3223554,1
032,112025,3323466,1,7405,3,1,3323466,0,1,1,1,3323466,01/12/1986,QA2AA1AW02A0001,1,EQMT_SSEE_3223382,1
032,112025,3323473,1,7405,3,1,3323473,0,1,1,1,3323473,01/12/1986,QA2AA1AW02A0001,1,EQMT_SSEE_3223386,1
032,112025,3323480,1,7405,3,1,3323480,0,1,1,1,3323480,01/12/1986,QA2AA1AW02A0001,1,EQMT_SSEE_3223390,1
032,112025,3323487,1,7405,3,1,3323487,0,1,1,1,3323487,01/01/1969,QA1AA1AW01A0002,1,EQMT_SSEE_3218362,1
032,112025,3323494,1,7405,3,1,3323494,0,1,1,1,3323494,01/06/1978,QA3AA1AW03A0001,1,EQMT_SSEE_3221098,1
032,112025,3323501,1,7405,3,1,3323501,0,1,1,1,3323501,01/10/1988,QA3AA1AW03A0002,1,EQMT_SSEE_3220014,1
032,112025,3323508,1,7405,3,1,3323508,0,1,1,1,3323508,01/10/1993,QA3AA1AW03A0001,1,EQMT_SSEE_3221038,1
032,112025,3323515,1,7405,3,1,3323515,0,1,1,1,3323515,01/01/1989,QA1AA1AW01A0002,1,EQMT_SSEE_3223594,1
032,112025,3323522,1,7405,3,1,3323522,0,1,1,1,3323522,01/04/1962,QA2AA1AW02A0001,1,EQMT_SSEE_3218586,1
032,112025,3323529,1,7405,3,1,3323529,0,1,1,1,3323529,01/10/1988,QA2AA1AW02A0001,1,EQMT_SSEE_3221430,1
032,112025,3323536,1,7405,3,1,3323536,0,4,1,1,3323536,01/10/1961,QA3AA1AW03A0005,1,EQMT_SSEE_3218410,1
032,112025,3323543,1,7405,3,1,3323543,0,1,1,1,3323543,01/10/1961,QA3AA1AW03A0001,1,EQMT_SSEE_3219270,1
032,112025,3323550,1,7405,3,1,3323550,0,1,1,1,3323550,01/10/1961,QA3AA1AW03A0002,1,EQMT_SSEE_3218414,1
032,112025,3323557,1,7405,3,1,3323557,0,1,1,1,3323557,01/10/1988,QA3AA1AW03A0001,1,EQMT_SSEE_3221846,1
032,112025,3323564,1,7405,3,1,3323564,0,1,1,1,3323564,01/10/1988,QA3AA1AW03A0001,1,EQMT_SSEE_3221842,1
032,112025,3323571,1,7405,3,1,3323571,0,1,1,1,3323571,01/10/1961,QA3AA1AW03A0001,1,EQMT_SSEE_3218418,1
032,112025,3323578,1,7405,3,1,3323578,0,1,1,1,3323578,01/05/1989,QA1AA1AW01A0002,1,EQMT_SSEE_3220194,1
032,112025,3323585,1,7405,3,1,3323585,0,1,1,1,3323585,01/06/1969,QA2AA1AW02A0001,1,EQMT_SSEE_3220654,1
032,112025,3323592,1,7405,3,1,3323592,0,1,1,1,3323592,01/06/1969,QA1AA1AW01A0001,1,EQMT_SSEE_3220514,1
032,112025,3323599,1,7405,3,1,3323599,0,1,1,1,3323599,01/11/1996,QA1AA1AW01A0001,1,EQMT_SSEE_3220518,1
032,112025,3323606,1,7405,3,1,3323606,0,1,1,1,3323606,01/02/1968,QA2AA1AW02A0001,1,Piguchen Pueblo,1
032,112025,3323613,1,7405,3,1,3323613,0,4,1,1,3323613,01/06/1969,QA2AA1AW02A0001,1,EQMT_SSEE_3226646,1
032,112025,3323620,1,7405,3,1,3323620,0,1,1,1,3323620,01/04/1962,QA2AA1AW02A0001,1,EQMT_SSEE_3218726,1
032,112025,3323627,1,7405,3,1,3323627,0,1,1,1,3323627,01/11/1997,QA1AA1AW01A0001,1,EQMT_SSEE_3219734,1
032,112025,3323634,1,7405,3,1,3323634,0,1,1,1,3323634,01/06/1969,QA3AA1AW03A0001,1,EQMT_SSEE_3222006,1
032,112025,3323641,1,7405,3,1,3323641,0,1,1,1,3323641,01/01/1968,QA2AA1AW02A0001,1,EQMT_SSEE_3222762,1
032,112025,3323648,1,7405,3,1,3323648,0,4,1,1,3323648,01/06/1969,QA3AA1AW03A0003,1,EQMT_SSEE_3218610,1
032,112025,3323655,1,7405,3,1,3323655,0,4,1,1,3323655,01/06/1969,QA3AA1AW03A0005,1,EQMT_SSEE_3220174,1
032,112025,3323662,1,7405,3,1,3323662,0,1,1,1,3323662,01/06/1969,QA2AA1AW02A0001,1,EQMT_SSEE_3219030,1
032,112025,3323669,1,7405,3,1,3323669,0,1,1,1,3323669,01/06/1969,QA2AA1AW02A0001,1,EQMT_SSEE_3222050,1
032,112025,3323676,1,7405,3,1,3323676,0,1,1,1,3323676,01/11/1997,QA3AA1AW03A0002,1,EQMT_SSEE_3218558,1
032,112025,3323690,1,7405,3,1,3323690,0,4,1,1,3323690,01/01/1980,QA3AA1AW03A0003,1,EQMT_SSEE_3222998,1
032,112025,3323697,1,7405,3,1,3323697,0,1,1,1,3323697,01/11/1985,QA1AA1AW01A0001,1,EQMT_SSEE_3223370,1
032,112025,3323704,1,7405,3,1,3323704,0,1,1,1,3323704,01/11/1985,QA1AA1AW01A0001,1,EQMT_SSEE_3224018,1
032,112025,3323711,1,7405,3,1,3323711,0,1,1,1,3323711,01/10/1985,QA2AA1AW02A0001,1,EQMT_SSEE_3219770,1
032,112025,3323718,1,7405,3,1,3323718,0,1,1,1,3323718,01/12/1986,QA2AA1AW02A0001,1,EQMT_SSEE_3221522,1
032,112025,3323725,1,7405,3,1,3323725,0,1,1,1,3323725,01/01/1980,QA2AA1AW02A0001,1,EQMT_SSEE_3218562,1
032,112025,3323732,1,7405,3,1,3323732,0,1,1,1,3323732,01/01/1980,QA2AA1AW02A0001,1,EQMT_SSEE_3221446,1
032,112025,3323739,1,7405,3,1,3323739,0,1,1,1,3323739,01/12/1986,QA2AA1AW02A0001,1,EQMT_SSEE_3221518,1
032,112025,3323753,1,7405,3,1,3323753,0,1,1,1,3323753,01/05/1966,QA3AA1AW03A0001,1,EQMT_SSEE_3218570,1
032,112025,3323760,1,7405,3,1,3323760,0,1,1,1,3323760,01/05/1966,QA2AA1AW02A0001,1,EQMT_SSEE_3220658,1
032,112025,3323767,1,7405,3,1,3323767,0,1,1,1,3323767,01/05/1966,QA2AA1AW02A0001,1,EQMT_SSEE_3223014,1
032,112025,3323774,1,7405,3,1,3323774,0,1,1,1,3323774,01/01/1987,QA1AA1AW01A0001,1,EQMT_SSEE_3223614,1
032,112025,3323781,1,7405,3,1,3323781,0,1,1,1,3323781,01/01/1987,QA1AA1AW01A0001,1,EQMT_SSEE_3222626,1
032,112025,3323788,1,7405,3,1,3323788,0,1,1,1,3323788,01/01/1987,QA1AA1AW01A0001,1,EQMT_SSEE_3221782,1
032,112025,3323795,1,7405,3,1,3323795,0,1,1,1,3323795,01/01/1987,QA1AA1AW01A0001,1,EQMT_SSEE_3221786,1
032,112025,3323802,1,7405,3,1,3323802,0,1,1,1,3323802,01/01/1987,QA1AA1AW01A0001,1,EQMT_SSEE_3223894,1
032,112025,3323809,1,7405,3,1,3323809,0,1,1,1,3323809,01/01/1980,QA3AA1AW03A0003,1,EQMT_SSEE_3223566,1
032,112025,3323816,1,7405,3,1,3323816,0,1,1,1,3323816,01/01/1980,QA2AA1AW02A0001,1,EQMT_SSEE_3218550,1
032,112025,3323823,1,7405,3,1,3323823,0,1,1,1,3323823,01/01/1980,QA2AA1AW02A0001,1,EQMT_SSEE_3223642,1
032,112025,3323830,1,7405,3,1,3323830,0,1,1,1,3323830,01/11/1989,QA2AA1AW02A0001,1,EQMT_SSEE_3223598,1
032,112025,3323837,1,7405,3,1,3323837,0,1,1,1,3323837,01/05/1966,QA1AA1AW01A0001,1,EQMT_SSEE_3222286,1
032,112025,3323844,1,7405,3,1,3323844,0,1,1,1,3323844,01/01/1969,QA2AA1AW02A0001,1,EQMT_SSEE_3218878,1
032,112025,3323851,1,7405,3,1,3323851,0,1,1,1,3323851,01/05/1966,QA2AA1AW02A0001,1,EQMT_SSEE_3220558,1
032,112025,3323858,1,7405,3,1,3323858,0,1,1,1,3323858,01/11/1996,QA3AA1AW03A0003,1,EQMT_SSEE_3222170,1
032,112025,3323865,1,7405,3,1,3323865,0,1,1,1,3323865,01/01/1989,QA3AA1AW03A0002,1,EQMT_SSEE_3220142,1
032,112025,3323872,1,7405,3,1,3323872,0,1,1,1,3323872,01/07/1987,QA1AA1AW01A0001,1,EQMT_SSEE_3219706,1
032,112025,3323879,1,7405,3,1,3323879,0,1,1,1,3323879,01/06/1991,QA2AA1AW02A0001,1,EQMT_SSEE_3218874,1
032,112025,3323886,1,7405,3,1,3323886,0,1,1,1,3323886,01/05/1990,QA3AA1AW03A0002,1,EQMT_SSEE_3220242,1
032,112025,3323893,1,7405,3,1,3323893,0,1,1,1,3323893,01/10/1991,QA1AA1AW01A0001,1,EQMT_SSEE_3220574,1
032,112025,3323900,1,7405,3,1,3323900,0,1,1,1,3323900,01/10/1991,QA1AA1AW01A0002,1,EQMT_SSEE_3220570,1
032,112025,3323914,1,7405,3,1,3323914,0,1,1,1,3323914,01/06/1991,QA3AA1AW03A0001,1,EQMT_SSEE_3218086,1
032,112025,3323921,1,7405,3,1,3323921,0,1,1,1,3323921,01/06/1991,QA2AA1AW02A0001,1,EQMT_SSEE_3221322,1
032,112025,3323928,1,7405,3,1,3323928,0,1,1,1,3323928,01/11/1996,QA1AA1AW01A0002,1,EQMT_SSEE_3220566,1
032,112025,3323935,1,7405,3,1,3323935,0,1,1,1,3323935,01/10/1997,QA2AA1AW02A0001,1,EQMT_SSEE_3222134,1
032,112025,3323942,1,7405,3,1,3323942,0,1,1,1,3323942,01/06/1991,QA2AA1AW02A0001,1,EQMT_SSEE_3220210,1
032,112025,3323949,1,7405,3,1,3323949,0,1,1,1,3323949,01/06/1991,QA3AA1AW03A0002,1,EQMT_SSEE_3219026,1
032,112025,3323956,1,7405,3,1,3323956,0,1,1,1,3323956,01/06/1991,QA2AA1AW02A0001,1,EQMT_SSEE_3221722,1
032,112025,3323963,1,7405,3,1,3323963,0,1,1,1,3323963,01/06/1991,QA3AA1AW03A0001,1,EQMT_SSEE_3223562,1
032,112025,3323977,1,7405,3,1,3323977,0,4,1,1,3323977,01/06/1991,QA3AA1AW03A0001,1,EQMT_SSEE_3221066,1
032,112025,3323984,1,7405,3,1,3323984,0,1,1,1,3323984,01/12/1966,QA3AA1AW03A0001,1,EQMT_SSEE_3221630,1
032,112025,3323991,1,7405,3,1,3323991,0,1,1,1,3323991,01/06/1969,QA1AA1AW01A0002,1,EQMT_SSEE_3220286,1
032,112025,3323998,1,7405,3,1,3323998,0,1,1,1,3323998,01/01/1989,QA3AA1AW03A0001,1,EQMT_SSEE_3222210,1
032,112025,3324005,1,7405,3,1,3324005,0,1,1,1,3324005,01/01/1989,QA2AA1AW02A0001,1,EQMT_SSEE_3219422,1
032,112025,3324012,1,7405,3,1,3324012,0,1,1,1,3324012,01/01/1989,QA2AA1AW02A0001,1,EQMT_SSEE_3219426,1
032,112025,3324019,1,7405,3,1,3324019,0,1,1,1,3324019,01/01/1989,QA2AA1AW02A0001,1,EQMT_SSEE_3219430,1
032,112025,3324026,1,7405,3,1,3324026,0,1,1,1,3324026,01/08/1984,QA1AA1AW01A0001,1,EQMT_SSEE_3220818,1
032,112025,3324033,1,7405,3,1,3324033,0,1,1,1,3324033,01/08/1984,QA1AA1AW01A0001,1,EQMT_SSEE_3220822,1
032,112025,3324040,1,7405,3,1,3324040,0,1,1,1,3324040,01/08/1984,QA1AA1AW01A0001,1,EQMT_SSEE_3220826,1
032,112025,3324047,1,7405,3,1,3324047,0,1,1,1,3324047,01/08/1984,QA1AA1AW01A0001,1,EQMT_SSEE_3221942,1
032,112025,3324054,1,7405,3,1,3324054,0,1,1,1,3324054,01/08/1984,QA1AA1AW01A0001,1,EQMT_SSEE_3221938,1
032,112025,3324061,1,7405,3,1,3324061,0,1,1,1,3324061,01/08/1984,QA1AA1AW01A0001,1,EQMT_SSEE_3221934,1
032,112025,3324075,1,7405,3,1,3324075,0,1,1,1,3324075,01/08/1984,QA3AA1AW03A0001,1,EQMT_SSEE_3221966,1
032,112025,3324082,1,7405,3,1,3324082,0,1,1,1,3324082,01/10/1985,QA2AA1AW02A0001,1,EQMT_SSEE_3219774,1
032,112025,3324089,1,7405,3,1,3324089,0,1,1,1,3324089,01/12/1986,QA2AA1AW02A0001,1,EQMT_SSEE_3223666,1
032,112025,3324096,1,7405,3,1,3324096,0,4,1,1,3324096,01/12/1986,QA3AA1AW03A0002,1,EQMT_SSEE_3220006,1
032,112025,3324117,1,7405,3,1,3324117,0,4,1,1,3324117,01/01/1998,QA2AA1AW02A0001,1,EQMT_SSEE_3226922,1
032,112025,3324131,1,7405,3,1,3324131,0,1,1,1,3324131,01/01/1998,QA2AA1AW02A0001,1,EQMT_SSEE_3223558,1
032,112025,3324138,1,7405,3,1,3324138,0,1,1,1,3324138,01/12/1986,QA2AA1AW02A0001,1,EQMT_SSEE_3218386,1
032,112025,3324145,1,7405,3,1,3324145,0,1,1,1,3324145,01/10/1988,QA2AA1AW02A0001,1,EQMT_SSEE_3223882,1
032,112025,3324152,1,7405,3,1,3324152,0,1,1,1,3324152,01/10/1988,QA2AA1AW02A0001,1,EQMT_SSEE_3220182,1
032,112025,3324159,1,7405,3,1,3324159,0,1,1,1,3324159,01/10/1988,QA2AA1AW02A0001,1,EQMT_SSEE_3218402,1
032,112025,3324166,1,7405,3,1,3324166,0,1,1,1,3324166,01/10/1988,QA3AA1AW03A0001,1,EQMT_SSEE_3219810,1
032,112025,3324180,1,7405,3,1,3324180,0,1,1,1,3324180,01/01/1969,QA3AA1AW03A0001,1,EQMT_SSEE_3223486,1
032,112025,3324187,1,7405,3,1,3324187,0,1,1,1,3324187,16/12/2015,QA3AA1AW03A0002,1,EQMT_SSEE_3220310,1
032,112025,3324194,1,7405,3,1,3324194,0,1,1,1,3324194,01/10/1988,QA1AA1AW01A0001,1,EQMT_SSEE_3220382,1
032,112025,3324201,1,7405,3,1,3324201,0,4,1,1,3324201,01/10/1988,QA3AA1AW03A0003,1,EQMT_SSEE_3220782,1
032,112025,3324208,1,7405,3,1,3324208,0,1,1,1,3324208,01/05/1957,QA2AA1AW02A0001,1,EQMT_SSEE_3224026,1
032,112025,3324215,1,7405,3,1,3324215,0,1,1,1,3324215,01/10/1961,QA2AA1AW02A0001,1,EQMT_SSEE_3218682,1
032,112025,3324222,1,7405,3,1,3324222,0,1,1,1,3324222,01/10/1961,QA2AA1AW02A0001,1,EQMT_SSEE_3218422,1
032,112025,3324229,1,7405,3,1,3324229,0,1,1,1,3324229,01/01/1969,QA3AA1AW03A0003,1,EQMT_SSEE_3218390,1
032,112025,3324236,1,7405,3,1,3324236,0,1,1,1,3324236,01/01/1969,QA3AA1AW03A0002,1,EQMT_SSEE_3218394,1
032,112025,3324243,1,7405,3,1,3324243,0,1,1,1,3324243,01/05/1957,QA2AA1AW02A0001,1,EQMT_SSEE_3218398,1
032,112025,3324264,1,7405,3,1,3324264,0,1,1,1,3324264,01/05/1957,QA2AA1AW02A0001,1,EQMT_SSEE_3218886,1
032,112025,3324271,1,7405,3,1,3324271,0,1,1,1,3324271,01/01/1969,QA2AA1AW02A0001,1,EQMT_SSEE_3218374,1
032,112025,3324278,1,7405,3,1,3324278,0,1,1,1,3324278,01/06/1991,QA3AA1AW03A0001,1,EQMT_SSEE_3219190,1
032,112025,3324285,1,7405,3,1,3324285,0,4,1,1,3324285,01/01/1980,QA3AA1AW03A0001,1,EQMT_SSEE_3223654,1
032,112025,3324292,1,7405,3,1,3324292,0,4,1,1,3324292,01/06/1991,QA3AA1AW03A0002,1,EQMT_SSEE_3223954,1
032,112025,3324299,1,7405,3,1,3324299,0,1,1,1,3324299,01/01/1968,QA3AA1AW03A0001,1,EQMT_SSEE_3218602,1
032,112025,3324306,1,7405,3,1,3324306,0,1,1,1,3324306,01/01/1987,QA1AA1AW01A0002,1,EQMT_SSEE_3223898,1
032,112025,3324313,1,7405,3,1,3324313,0,1,1,1,3324313,01/01/1980,QA3AA1AW03A0001,1,EQMT_SSEE_3223878,1
032,112025,3324320,1,7405,3,1,3324320,0,1,1,1,3324320,01/10/1977,QA1AA1AW01A0002,1,EQMT_SSEE_3218718,1
032,112025,3324327,1,7405,3,1,3324327,0,1,1,1,3324327,01/01/1969,QA1AA1AW01A0001,1,EQMT_SSEE_3223930,1
032,112025,3324334,1,7405,3,1,3324334,0,1,1,1,3324334,01/08/1984,QA2AA1AW02A0001,1,EQMT_SSEE_3224022,1
032,112025,3324341,1,7405,3,1,3324341,0,1,1,1,3324341,01/06/1991,QA3AA1AW03A0005,1,EQMT_SSEE_3223846,1
032,112025,3324355,1,7405,3,1,3324355,0,1,1,1,3324355,01/01/2003,QA2AA1AW02A0001,1,EQMT_SSEE_3224038,1
032,112025,3324369,1,7405,3,1,3324369,0,1,1,1,3324369,01/03/2003,QA2AA1AW02A0001,1,EQMT_SSEE_3224122,1
032,112025,3324376,1,7405,3,1,3324376,0,1,1,1,3324376,01/05/2003,QA3AA1AW03A0002,1,EQMT_SSEE_3224154,1
032,112025,3324383,1,7405,3,1,3324383,0,4,1,1,3324383,01/03/2003,QA3AA1AW03A0010,1,EQMT_SSEE_3224106,1
032,112025,3324390,1,7405,3,1,3324390,0,1,1,1,3324390,01/12/2003,QA2AA1AW02A0001,1,EQMT_SSEE_3224186,1
032,112025,3324397,1,7405,3,1,3324397,0,1,1,1,3324397,01/12/2003,QA1AA1AW01A0001,1,EQMT_SSEE_3224198,1
032,112025,3324404,1,7405,3,1,3324404,0,1,1,1,3324404,01/12/2003,QA1AA1AW01A0001,1,EQMT_SSEE_3224206,1
032,112025,3324411,1,7405,3,1,3324411,0,1,1,1,3324411,01/12/2003,QA1AA1AW01A0001,1,EQMT_SSEE_3224202,1
032,112025,3324425,1,8416,3,1,3324425,0,1,1,1,3324425,01/12/2001,QA3AA1AW03A0001,1,EQMT_SSEE_3218350,1
032,112025,3324432,1,8416,3,1,3324432,0,1,1,1,3324432,01/05/1988,QA2AA1AW02A0001,1,EQMT_SSEE_3218338,1
032,112025,3324439,1,8416,3,1,3324439,0,1,1,1,3324439,01/07/1990,QA2AA1AW02A0001,1,EQMT_SSEE_3218334,1
032,112025,3324446,1,8416,3,1,3324446,0,1,1,1,3324446,01/09/1990,QA2AA1AW02A0002,1,EQMT_SSEE_3218330,1
032,112025,3324453,1,8416,3,1,3324453,0,1,1,1,3324453,01/09/1995,QA2AA1AW02A0002,1,EQMT_SSEE_3218326,1
032,112025,3324460,1,8416,3,1,3324460,0,1,1,1,3324460,01/09/1971,QA2AA1AW02A0001,1,EQMT_SSEE_3221122,1
032,112025,3324467,1,8416,3,1,3324467,0,1,1,1,3324467,01/02/1989,QA2AA1AW02A0001,1,EQMT_SSEE_3222234,1
032,112025,3324481,1,8416,3,1,3324481,0,1,1,1,3324481,01/02/1989,QA2AA1AW02A0001,1,EQMT_SSEE_3218986,1
032,112025,3324488,1,8416,3,1,3324488,0,1,1,1,3324488,01/05/1988,QA2AA1AW02A0001,1,EQMT_SSEE_3218354,1
032,112025,3324495,1,8416,3,1,3324495,0,1,1,1,3324495,01/05/1987,QA2AA1AW02A0001,1,EQMT_SSEE_3219198,1
032,112025,3324502,1,8416,3,1,3324502,0,1,1,1,3324502,01/01/1989,QA1AA1AW01A0001,1,EQMT_SSEE_3223130,1
032,112025,3324509,1,8416,3,1,3324509,0,1,1,1,3324509,01/02/1997,QA1AA1AW01A0001,1,EQMT_SSEE_3223138,1
032,112025,3324516,1,8416,3,1,3324516,0,1,1,1,3324516,01/02/1997,QA1AA1AW01A0001,1,EQMT_SSEE_3223134,1
032,112025,3324523,1,8416,3,1,3324523,0,1,1,1,3324523,01/02/1998,QA1AA1AW01A0001,1,EQMT_SSEE_3223162,1
032,112025,3324530,1,8416,3,1,3324530,0,1,1,1,3324530,01/02/1989,QA1AA1AW01A0001,1,EQMT_SSEE_3223166,1
032,112025,3324537,1,8416,3,1,3324537,0,1,1,1,3324537,01/02/1997,QA1AA1AW01A0001,1,EQMT_SSEE_3223118,1
032,112025,3324544,1,8416,3,1,3324544,0,1,1,1,3324544,01/02/1997,QA1AA1AW01A0001,1,EQMT_SSEE_3223122,1
032,112025,3324551,1,8416,3,1,3324551,0,1,1,1,3324551,01/02/1997,QA1AA1AW01A0001,1,EQMT_SSEE_3223126,1
032,112025,3324558,1,8416,3,1,3324558,0,1,1,1,3324558,01/02/1997,QA1AA1AW01A0002,1,EQMT_SSEE_3223150,1
032,112025,3324565,1,8416,3,1,3324565,0,1,1,1,3324565,01/02/1997,QA1AA1AW01A0001,1,EQMT_SSEE_3223154,1
032,112025,3324572,1,8416,3,1,3324572,0,1,1,1,3324572,01/02/1997,QA1AA1AW01A0001,1,EQMT_SSEE_3223158,1
032,112025,3324579,1,7201,3,1,3324579,0,1,1,1,3324579,01/02/1997,QA1AA1AW01A0001,1,EQMT_SSEE_3223110,1
032,112025,3324586,1,8416,3,1,3324586,0,1,1,1,3324586,01/02/1997,QA1AA1AW01A0001,1,EQMT_SSEE_3223102,1
032,112025,3324593,1,7201,3,1,3324593,0,1,1,1,3324593,01/02/1997,QA1AA1AW01A0001,1,EQMT_SSEE_3223106,1
032,112025,3324600,1,8416,3,1,3324600,0,1,1,1,3324600,01/02/1997,QA1AA1AW01A0001,1,EQMT_SSEE_3223170,1
032,112025,3324607,1,8416,3,1,3324607,0,1,1,1,3324607,01/02/1997,QA1AA1AW01A0001,1,EQMT_SSEE_3223114,1
032,112025,3324614,1,8416,3,1,3324614,0,1,1,1,3324614,01/02/1997,QA1AA1AW01A0001,1,EQMT_SSEE_3223142,1
032,112025,3324621,1,8416,3,1,3324621,0,1,1,1,3324621,01/02/1989,QA1AA1AW01A0001,1,EQMT_SSEE_3223146,1
032,112025,3324628,1,8416,3,1,3324628,0,1,1,1,3324628,01/02/1997,QA2AA1AW02A0001,1,EQMT_SSEE_3222510,1
032,112025,3324642,1,8416,3,1,3324642,0,1,1,1,3324642,01/02/1997,QA2AA1AW02A0001,1,EQMT_SSEE_3222494,1
032,112025,3324649,1,8416,3,1,3324649,0,1,1,1,3324649,01/02/1997,QA2AA1AW02A0001,1,EQMT_SSEE_3222502,1
032,112025,3324656,1,8416,3,1,3324656,0,1,1,1,3324656,01/02/1997,QA2AA1AW02A0001,1,EQMT_SSEE_3222638,1
032,112025,3324670,1,8416,3,1,3324670,0,1,1,1,3324670,01/05/1987,QA2AA1AW02A0001,1,EQMT_SSEE_3222614,1
032,112025,3324677,1,8416,3,1,3324677,0,1,1,1,3324677,01/11/1987,QA3AA1AW03A0001,1,EQMT_SSEE_3218030,1
032,112025,3324684,1,8416,3,1,3324684,0,1,1,1,3324684,01/11/1987,QA3AA1AW03A0001,1,EQMT_SSEE_3218042,1
032,112025,3324691,1,8416,3,1,3324691,0,1,1,1,3324691,01/11/1987,QA3AA1AW03A0001,1,EQMT_SSEE_3218034,1
032,112025,3324698,1,8416,3,1,3324698,0,1,1,1,3324698,01/11/1987,QA2AA1AW02A0001,1,EQMT_SSEE_3217990,1
032,112025,3324712,1,8416,3,1,3324712,0,1,1,1,3324712,01/11/1987,QA2AA1AW02A0001,1,EQMT_SSEE_3218026,1
032,112025,3324719,1,8416,3,1,3324719,0,1,1,1,3324719,01/11/1987,QA2AA1AW02A0001,1,EQMT_SSEE_3218010,1
032,112025,3324726,1,8416,3,1,3324726,0,1,1,1,3324726,01/11/1987,QA2AA1AW02A0001,1,EQMT_SSEE_3218014,1
032,112025,3324733,1,8416,3,1,3324733,0,1,1,1,3324733,01/05/1964,QA1AA1AW01A0001,1,EQMT_SSEE_3218246,1
032,112025,3324740,1,8416,3,1,3324740,0,1,1,1,3324740,01/05/1964,QA3AA1AW03A0001,1,EQMT_SSEE_3218242,1
032,112025,3324747,1,8416,3,1,3324747,0,1,1,1,3324747,01/11/1987,QA2AA1AW02A0001,1,EQMT_SSEE_3218006,1
032,112025,3324754,1,8416,3,1,3324754,0,1,1,1,3324754,01/11/1987,QA2AA1AW02A0001,1,EQMT_SSEE_3218002,1
032,112025,3324761,1,8416,3,1,3324761,0,1,1,1,3324761,01/03/1990,QA3AA1AW03A0001,1,EQMT_SSEE_3220434,1
032,112025,3324768,1,8416,3,1,3324768,0,1,1,1,3324768,01/04/1975,QA2AA1AW02A0001,1,EQMT_SSEE_3218358,1
032,112025,3324775,1,8416,3,1,3324775,0,1,1,1,3324775,01/11/1987,QA2AA1AW02A0001,1,EQMT_SSEE_3218022,1
032,112025,3324782,1,8416,3,1,3324782,0,1,1,1,3324782,01/11/1987,QA2AA1AW02A0001,1,EQMT_SSEE_3218018,1
032,112025,3324789,1,8416,3,1,3324789,0,1,1,1,3324789,01/11/1987,QA2AA1AW02A0001,1,EQMT_SSEE_3220990,1
032,112025,3324796,1,8416,3,1,3324796,0,1,1,1,3324796,01/11/1987,QA2AA1AW02A0001,1,EQMT_SSEE_3220698,1
032,112025,3324803,1,8416,3,1,3324803,0,1,1,1,3324803,01/05/1964,QA2AA1AW02A0001,1,EQMT_SSEE_3217998,1
032,112025,3324810,1,8416,3,1,3324810,0,1,1,1,3324810,01/05/1964,QA2AA1AW02A0001,1,EQMT_SSEE_3217994,1
032,112025,3324817,1,8416,3,1,3324817,0,1,1,1,3324817,01/01/1994,QA2AA1AW02A0001,1,EQMT_SSEE_3221118,1
032,112025,3324824,1,8416,3,1,3324824,0,1,1,1,3324824,01/05/1988,QA1AA1AW01A0002,1,EQMT_SSEE_3220282,1
032,112025,3324831,1,8416,3,1,3324831,0,1,1,1,3324831,01/05/1988,QA1AA1AW01A0001,1,EQMT_SSEE_3220278,1
032,112025,3324845,1,8416,3,1,3324845,0,1,1,1,3324845,01/05/1988,QA1AA1AW01A0001,1,EQMT_SSEE_3220274,1
032,112025,3324852,1,8416,3,1,3324852,0,1,1,1,3324852,01/05/1988,QA1AA1AW01A0001,1,EQMT_SSEE_3220630,1
032,112025,3324859,1,8416,3,1,3324859,0,1,1,1,3324859,01/01/2000,QA1AA1AW01A0002,1,EQMT_SSEE_3223082,1
032,112025,3324866,1,8416,3,1,3324866,0,1,1,1,3324866,01/01/1998,QA2AA1AW02A0001,1,EQMT_SSEE_3222726,1
032,112025,3324873,1,8416,3,1,3324873,0,1,1,1,3324873,01/02/1974,QA1AA1AW01A0001,1,EQMT_SSEE_3222722,1
032,112025,3324880,1,8416,3,1,3324880,0,1,1,1,3324880,01/02/1974,QA1AA1AW01A0002,1,EQMT_SSEE_3222718,1
032,112025,3324887,1,8416,3,1,3324887,0,1,1,1,3324887,01/04/1984,QA1AA1AW01A0001,1,EQMT_SSEE_3219118,1
032,112025,3324894,1,8416,3,1,3324894,0,1,1,1,3324894,01/02/1989,QA1AA1AW01A0002,1,EQMT_SSEE_3219826,1
032,112025,3324908,1,8416,3,1,3324908,0,1,1,1,3324908,01/04/1973,QA1AA1AW01A0001,1,EQMT_SSEE_3219822,1
032,112025,3324915,1,8416,3,1,3324915,0,1,1,1,3324915,01/04/1973,QA1AA1AW01A0001,1,EQMT_SSEE_3218310,1
032,112025,3324922,1,8416,3,1,3324922,0,1,1,1,3324922,01/09/1988,QA1AA1AW01A0002,1,EQMT_SSEE_3220614,1
032,112025,3324929,1,8416,3,1,3324929,0,1,1,1,3324929,01/04/1973,QA1AA1AW01A0002,1,EQMT_SSEE_3219818,1
032,112025,3324936,1,8416,3,1,3324936,0,1,1,1,3324936,01/04/1973,QA1AA1AW01A0001,1,EQMT_SSEE_3218298,1
032,112025,3324943,1,8416,3,1,3324943,0,1,1,1,3324943,01/04/1973,QA1AA1AW01A0001,1,EQMT_SSEE_3218294,1
032,112025,3324950,1,8416,3,1,3324950,0,1,1,1,3324950,01/04/1973,QA1AA1AW01A0002,1,EQMT_SSEE_3218290,1
032,112025,3324957,1,8416,3,1,3324957,0,1,1,1,3324957,01/04/1973,QA1AA1AW01A0002,1,EQMT_SSEE_3218694,1
032,112025,3324964,1,8416,3,1,3324964,0,1,1,1,3324964,01/04/1973,QA1AA1AW01A0001,1,EQMT_SSEE_3223086,1
032,112025,3324971,1,8416,3,1,3324971,0,1,1,1,3324971,01/11/1984,QA1AA1AW01A0001,1,EQMT_SSEE_3218286,1
032,112025,3324978,1,8416,3,1,3324978,0,1,1,1,3324978,01/11/1984,QA1AA1AW01A0001,1,EQMT_SSEE_3222158,1
032,112025,3324985,1,8416,3,1,3324985,0,1,1,1,3324985,01/01/1988,QA1AA1AW01A0002,1,EQMT_SSEE_3218690,1
032,112025,3324992,1,8416,3,1,3324992,0,1,1,1,3324992,01/06/1986,QA1AA1AW01A0001,1,EQMT_SSEE_3223042,1
032,112025,3324999,1,8416,3,1,3324999,0,1,1,1,3324999,01/11/1980,QA1AA1AW01A0001,1,EQMT_SSEE_3220690,1
032,112025,3325006,1,8416,3,1,3325006,0,1,1,1,3325006,01/11/1980,QA1AA1AW01A0001,1,EQMT_SSEE_3220666,1
032,112025,3325013,1,8416,3,1,3325013,0,1,1,1,3325013,01/11/1980,QA1AA1AW01A0001,1,EQMT_SSEE_3220766,1
032,112025,3325020,1,8416,3,1,3325020,0,1,1,1,3325020,01/11/1980,QA1AA1AW01A0001,1,EQMT_SSEE_3223058,1
032,112025,3325027,1,8416,3,1,3325027,0,1,1,1,3325027,01/11/1980,QA1AA1AW01A0001,1,EQMT_SSEE_3218282,1
032,112025,3325034,1,8416,3,1,3325034,0,1,1,1,3325034,01/02/1970,QA1AA1AW01A0001,1,EQMT_SSEE_3218270,1
032,112025,3325041,1,8416,3,1,3325041,0,1,1,1,3325041,01/03/1970,QA1AA1AW01A0001,1,EQMT_SSEE_3218274,1
032,112025,3325048,1,8416,3,1,3325048,0,1,1,1,3325048,01/09/1971,QA1AA1AW01A0001,1,EQMT_SSEE_3222678,1
032,112025,3325055,1,8416,3,1,3325055,0,1,1,1,3325055,01/09/1971,QA1AA1AW01A0001,1,EQMT_SSEE_3222682,1
032,112025,3325062,1,8416,3,1,3325062,0,1,1,1,3325062,01/09/1971,QA1AA1AW01A0001,1,EQMT_SSEE_3222686,1
032,112025,3325069,1,8416,3,1,3325069,0,1,1,1,3325069,01/09/1971,QA1AA1AW01A0001,1,EQMT_SSEE_3222694,1
032,112025,3325076,1,8416,3,1,3325076,0,1,1,1,3325076,01/09/1971,QA1AA1AW01A0001,1,EQMT_SSEE_3222698,1
032,112025,3325083,1,8416,3,1,3325083,0,1,1,1,3325083,01/09/1971,QA1AA1AW01A0001,1,EQMT_SSEE_3222690,1
032,112025,3325090,1,8416,3,1,3325090,0,1,1,1,3325090,01/11/1980,QA1AA1AW01A0001,1,EQMT_SSEE_3219566,1
032,112025,3325097,1,8416,3,1,3325097,0,1,1,1,3325097,01/11/1980,QA1AA1AW01A0001,1,EQMT_SSEE_3218278,1
032,112025,3325104,1,8416,3,1,3325104,0,1,1,1,3325104,01/11/1980,QA2AA1AW02A0002,1,EQMT_SSEE_3218782,1
032,112025,3325111,1,8416,3,1,3325111,0,1,1,1,3325111,01/01/1973,QA1AA1AW01A0001,1,EQMT_SSEE_3222674,1
032,112025,3325118,1,8416,3,1,3325118,0,1,1,1,3325118,01/01/1986,QA1AA1AW01A0001,1,EQMT_SSEE_3223030,1
032,112025,3325125,1,8416,3,1,3325125,0,1,1,1,3325125,01/01/1986,QA1AA1AW01A0001,1,EQMT_SSEE_3223034,1
032,112025,3325132,1,8416,3,1,3325132,0,1,1,1,3325132,01/03/1997,QA1AA1AW01A0001,1,EQMT_SSEE_3223038,1
032,112025,3325139,1,8416,3,1,3325139,0,1,1,1,3325139,01/02/1989,QA1AA1AW01A0001,1,EQMT_SSEE_3218774,1
032,112025,3325146,1,8416,3,1,3325146,0,1,1,1,3325146,01/02/1989,QA1AA1AW01A0001,1,EQMT_SSEE_3219034,1
032,112025,3325153,1,8416,3,1,3325153,0,1,1,1,3325153,01/02/1997,QA1AA1AW01A0002,1,EQMT_SSEE_3222230,1
032,112025,3325160,1,8416,3,1,3325160,0,1,1,1,3325160,01/02/1997,QA1AA1AW01A0001,1,EQMT_SSEE_3223026,1
032,112025,3325167,1,8416,3,1,3325167,0,1,1,1,3325167,01/05/1988,QA3AA1AW03A0002,1,EQMT_SSEE_3221718,1
032,112025,3325174,1,8416,3,1,3325174,0,1,1,1,3325174,01/11/1970,QA2AA1AW02A0001,1,EQMT_SSEE_3222314,1
032,112025,3325181,1,8416,3,1,3325181,0,1,1,1,3325181,01/07/2000,QA1AA1AW01A0001,1,EQMT_SSEE_3223262,1
032,112025,3325188,1,8416,3,1,3325188,0,1,1,1,3325188,01/07/2000,QA1AA1AW01A0001,1,EQMT_SSEE_3223258,1
032,112025,3325195,1,8416,3,1,3325195,0,1,1,1,3325195,01/07/2000,QA1AA1AW01A0002,1,EQMT_SSEE_3223254,1
032,112025,3325202,1,8416,3,1,3325202,0,1,1,1,3325202,01/07/2000,QA1AA1AW01A0001,1,EQMT_SSEE_3223266,1
032,112025,3325209,1,8416,3,1,3325209,0,1,1,1,3325209,01/07/2000,QA1AA1AW01A0001,1,EQMT_SSEE_3223270,1
032,112025,3325216,1,7201,3,1,3325216,0,1,1,1,3325216,01/07/2000,QA1AA1AW01A0001,1,EQMT_SSEE_3223226,1
032,112025,3325223,1,8416,3,1,3325223,0,1,1,1,3325223,01/07/2000,QA1AA1AW01A0001,1,EQMT_SSEE_3223202,1
032,112025,3325230,1,8416,3,1,3325230,0,1,1,1,3325230,01/07/2000,QA1AA1AW01A0001,1,EQMT_SSEE_3223206,1
032,112025,3325237,1,8416,3,1,3325237,0,1,1,1,3325237,01/07/2000,QA1AA1AW01A0001,1,EQMT_SSEE_3223218,1
032,112025,3325244,1,8416,3,1,3325244,0,1,1,1,3325244,01/07/2000,QA1AA1AW01A0001,1,EQMT_SSEE_3223214,1
032,112025,3325251,1,8416,3,1,3325251,0,1,1,1,3325251,01/07/2000,QA1AA1AW01A0001,1,EQMT_SSEE_3223210,1
032,112025,3325258,1,8416,3,1,3325258,0,1,1,1,3325258,01/07/2000,QA1AA1AW01A0001,1,EQMT_SSEE_3223222,1
032,112025,3325265,1,7201,3,1,3325265,0,1,1,1,3325265,01/07/2000,QA1AA1AW01A0001,1,EQMT_SSEE_3223230,1
032,112025,3325272,1,8416,3,1,3325272,0,1,1,1,3325272,01/07/2000,QA1AA1AW01A0001,1,EQMT_SSEE_3223234,1
032,112025,3325279,1,8416,3,1,3325279,0,1,1,1,3325279,01/07/2000,QA1AA1AW01A0001,1,EQMT_SSEE_3223238,1
032,112025,3325286,1,8416,3,1,3325286,0,1,1,1,3325286,01/07/2000,QA1AA1AW01A0001,1,EQMT_SSEE_3223250,1
032,112025,3325293,1,8416,3,1,3325293,0,1,1,1,3325293,01/07/2000,QA1AA1AW01A0001,1,EQMT_SSEE_3223246,1
032,112025,3325300,1,8416,3,1,3325300,0,1,1,1,3325300,01/07/2000,QA1AA1AW01A0001,1,EQMT_SSEE_3223242,1
032,112025,3325307,1,8416,3,1,3325307,0,1,1,1,3325307,01/06/2000,QA1AA1AW01A0001,1,EQMT_SSEE_3223194,1
032,112025,3325314,1,8416,3,1,3325314,0,1,1,1,3325314,01/06/2000,QA1AA1AW01A0001,1,EQMT_SSEE_3223182,1
032,112025,3325321,1,8416,3,1,3325321,0,1,1,1,3325321,01/06/2000,QA1AA1AW01A0002,1,EQMT_SSEE_3223190,1
032,112025,3325328,1,8416,3,1,3325328,0,1,1,1,3325328,01/12/2000,QA2AA1AW02A0001,1,EQMT_SSEE_3223490,1
032,112025,3325335,1,8416,3,1,3325335,0,1,1,1,3325335,01/07/2000,QA3AA1AW03A0003,1,EQMT_SSEE_3223186,1
032,112025,3325342,1,8416,3,1,3325342,0,4,1,1,3325342,01/11/1987,QA3AA1AW03A0001,1,EQMT_SSEE_3223658,1
032,112025,3325349,1,8416,3,1,3325349,0,1,1,1,3325349,01/05/1988,QA3AA1AW03A0001,1,EQMT_SSEE_3223742,1
032,112025,3325356,1,8416,3,1,3325356,0,1,1,1,3325356,01/05/1964,QA2AA1AW02A0001,1,EQMT_SSEE_3219238,1
032,112025,3325363,1,8416,3,1,3325363,0,1,1,1,3325363,01/04/1973,QA1AA1AW01A0001,1,EQMT_SSEE_3223810,1
032,112025,3325370,1,8416,3,1,3325370,0,1,1,1,3325370,01/04/1973,QA1AA1AW01A0001,1,EQMT_SSEE_3223806,1
032,112025,3325377,1,8416,3,1,3325377,0,1,1,1,3325377,01/11/1980,QA1AA1AW01A0001,1,EQMT_SSEE_3222670,1
032,112025,3325384,1,8416,3,1,3325384,0,1,1,1,3325384,01/01/2003,QA1AA1AW01A0001,1,EQMT_SSEE_3224058,1
032,112025,3325391,1,8416,3,1,3325391,0,1,1,1,3325391,01/01/2003,QA1AA1AW01A0001,1,EQMT_SSEE_3224422,1
032,112025,3325398,1,8416,3,1,3325398,0,1,1,1,3325398,01/04/2003,QA2AA1AW02A0001,1,EQMT_SSEE_3224130,1
032,112025,3325405,1,8409,3,1,3325405,0,1,1,1,3325405,01/05/2008,QA2AA1AW02A0001,1,EQMT_SSEE_3218238,1
032,112025,3325412,1,8416,3,1,3325412,0,1,1,1,3325412,01/11/1970,QA3AA1AW03A0001,1,EQMT_SSEE_3218234,1
032,112025,3325419,1,8409,3,1,3325419,0,1,1,1,3325419,01/05/1979,QA2AA1AW02A0001,1,EQMT_SSEE_3222758,1
032,112025,3325426,1,8416,3,1,3325426,0,1,1,1,3325426,01/05/1964,QA1AA1AW01A0002,1,EQMT_SSEE_3218342,1
032,112025,3325433,1,8409,3,1,3325433,0,1,1,1,3325433,01/05/1964,QA2AA1AW02A0001,1,EQMT_SSEE_3217974,1
032,112025,3325440,1,8409,3,1,3325440,0,1,1,1,3325440,01/04/1990,QA3AA1AW03A0001,1,EQMT_SSEE_3217954,1
032,112025,3325447,1,8409,3,1,3325447,0,1,1,1,3325447,01/12/1999,QA3AA1AW03A0001,1,EQMT_SSEE_3222294,1
032,112025,3325454,1,8409,3,1,3325454,0,1,1,1,3325454,01/04/1990,QA2AA1AW02A0001,1,EQMT_SSEE_3217934,1
032,112025,3325461,1,8409,3,1,3325461,0,1,1,1,3325461,01/06/1980,QA2AA1AW02A0001,1,EQMT_SSEE_3220202,1
032,112025,3325475,1,8409,3,1,3325475,0,4,1,1,3325475,01/02/1989,QA2AA1AW02A0001,1,EQMT_SSEE_3226602,1
032,112025,3325482,1,8409,3,1,3325482,0,1,1,1,3325482,01/11/1970,QA3AA1AW03A0001,1,EQMT_SSEE_3218214,1
032,112025,3325489,1,8409,3,1,3325489,0,1,1,1,3325489,01/11/1970,QA2AA1AW02A0001,1,EQMT_SSEE_3218710,1
032,112025,3325496,1,8409,3,1,3325496,0,1,1,1,3325496,01/02/1989,QA2AA1AW02A0001,1,EQMT_SSEE_3221350,1
032,112025,3325503,1,8409,3,1,3325503,0,1,1,1,3325503,01/06/1991,QA3AA1AW03A0001,1,EQMT_SSEE_3218202,1
032,112025,3325510,1,8409,3,1,3325510,0,1,1,1,3325510,01/11/1970,QA2AA1AW02A0001,1,EQMT_SSEE_3220870,1
032,112025,3325517,1,8409,3,1,3325517,0,1,1,1,3325517,01/06/1980,QA2AA1AW02A0001,1,EQMT_SSEE_3218758,1
032,112025,3325524,1,8409,3,1,3325524,0,1,1,1,3325524,01/05/1979,QA1AA1AW01A0001,1,EQMT_SSEE_3221154,1
032,112025,3325531,1,8409,3,1,3325531,0,1,1,1,3325531,01/06/1980,QA1AA1AW01A0001,1,EQMT_SSEE_3220886,1
032,112025,3325538,1,8409,3,1,3325538,0,1,1,1,3325538,01/06/1980,QA1AA1AW01A0001,1,EQMT_SSEE_3220086,1
032,112025,3325545,1,8409,3,1,3325545,0,1,1,1,3325545,01/06/1980,QA1AA1AW01A0001,1,EQMT_SSEE_3219742,1
032,112025,3325559,1,8409,3,1,3325559,0,1,1,1,3325559,01/04/1981,QA2AA1AW02A0001,1,EQMT_SSEE_3220758,1
032,112025,3325566,1,8409,3,1,3325566,0,1,1,1,3325566,01/04/1981,QA2AA1AW02A0001,1,EQMT_SSEE_3218854,1
032,112025,3325573,1,8409,3,1,3325573,0,1,1,1,3325573,01/04/1981,QA1AA1AW01A0001,1,EQMT_SSEE_3218862,1
032,112025,3325580,1,8409,3,1,3325580,0,1,1,1,3325580,01/04/1981,QA1AA1AW01A0001,1,EQMT_SSEE_3218858,1
032,112025,3325587,1,8409,3,1,3325587,0,1,1,1,3325587,01/06/1980,QA1AA1AW01A0001,1,EQMT_SSEE_3220882,1
032,112025,3325594,1,8409,3,1,3325594,0,1,1,1,3325594,01/06/1980,QA1AA1AW01A0001,1,EQMT_SSEE_3220878,1
032,112025,3325601,1,8409,3,1,3325601,0,1,1,1,3325601,01/06/1980,QA1AA1AW01A0001,1,EQMT_SSEE_3219746,1
032,112025,3325608,1,8409,3,1,3325608,0,1,1,1,3325608,01/06/1980,QA1AA1AW01A0001,1,EQMT_SSEE_3218850,1
032,112025,3325615,1,8409,3,1,3325615,0,1,1,1,3325615,01/06/1980,QA1AA1AW01A0002,1,EQMT_SSEE_3218846,1
032,112025,3325622,1,8409,3,1,3325622,0,1,1,1,3325622,01/06/1980,QA1AA1AW01A0001,1,EQMT_SSEE_3221002,1
032,112025,3325629,1,8409,3,1,3325629,0,1,1,1,3325629,01/05/1979,QA2AA1AW02A0001,1,EQMT_SSEE_3222854,1
032,112025,3325636,1,8409,3,1,3325636,0,1,1,1,3325636,01/06/1980,QA1AA1AW01A0001,1,EQMT_SSEE_3220974,1
032,112025,3325643,1,8409,3,1,3325643,0,1,1,1,3325643,01/06/1978,QA2AA1AW02A0001,1,EQMT_SSEE_3218970,1
032,112025,3325650,1,7404,3,1,3325650,0,1,1,1,3325650,01/07/1999,QA2AA1AW02A0001,1,EQMT_SSEE_3221298,1
032,112025,3325657,1,8409,3,1,3325657,0,1,1,1,3325657,01/06/1991,QA1AA1AW01A0001,1,EQMT_SSEE_3221646,1
032,112025,3325664,1,8409,3,1,3325664,0,1,1,1,3325664,01/06/1991,QA1AA1AW01A0001,1,EQMT_SSEE_3221650,1
032,112025,3325671,1,8409,3,1,3325671,0,1,1,1,3325671,01/01/1997,QA1AA1AW01A0002,1,EQMT_SSEE_3221654,1
032,112025,3325678,1,8409,3,1,3325678,0,1,1,1,3325678,01/01/1997,QA1AA1AW01A0001,1,EQMT_SSEE_3222398,1
032,112025,3325685,1,8409,3,1,3325685,0,1,1,1,3325685,01/01/1997,QA1AA1AW01A0001,1,EQMT_SSEE_3221642,1
032,112025,3325692,1,8409,3,1,3325692,0,1,1,1,3325692,01/06/1978,QA3AA1AW03A0001,1,EQMT_SSEE_3219042,1
032,112025,3325699,1,8409,3,1,3325699,0,1,1,1,3325699,01/02/1997,QA2AA1AW02A0001,1,EQMT_SSEE_3222470,1
032,112025,3325706,1,8409,3,1,3325706,0,1,1,1,3325706,01/02/1997,QA2AA1AW02A0001,1,EQMT_SSEE_3222474,1
032,112025,3325713,1,8409,3,1,3325713,0,1,1,1,3325713,01/02/1997,QA2AA1AW02A0001,1,EQMT_SSEE_3222478,1
032,112025,3325720,1,8409,3,1,3325720,0,1,1,1,3325720,01/01/1997,QA1AA1AW01A0002,1,EQMT_SSEE_3219046,1
032,112025,3325727,1,8409,3,1,3325727,0,1,1,1,3325727,01/01/1997,QA1AA1AW01A0001,1,EQMT_SSEE_3222394,1
032,112025,3325734,1,8409,3,1,3325734,0,1,1,1,3325734,01/01/1997,QA1AA1AW01A0002,1,EQMT_SSEE_3221662,1
032,112025,3325741,1,8409,3,1,3325741,0,1,1,1,3325741,01/01/1997,QA2AA1AW02A0001,1,EQ_MT_SED490,1
032,112025,3325748,1,8409,3,1,3325748,0,1,1,1,3325748,01/01/1997,QA1AA1AW01A0002,1,EQMT_SSEE_3221998,1
032,112025,3325755,1,8409,3,1,3325755,0,1,1,1,3325755,01/02/1997,QA2AA1AW02A0001,1,EQMT_SSEE_3222482,1
032,112025,3325762,1,8409,3,1,3325762,0,1,1,1,3325762,01/02/1997,QA2AA1AW02A0001,1,EQMT_SSEE_3222486,1
032,112025,3325769,1,8409,3,1,3325769,0,1,1,1,3325769,01/02/1997,QA2AA1AW02A0001,1,EQMT_SSEE_3222490,1
032,112025,3325776,1,8409,3,1,3325776,0,1,1,1,3325776,01/02/1997,QA2AA1AW02A0001,1,EQMT_SSEE_3222442,1
032,112025,3325783,1,8409,3,1,3325783,0,1,1,1,3325783,01/02/1997,QA2AA1AW02A0001,1,EQMT_SSEE_3222438,1
032,112025,3325790,1,8409,3,1,3325790,0,1,1,1,3325790,01/02/1997,QA2AA1AW02A0001,1,EQMT_SSEE_3222534,1
032,112025,3325797,1,8409,3,1,3325797,0,1,1,1,3325797,01/02/1997,QA2AA1AW02A0001,1,EQMT_SSEE_3222538,1
032,112025,3325804,1,8409,3,1,3325804,0,1,1,1,3325804,01/02/1997,QA2AA1AW02A0001,1,EQMT_SSEE_3222514,1
032,112025,3325811,1,8409,3,1,3325811,0,1,1,1,3325811,01/02/1997,QA2AA1AW02A0001,1,EQMT_SSEE_3222518,1
032,112025,3325818,1,8409,3,1,3325818,0,1,1,1,3325818,01/02/1997,QA2AA1AW02A0001,1,EQMT_SSEE_3222498,1
032,112025,3325825,1,8409,3,1,3325825,0,1,1,1,3325825,01/02/1997,QA2AA1AW02A0001,1,EQMT_SSEE_3222526,1
032,112025,3325832,1,8409,3,1,3325832,0,1,1,1,3325832,01/02/1997,QA2AA1AW02A0001,1,EQMT_SSEE_3222530,1
032,112025,3325839,1,8409,3,1,3325839,0,1,1,1,3325839,01/02/1997,QA2AA1AW02A0001,1,EQMT_SSEE_3222574,1
032,112025,3325846,1,8409,3,1,3325846,0,1,1,1,3325846,01/02/1997,QA2AA1AW02A0001,1,EQMT_SSEE_3222570,1
032,112025,3325853,1,8409,3,1,3325853,0,1,1,1,3325853,01/02/1997,QA2AA1AW02A0001,1,EQMT_SSEE_3222566,1
032,112025,3325860,1,8409,3,1,3325860,0,1,1,1,3325860,01/02/1997,QA2AA1AW02A0001,1,EQMT_SSEE_3222542,1
032,112025,3325867,1,8409,3,1,3325867,0,1,1,1,3325867,01/02/1997,QA2AA1AW02A0001,1,EQMT_SSEE_3222554,1
032,112025,3325874,1,8409,3,1,3325874,0,1,1,1,3325874,01/02/1997,QA2AA1AW02A0001,1,EQMT_SSEE_3222558,1
032,112025,3325881,1,8409,3,1,3325881,0,1,1,1,3325881,01/02/1997,QA2AA1AW02A0001,1,EQMT_SSEE_3222562,1
032,112025,3325888,1,8409,3,1,3325888,0,1,1,1,3325888,01/02/1997,QA2AA1AW02A0001,1,EQMT_SSEE_3222578,1
032,112025,3325895,1,8409,3,1,3325895,0,1,1,1,3325895,01/02/1997,QA2AA1AW02A0001,1,EQMT_SSEE_3222634,1
032,112025,3325902,1,8409,3,1,3325902,0,1,1,1,3325902,01/02/1997,QA2AA1AW02A0001,1,EQMT_SSEE_3222594,1
032,112025,3325909,1,8409,3,1,3325909,0,1,1,1,3325909,01/02/1997,QA2AA1AW02A0001,1,EQMT_SSEE_3222590,1
032,112025,3325916,1,8409,3,1,3325916,0,1,1,1,3325916,01/02/1997,QA2AA1AW02A0001,1,EQMT_SSEE_3222582,1
032,112025,3325923,1,8409,3,1,3325923,0,1,1,1,3325923,01/02/1997,QA2AA1AW02A0001,1,EQMT_SSEE_3222586,1
032,112025,3325930,1,8409,3,1,3325930,0,1,1,1,3325930,01/02/1997,QA2AA1AW02A0001,1,EQMT_SSEE_3222642,1
032,112025,3325937,1,8409,3,1,3325937,0,1,1,1,3325937,01/02/1997,QA2AA1AW02A0001,1,EQMT_SSEE_3222646,1
032,112025,3325944,1,8409,3,1,3325944,0,1,1,1,3325944,01/02/1997,QA2AA1AW02A0001,1,EQMT_SSEE_3222650,1
032,112025,3325951,1,8409,3,1,3325951,0,1,1,1,3325951,01/02/1997,QA2AA1AW02A0001,1,EQMT_SSEE_3222658,1
032,112025,3325958,1,8409,3,1,3325958,0,1,1,1,3325958,01/02/1997,QA2AA1AW02A0001,1,EQMT_SSEE_3222654,1
032,112025,3325965,1,8409,3,1,3325965,0,1,1,1,3325965,01/02/1997,QA2AA1AW02A0001,1,EQMT_SSEE_3222546,1
032,112025,3325972,1,8409,3,1,3325972,0,1,1,1,3325972,01/02/1997,QA2AA1AW02A0001,1,EQMT_SSEE_3222550,1
032,112025,3325979,1,8409,3,1,3325979,0,1,1,1,3325979,01/02/1997,QA2AA1AW02A0001,1,EQMT_SSEE_3222446,1
032,112025,3325986,1,8409,3,1,3325986,0,1,1,1,3325986,01/04/1990,QA3AA1AW03A0001,1,EQMT_SSEE_3217930,1
032,112025,3325993,1,8409,3,1,3325993,0,1,1,1,3325993,01/04/1990,QA1AA1AW01A0001,1,EQMT_SSEE_3219330,1
032,112025,3326000,1,8409,3,1,3326000,0,1,1,1,3326000,01/04/1990,QA1AA1AW01A0002,1,EQMT_SSEE_3219242,1
032,112025,3326021,1,8409,3,1,3326021,0,1,1,1,3326021,01/11/1987,QA1AA1AW01A0002,1,EQMT_SSEE_3218946,1
032,112025,3326028,1,8409,3,1,3326028,0,1,1,1,3326028,01/11/1987,QA3AA1AW03A0003,1,EQMT_SSEE_3218698,1
032,112025,3326035,1,8409,3,1,3326035,0,1,1,1,3326035,01/11/1987,QA1AA1AW01A0002,1,EQMT_SSEE_3218938,1
032,112025,3326042,1,8409,3,1,3326042,0,1,1,1,3326042,01/11/1987,QA1AA1AW01A0002,1,EQMT_SSEE_3218942,1
032,112025,3326049,1,8409,3,1,3326049,0,1,1,1,3326049,01/05/1964,QA2AA1AW02A0001,1,EQMT_SSEE_3217982,1
032,112025,3326056,1,8409,3,1,3326056,0,1,1,1,3326056,01/05/1964,QA1AA1AW01A0001,1,EQMT_SSEE_3221150,1
032,112025,3326063,1,8409,3,1,3326063,0,4,1,1,3326063,01/05/1987,QA1AA1AW01A0001,1,EQMT_SSEE_3226546,1
032,112025,3326070,1,8409,3,1,3326070,0,1,1,1,3326070,01/05/1987,QA1AA1AW01A0001,1,EQMT_SSEE_3220794,1
032,112025,3326077,1,8409,3,1,3326077,0,1,1,1,3326077,01/11/1987,QA3AA1AW03A0002,1,EQMT_SSEE_3217986,1
032,112025,3326084,1,8409,3,1,3326084,0,1,1,1,3326084,01/05/1987,QA1AA1AW01A0002,1,EQMT_SSEE_3219758,1
032,112025,3326091,1,8409,3,1,3326091,0,1,1,1,3326091,01/05/1964,QA2AA1AW02A0001,1,EQMT_SSEE_3220802,1
032,112025,3326098,1,8409,3,1,3326098,0,1,1,1,3326098,01/05/1964,QA2AA1AW02A0001,1,EQMT_SSEE_3219842,1
032,112025,3326105,1,8409,3,1,3326105,0,1,1,1,3326105,01/05/1979,QA1AA1AW01A0001,1,EQMT_SSEE_3219470,1
032,112025,3326112,1,8409,3,1,3326112,0,1,1,1,3326112,01/11/1970,QA2AA1AW02A0001,1,EQMT_SSEE_3222322,1
032,112025,3326126,1,8409,3,1,3326126,0,1,1,1,3326126,01/05/1964,QA2AA1AW02A0001,1,EQMT_SSEE_3217966,1
032,112025,3326133,1,8409,3,1,3326133,0,1,1,1,3326133,01/06/1999,QA2AA1AW02A0001,1,EQMT_SSEE_3222730,1
032,112025,3326140,1,8409,3,1,3326140,0,1,1,1,3326140,01/02/1998,QA2AA1AW02A0001,1,EQMT_SSEE_3222870,1
032,112025,3326147,1,8409,3,1,3326147,0,1,1,1,3326147,01/02/1989,QA1AA1AW01A0001,1,EQMT_SSEE_3220426,1
032,112025,3326154,1,8409,3,1,3326154,0,1,1,1,3326154,01/09/2001,QA2AA1AW02A0001,1,EQMT_SSEE_3222186,1
032,112025,3326161,1,8409,3,1,3326161,0,1,1,1,3326161,01/02/1989,QA2AA1AW02A0001,1,EQMT_SSEE_3222178,1
032,112025,3326168,1,8409,3,1,3326168,0,1,1,1,3326168,01/02/1989,QA1AA1AW01A0002,1,EQMT_SSEE_3218810,1
032,112025,3326175,1,8409,3,1,3326175,0,1,1,1,3326175,01/02/1989,QA2AA1AW02A0001,1,EQMT_SSEE_3222182,1
032,112025,3326182,1,8409,3,1,3326182,0,1,1,1,3326182,01/11/1984,QA1AA1AW01A0001,1,EQMT_SSEE_3219530,1
032,112025,3326189,1,8409,3,1,3326189,0,1,1,1,3326189,01/11/1984,QA1AA1AW01A0001,1,EQMT_SSEE_3219534,1
032,112025,3326196,1,8409,3,1,3326196,0,1,1,1,3326196,01/11/1984,QA1AA1AW01A0001,1,EQMT_SSEE_3219526,1
032,112025,3326203,1,8409,3,1,3326203,0,1,1,1,3326203,01/11/1984,QA1AA1AW01A0001,1,EQMT_SSEE_3222358,1
032,112025,3326210,1,8409,3,1,3326210,0,1,1,1,3326210,01/11/1984,QA1AA1AW01A0001,1,EQMT_SSEE_3222362,1
032,112025,3326217,1,8409,3,1,3326217,0,1,1,1,3326217,01/05/1979,QA1AA1AW01A0002,1,EQMT_SSEE_3219454,1
032,112025,3326224,1,8409,3,1,3326224,0,1,1,1,3326224,01/02/1997,QA1AA1AW01A0001,1,EQMT_SSEE_3219314,1
032,112025,3326231,1,8409,3,1,3326231,0,1,1,1,3326231,01/02/1997,QA1AA1AW01A0001,1,EQMT_SSEE_3219318,1
032,112025,3326238,1,8409,3,1,3326238,0,1,1,1,3326238,01/02/1997,QA1AA1AW01A0002,1,EQMT_SSEE_3219322,1
032,112025,3326245,1,8409,3,1,3326245,0,1,1,1,3326245,01/02/1997,QA1AA1AW01A0001,1,EQMT_SSEE_3220854,1
032,112025,3326259,1,8409,3,1,3326259,0,1,1,1,3326259,01/02/1997,QA1AA1AW01A0001,1,EQMT_SSEE_3219326,1
032,112025,3326266,1,8409,3,1,3326266,0,1,1,1,3326266,01/05/1979,QA1AA1AW01A0001,1,EQMT_SSEE_3219458,1
032,112025,3326273,1,8409,3,1,3326273,0,1,1,1,3326273,01/02/1997,QA1AA1AW01A0001,1,EQMT_SSEE_3222390,1
032,112025,3326287,1,8409,3,1,3326287,0,1,1,1,3326287,01/11/2001,QA1AA1AW01A0002,1,EQMT_SSEE_3223518,1
032,112025,3326301,1,8409,3,1,3326301,0,1,1,1,3326301,01/05/1979,QA1AA1AW01A0001,1,EQMT_SSEE_3219466,1
032,112025,3326308,1,8409,3,1,3326308,0,1,1,1,3326308,01/02/1989,QA1AA1AW01A0001,1,EQMT_SSEE_3223090,1
032,112025,3326315,1,8409,3,1,3326315,0,1,1,1,3326315,01/06/1978,QA2AA1AW02A0001,1,EQMT_SSEE_3220430,1
032,112025,3326322,1,8409,3,1,3326322,0,1,1,1,3326322,01/05/1979,QA1AA1AW01A0002,1,EQMT_SSEE_3219462,1
032,112025,3326329,1,8409,3,1,3326329,0,1,1,1,3326329,01/06/1980,QA2AA1AW02A0001,1,EQMT_SSEE_3219874,1
032,112025,3326336,1,8409,3,1,3326336,0,1,1,1,3326336,01/06/1980,QA2AA1AW02A0001,1,EQMT_SSEE_3222774,1
032,112025,3326343,1,8409,3,1,3326343,0,1,1,1,3326343,01/06/1978,QA2AA1AW02A0001,1,EQMT_SSEE_3218890,1
032,112025,3326350,1,8409,3,1,3326350,0,1,1,1,3326350,01/02/1998,QA2AA1AW02A0001,1,EQMT_SSEE_3221870,1
032,112025,3326357,1,8409,3,1,3326357,0,1,1,1,3326357,01/02/1998,QA2AA1AW02A0001,1,EQMT_SSEE_3221866,1
032,112025,3326364,1,8409,3,1,3326364,0,1,1,1,3326364,01/02/1998,QA2AA1AW02A0001,1,EQMT_SSEE_3221694,1
032,112025,3326371,1,8409,3,1,3326371,0,1,1,1,3326371,01/06/1978,QA2AA1AW02A0001,1,EQMT_SSEE_3219490,1
032,112025,3326378,1,8409,3,1,3326378,0,1,1,1,3326378,01/06/1978,QA2AA1AW02A0001,1,EQMT_SSEE_3218954,1
032,112025,3326385,1,8409,3,1,3326385,0,1,1,1,3326385,01/02/1998,QA2AA1AW02A0001,1,EQMT_SSEE_3220222,1
032,112025,3326399,1,8409,3,1,3326399,0,1,1,1,3326399,01/02/1998,QA2AA1AW02A0001,1,EQMT_SSEE_3221682,1
032,112025,3326406,1,8409,3,1,3326406,0,1,1,1,3326406,01/06/1978,QA2AA1AW02A0001,1,EQMT_SSEE_3221982,1
032,112025,3326413,1,8409,3,1,3326413,0,1,1,1,3326413,01/02/1998,QA1AA1AW01A0001,1,EQMT_SSEE_3220070,1
032,112025,3326420,1,8409,3,1,3326420,0,1,1,1,3326420,01/02/1998,QA1AA1AW01A0001,1,EQMT_SSEE_3220074,1
032,112025,3326427,1,8409,3,1,3326427,0,1,1,1,3326427,01/02/1998,QA2AA1AW02A0001,1,EQMT_SSEE_3222370,1
032,112025,3326434,1,8409,3,1,3326434,0,1,1,1,3326434,01/02/1998,QA2AA1AW02A0001,1,EQMT_SSEE_3218958,1
032,112025,3326448,1,8409,3,1,3326448,0,1,1,1,3326448,01/02/1998,QA2AA1AW02A0001,1,EQMT_SSEE_3222378,1
032,112025,3326455,1,8409,3,1,3326455,0,1,1,1,3326455,01/02/1998,QA2AA1AW02A0001,1,EQMT_SSEE_3222382,1
032,112025,3326462,1,8409,3,1,3326462,0,1,1,1,3326462,01/02/1998,QA2AA1AW02A0001,1,EQMT_SSEE_3222386,1
032,112025,3326469,1,8409,3,1,3326469,0,1,1,1,3326469,01/02/1998,QA2AA1AW02A0001,1,EQMT_SSEE_3221686,1
032,112025,3326476,1,8409,3,1,3326476,0,1,1,1,3326476,01/06/1978,QA2AA1AW02A0001,1,EQMT_SSEE_3218962,1
032,112025,3326483,1,8409,3,1,3326483,0,1,1,1,3326483,01/06/1978,QA2AA1AW02A0001,1,EQMT_SSEE_3222334,1
032,112025,3326490,1,8409,3,1,3326490,0,1,1,1,3326490,01/02/1998,QA2AA1AW02A0001,1,EQMT_SSEE_3222338,1
032,112025,3326497,1,8409,3,1,3326497,0,1,1,1,3326497,01/02/1998,QA2AA1AW02A0001,1,EQMT_SSEE_3222342,1
032,112025,3326504,1,8409,3,1,3326504,0,1,1,1,3326504,01/06/1978,QA2AA1AW02A0001,1,EQMT_SSEE_3222366,1
032,112025,3326511,1,8409,3,1,3326511,0,1,1,1,3326511,01/06/1978,QA2AA1AW02A0001,1,EQMT_SSEE_3219078,1
032,112025,3326518,1,8409,3,1,3326518,0,1,1,1,3326518,01/02/1998,QA2AA1AW02A0001,1,EQMT_SSEE_3222350,1
032,112025,3326525,1,8409,3,1,3326525,0,1,1,1,3326525,01/02/1998,QA1AA1AW01A0002,1,EQMT_SSEE_3218966,1
032,112025,3326532,1,8409,3,1,3326532,0,1,1,1,3326532,01/02/1998,QA2AA1AW02A0001,1,EQMT_SSEE_3222346,1
032,112025,3326546,1,8409,3,1,3326546,0,1,1,1,3326546,01/06/1978,QA2AA1AW02A0001,1,EQMT_SSEE_3220726,1
032,112025,3326553,1,8409,3,1,3326553,0,1,1,1,3326553,01/02/1997,QA2AA1AW02A0001,1,EQMT_SSEE_3222434,1
032,112025,3326560,1,8409,3,1,3326560,0,1,1,1,3326560,01/02/1997,QA2AA1AW02A0001,1,EQMT_SSEE_3222450,1
032,112025,3326567,1,8409,3,1,3326567,0,1,1,1,3326567,01/02/1997,QA2AA1AW02A0001,1,EQMT_SSEE_3222454,1
032,112025,3326574,1,8409,3,1,3326574,0,1,1,1,3326574,01/01/1997,QA2AA1AW02A0001,1,EQMT_SSEE_3222402,1
032,112025,3326581,1,8409,3,1,3326581,0,1,1,1,3326581,01/02/1997,QA2AA1AW02A0001,1,EQMT_SSEE_3222406,1
032,112025,3326588,1,8409,3,1,3326588,0,1,1,1,3326588,01/02/1997,QA2AA1AW02A0001,1,EQMT_SSEE_3222414,1
032,112025,3326595,1,8409,3,1,3326595,0,1,1,1,3326595,01/02/1997,QA2AA1AW02A0001,1,EQMT_SSEE_3222410,1
032,112025,3326602,1,8409,3,1,3326602,0,1,1,1,3326602,01/02/1997,QA2AA1AW02A0001,1,EQMT_SSEE_3222418,1
032,112025,3326616,1,8409,3,1,3326616,0,1,1,1,3326616,01/01/1985,QA1AA1AW01A0001,1,EQMT_SSEE_3219482,1
032,112025,3326623,1,8409,3,1,3326623,0,1,1,1,3326623,01/06/1978,QA1AA1AW01A0001,1,EQMT_SSEE_3219050,1
032,112025,3326637,1,8409,3,1,3326637,0,1,1,1,3326637,01/01/1997,QA1AA1AW01A0002,1,EQMT_SSEE_3221634,1
032,112025,3326651,1,8409,3,1,3326651,0,1,1,1,3326651,01/02/1997,QA2AA1AW02A0001,1,EQMT_SSEE_3222462,1
032,112025,3326658,1,8409,3,1,3326658,0,1,1,1,3326658,01/02/1997,QA2AA1AW02A0001,1,EQMT_SSEE_3222466,1
032,112025,3326665,1,8409,3,1,3326665,0,1,1,1,3326665,01/02/1997,QA2AA1AW02A0001,1,EQMT_SSEE_3222422,1
032,112025,3326672,1,8409,3,1,3326672,0,1,1,1,3326672,01/02/1997,QA2AA1AW02A0001,1,EQMT_SSEE_3222430,1
032,112025,3326679,1,8409,3,1,3326679,0,1,1,1,3326679,01/02/1997,QA2AA1AW02A0001,1,EQMT_SSEE_3222426,1
032,112025,3326686,1,8409,3,1,3326686,0,1,1,1,3326686,01/01/1997,QA1AA1AW01A0001,1,EQMT_SSEE_3221638,1
032,112025,3326693,1,8409,3,1,3326693,0,1,1,1,3326693,01/01/1997,QA1AA1AW01A0001,1,EQMT_SSEE_3223818,1
032,112025,3326700,1,8409,3,1,3326700,0,1,1,1,3326700,01/06/1980,QA2AA1AW02A0001,1,EQMT_SSEE_3219670,1
032,112025,3326707,1,8409,3,1,3326707,0,1,1,1,3326707,01/06/1980,QA1AA1AW01A0001,1,EQMT_SSEE_3219090,1
032,112025,3326714,1,8409,3,1,3326714,0,1,1,1,3326714,01/06/1980,QA1AA1AW01A0001,1,EQMT_SSEE_3218842,1
032,112025,3326721,1,8409,3,1,3326721,0,1,1,1,3326721,01/06/1980,QA1AA1AW01A0001,1,EQMT_SSEE_3221230,1
032,112025,3326728,1,8409,3,1,3326728,0,1,1,1,3326728,01/06/1980,QA1AA1AW01A0001,1,EQMT_SSEE_3218834,1
032,112025,3326735,1,8409,3,1,3326735,0,1,1,1,3326735,01/06/1980,QA2AA1AW02A0001,1,EQMT_SSEE_3219074,1
032,112025,3326742,1,8409,3,1,3326742,0,1,1,1,3326742,01/06/1980,QA2AA1AW02A0001,1,EQMT_SSEE_3218870,1
032,112025,3326749,1,8409,3,1,3326749,0,1,1,1,3326749,01/06/1980,QA1AA1AW01A0001,1,EQMT_SSEE_3218830,1
032,112025,3326756,1,7404,3,1,3326756,0,1,1,1,3326756,01/04/1990,QA2AA1AW02A0001,1,EQMT_SSEE_3222746,1
032,112025,3326763,1,8409,3,1,3326763,0,1,1,1,3326763,01/04/1990,QA2AA1AW02A0001,1,EQMT_SSEE_3217942,1
032,112025,3326770,1,8409,3,1,3326770,0,1,1,1,3326770,01/06/1980,QA1AA1AW01A0001,1,EQMT_SSEE_3221078,1
032,112025,3326777,1,8409,3,1,3326777,0,1,1,1,3326777,01/04/1990,QA1AA1AW01A0002,1,EQMT_SSEE_3219062,1
032,112025,3326784,1,8409,3,1,3326784,0,1,1,1,3326784,01/04/1990,QA1AA1AW01A0002,1,EQMT_SSEE_3219058,1
032,112025,3326791,1,8409,3,1,3326791,0,1,1,1,3326791,01/04/1990,QA1AA1AW01A0001,1,EQMT_SSEE_3219538,1
032,112025,3326798,1,8409,3,1,3326798,0,1,1,1,3326798,01/04/1990,QA1AA1AW01A0001,1,EQMT_SSEE_3219066,1
032,112025,3326805,1,8409,3,1,3326805,0,1,1,1,3326805,01/04/1990,QA1AA1AW01A0001,1,EQMT_SSEE_3219070,1
032,112025,3326812,1,8409,3,1,3326812,0,1,1,1,3326812,01/04/1990,QA2AA1AW02A0001,1,EQMT_SSEE_3222302,1
032,112025,3326819,1,8409,3,1,3326819,0,1,1,1,3326819,01/06/1991,QA2AA1AW02A0001,1,EQMT_SSEE_3222290,1
032,112025,3326826,1,8409,3,1,3326826,0,1,1,1,3326826,01/04/1990,QA2AA1AW02A0001,1,EQMT_SSEE_3218882,1
032,112025,3326833,1,8409,3,1,3326833,0,1,1,1,3326833,01/04/1990,QA2AA1AW02A0001,1,EQMT_SSEE_3220526,1
032,112025,3326840,1,8409,3,1,3326840,0,1,1,1,3326840,01/04/1990,QA3AA1AW03A0002,1,EQMT_SSEE_3217958,1
032,112025,3326868,1,8409,3,1,3326868,0,1,1,1,3326868,01/04/1981,QA1AA1AW01A0001,1,EQMT_SSEE_3223078,1
032,112025,3326875,1,8409,3,1,3326875,0,1,1,1,3326875,01/04/1981,QA1AA1AW01A0002,1,EQMT_SSEE_3218222,1
032,112025,3326882,1,8409,3,1,3326882,0,1,1,1,3326882,01/11/1970,QA2AA1AW02A0001,1,EQMT_SSEE_3221666,1
032,112025,3326889,1,8409,3,1,3326889,0,1,1,1,3326889,01/11/1970,QA2AA1AW02A0001,1,EQMT_SSEE_3221670,1
032,112025,3326896,1,8409,3,1,3326896,0,1,1,1,3326896,01/11/1970,QA2AA1AW02A0001,1,EQMT_SSEE_3221674,1
032,112025,3326903,1,8409,3,1,3326903,0,1,1,1,3326903,01/11/1970,QA1AA1AW01A0002,1,EQMT_SSEE_3218802,1
032,112025,3326910,1,8409,3,1,3326910,0,1,1,1,3326910,01/11/1970,QA1AA1AW01A0001,1,EQMT_SSEE_3221262,1
032,112025,3326917,1,8409,3,1,3326917,0,1,1,1,3326917,01/11/1970,QA2AA1AW02A0001,1,EQMT_SSEE_3221678,1
032,112025,3326924,1,8409,3,1,3326924,0,1,1,1,3326924,01/11/1970,QA2AA1AW02A0001,1,EQMT_SSEE_3221606,1
032,112025,3326931,1,8409,3,1,3326931,0,1,1,1,3326931,01/11/1970,QA1AA1AW01A0002,1,EQMT_SSEE_3218262,1
032,112025,3326938,1,8409,3,1,3326938,0,1,1,1,3326938,01/11/1970,QA1AA1AW01A0002,1,EQMT_SSEE_3218250,1
032,112025,3326945,1,8409,3,1,3326945,0,1,1,1,3326945,01/11/1970,QA1AA1AW01A0003,1,EQMT_SSEE_3218254,1
032,112025,3326952,1,8409,3,1,3326952,0,1,1,1,3326952,01/07/1997,QA2AA1AW02A0001,1,EQMT_SSEE_3222318,1
032,112025,3326959,1,8409,3,1,3326959,0,1,1,1,3326959,01/11/1970,QA2AA1AW02A0001,1,EQMT_SSEE_3222310,1
032,112025,3326966,1,8409,3,1,3326966,0,1,1,1,3326966,01/11/1970,QA1AA1AW01A0002,1,EQMT_SSEE_3218258,1
032,112025,3326973,1,8409,3,1,3326973,0,1,1,1,3326973,01/09/1968,QA1AA1AW01A0002,1,EQMT_SSEE_3218322,1
032,112025,3326980,1,8409,3,1,3326980,0,1,1,1,3326980,01/03/1990,QA1AA1AW01A0001,1,EQMT_SSEE_3220330,1
032,112025,3326987,1,8409,3,1,3326987,0,1,1,1,3326987,01/03/1995,QA3AA1AW03A0001,1,EQMT_SSEE_3218314,1
032,112025,3326994,1,8409,3,1,3326994,0,1,1,1,3326994,22/06/2016,QA3AA1AW03A0001,1,EQ_MT_SED134,1
032,112025,3327001,1,8409,3,1,3327001,0,1,1,1,3327001,01/11/1970,QA1AA1AW01A0001,1,EQMT_SSEE_3221234,1
032,112025,3327008,1,8409,3,1,3327008,0,1,1,1,3327008,01/04/1993,QA2AA1AW02A0001,1,EQMT_SSEE_3218318,1
032,112025,3327015,1,8409,3,1,3327015,0,1,1,1,3327015,01/05/1987,QA1AA1AW01A0001,1,EQMT_SSEE_3218230,1
032,112025,3327022,1,7404,3,1,3327022,0,1,1,1,3327022,01/04/2001,QA2AA1AW02A0001,1,EQMT_SSEE_3223334,1
032,112025,3327029,1,7404,3,1,3327029,0,1,1,1,3327029,01/04/2001,QA2AA1AW02A0001,1,EQMT_SSEE_3223338,1
032,112025,3327036,1,7404,3,1,3327036,0,1,1,1,3327036,01/04/2001,QA2AA1AW02A0001,1,EQMT_SSEE_3223346,1
032,112025,3327043,1,7404,3,1,3327043,0,1,1,1,3327043,01/04/2001,QA2AA1AW02A0001,1,EQMT_SSEE_3223342,1
032,112025,3327050,1,7404,3,1,3327050,0,1,1,1,3327050,01/04/2001,QA2AA1AW02A0001,1,EQMT_SSEE_3223330,1
032,112025,3327064,1,8409,3,1,3327064,0,1,1,1,3327064,01/10/2000,QA2AA1AW02A0001,1,EQMT_SSEE_3219126,1
032,112025,3327071,1,8416,3,1,3327071,0,1,1,1,3327071,01/12/2000,QA2AA1AW02A0001,1,EQMT_SSEE_3223494,1
032,112025,3327085,1,8416,3,1,3327085,0,1,1,1,3327085,01/01/2001,QA2AA1AW02A0001,1,EQMT_SSEE_3223506,1
032,112025,3327092,1,8409,3,1,3327092,0,1,1,1,3327092,01/03/2001,QA2AA1AW02A0001,1,EQMT_SSEE_3223314,1
032,112025,3327099,1,8409,3,1,3327099,0,1,1,1,3327099,01/03/2001,QA2AA1AW02A0001,1,EQMT_SSEE_3223318,1
032,112025,3327106,1,8409,3,1,3327106,0,1,1,1,3327106,01/03/2001,QA2AA1AW02A0001,1,EQMT_SSEE_3223322,1
032,112025,3327113,1,8409,3,1,3327113,0,1,1,1,3327113,01/03/2001,QA2AA1AW02A0001,1,EQMT_SSEE_3223326,1
032,112025,3327120,1,8409,3,1,3327120,0,4,1,1,3327120,01/04/2002,QA3AA1AW03A0001,1,EQMT_SSEE_3223770,1
032,112025,3327127,1,8409,3,1,3327127,0,1,1,1,3327127,01/06/2000,QA2AA1AW02A0001,1,EQMT_SSEE_3223402,1
032,112025,3327134,1,8409,3,1,3327134,0,1,1,1,3327134,01/02/1989,QA2AA1AW02A0001,1,EQMT_SSEE_3220734,1
032,112025,3327141,1,8409,3,1,3327141,0,1,1,1,3327141,01/06/1980,QA1AA1AW01A0001,1,EQMT_SSEE_3221006,1
032,112025,3327148,1,8409,3,1,3327148,0,1,1,1,3327148,01/08/1999,QA2AA1AW02A0001,1,EQMT_SSEE_3223914,1
032,112025,3327155,1,7404,3,1,3327155,0,1,1,1,3327155,01/08/1999,QA2AA1AW02A0001,1,EQMT_SSEE_3223918,1
032,112025,3327162,1,8409,3,1,3327162,0,1,1,1,3327162,01/02/1997,QA2AA1AW02A0001,1,EQMT_SSEE_3222522,1
032,112025,3327169,1,8409,3,1,3327169,0,1,1,1,3327169,01/02/2003,QA2AA1AW02A0001,1,EQMT_SSEE_3224454,1
032,112025,3327176,1,8409,3,1,3327176,0,1,1,1,3327176,01/02/2003,QA2AA1AW02A0001,1,EQMT_SSEE_3224082,1
032,112025,3327183,1,8409,3,1,3327183,0,1,1,1,3327183,01/02/2003,QA2AA1AW02A0001,1,EQMT_SSEE_3224066,1
032,112025,3327190,1,8409,3,1,3327190,0,1,1,1,3327190,01/02/2003,QA2AA1AW02A0001,1,EQMT_SSEE_3224086,1
032,112025,3327197,1,8409,3,1,3327197,0,1,1,1,3327197,01/02/2003,QA2AA1AW02A0001,1,EQMT_SSEE_3224426,1
032,112025,3327204,1,8409,3,1,3327204,0,1,1,1,3327204,01/02/2003,QA2AA1AW02A0001,1,EQMT_SSEE_3224094,1
032,112025,3327211,1,8409,3,1,3327211,0,1,1,1,3327211,01/02/2003,QA2AA1AW02A0001,1,EQMT_SSEE_3224090,1
032,112025,3327218,1,8409,3,1,3327218,0,1,1,1,3327218,01/02/2003,QA2AA1AW02A0001,1,EQMT_SSEE_3224078,1
032,112025,3327225,1,8409,3,1,3327225,0,1,1,1,3327225,01/02/2003,QA1AA1AW01A0001,1,EQMT_SSEE_3218838,1
032,112025,3327232,1,8409,3,1,3327232,0,1,1,1,3327232,01/02/2003,QA2AA1AW02A0001,1,EQMT_SSEE_3224102,1
032,112025,3327239,1,8416,3,1,3327239,0,1,1,1,3327239,01/02/2003,QA2AA1AW02A0001,1,EQMT_SSEE_3224074,1
032,112025,3327246,1,8409,3,1,3327246,0,1,1,1,3327246,01/02/2003,QA2AA1AW02A0001,1,EQMT_SSEE_3224430,1
032,112025,3327253,1,8409,3,1,3327253,0,1,1,1,3327253,01/02/2003,QA2AA1AW02A0001,1,EQMT_SSEE_3224438,1
032,112025,3327260,1,8409,3,1,3327260,0,1,1,1,3327260,01/02/2003,QA2AA1AW02A0001,1,EQMT_SSEE_3224434,1
032,112025,3327267,1,8409,3,1,3327267,0,1,1,1,3327267,01/02/2003,QA2AA1AW02A0001,1,EQMT_SSEE_3224442,1
032,112025,3327274,1,8409,3,1,3327274,0,1,1,1,3327274,01/02/2003,QA2AA1AW02A0001,1,EQMT_SSEE_3224446,1
032,112025,3327281,1,8409,3,1,3327281,0,1,1,1,3327281,01/02/2003,QA2AA1AW02A0001,1,EQMT_SSEE_3224450,1
032,112025,3327288,1,8409,3,1,3327288,0,1,1,1,3327288,01/02/2003,QA1AA1AW01A0001,1,EQMT_SSEE_3224070,1
032,112025,3327295,1,8409,3,1,3327295,0,1,1,1,3327295,01/01/2003,QA2AA1AW02A0001,1,EQMT_SSEE_3224098,1
032,112025,3327302,1,8409,3,1,3327302,0,1,1,1,3327302,01/01/2003,QA2AA1AW02A0001,1,EQMT_SSEE_3224458,1
032,112025,3327309,1,8409,3,1,3327309,0,4,1,1,3327309,01/02/2003,QA3AA1AW03A0002,1,EQMT_SSEE_3224114,1
032,112025,3327316,1,8409,3,1,3327316,0,1,1,1,3327316,01/06/2003,QA1AA1AW01A0001,1,EQMT_SSEE_3224158,1
032,112025,3327323,1,8409,3,1,3327323,0,1,1,1,3327323,01/12/2003,QA3AA1AW03A0001,1,EQMT_SSEE_3224238,1
032,112025,3327330,1,7404,3,1,3327330,0,1,1,1,3327330,01/02/1998,QA1AA1AW01A0002,1,EQMT_SSEE_3221710,1
032,112025,3327337,1,7404,3,1,3327337,0,1,1,1,3327337,01/01/1985,QA1AA1AW01A0001,1,EQMT_SSEE_3219086,1
032,112025,3327344,1,7404,3,1,3327344,0,1,1,1,3327344,01/01/1985,QA1AA1AW01A0002,1,EQMT_SSEE_3221570,1
032,112025,3327351,1,7404,3,1,3327351,0,1,1,1,3327351,01/01/1985,QA1AA1AW01A0001,1,EQMT_SSEE_3222858,1
032,112025,3327358,1,7404,3,1,3327358,0,1,1,1,3327358,01/01/1997,QA1AA1AW01A0001,1,EQMT_SSEE_3220678,1
032,112025,3327365,1,8409,3,1,3327365,0,1,1,1,3327365,01/01/1997,QA1AA1AW01A0001,1,EQMT_SSEE_3221822,1
032,112025,3327372,1,7404,3,1,3327372,0,1,1,1,3327372,01/02/1998,QA3AA1AW03A0002,1,EQMT_SSEE_3220750,1
032,112025,3327379,1,7404,3,1,3327379,0,1,1,1,3327379,01/02/1998,QA1AA1AW01A0001,1,EQMT_SSEE_3220930,1
032,112025,3327386,1,7404,3,1,3327386,0,1,1,1,3327386,01/02/1998,QA1AA1AW01A0001,1,EQMT_SSEE_3221578,1
032,112025,3327393,1,7404,3,1,3327393,0,1,1,1,3327393,01/04/1990,QA2AA1AW02A0001,1,EQMT_SSEE_3217946,1
032,112025,3327400,1,7404,3,1,3327400,0,1,1,1,3327400,01/04/1990,QA2AA1AW02A0001,1,EQMT_SSEE_3217950,1
032,112025,3327407,1,7404,3,1,3327407,0,1,1,1,3327407,01/04/1990,QA2AA1AW02A0001,1,EQMT_SSEE_3219542,1
032,112025,3327414,1,7404,3,1,3327414,0,1,1,1,3327414,01/04/1990,QA2AA1AW02A0001,1,EQMT_SSEE_3222298,1
032,112025,3327421,1,7404,3,1,3327421,0,1,1,1,3327421,01/04/1990,QA2AA1AW02A0001,1,EQMT_SSEE_3222306,1
032,112025,3327428,1,7404,3,1,3327428,0,1,1,1,3327428,01/04/1990,QA1AA1AW01A0002,1,EQMT_SSEE_3218990,1
032,112025,3327435,1,7404,3,1,3327435,0,1,1,1,3327435,01/04/1990,QA1AA1AW01A0001,1,EQMT_SSEE_3219546,1
032,112025,3327442,1,7404,3,1,3327442,0,1,1,1,3327442,01/04/1990,QA1AA1AW01A0001,1,EQMT_SSEE_3221126,1
032,112025,3327449,1,7404,3,1,3327449,0,4,1,1,3327449,01/04/1990,QA3AA1AW03A0002,1,EQMT_SSEE_3222262,1
032,112025,3327456,1,8409,3,1,3327456,0,1,1,1,3327456,01/02/1989,QA1AA1AW01A0003,1,EQMT_SSEE_3218266,1
032,112025,3327470,1,7406,3,1,3327470,0,4,1,1,3327470,01/08/1999,QA3AA1AW03A0005,1,EQMT_SSEE_3220234,1
032,112025,3327477,1,7406,3,1,3327477,0,1,1,1,3327477,01/12/2002,QA1AA1AW01A0001,1,EQMT_SSEE_3220786,1
032,112025,3327484,1,7403,3,1,3327484,0,1,1,1,3327484,01/05/1998,QA3AA1AW03A0001,1,EQMT_SSEE_3221814,1
032,112025,3327491,1,7403,3,1,3327491,0,1,1,1,3327491,01/05/1998,QA2AA1AW02A0001,1,EQMT_SSEE_3219410,1
032,112025,3327505,1,7403,3,1,3327505,0,1,1,1,3327505,01/07/1989,QA2AA1AW02A0001,1,EQMT_SSEE_3219282,1
032,112025,3327512,1,7403,3,1,3327512,0,1,1,1,3327512,01/08/1989,QA2AA1AW02A0001,1,EQMT_SSEE_3219274,1
032,112025,3327519,1,7403,3,1,3327519,0,1,1,1,3327519,01/08/1989,QA2AA1AW02A0001,1,EQMT_SSEE_3220874,1
032,112025,3327526,1,7403,3,1,3327526,0,1,1,1,3327526,01/07/1989,QA1AA1AW01A0002,1,EQMT_SSEE_3221110,1
032,112025,3327533,1,7403,3,1,3327533,0,1,1,1,3327533,01/07/1989,QA2AA1AW02A0001,1,EQMT_SSEE_3223526,1
032,112025,3327540,1,7403,3,1,3327540,0,1,1,1,3327540,01/06/1991,QA1AA1AW01A0001,1,EQMT_SSEE_3221402,1
032,112025,3327547,1,7403,3,1,3327547,0,1,1,1,3327547,01/06/1991,QA1AA1AW01A0001,1,EQMT_SSEE_3221406,1
032,112025,3327554,1,7403,3,1,3327554,0,1,1,1,3327554,01/06/1991,QA1AA1AW01A0001,1,EQMT_SSEE_3221410,1
032,112025,3327561,1,7403,3,1,3327561,0,1,1,1,3327561,01/09/1999,QA2AA1AW02A0001,1,EQMT_SSEE_3221958,1
032,112025,3327568,1,7403,3,1,3327568,0,1,1,1,3327568,01/09/1999,QA3AA1AW03A0001,1,EQMT_SSEE_3218438,1
032,112025,3327582,1,7403,3,1,3327582,0,1,1,1,3327582,01/11/2001,QA3AA1AW03A0002,1,EQMT_SSEE_3223522,1
032,112025,3327589,1,7403,3,1,3327589,0,1,1,1,3327589,01/09/1999,QA3AA1AW03A0001,1,EQMT_SSEE_3220582,1
032,112025,3327596,1,7403,3,1,3327596,0,1,1,1,3327596,01/06/1991,QA2AA1AW02A0001,1,EQMT_SSEE_3221318,1
032,112025,3327603,1,7403,3,1,3327603,0,4,1,1,3327603,01/06/1991,QA3AA1AW03A0001,1,EQMT_SSEE_3218442,1
032,112025,3327610,1,7403,3,1,3327610,0,1,1,1,3327610,01/09/1999,QA2AA1AW02A0001,1,EQMT_SSEE_3218674,1
032,112025,3327617,1,7403,3,1,3327617,0,1,1,1,3327617,01/09/1999,QA2AA1AW02A0001,1,EQMT_SSEE_3222846,1
032,112025,3327624,1,7403,3,1,3327624,0,1,1,1,3327624,01/09/1999,QA2AA1AW02A0001,1,EQMT_SSEE_3222226,1
032,112025,3327631,1,7403,3,1,3327631,0,1,1,1,3327631,01/05/1998,QA2AA1AW02A0002,1,EQMT_SSEE_3219406,1
032,112025,3327638,1,7403,3,1,3327638,0,1,1,1,3327638,01/05/1998,QA2AA1AW02A0001,1,EQMT_SSEE_3219278,1
032,112025,3327645,1,7403,3,1,3327645,0,1,1,1,3327645,01/10/1998,QA2AA1AW02A0002,1,EQMT_SSEE_3220586,1
032,112025,3327652,1,7403,3,1,3327652,0,1,1,1,3327652,01/05/1999,QA1AA1AW01A0001,1,EQMT_SSEE_3221382,1
032,112025,3327659,1,7403,3,1,3327659,0,1,1,1,3327659,01/06/1991,QA1AA1AW01A0002,1,EQMT_SSEE_3220626,1
032,112025,3327673,1,7403,3,1,3327673,0,1,1,1,3327673,01/09/1999,QA2AA1AW02A0001,1,EQMT_SSEE_3219014,1
032,112025,3327680,1,7403,3,1,3327680,0,1,1,1,3327680,01/09/1999,QA2AA1AW02A0001,1,EQMT_SSEE_3222850,1
032,112025,3327687,1,7403,3,1,3327687,0,1,1,1,3327687,01/11/1998,QA3AA1AW03A0003,1,EQMT_SSEE_3223178,1
032,112025,3327694,1,7403,3,1,3327694,0,1,1,1,3327694,01/06/1991,QA1AA1AW01A0001,1,EQMT_SSEE_3221830,1
032,112025,3327701,1,7403,3,1,3327701,0,1,1,1,3327701,01/06/1991,QA1AA1AW01A0001,1,EQMT_SSEE_3221762,1
032,112025,3327708,1,7403,3,1,3327708,0,1,1,1,3327708,01/06/1991,QA1AA1AW01A0001,1,EQMT_SSEE_3221758,1
032,112025,3327715,1,7403,3,1,3327715,0,1,1,1,3327715,01/06/1991,QA1AA1AW01A0001,1,EQMT_SSEE_3221754,1
032,112025,3327722,1,7403,3,1,3327722,0,1,1,1,3327722,01/10/1998,QA1AA1AW01A0001,1,EQMT_SSEE_3221306,1
032,112025,3327729,1,7403,3,1,3327729,0,1,1,1,3327729,01/10/1998,QA1AA1AW01A0002,1,EQMT_SSEE_3221362,1
032,112025,3327736,1,7403,3,1,3327736,0,1,1,1,3327736,01/10/1998,QA1AA1AW01A0001,1,EQMT_SSEE_3221026,1
032,112025,3327743,1,7403,3,1,3327743,0,1,1,1,3327743,01/10/1998,QA1AA1AW01A0002,1,EQMT_SSEE_3221526,1
032,112025,3327750,1,7403,3,1,3327750,0,1,1,1,3327750,01/10/1998,QA1AA1AW01A0002,1,EQMT_SSEE_3220646,1
032,112025,3327757,1,7403,3,1,3327757,0,1,1,1,3327757,01/10/1998,QA1AA1AW01A0001,1,EQMT_SSEE_3221030,1
032,112025,3327764,1,7403,3,1,3327764,0,1,1,1,3327764,01/10/1998,QA1AA1AW01A0001,1,EQMT_SSEE_3221170,1
032,112025,3327771,1,7403,3,1,3327771,0,1,1,1,3327771,01/10/1998,QA1AA1AW01A0001,1,EQMT_SSEE_3221178,1
032,112025,3327778,1,7403,3,1,3327778,0,1,1,1,3327778,01/10/1998,QA1AA1AW01A0001,1,EQMT_SSEE_3221182,1
032,112025,3327785,1,7403,3,1,3327785,0,1,1,1,3327785,01/10/1998,QA1AA1AW01A0001,1,EQMT_SSEE_3221186,1
032,112025,3327792,1,7403,3,1,3327792,0,1,1,1,3327792,01/10/1998,QA1AA1AW01A0001,1,EQMT_SSEE_3221174,1
032,112025,3327799,1,7403,3,1,3327799,0,1,1,1,3327799,01/06/1991,QA2AA1AW02A0001,1,EQMT_SSEE_3222026,1
032,112025,3327806,1,7403,3,1,3327806,0,1,1,1,3327806,01/06/1991,QA2AA1AW02A0001,1,EQMT_SSEE_3222030,1
032,112025,3327813,1,7403,3,1,3327813,0,1,1,1,3327813,01/06/1998,QA1AA1AW01A0001,1,EQMT_SSEE_3220770,1
032,112025,3327820,1,7403,3,1,3327820,0,1,1,1,3327820,01/06/1998,QA1AA1AW01A0002,1,EQMT_SSEE_3219186,1
032,112025,3327827,1,7403,3,1,3327827,0,1,1,1,3327827,01/06/1998,QA1AA1AW01A0002,1,EQMT_SSEE_3220958,1
032,112025,3327834,1,7403,3,1,3327834,0,1,1,1,3327834,01/06/1999,QA1AA1AW01A0001,1,EQMT_SSEE_3220922,1
032,112025,3327841,1,7403,3,1,3327841,0,1,1,1,3327841,01/06/1999,QA1AA1AW01A0001,1,EQMT_SSEE_3220918,1
032,112025,3327848,1,7403,3,1,3327848,0,1,1,1,3327848,01/06/1991,QA1AA1AW01A0001,1,EQMT_SSEE_3220910,1
032,112025,3327855,1,7403,3,1,3327855,0,1,1,1,3327855,01/06/1999,QA2AA1AW02A0001,1,EQMT_SSEE_3220906,1
032,112025,3327862,1,7403,3,1,3327862,0,4,1,1,3327862,01/06/1999,QA3AA1AW03A0005,1,EQMT_SSEE_3222618,1
032,112025,3327869,1,7403,3,1,3327869,0,1,1,1,3327869,01/06/1999,QA1AA1AW01A0001,1,EQMT_SSEE_3220902,1
032,112025,3327876,1,7403,3,1,3327876,0,1,1,1,3327876,01/06/2001,QA3AA1AW03A0002,1,EQMT_SSEE_3218806,1
032,112025,3327883,1,7403,3,1,3327883,0,1,1,1,3327883,01/06/1999,QA1AA1AW01A0002,1,EQMT_SSEE_3220914,1
032,112025,3327890,1,7403,3,1,3327890,0,1,1,1,3327890,01/11/1999,QA1AA1AW01A0002,1,EQMT_SSEE_3220486,1
032,112025,3327897,1,7403,3,1,3327897,0,1,1,1,3327897,01/11/1999,QA1AA1AW01A0002,1,EQMT_SSEE_3223606,1
032,112025,3327904,1,7403,3,1,3327904,0,1,1,1,3327904,01/11/1999,QA1AA1AW01A0002,1,EQMT_SSEE_3221550,1
032,112025,3327911,1,7403,3,1,3327911,0,1,1,1,3327911,01/06/1998,QA1AA1AW01A0001,1,EQMT_SSEE_3219182,1
032,112025,3327918,1,7403,3,1,3327918,0,1,1,1,3327918,01/11/1999,QA1AA1AW01A0001,1,EQMT_SSEE_3223022,1
032,112025,3327925,1,7403,3,1,3327925,0,1,1,1,3327925,01/06/1991,QA2AA1AW02A0001,1,EQMT_SSEE_3222878,1
032,112025,3327932,1,7403,3,1,3327932,0,1,1,1,3327932,01/06/1991,QA2AA1AW02A0001,1,EQMT_SSEE_3222882,1
032,112025,3327953,1,7403,3,1,3327953,0,1,1,1,3327953,01/06/1991,QA1AA1AW01A0001,1,EQMT_SSEE_3221738,1
032,112025,3327960,1,7403,3,1,3327960,0,1,1,1,3327960,01/06/1991,QA1AA1AW01A0001,1,EQMT_SSEE_3219418,1
032,112025,3327967,1,7403,3,1,3327967,0,1,1,1,3327967,01/06/1991,QA2AA1AW02A0001,1,EQMT_SSEE_3219174,1
032,112025,3327974,1,7403,3,1,3327974,0,1,1,1,3327974,01/06/1991,QA1AA1AW01A0002,1,EQMT_SSEE_3219170,1
032,112025,3327981,1,7403,3,1,3327981,0,1,1,1,3327981,01/09/1999,QA3AA1AW03A0002,1,EQMT_SSEE_3221294,1
032,112025,3327988,1,7403,3,1,3327988,0,1,1,1,3327988,01/06/1991,QA3AA1AW03A0003,1,EQMT_SSEE_3218490,1
032,112025,3327995,1,7403,3,1,3327995,0,1,1,1,3327995,01/05/1999,QA2AA1AW02A0001,1,EQMT_SSEE_3221534,1
032,112025,3328002,1,7403,3,1,3328002,0,1,1,1,3328002,01/05/1999,QA2AA1AW02A0001,1,EQMT_SSEE_3221538,1
032,112025,3328009,1,7403,3,1,3328009,0,1,1,1,3328009,01/05/1999,QA2AA1AW02A0001,1,EQMT_SSEE_3223350,1
032,112025,3328016,1,7403,3,1,3328016,0,1,1,1,3328016,01/05/1999,QA2AA1AW02A0001,1,EQMT_SSEE_3220594,1
032,112025,3328023,1,7403,3,1,3328023,0,1,1,1,3328023,01/05/1999,QA2AA1AW02A0001,1,EQMT_SSEE_3222330,1
032,112025,3328030,1,7403,3,1,3328030,0,4,1,1,3328030,01/05/1999,QA3AA1AW03A0002,1,EQMT_SSEE_3222326,1
032,112025,3328037,1,7403,3,1,3328037,0,1,1,1,3328037,01/05/1999,QA2AA1AW02A0001,1,EQMT_SSEE_3220590,1
032,112025,3328044,1,7403,3,1,3328044,0,1,1,1,3328044,01/11/1998,QA2AA1AW02A0001,1,EQMT_SSEE_3219398,1
032,112025,3328051,1,7403,3,1,3328051,0,1,1,1,3328051,01/11/1998,QA2AA1AW02A0001,1,EQMT_SSEE_3219714,1
032,112025,3328058,1,7403,3,1,3328058,0,1,1,1,3328058,01/11/1998,QA2AA1AW02A0001,1,EQMT_SSEE_3226170,1
032,112025,3328065,1,7403,3,1,3328065,0,1,1,1,3328065,01/11/1998,QA1AA1AW01A0002,1,EQMT_SSEE_3219402,1
032,112025,3328072,1,7403,3,1,3328072,0,1,1,1,3328072,01/05/1998,QA1AA1AW01A0002,1,EQMT_SSEE_3218502,1
032,112025,3328079,1,7403,3,1,3328079,0,1,1,1,3328079,01/05/1998,QA1AA1AW01A0001,1,EQMT_SSEE_3221542,1
032,112025,3328086,1,7403,3,1,3328086,0,1,1,1,3328086,01/05/1998,QA1AA1AW01A0001,1,EQMT_SSEE_3220894,1
032,112025,3328093,1,7403,3,1,3328093,0,1,1,1,3328093,01/05/1998,QA1AA1AW01A0001,1,EQMT_SSEE_3220898,1
032,112025,3328100,1,7403,3,1,3328100,0,1,1,1,3328100,01/06/1991,QA2AA1AW02A0001,1,EQMT_SSEE_3220602,1
032,112025,3328107,1,7403,3,1,3328107,0,1,1,1,3328107,01/06/1991,QA2AA1AW02A0001,1,EQMT_SSEE_3220598,1
032,112025,3328114,1,7403,3,1,3328114,0,1,1,1,3328114,01/08/1998,QA1AA1AW01A0002,1,EQMT_SSEE_3219162,1
032,112025,3328121,1,7403,3,1,3328121,0,1,1,1,3328121,01/05/1999,QA1AA1AW01A0001,1,EQMT_SSEE_3221386,1
032,112025,3328128,1,7403,3,1,3328128,0,1,1,1,3328128,01/05/1999,QA1AA1AW01A0001,1,EQMT_SSEE_3221390,1
032,112025,3328135,1,7403,3,1,3328135,0,1,1,1,3328135,01/05/1999,QA2AA1AW02A0001,1,EQMT_SSEE_3223478,1
032,112025,3328142,1,7403,3,1,3328142,0,1,1,1,3328142,01/05/1999,QA1AA1AW01A0001,1,EQMT_SSEE_3221394,1
032,112025,3328149,1,7403,3,1,3328149,0,1,1,1,3328149,01/05/1999,QA1AA1AW01A0001,1,EQMT_SSEE_3221398,1
032,112025,3328156,1,7403,3,1,3328156,0,1,1,1,3328156,01/05/1998,QA3AA1AW03A0001,1,EQMT_SSEE_3223198,1
032,112025,3328163,1,7403,3,1,3328163,0,1,1,1,3328163,01/05/1999,QA3AA1AW03A0001,1,EQMT_SSEE_3220018,1
032,112025,3328170,1,7403,3,1,3328170,0,1,1,1,3328170,01/05/1999,QA3AA1AW03A0001,1,EQMT_SSEE_3218450,1
032,112025,3328177,1,7403,3,1,3328177,0,1,1,1,3328177,01/05/1999,QA2AA1AW02A0001,1,EQMT_SSEE_3222162,1
032,112025,3328184,1,7403,3,1,3328184,0,1,1,1,3328184,01/09/1999,QA2AA1AW02A0001,1,EQMT_SSEE_3222842,1
032,112025,3328191,1,7403,3,1,3328191,0,1,1,1,3328191,01/09/1999,QA2AA1AW02A0001,1,EQMT_SSEE_3222838,1
032,112025,3328198,1,7403,3,1,3328198,0,1,1,1,3328198,01/09/1999,QA2AA1AW02A0001,1,EQMT_SSEE_3222834,1
032,112025,3328205,1,7403,3,1,3328205,0,1,1,1,3328205,01/09/1999,QA2AA1AW02A0001,1,EQMT_SSEE_3222830,1
032,112025,3328212,1,7403,3,1,3328212,0,1,1,1,3328212,01/05/1999,QA2AA1AW02A0001,1,EQMT_SSEE_3218454,1
032,112025,3328219,1,7403,3,1,3328219,0,1,1,1,3328219,01/05/1999,QA2AA1AW02A0001,1,EQMT_SSEE_3218458,1
032,112025,3328226,1,7403,3,1,3328226,0,1,1,1,3328226,01/05/1999,QA2AA1AW02A0001,1,EQMT_SSEE_3218466,1
032,112025,3328233,1,7403,3,1,3328233,0,1,1,1,3328233,01/05/1999,QA3AA1AW03A0001,1,EQMT_SSEE_3218462,1
032,112025,3328240,1,7403,3,1,3328240,0,4,1,1,3328240,01/11/1999,QA3AA1AW03A0001,1,EQMT_SSEE_3223066,1
032,112025,3328247,1,7403,3,1,3328247,0,1,1,1,3328247,01/05/1999,QA3AA1AW03A0001,1,EQMT_SSEE_3218474,1
032,112025,3328254,1,7403,3,1,3328254,0,1,1,1,3328254,01/05/1999,QA2AA1AW02A0001,1,EQMT_SSEE_3220686,1
032,112025,3328268,1,7403,3,1,3328268,0,1,1,1,3328268,01/05/1999,QA3AA1AW03A0002,1,EQMT_SSEE_3223662,1
032,112025,3328275,1,7403,3,1,3328275,0,1,1,1,3328275,01/05/1999,QA1AA1AW01A0001,1,EQMT_SSEE_3218482,1
032,112025,3328289,1,7403,3,1,3328289,0,1,1,1,3328289,01/05/1999,QA2AA1AW02A0001,1,EQMT_SSEE_3218486,1
032,112025,3328296,1,7403,3,1,3328296,0,1,1,1,3328296,01/05/1999,QA2AA1AW02A0001,1,EQMT_SSEE_3221138,1
032,112025,3328303,1,7403,3,1,3328303,0,1,1,1,3328303,01/10/1998,QA1AA1AW01A0002,1,EQMT_SSEE_3218582,1
032,112025,3328310,1,7403,3,1,3328310,0,1,1,1,3328310,01/06/1991,QA2AA1AW02A0001,1,EQMT_SSEE_3222866,1
032,112025,3328324,1,7403,3,1,3328324,0,4,1,1,3328324,01/10/1998,QA3AA1AW03A0001,1,EQMT_SSEE_3226930,1
032,112025,3328331,1,7403,3,1,3328331,0,1,1,1,3328331,01/10/1998,QA2AA1AW02A0001,1,EQMT_SSEE_3222018,1
032,112025,3328338,1,7403,3,1,3328338,0,1,1,1,3328338,01/05/1999,QA2AA1AW02A0001,1,EQMT_SSEE_3221134,1
032,112025,3328345,1,7403,3,1,3328345,0,1,1,1,3328345,01/06/1991,QA1AA1AW01A0001,1,EQMT_SSEE_3219138,1
032,112025,3328352,1,7403,3,1,3328352,0,1,1,1,3328352,01/06/1991,QA1AA1AW01A0001,1,EQMT_SSEE_3219134,1
032,112025,3328359,1,7403,3,1,3328359,0,1,1,1,3328359,01/06/1991,QA1AA1AW01A0002,1,EQMT_SSEE_3219146,1
032,112025,3328366,1,7403,3,1,3328366,0,1,1,1,3328366,01/06/1991,QA1AA1AW01A0002,1,EQMT_SSEE_3219150,1
032,112025,3328373,1,7403,3,1,3328373,0,1,1,1,3328373,01/06/1991,QA1AA1AW01A0001,1,EQMT_SSEE_3219154,1
032,112025,3328380,1,7403,3,1,3328380,0,1,1,1,3328380,01/10/1998,QA1AA1AW01A0001,1,EQMT_SSEE_3220062,1
032,112025,3328387,1,7403,3,1,3328387,0,1,1,1,3328387,01/06/1991,QA1AA1AW01A0001,1,EQMT_SSEE_3219382,1
032,112025,3328394,1,7403,3,1,3328394,0,1,1,1,3328394,01/06/1991,QA1AA1AW01A0002,1,EQMT_SSEE_3219378,1
032,112025,3328401,1,7403,3,1,3328401,0,1,1,1,3328401,01/06/1991,QA1AA1AW01A0001,1,EQMT_SSEE_3221818,1
032,112025,3328408,1,7403,3,1,3328408,0,1,1,1,3328408,01/06/1991,QA1AA1AW01A0001,1,EQMT_SSEE_3219762,1
032,112025,3328415,1,7403,3,1,3328415,0,1,1,1,3328415,01/06/1991,QA1AA1AW01A0001,1,EQMT_SSEE_3223018,1
032,112025,3328422,1,7403,3,1,3328422,0,1,1,1,3328422,01/06/1991,QA1AA1AW01A0002,1,EQMT_SSEE_3221746,1
032,112025,3328429,1,7403,3,1,3328429,0,1,1,1,3328429,01/06/1991,QA1AA1AW01A0001,1,EQMT_SSEE_3221750,1
032,112025,3328436,1,7403,3,1,3328436,0,1,1,1,3328436,01/11/1998,QA1AA1AW01A0002,1,EQMT_SSEE_3221454,1
032,112025,3328443,1,7403,3,1,3328443,0,1,1,1,3328443,01/11/1998,QA1AA1AW01A0001,1,EQMT_SSEE_3219394,1
032,112025,3328450,1,7403,3,1,3328450,0,1,1,1,3328450,01/11/1998,QA1AA1AW01A0001,1,EQMT_SSEE_3219814,1
032,112025,3328457,1,7403,3,1,3328457,0,1,1,1,3328457,01/11/1998,QA1AA1AW01A0001,1,EQMT_SSEE_3219390,1
032,112025,3328464,1,7403,3,1,3328464,0,1,1,1,3328464,01/06/1991,QA2AA1AW02A0001,1,EQMT_SSEE_3221042,1
032,112025,3328471,1,7403,3,1,3328471,0,1,1,1,3328471,01/06/1991,QA1AA1AW01A0001,1,EQMT_SSEE_3221046,1
032,112025,3328478,1,7403,3,1,3328478,0,1,1,1,3328478,01/06/1991,QA2AA1AW02A0001,1,EQMT_SSEE_3221050,1
032,112025,3328485,1,7403,3,1,3328485,0,1,1,1,3328485,01/06/1991,QA2AA1AW02A0001,1,EQMT_SSEE_3221054,1
032,112025,3328492,1,7403,3,1,3328492,0,1,1,1,3328492,01/06/1991,QA1AA1AW01A0001,1,EQMT_SSEE_3221742,1
032,112025,3328499,1,7403,3,1,3328499,0,1,1,1,3328499,01/06/1991,QA1AA1AW01A0001,1,EQMT_SSEE_3221058,1
032,112025,3328506,1,7403,3,1,3328506,0,1,1,1,3328506,01/06/1991,QA2AA1AW02A0001,1,EQMT_SSEE_3221062,1
032,112025,3328513,1,7403,3,1,3328513,0,1,1,1,3328513,01/06/1991,QA1AA1AW01A0001,1,EQMT_SSEE_3220730,1
032,112025,3328520,1,7403,3,1,3328520,0,4,1,1,3328520,01/05/1998,QA3AA1AW03A0005,0,EQMT_SSEE_3219246,1
032,112025,3328527,1,7403,3,1,3328527,0,1,1,1,3328527,01/05/1998,QA1AA1AW01A0002,1,EQMT_SSEE_3220246,1
032,112025,3328534,1,7403,3,1,3328534,0,1,1,1,3328534,01/05/1998,QA1AA1AW01A0002,1,EQMT_SSEE_3220534,1
032,112025,3328541,1,7403,3,1,3328541,0,1,1,1,3328541,01/11/1998,QA2AA1AW02A0001,1,EQMT_SSEE_3219386,1
032,112025,3328548,1,7403,3,1,3328548,0,1,1,1,3328548,01/12/1999,QA2AA1AW02A0001,1,EQMT_SSEE_3223094,1
032,112025,3328555,1,7403,3,1,3328555,0,1,1,1,3328555,01/11/1999,QA1AA1AW01A0002,1,EQMT_SSEE_3220450,1
032,112025,3328562,1,7403,3,1,3328562,0,1,1,1,3328562,01/12/1999,QA2AA1AW02A0001,1,EQMT_SSEE_3218182,1
032,112025,3328569,1,7403,3,1,3328569,0,1,1,1,3328569,01/11/1999,QA1AA1AW01A0002,1,EQMT_SSEE_3220454,1
032,112025,3328576,1,7403,3,1,3328576,0,1,1,1,3328576,01/11/1999,QA1AA1AW01A0001,1,EQMT_SSEE_3220458,1
032,112025,3328583,1,7403,3,1,3328583,0,1,1,1,3328583,01/11/1999,QA1AA1AW01A0001,1,EQMT_SSEE_3220662,1
032,112025,3328597,1,7403,3,1,3328597,0,1,1,1,3328597,01/09/1999,QA2AA1AW02A0002,1,EQMT_SSEE_3221102,1
032,112025,3328604,1,7403,3,1,3328604,0,1,1,1,3328604,01/06/1991,QA2AA1AW02A0001,1,EQMT_SSEE_3219142,1
032,112025,3328611,1,7403,3,1,3328611,0,1,1,1,3328611,01/08/1998,QA2AA1AW02A0001,1,EQMT_SSEE_3221314,1
032,112025,3328618,1,7403,3,1,3328618,0,1,1,1,3328618,01/08/1998,QA3AA1AW03A0005,1,EQMT_SSEE_3221978,1
032,112025,3328625,1,7403,3,1,3328625,0,1,1,1,3328625,01/06/1991,QA2AA1AW02A0001,1,EQMT_SSEE_3219158,1
032,112025,3328632,1,7403,3,1,3328632,0,1,1,1,3328632,01/06/1991,QA2AA1AW02A0001,1,EQMT_SSEE_3219166,1
032,112025,3328639,1,7403,3,1,3328639,0,1,1,1,3328639,01/06/1991,QA2AA1AW02A0001,1,EQMT_SSEE_3222862,1
032,112025,3328646,1,7403,3,1,3328646,0,1,1,1,3328646,01/10/1998,QA3AA1AW03A0001,1,EQMT_SSEE_3218750,1
032,112025,3328653,1,7403,3,1,3328653,0,1,1,1,3328653,01/10/1998,QA2AA1AW02A0001,1,EQMT_SSEE_3224250,1
032,112025,3328660,1,7403,3,1,3328660,0,1,1,1,3328660,01/10/1998,QA2AA1AW02A0001,1,EQMT_SSEE_3219294,1
032,112025,3328667,1,7403,3,1,3328667,0,1,1,1,3328667,01/10/1998,QA2AA1AW02A0001,1,EQMT_SSEE_3219730,1
032,112025,3328674,1,7403,3,1,3328674,0,1,1,1,3328674,01/10/1998,QA2AA1AW02A0001,1,EQMT_SSEE_3218814,1
032,112025,3328681,1,7403,3,1,3328681,0,1,1,1,3328681,01/10/1998,QA2AA1AW02A0001,1,EQMT_SSEE_3221358,1
032,112025,3328688,1,7403,3,1,3328688,0,1,1,1,3328688,01/10/1998,QA3AA1AW03A0001,1,EQMT_SSEE_3221702,1
032,112025,3328695,1,7403,3,1,3328695,0,1,1,1,3328695,01/10/1998,QA3AA1AW03A0001,1,EQMT_SSEE_3218574,1
032,112025,3328702,1,7403,3,1,3328702,0,1,1,1,3328702,01/10/1998,QA1AA1AW01A0001,1,EQMT_SSEE_3221166,1
032,112025,3328709,1,7403,3,1,3328709,0,1,1,1,3328709,01/10/1998,QA1AA1AW01A0001,1,EQMT_SSEE_3221162,1
032,112025,3328716,1,7403,3,1,3328716,0,1,1,1,3328716,01/10/1998,QA1AA1AW01A0001,1,EQMT_SSEE_3221158,1
032,112025,3328723,1,7403,3,1,3328723,0,1,1,1,3328723,01/10/1998,QA1AA1AW01A0002,1,EQMT_SSEE_3221366,1
032,112025,3328730,1,7403,3,1,3328730,0,1,1,1,3328730,01/10/1998,QA1AA1AW01A0002,1,EQMT_SSEE_3218678,1
032,112025,3328744,1,7403,3,1,3328744,0,1,1,1,3328744,01/06/1998,QA2AA1AW02A0001,1,EQMT_SSEE_3218746,1
032,112025,3328751,1,7403,3,1,3328751,0,1,1,1,3328751,01/06/1998,QA2AA1AW02A0001,1,EQMT_SSEE_3220978,1
032,112025,3328758,1,7403,3,1,3328758,0,1,1,1,3328758,01/06/1991,QA2AA1AW02A0001,1,EQMT_SSEE_3218186,1
032,112025,3328779,1,7403,3,1,3328779,0,1,1,1,3328779,01/06/1991,QA2AA1AW02A0001,1,EQ_MT_SED121,1
032,112025,3328786,1,7403,3,1,3328786,0,1,1,1,3328786,01/06/1991,QA1AA1AW01A0002,1,EQMT_SSEE_3218494,1
032,112025,3328800,1,7403,3,1,3328800,0,1,1,1,3328800,01/02/2002,QA2AA1AW02A0001,1,EQMT_SSEE_3223630,1
032,112025,3328807,1,7403,3,1,3328807,0,1,1,1,3328807,01/04/2002,QA2AA1AW02A0001,1,EQMT_SSEE_3223774,1
032,112025,3328814,1,7403,3,1,3328814,0,1,1,1,3328814,01/04/2002,QA2AA1AW02A0001,1,EQMT_SSEE_3223786,1
032,112025,3328821,1,7403,3,1,3328821,0,1,1,1,3328821,01/04/2002,QA2AA1AW02A0001,1,EQMT_SSEE_3223790,1
032,112025,3328828,1,7403,3,1,3328828,0,1,1,1,3328828,01/10/2002,QA1AA1AW01A0001,1,EQMT_SSEE_3223990,1
032,112025,3328835,1,7403,3,1,3328835,0,1,1,1,3328835,01/10/2002,QA1AA1AW01A0001,1,EQMT_SSEE_3224010,1
032,112025,3328842,1,7403,3,1,3328842,0,1,1,1,3328842,01/10/2002,QA1AA1AW01A0001,1,EQMT_SSEE_3224014,1
032,112025,3328849,1,7403,3,1,3328849,0,1,1,1,3328849,01/04/2003,QA1AA1AW01A0001,1,EQMT_SSEE_3224146,1
032,112025,3328856,1,7403,3,1,3328856,0,1,1,1,3328856,01/04/2003,QA2AA1AW02A0001,1,EQMT_SSEE_3224150,1
032,112025,3328863,1,7403,3,1,3328863,0,1,1,1,3328863,01/09/2003,QA1AA1AW01A0001,1,EQMT_SSEE_3224174,1
032,112025,3328870,1,7403,3,1,3328870,0,4,1,1,3328870,01/09/2003,QA1AA1AW01A0003,0,EQMT_SSEE_3224170,1
032,112025,3328884,1,7405,3,1,3328884,0,1,1,1,3328884,01/06/1991,QA3AA1AW03A0001,1,EQMT_SSEE_3218642,1
032,112025,3328891,1,7405,3,1,3328891,0,1,1,1,3328891,01/09/2001,QA3AA1AW03A0002,1,EQMT_SSEE_3223674,1
032,112025,3328898,1,7405,3,1,3328898,0,1,1,1,3328898,01/08/1999,QA2AA1AW02A0001,1,EQMT_SSEE_3221478,1
032,112025,3328905,1,7405,3,1,3328905,0,1,1,1,3328905,01/08/1999,QA2AA1AW02A0001,1,EQMT_SSEE_3221482,1
032,112025,3328912,1,7405,3,1,3328912,0,1,1,1,3328912,01/08/1999,QA2AA1AW02A0001,1,EQMT_SSEE_3222122,1
032,112025,3328919,1,7405,3,1,3328919,0,1,1,1,3328919,01/08/1999,QA2AA1AW02A0001,1,EQMT_SSEE_3221486,1
032,112025,3328926,1,7405,3,1,3328926,0,1,1,1,3328926,01/08/1999,QA2AA1AW02A0001,1,EQMT_SSEE_3222794,1
032,112025,3328933,1,7405,3,1,3328933,0,1,1,1,3328933,01/08/1999,QA2AA1AW02A0001,1,EQMT_SSEE_3222798,1
032,112025,3328940,1,7405,3,1,3328940,0,1,1,1,3328940,01/08/1999,QA2AA1AW02A0001,1,EQMT_SSEE_3222802,1
032,112025,3328954,1,7405,3,1,3328954,0,1,1,1,3328954,01/08/1999,QA3AA1AW03A0001,1,EQMT_SSEE_3218658,1
032,112025,3328961,1,7405,3,1,3328961,0,1,1,1,3328961,01/08/1999,QA2AA1AW02A0001,1,EQMT_SSEE_3222102,1
032,112025,3328968,1,7405,3,1,3328968,0,1,1,1,3328968,01/08/1999,QA2AA1AW02A0001,1,EQMT_SSEE_3222126,1
032,112025,3328975,1,7405,3,1,3328975,0,1,1,1,3328975,01/11/1971,QA2AA1AW02A0001,1,EQMT_SSEE_3222254,1
032,112025,3328982,1,7405,3,1,3328982,0,1,1,1,3328982,01/08/1999,QA1AA1AW01A0001,1,EQMT_SSEE_3221466,1
032,112025,3328989,1,7405,3,1,3328989,0,1,1,1,3328989,01/08/1999,QA2AA1AW02A0001,1,EQMT_SSEE_3222114,1
032,112025,3328996,1,7405,3,1,3328996,0,1,1,1,3328996,01/08/1999,QA2AA1AW02A0001,1,EQMT_SSEE_3221470,1
032,112025,3329003,1,7405,3,1,3329003,0,1,1,1,3329003,01/08/1999,QA1AA1AW01A0001,1,EQMT_SSEE_3221474,1
032,112025,3329010,1,7405,3,1,3329010,0,1,1,1,3329010,01/08/1999,QA1AA1AW01A0001,1,EQMT_SSEE_3222118,1
032,112025,3329017,1,7405,3,1,3329017,0,1,1,1,3329017,01/08/1999,QA3AA1AW03A0002,1,EQMT_SSEE_3218654,1
032,112025,3329024,1,7405,3,1,3329024,0,1,1,1,3329024,01/08/1999,QA1AA1AW01A0001,1,EQMT_SSEE_3221494,1
032,112025,3329031,1,7405,3,1,3329031,0,1,1,1,3329031,31/12/2014,QA2AA1AW02A0001,1,EQMT_SSEE_3221490,1
032,112025,3329038,1,7405,3,1,3329038,0,1,1,1,3329038,01/08/1999,QA2AA1AW02A0001,1,EQMT_SSEE_3222106,1
032,112025,3329045,1,7405,3,1,3329045,0,1,1,1,3329045,01/08/1999,QA2AA1AW02A0001,1,EQMT_SSEE_3221458,1
032,112025,3329052,1,7405,3,1,3329052,0,1,1,1,3329052,01/08/1999,QA2AA1AW02A0001,1,EQMT_SSEE_3222110,1
032,112025,3329059,1,7405,3,1,3329059,0,1,1,1,3329059,01/06/1969,QA1AA1AW01A0001,1,EQMT_SSEE_3219450,1
032,112025,3329066,1,7405,3,1,3329066,0,1,1,1,3329066,01/06/1969,QA1AA1AW01A0001,1,EQMT_SSEE_3220938,1
032,112025,3329073,1,7405,3,1,3329073,0,1,1,1,3329073,01/08/1984,QA1AA1AW01A0001,1,EQMT_SSEE_3219878,1
032,112025,3329080,1,7405,3,1,3329080,0,1,1,1,3329080,01/08/1999,QA2AA1AW02A0001,1,EQMT_SSEE_3220166,1
032,112025,3329094,1,7405,3,1,3329094,0,1,1,1,3329094,01/08/1999,QA2AA1AW02A0001,1,EQMT_SSEE_3220806,1
032,112025,3329101,1,7405,3,1,3329101,0,1,1,1,3329101,01/01/2003,QA2AA1AW02A0001,1,EQMT_SSEE_3222818,1
032,112025,3329108,1,7405,3,1,3329108,0,1,1,1,3329108,01/08/1999,QA3AA1AW03A0005,1,EQMT_SSEE_3220466,1
032,112025,3329115,1,7405,3,1,3329115,0,1,1,1,3329115,01/08/1999,QA2AA1AW02A0001,1,EQMT_SSEE_3222814,1
032,112025,3329122,1,7405,3,1,3329122,0,4,1,1,3329122,01/08/1999,QA1AA1AW01A0002,1,EQMT_SSEE_3225902,1
032,112025,3329129,1,7405,3,1,3329129,0,1,1,1,3329129,01/08/1984,QA1AA1AW01A0002,1,EQMT_SSEE_3221070,1
032,112025,3329136,1,7405,3,1,3329136,0,1,1,1,3329136,01/08/1984,QA2AA1AW02A0001,1,EQMT_SSEE_3218630,1
032,112025,3329143,1,7405,3,1,3329143,0,1,1,1,3329143,01/08/1984,QA3AA1AW03A0001,1,EQMT_SSEE_3218634,1
032,112025,3329150,1,7405,3,1,3329150,0,1,1,1,3329150,01/08/1984,QA1AA1AW01A0001,1,EQMT_SSEE_3220834,1
032,112025,3329157,1,7405,3,1,3329157,0,1,1,1,3329157,01/08/1984,QA1AA1AW01A0001,1,EQMT_SSEE_3220830,1
032,112025,3329164,1,7405,3,1,3329164,0,1,1,1,3329164,01/08/1984,QA2AA1AW02A0001,1,EQMT_SSEE_3218626,1
032,112025,3329171,1,7405,3,1,3329171,0,1,1,1,3329171,01/08/1984,QA2AA1AW02A0001,1,EQMT_SSEE_3223670,1
032,112025,3329178,1,7405,3,1,3329178,0,1,1,1,3329178,01/08/1984,QA3AA1AW03A0002,1,EQMT_SSEE_3220162,1
032,112025,3329185,1,7405,3,1,3329185,0,1,1,1,3329185,01/08/1984,QA1AA1AW01A0001,1,EQMT_SSEE_3220946,1
032,112025,3329192,1,7405,3,1,3329192,0,1,1,1,3329192,01/06/1969,QA3AA1AW03A0001,1,EQMT_SSEE_3221778,1
032,112025,3329199,1,7405,3,1,3329199,0,1,1,1,3329199,01/08/1984,QA1AA1AW01A0001,1,EQMT_SSEE_3220942,1
032,112025,3329206,1,7405,3,1,3329206,0,1,1,1,3329206,01/08/1984,QA2AA1AW02A0001,1,EQMT_SSEE_3220954,1
032,112025,3329213,1,7405,3,1,3329213,0,1,1,1,3329213,01/08/1984,QA1AA1AW01A0001,1,EQMT_SSEE_3220414,1
032,112025,3329220,1,7405,3,1,3329220,0,1,1,1,3329220,01/08/1984,QA2AA1AW02A0001,1,EQMT_SSEE_3220950,1
032,112025,3329227,1,7405,3,1,3329227,0,4,1,1,3329227,01/08/1984,QA3AA1AW03A0005,1,EQMT_SSEE_3222630,1
032,112025,3329234,1,7405,3,1,3329234,0,1,1,1,3329234,01/08/1984,QA2AA1AW02A0001,1,EQMT_SSEE_3223378,1
032,112025,3329241,1,7405,3,1,3329241,0,1,1,1,3329241,01/08/1984,QA2AA1AW02A0001,1,EQMT_SSEE_3221970,1
032,112025,3329248,1,7405,3,1,3329248,0,1,1,1,3329248,01/06/1991,QA2AA1AW02A0001,1,EQMT_SSEE_3218638,1
032,112025,3329255,1,7405,3,1,3329255,0,1,1,1,3329255,01/06/1991,QA2AA1AW02A0002,1,EQMT_SSEE_3220446,1
032,112025,3329262,1,7405,3,1,3329262,0,1,1,1,3329262,01/08/1999,QA2AA1AW02A0001,1,EQMT_SSEE_3222058,1
032,112025,3329269,1,7405,3,1,3329269,0,1,1,1,3329269,01/08/1999,QA2AA1AW02A0001,1,EQMT_SSEE_3222806,1
032,112025,3329276,1,7405,3,1,3329276,0,1,1,1,3329276,01/05/1998,QA2AA1AW02A0001,1,EQMT_SSEE_3220002,1
032,112025,3329283,1,7405,3,1,3329283,0,1,1,1,3329283,01/05/1998,QA2AA1AW02A0001,1,EQMT_SSEE_3219994,1
032,112025,3329290,1,7405,3,1,3329290,0,1,1,1,3329290,01/05/1998,QA3AA1AW03A0001,1,EQMT_SSEE_3218622,1
032,112025,3329297,1,7405,3,1,3329297,0,1,1,1,3329297,01/05/1998,QA1AA1AW01A0002,1,EQMT_SSEE_3219990,1
032,112025,3329304,1,7405,3,1,3329304,0,1,1,1,3329304,01/06/1991,QA1AA1AW01A0002,1,EQMT_SSEE_3219478,1
032,112025,3329311,1,7405,3,1,3329311,0,1,1,1,3329311,01/05/1998,QA1AA1AW01A0001,1,EQMT_SSEE_3219474,1
032,112025,3329318,1,7405,3,1,3329318,0,1,1,1,3329318,01/05/1998,QA2AA1AW02A0001,1,EQMT_SSEE_3219998,1
032,112025,3329325,1,7405,3,1,3329325,0,1,1,1,3329325,01/05/1998,QA2AA1AW02A0001,1,EQMT_SSEE_3226058,1
032,112025,3329332,1,7405,3,1,3329332,0,1,1,1,3329332,01/06/1969,QA2AA1AW02A0001,1,EQMT_SSEE_3222046,1
032,112025,3329339,1,7405,3,1,3329339,0,1,1,1,3329339,01/06/1969,QA3AA1AW03A0001,1,EQMT_SSEE_3218618,1
032,112025,3329346,1,7405,3,1,3329346,0,1,1,1,3329346,01/06/1969,QA2AA1AW02A0001,1,EQMT_SSEE_3222042,1
032,112025,3329353,1,7405,3,1,3329353,0,1,1,1,3329353,01/06/1969,QA2AA1AW02A0001,1,EQMT_SSEE_3220638,1
032,112025,3329360,1,7405,3,1,3329360,0,1,1,1,3329360,01/06/1969,QA2AA1AW02A0001,1,EQMT_SSEE_3219130,1
032,112025,3329367,1,7405,3,1,3329367,0,1,1,1,3329367,01/06/1969,QA1AA1AW01A0002,1,EQMT_SSEE_3220634,1
032,112025,3329381,1,7405,3,1,3329381,0,1,1,1,3329381,01/06/1969,QA2AA1AW02A0001,1,EQMT_SSEE_3222190,1
032,112025,3329388,1,7405,3,1,3329388,0,1,1,1,3329388,31/12/2016,QA3AA1AW03A0002,1,EQMT_SSEE_3218590,1
032,112025,3329395,1,7405,3,1,3329395,0,1,1,1,3329395,01/09/2002,QA2AA1AW02A0001,1,EQMT_SSEE_3220482,1
032,112025,3329402,1,7405,3,1,3329402,0,1,1,1,3329402,01/09/2001,QA3AA1AW03A0001,1,EQMT_SSEE_3221342,1
032,112025,3329409,1,7405,3,1,3329409,0,1,1,1,3329409,01/06/1969,QA2AA1AW02A0001,1,EQMT_SSEE_3219586,1
032,112025,3329416,1,7405,3,1,3329416,0,1,1,1,3329416,01/06/1969,QA2AA1AW02A0001,1,EQMT_SSEE_3222194,1
032,112025,3329423,1,7405,3,1,3329423,0,1,1,1,3329423,01/06/1969,QA2AA1AW02A0001,1,EQMT_SSEE_3220778,1
032,112025,3329437,1,7405,3,1,3329437,0,1,1,1,3329437,01/06/1969,QA2AA1AW02A0001,1,EQMT_SSEE_3218594,1
032,112025,3329444,1,7405,3,1,3329444,0,1,1,1,3329444,01/06/1991,QA2AA1AW02A0001,1,EQMT_SSEE_3223306,1
032,112025,3329451,1,7403,3,1,3329451,0,1,1,1,3329451,01/10/2002,QA1AA1AW01A0001,1,EQMT_SSEE_3223958,1
032,112025,3329458,1,7405,3,1,3329458,0,1,1,1,3329458,01/01/2003,QA2AA1AW02A0001,1,EQMT_SSEE_3223886,1
032,112025,3329465,1,7405,3,1,3329465,0,1,1,1,3329465,01/01/2003,QA2AA1AW02A0001,1,EQMT_SSEE_3224030,1
032,112025,3329472,1,7405,3,1,3329472,0,1,1,1,3329472,01/01/2003,QA2AA1AW02A0001,1,EQMT_SSEE_3223994,1
032,112025,3329479,1,7405,3,1,3329479,0,1,1,1,3329479,01/01/2003,QA2AA1AW02A0001,1,EQMT_SSEE_3223998,1
032,112025,3329486,1,7405,3,1,3329486,0,1,1,1,3329486,01/01/2003,QA2AA1AW02A0001,1,EQMT_SSEE_3224006,1
032,112025,3329493,1,7405,3,1,3329493,0,1,1,1,3329493,01/01/2003,QA2AA1AW02A0001,1,EQMT_SSEE_3223982,1
032,112025,3329500,1,7405,3,1,3329500,0,1,1,1,3329500,01/01/2003,QA2AA1AW02A0001,1,EQMT_SSEE_3223978,1
032,112025,3329507,1,7405,3,1,3329507,0,1,1,1,3329507,01/01/2003,QA2AA1AW02A0001,1,EQMT_SSEE_3223974,1
032,112025,3329514,1,7405,3,1,3329514,0,1,1,1,3329514,01/01/2003,QA2AA1AW02A0001,1,EQMT_SSEE_3223970,1
032,112025,3329521,1,7405,3,1,3329521,0,1,1,1,3329521,01/01/2003,QA2AA1AW02A0001,1,EQMT_SSEE_3223966,1
032,112025,3329528,1,7405,3,1,3329528,0,1,1,1,3329528,01/01/2003,QA2AA1AW02A0001,1,EQMT_SSEE_3223962,1
032,112025,3329535,1,7405,3,1,3329535,0,1,1,1,3329535,01/08/1999,QA2AA1AW02A0001,1,EQMT_SSEE_3223590,1
032,112025,3329542,1,7405,3,1,3329542,0,1,1,1,3329542,01/01/2003,QA2AA1AW02A0001,1,EQMT_SSEE_3224462,1
032,112025,3329549,1,7405,3,1,3329549,0,4,1,1,3329549,01/12/2003,QA1AA1AW01A0001,1,EQMT_SSEE_3224166,1
032,112025,3329556,1,7403,3,1,3329556,0,1,1,1,3329556,01/05/1999,QA2AA1AW02A0001,1,EQMT_SSEE_3218506,1
032,112025,3329563,1,7403,3,1,3329563,0,1,1,1,3329563,01/06/1991,QA1AA1AW01A0001,1,EQMT_SSEE_3222130,1
032,112025,3329570,1,7404,3,1,3329570,0,1,1,1,3329570,01/03/2003,QA3AA1AW03A0002,1,EQMT_SSEE_3225362,1
032,112025,3329577,1,7404,3,1,3329577,0,1,1,1,3329577,01/03/2003,QA2AA1AW02A0001,1,EQMT_SSEE_3225162,1
032,112025,3329591,1,7404,3,1,3329591,0,1,1,1,3329591,01/03/2003,QA3AA1AW03A0001,1,EQMT_SSEE_3225358,1
032,112025,3329598,1,7404,3,1,3329598,0,1,1,1,3329598,01/03/2003,QA2AA1AW02A0001,1,EQMT_SSEE_3225158,1
032,112025,3329605,1,7403,3,1,3329605,0,1,1,1,3329605,01/07/2005,QA2AA1AW02A0001,1,EQMT_SSEE_3224718,1
032,112025,3329612,1,7403,3,1,3329612,0,1,1,1,3329612,01/07/2005,QA2AA1AW02A0001,1,EQMT_SSEE_3224722,1
032,112025,3329619,1,7403,3,1,3329619,0,1,1,1,3329619,01/07/2005,QA2AA1AW02A0001,1,EQMT_SSEE_3224726,1
032,112025,3329626,1,7403,3,1,3329626,0,1,1,1,3329626,01/07/2005,QA2AA1AW02A0001,1,EQMT_SSEE_3224714,1
032,112025,3329633,1,7403,3,1,3329633,0,1,1,1,3329633,01/07/2005,QA2AA1AW02A0001,1,EQMT_SSEE_3224710,1
032,112025,3329640,1,7403,3,1,3329640,0,1,1,1,3329640,01/07/2005,QA2AA1AW02A0001,1,EQMT_SSEE_3224746,1
032,112025,3329647,1,7405,3,1,3329647,0,1,1,1,3329647,01/07/2005,QA3AA1AW03A0002,1,EQMT_SSEE_3224738,1
032,112025,3329661,1,7404,3,1,3329661,0,1,1,1,3329661,01/07/2005,QA1AA1AW01A0001,1,EQMT_SSEE_3224690,1
032,112025,3329668,1,7404,3,1,3329668,0,1,1,1,3329668,01/07/2005,QA1AA1AW01A0001,1,EQMT_SSEE_3224694,1
032,112025,3329675,1,7404,3,1,3329675,0,1,1,1,3329675,01/07/2005,QA1AA1AW01A0001,1,EQMT_SSEE_3224702,1
032,112025,3329682,1,7404,3,1,3329682,0,1,1,1,3329682,01/07/2005,QA1AA1AW01A0001,1,EQMT_SSEE_3224678,1
032,112025,3329689,1,7404,3,1,3329689,0,1,1,1,3329689,01/07/2005,QA1AA1AW01A0001,1,EQMT_SSEE_3224682,1
032,112025,3329696,1,7404,3,1,3329696,0,1,1,1,3329696,01/03/2003,QA1AA1AW01A0001,1,EQMT_SSEE_3224882,1
032,112025,3329703,1,7404,3,1,3329703,0,4,1,1,3329703,01/12/2004,QA3AA1AW03A0002,1,EQMT_SSEE_3224766,1
032,112025,3329710,1,8409,3,1,3329710,0,1,1,1,3329710,01/08/2005,QA3AA1AW03A0002,1,EQMT_SSEE_3224758,1
032,112025,3329717,1,8409,3,1,3329717,0,1,1,1,3329717,01/03/2003,QA1AA1AW01A0001,1,EQMT_SSEE_3225226,1
032,112025,3329724,1,8409,3,1,3329724,0,1,1,1,3329724,01/03/2003,QA3AA1AW03A0001,1,EQMT_SSEE_3225098,1
032,112025,3329731,1,8409,3,1,3329731,0,1,1,1,3329731,01/04/2005,QA1AA1AW01A0001,1,EQMT_SSEE_3225042,1
032,112025,3329745,1,8409,3,1,3329745,0,1,1,1,3329745,01/03/2003,QA1AA1AW01A0001,1,EQMT_SSEE_3225142,1
032,112025,3329752,1,8416,3,1,3329752,0,1,1,1,3329752,01/03/2003,QA2AA1AW02A0001,1,EQMT_SSEE_3225146,1
032,112025,3329759,1,8416,3,1,3329759,0,1,1,1,3329759,01/03/2003,QA2AA1AW02A0001,1,EQMT_SSEE_3225214,1
032,112025,3329766,1,8416,3,1,3329766,0,1,1,1,3329766,01/03/2003,QA1AA1AW01A0001,1,EQMT_SSEE_3225186,1
032,112025,3329773,1,7405,3,1,3329773,0,1,1,1,3329773,01/03/2003,QA2AA1AW02A0001,1,EQMT_SSEE_3224782,1
032,112025,3329780,1,7405,3,1,3329780,0,1,1,1,3329780,01/03/2003,QA2AA1AW02A0001,1,EQMT_SSEE_3224778,1
032,112025,3329794,1,8409,3,1,3329794,0,1,1,1,3329794,01/03/2003,QA1AA1AW01A0001,1,EQMT_SSEE_3225182,1
032,112025,3329801,1,7404,3,1,3329801,0,1,1,1,3329801,01/03/2003,QA2AA1AW02A0001,1,EQMT_SSEE_3225218,1
032,112025,3329808,1,8409,3,1,3329808,0,4,1,1,3329808,01/11/2004,QA1AA1AW01A0001,1,EQMT_SSEE_3225278,1
032,112025,3329815,1,8409,3,1,3329815,0,1,1,1,3329815,01/03/2003,QA3AA1AW03A0001,1,EQMT_SSEE_3225366,1
032,112025,3329822,1,8409,3,1,3329822,0,1,1,1,3329822,01/03/2005,QA3AA1AW03A0001,1,EQMT_SSEE_3225022,1
032,112025,3329829,1,8409,3,1,3329829,0,1,1,1,3329829,01/03/2003,QA3AA1AW03A0001,1,EQMT_SSEE_3225014,1
032,112025,3329836,1,8409,3,1,3329836,0,1,1,1,3329836,01/03/2003,QA3AA1AW03A0001,1,EQMT_SSEE_3225330,1
032,112025,3329850,1,7404,3,1,3329850,0,1,1,1,3329850,01/03/2003,QA1AA1AW01A0003,1,EQMT_SSEE_3225050,1
032,112025,3329857,1,7404,3,1,3329857,0,1,1,1,3329857,01/03/2003,QA1AA1AW01A0001,1,EQMT_SSEE_3225386,1
032,112025,3329864,1,7404,3,1,3329864,0,1,1,1,3329864,01/03/2003,QA2AA1AW02A0001,1,EQMT_SSEE_3225298,1
032,112025,3329871,1,7404,3,1,3329871,0,1,1,1,3329871,01/03/2003,QA2AA1AW02A0001,1,EQMT_SSEE_3225038,1
032,112025,3329878,1,8416,3,1,3329878,0,1,1,1,3329878,01/09/2005,QA1AA1AW01A0001,1,EQMT_SSEE_3224770,1
032,112025,3329885,1,7404,3,1,3329885,0,1,1,1,3329885,01/09/2005,QA1AA1AW01A0001,1,EQMT_SSEE_3224790,1
032,112025,3329892,1,7405,3,1,3329892,0,1,1,1,3329892,01/03/2003,QA1AA1AW01A0001,1,EQMT_SSEE_3224638,1
032,112025,3329899,1,7404,3,1,3329899,0,1,1,1,3329899,01/03/2003,QA2AA1AW02A0001,1,EQMT_SSEE_3225210,1
032,112025,3329906,1,7403,3,1,3329906,0,1,1,1,3329906,01/03/2003,QA2AA1AW02A0001,1,EQMT_SSEE_3225062,1
032,112025,3329913,1,7404,3,1,3329913,0,1,1,1,3329913,01/03/2003,QA1AA1AW01A0002,1,EQMT_SSEE_3225418,1
032,112025,3329920,1,7404,3,1,3329920,0,1,1,1,3329920,01/03/2003,QA1AA1AW01A0001,1,EQMT_SSEE_3225374,1
032,112025,3329927,1,7403,3,1,3329927,0,1,1,1,3329927,01/03/2003,QA1AA1AW01A0001,1,EQMT_SSEE_3224994,1
032,112025,3329934,1,7405,3,1,3329934,0,4,1,1,3329934,01/01/2005,QA3AA1AW03A0001,1,EQMT_SSEE_3224730,1
032,112025,3329948,1,7404,3,1,3329948,0,1,1,1,3329948,01/03/2003,QA3AA1AW03A0001,1,EQMT_SSEE_3225406,1
032,112025,3329955,1,7405,3,1,3329955,0,4,1,1,3329955,01/03/2003,QA3AA1AW03A0001,1,EQMT_SSEE_3225290,1
032,112025,3329962,1,7404,3,1,3329962,0,1,1,1,3329962,01/03/2003,QA2AA1AW02A0001,1,EQMT_SSEE_3225390,1
032,112025,3329969,1,7404,3,1,3329969,0,1,1,1,3329969,01/03/2003,QA3AA1AW03A0001,1,EQMT_SSEE_3225118,1
032,112025,3329976,1,7405,3,1,3329976,0,1,1,1,3329976,01/03/2003,QA3AA1AW03A0001,1,EQMT_SSEE_3224894,1
032,112025,3329983,1,7405,3,1,3329983,0,1,1,1,3329983,01/03/2003,QA3AA1AW03A0001,1,EQMT_SSEE_3225410,1
032,112025,3329990,1,7405,3,1,3329990,0,1,1,1,3329990,01/03/2003,QA2AA1AW02A0001,1,EQ_MT_SED1706,1
032,112025,3330004,1,7405,3,1,3330004,0,4,1,1,3330004,01/03/2003,QA2AA1AW02A0001,1,EQMT_SSEE_3225246,1
032,112025,3330011,1,7405,3,1,3330011,0,1,1,1,3330011,01/03/2003,QA2AA1AW02A0001,1,EQMT_SSEE_3225402,1
032,112025,3330025,1,7405,3,1,3330025,0,1,1,1,3330025,01/03/2003,QA2AA1AW02A0001,1,EQMT_SSEE_3225078,1
032,112025,3330032,1,7405,3,1,3330032,0,1,1,1,3330032,01/03/2003,QA2AA1AW02A0001,1,EQMT_SSEE_3225382,1
032,112025,3330039,1,7405,3,1,3330039,0,1,1,1,3330039,01/03/2003,QA2AA1AW02A0001,1,EQMT_SSEE_3225378,1
032,112025,3330046,1,7405,3,1,3330046,0,1,1,1,3330046,01/03/2003,QA3AA1AW03A0001,1,EQMT_SSEE_3225086,1
032,112025,3330053,1,7405,3,1,3330053,0,1,1,1,3330053,01/03/2003,QA3AA1AW03A0001,1,EQMT_SSEE_3224630,1
032,112025,3330060,1,7405,3,1,3330060,0,1,1,1,3330060,01/03/2003,QA2AA1AW02A0001,1,EQMT_SSEE_3225202,1
032,112025,3330067,1,7405,3,1,3330067,0,4,1,1,3330067,01/10/2005,QA3AA1AW03A0001,1,EQMT_SSEE_3224814,1
032,112025,3330074,1,7404,3,1,3330074,0,1,1,1,3330074,01/03/2003,QA2AA1AW02A0001,1,EQMT_SSEE_3225150,1
032,112025,3330081,1,7404,3,1,3330081,0,1,1,1,3330081,01/07/2005,QA2AA1AW02A0001,1,EQMT_SSEE_3224698,1
032,112025,3330088,1,7404,3,1,3330088,0,1,1,1,3330088,01/03/2005,QA2AA1AW02A0001,1,EQMT_SSEE_3225018,1
032,112025,3330116,1,7404,3,1,3330116,0,1,1,1,3330116,01/03/2003,QA2AA1AW02A0001,1,EQMT_SSEE_3224562,1
032,112025,3330123,1,7404,3,1,3330123,0,1,1,1,3330123,01/03/2003,QA2AA1AW02A0001,1,EQMT_SSEE_3224566,1
032,112025,3330130,1,7405,3,1,3330130,0,1,1,1,3330130,01/10/2005,QA2AA1AW02A0001,1,EQMT_SSEE_3224802,1
032,112025,3330144,1,7404,3,1,3330144,0,1,1,1,3330144,01/03/2003,QA1AA1AW01A0001,1,EQMT_SSEE_3225126,1
032,112025,3330151,1,7404,3,1,3330151,0,1,1,1,3330151,01/03/2003,QA1AA1AW01A0001,1,EQMT_SSEE_3225066,1
032,112025,3330158,1,7404,3,1,3330158,0,1,1,1,3330158,01/03/2003,QA2AA1AW02A0001,1,EQMT_SSEE_3225238,1
032,112025,3330165,1,7405,3,1,3330165,0,4,1,1,3330165,01/10/2005,QA3AA1AW03A0002,1,EQMT_SSEE_3224786,1
032,112025,3330172,1,7404,3,1,3330172,0,1,1,1,3330172,01/03/2003,QA1AA1AW01A0001,1,EQMT_SSEE_3224594,1
032,112025,3330179,1,7404,3,1,3330179,0,1,1,1,3330179,01/11/2005,QA3AA1AW03A0005,1,EQMT_SSEE_3224822,1
032,112025,3330186,1,7403,3,1,3330186,0,1,1,1,3330186,01/11/2005,QA2AA1AW02A0001,1,EQMT_SSEE_3224818,1
032,112025,3330193,1,7404,3,1,3330193,0,4,1,1,3330193,01/03/2005,QA3AA1AW03A0002,1,EQMT_SSEE_3225034,1
032,112025,3330200,1,7404,3,1,3330200,0,4,1,1,3330200,01/03/2005,QA3AA1AW03A0002,1,EQMT_SSEE_3225026,1
032,112025,3330207,1,7405,3,1,3330207,0,1,1,1,3330207,01/03/2003,QA1AA1AW01A0001,1,EQMT_SSEE_3225266,1
032,112025,3330214,1,7405,3,1,3330214,0,1,1,1,3330214,01/03/2003,QA1AA1AW01A0001,1,EQMT_SSEE_3225234,1
032,112025,3330221,1,7404,3,1,3330221,0,1,1,1,3330221,01/07/2005,QA1AA1AW01A0001,1,EQMT_SSEE_3224686,1
032,112025,3330228,1,7405,3,1,3330228,0,1,1,1,3330228,01/03/2003,QA2AA1AW02A0001,1,EQMT_SSEE_3224606,1
032,112025,3330235,1,7405,3,1,3330235,0,1,1,1,3330235,01/03/2003,QA2AA1AW02A0001,1,EQMT_SSEE_3224610,1
032,112025,3330242,1,7405,3,1,3330242,0,1,1,1,3330242,01/03/2003,QA2AA1AW02A0001,1,EQMT_SSEE_3224614,1
032,112025,3330249,1,8409,3,1,3330249,0,4,1,1,3330249,01/06/2005,QA2AA1AW02A0001,1,EQMT_SSEE_3224842,1
032,112025,3330256,1,7404,3,1,3330256,0,1,1,1,3330256,01/03/2003,QA2AA1AW02A0001,1,EQMT_SSEE_3225058,1
032,112025,3330263,1,7405,3,1,3330263,0,1,1,1,3330263,01/03/2003,QA2AA1AW02A0001,1,EQMT_SSEE_3225198,1
032,112025,3330277,1,7405,3,1,3330277,0,1,1,1,3330277,01/03/2003,QA2AA1AW02A0001,1,EQMT_SSEE_3224982,1
032,112025,3330284,1,7405,3,1,3330284,0,1,1,1,3330284,01/03/2003,QA2AA1AW02A0001,1,EQMT_SSEE_3225106,1
032,112025,3330291,1,7405,3,1,3330291,0,1,1,1,3330291,01/03/2003,QA2AA1AW02A0001,1,EQMT_SSEE_3225194,1
032,112025,3330305,1,7405,3,1,3330305,0,1,1,1,3330305,01/03/2003,QA3AA1AW03A0002,1,EQMT_SSEE_3224526,1
032,112025,3330312,1,7405,3,1,3330312,0,1,1,1,3330312,01/03/2003,QA3AA1AW03A0002,1,EQMT_SSEE_3224522,1
032,112025,3330319,1,7405,3,1,3330319,0,1,1,1,3330319,01/03/2003,QA3AA1AW03A0001,1,EQMT_SSEE_3220478,1
032,112025,3330340,1,7405,3,1,3330340,0,1,1,1,3330340,01/03/2003,QA2AA1AW02A0001,1,EQMT_SSEE_3225090,1
032,112025,3330347,1,7405,3,1,3330347,0,1,1,1,3330347,01/03/2003,QA1AA1AW01A0001,1,EQMT_SSEE_3225326,1
032,112025,3330354,1,7405,3,1,3330354,0,1,1,1,3330354,01/03/2003,QA1AA1AW01A0001,1,EQMT_SSEE_3225310,1
032,112025,3330361,1,7403,3,1,3330361,0,1,1,1,3330361,01/03/2003,QA2AA1AW02A0001,1,EQMT_SSEE_3225254,1
032,112025,3330368,1,7403,3,1,3330368,0,1,1,1,3330368,01/03/2003,QA2AA1AW02A0001,1,EQMT_SSEE_3225258,1
032,112025,3330375,1,7405,3,1,3330375,0,1,1,1,3330375,01/11/2005,QA3AA1AW03A0001,1,EQMT_SSEE_3224834,1
032,112025,3330382,1,7404,3,1,3330382,0,1,1,1,3330382,01/03/2003,QA3AA1AW03A0001,1,EQMT_SSEE_3225894,1
032,112025,3330389,1,7405,3,1,3330389,0,1,1,1,3330389,01/03/2003,QA2AA1AW02A0001,1,EQMT_SSEE_3225318,1
032,112025,3330403,1,7405,3,1,3330403,0,4,1,1,3330403,01/03/2003,QA3AA1AW03A0002,1,EQMT_SSEE_3225002,1
032,112025,3330410,1,7405,3,1,3330410,0,1,1,1,3330410,01/03/2003,QA2AA1AW02A0002,1,EQMT_SSEE_3224998,1
032,112025,3330424,1,7405,3,1,3330424,0,1,1,1,3330424,01/03/2003,QA2AA1AW02A0002,1,EQMT_SSEE_3225322,1
032,112025,3330431,1,7405,3,1,3330431,0,4,1,1,3330431,01/03/2003,QA3AA1AW03A0002,1,EQMT_SSEE_3225242,1
032,112025,3330438,1,7403,3,1,3330438,0,1,1,1,3330438,01/03/2003,QA2AA1AW02A0001,1,EQ_MT_SED1232,1
032,112025,3330445,1,7403,3,1,3330445,0,1,1,1,3330445,01/01/2005,QA2AA1AW02A0001,1,EQMT_SSEE_3224990,1
032,112025,3330452,1,7405,3,1,3330452,0,1,1,1,3330452,01/03/2003,QA2AA1AW02A0001,1,EQMT_SSEE_3225134,1
032,112025,3330459,1,7406,3,1,3330459,0,1,1,1,3330459,01/03/2005,QA3AA1AW03A0002,1,EQMT_SSEE_3225046,1
032,112025,3330466,1,8409,3,1,3330466,0,1,1,1,3330466,01/03/2003,QA1AA1AW01A0001,1,EQMT_SSEE_3224518,1
032,112025,3330473,1,7405,3,1,3330473,0,1,1,1,3330473,01/03/2003,QA2AA1AW02A0001,1,EQMT_SSEE_3225130,1
032,112025,3330480,1,7405,3,1,3330480,0,1,1,1,3330480,01/03/2003,QA2AA1AW02A0001,1,EQMT_SSEE_3223986,1
032,112025,3330487,1,7405,3,1,3330487,0,1,1,1,3330487,01/03/2003,QA2AA1AW02A0001,1,EQMT_SSEE_3225170,1
032,112025,3330494,1,7405,3,1,3330494,0,4,1,1,3330494,01/03/2003,QA2AA1AW02A0002,1,EQMT_SSEE_3224890,1
032,112025,3330501,1,7403,3,1,3330501,0,1,1,1,3330501,01/03/2003,QA1AA1AW01A0001,1,EQMT_SSEE_3225222,1
032,112025,3330508,1,7403,3,1,3330508,0,1,1,1,3330508,01/03/2003,QA2AA1AW02A0001,1,EQMT_SSEE_3225422,1
032,112025,3330515,1,7403,3,1,3330515,0,4,1,1,3330515,01/12/2004,QA3AA1AW03A0002,1,EQMT_SSEE_3225286,1
032,112025,3330522,1,7405,3,1,3330522,0,1,1,1,3330522,01/10/2005,QA2AA1AW02A0001,1,EQMT_SSEE_3224810,1
032,112025,3330529,1,7403,3,1,3330529,0,4,1,1,3330529,01/03/2003,QA3AA1AW03A0001,1,EQMT_SSEE_3225274,1
032,112025,3330536,1,7403,3,1,3330536,0,4,1,1,3330536,01/03/2003,QA1AA1AW01A0001,1,EQMT_SSEE_3225294,1
032,112025,3330543,1,7404,3,1,3330543,0,1,1,1,3330543,01/03/2003,QA1AA1AW01A0001,1,EQMT_SSEE_3225334,1
032,112025,3330557,1,7405,3,1,3330557,0,1,1,1,3330557,01/12/2005,QA2AA1AW02A0001,1,EQMT_SSEE_3225438,1
032,112025,3330564,1,7404,3,1,3330564,0,1,1,1,3330564,01/12/2005,QA2AA1AW02A0001,1,EQMT_SSEE_3225442,1
032,112025,3330578,1,7405,3,1,3330578,0,1,1,1,3330578,01/01/2006,QA2AA1AW02A0002,1,EQMT_SSEE_3225458,1
032,112025,3330585,1,7405,3,1,3330585,0,1,1,1,3330585,01/01/2006,QA2AA1AW02A0002,1,EQMT_SSEE_3225462,1
032,112025,3330592,1,8409,3,1,3330592,0,1,1,1,3330592,01/01/2006,QA2AA1AW02A0001,1,EQMT_SSEE_3225466,1
032,112025,3330599,1,8409,3,1,3330599,0,1,1,1,3330599,01/01/2006,QA3AA1AW03A0002,1,EQMT_SSEE_3227642,1
032,112025,3330606,1,7405,3,1,3330606,0,1,1,1,3330606,01/01/2006,QA1AA1AW01A0001,1,EQMT_SSEE_3225470,1
032,112025,3330613,1,7405,3,1,3330613,0,1,1,1,3330613,01/01/2006,QA1AA1AW01A0001,1,EQMT_SSEE_3225474,1
032,112025,3330620,1,7404,3,1,3330620,0,1,1,1,3330620,01/01/2006,QA2AA1AW02A0001,1,EQMT_SSEE_3225478,1
032,112025,3330627,1,8409,3,1,3330627,0,4,1,1,3330627,01/01/2006,QA2AA1AW02A0001,1,EQMT_SSEE_3225502,1
032,112025,3330641,1,7404,3,1,3330641,0,1,1,1,3330641,01/03/2006,QA2AA1AW02A0001,1,EQMT_SSEE_3225510,1
032,112025,3330648,1,8409,3,1,3330648,0,1,1,1,3330648,01/04/2006,QA2AA1AW02A0001,1,EQMT_SSEE_3225522,1
032,112025,3330655,1,8409,3,1,3330655,0,1,1,1,3330655,01/04/2006,QA2AA1AW02A0001,1,EQMT_SSEE_3225526,1
032,112025,3330662,1,8409,3,1,3330662,0,1,1,1,3330662,01/04/2006,QA2AA1AW02A0001,1,EQMT_SSEE_3225530,1
032,112025,3330669,1,8409,3,1,3330669,0,1,1,1,3330669,01/04/2006,QA2AA1AW02A0001,1,EQMT_SSEE_3225534,1
032,112025,3330683,1,7404,3,1,3330683,0,1,1,1,3330683,01/03/2003,QA1AA1AW01A0001,1,EQMT_SSEE_3225542,1
032,112025,3330690,1,8416,3,1,3330690,0,1,1,1,3330690,01/05/2006,QA2AA1AW02A0001,1,EQMT_SSEE_3225546,1
032,112025,3330697,1,8409,3,1,3330697,0,1,1,1,3330697,01/05/2006,QA2AA1AW02A0001,1,EQMT_SSEE_3225550,1
032,112025,3330704,1,7405,3,1,3330704,0,1,1,1,3330704,01/05/2006,QA1AA1AW01A0002,1,EQMT_SSEE_3225558,1
032,112025,3330711,1,8416,3,1,3330711,0,1,1,1,3330711,01/06/2006,QA1AA1AW01A0001,1,EQMT_SSEE_3225570,1
032,112025,3330718,1,7405,3,1,3330718,0,1,1,1,3330718,01/05/2006,QA2AA1AW02A0002,1,EQMT_SSEE_3225574,1
032,112025,3330725,1,7403,3,1,3330725,0,1,1,1,3330725,01/04/2006,QA1AA1AW01A0001,1,EQMT_SSEE_3225582,1
032,112025,3330732,1,8409,3,1,3330732,0,1,1,1,3330732,01/03/2003,QA3AA1AW03A0002,1,EQMT_SSEE_3225586,1
032,112025,3330739,1,7404,3,1,3330739,0,1,1,1,3330739,01/03/2003,QA1AA1AW01A0001,1,EQMT_SSEE_3225598,1
032,112025,3330746,1,7404,3,1,3330746,0,1,1,1,3330746,01/07/2006,QA2AA1AW02A0001,1,EQMT_SSEE_3225602,1
032,112025,3330753,1,7404,3,1,3330753,0,1,1,1,3330753,01/03/2003,QA1AA1AW01A0001,1,EQMT_SSEE_3225606,1
032,112025,3330760,1,7201,3,1,3330760,0,1,1,1,3330760,01/06/2006,QA1AA1AW01A0001,1,EQMT_SSEE_3225610,1
032,112025,3330767,1,7403,3,1,3330767,0,1,1,1,3330767,01/06/2006,QA1AA1AW01A0001,1,EQMT_SSEE_3225614,1
032,112025,3330774,1,8409,3,1,3330774,0,1,1,1,3330774,01/03/2003,QA1AA1AW01A0001,1,EQMT_SSEE_3226326,1
032,112025,3330781,1,7404,3,1,3330781,0,1,1,1,3330781,01/03/2003,QA1AA1AW01A0001,1,EQMT_SSEE_3225618,1
032,112025,3330788,1,7404,3,1,3330788,0,1,1,1,3330788,01/08/2006,QA1AA1AW01A0001,1,EQMT_SSEE_3225622,1
032,112025,3330795,1,7404,3,1,3330795,0,1,1,1,3330795,01/03/2003,QA1AA1AW01A0001,1,EQMT_SSEE_3225626,1
032,112025,3330802,1,7404,3,1,3330802,0,1,1,1,3330802,01/08/2006,QA2AA1AW02A0002,1,EQMT_SSEE_3225630,1
032,112025,3330809,1,8409,3,1,3330809,0,1,1,1,3330809,01/06/2006,QA2AA1AW02A0002,1,EQMT_SSEE_3225634,1
032,112025,3330816,1,7405,3,1,3330816,0,1,1,1,3330816,01/03/2003,QA2AA1AW02A0002,1,EQMT_SSEE_3225638,1
032,112025,3330823,1,7405,3,1,3330823,0,1,1,1,3330823,01/03/2003,QA2AA1AW02A0002,1,EQMT_SSEE_3225642,1
032,112025,3330830,1,7405,3,1,3330830,0,1,1,1,3330830,01/09/2006,QA1AA1AW01A0002,1,EQMT_SSEE_3225646,1
032,112025,3330837,1,7403,3,1,3330837,0,1,1,1,3330837,01/08/2006,QA3AA1AW03A0002,1,EQMT_SSEE_3225650,1
032,112025,3330851,1,8409,3,1,3330851,0,1,1,1,3330851,01/09/2006,QA2AA1AW02A0001,1,EQMT_SSEE_3225658,1
032,112025,3330858,1,7405,3,1,3330858,0,1,1,1,3330858,01/09/2006,QA1AA1AW01A0001,1,EQMT_SSEE_3225662,1
032,112025,3330872,1,7405,3,1,3330872,0,1,1,1,3330872,01/09/2006,QA3AA1AW03A0020,1,EQMT_SSEE_3225670,1
032,112025,3330879,1,7405,3,1,3330879,0,1,1,1,3330879,01/03/2003,QA2AA1AW02A0001,1,EQMT_SSEE_3225490,1
032,112025,3330886,1,7405,3,1,3330886,0,1,1,1,3330886,01/03/2003,QA1AA1AW01A0001,1,EQMT_SSEE_3222702,1
032,112025,3330893,1,7403,3,1,3330893,0,1,1,1,3330893,01/10/2006,QA2AA1AW02A0001,1,EQMT_SSEE_3225678,1
032,112025,3330907,1,7403,3,1,3330907,0,1,1,1,3330907,01/03/2003,QA3AA1AW03A0001,1,EQMT_SSEE_3220578,1
032,112025,3330914,1,7403,3,1,3330914,0,1,1,1,3330914,01/08/2006,QA3AA1AW03A0003,1,EQMT_SSEE_3227754,1
032,112025,3330921,1,7405,3,1,3330921,0,1,1,1,3330921,01/03/2003,QA1AA1AW01A0001,1,EQMT_SSEE_3225682,1
032,112025,3330942,1,7403,3,1,3330942,0,4,1,1,3330942,01/10/2006,QA3AA1AW03A0002,1,EQMT_SSEE_3225694,1
032,112025,3330949,1,7201,3,1,3330949,0,4,1,1,3330949,01/05/2006,QA3AA1AW03A0002,1,EQMT_SSEE_3225698,1
032,112025,3330963,1,7403,3,1,3330963,0,1,1,1,3330963,01/07/2006,QA2AA1AW02A0002,1,EQMT_SSEE_3225706,1
032,112025,3330970,1,7404,3,1,3330970,0,1,1,1,3330970,01/11/2006,QA2AA1AW02A0001,1,EQMT_SSEE_3225710,1
032,112025,3330977,1,8416,3,1,3330977,0,1,1,1,3330977,01/11/2006,QA3AA1AW03A0001,1,EQMT_SSEE_3225714,1
032,112025,3330984,1,7404,3,1,3330984,0,1,1,1,3330984,01/11/2006,QA1AA1AW01A0001,1,EQMT_SSEE_3225718,1
032,112025,3330991,1,7405,3,1,3330991,0,4,1,1,3330991,01/11/2006,QA3AA1AW03A0002,1,EQMT_SSEE_3225722,1
032,112025,3330998,1,8409,3,1,3330998,0,1,1,1,3330998,01/08/2005,QA2AA1AW02A0002,1,EQMT_SSEE_3224750,1
032,112025,3331005,1,7404,3,1,3331005,0,1,1,1,3331005,01/03/2003,QA2AA1AW02A0001,1,EQMT_SSEE_3225302,1
032,112025,3331019,1,7404,3,1,3331019,0,4,1,1,3331019,07/10/2014,QA3AA1AW03A0040,1,EQMT_SSEE_3225010,1
032,112025,3331026,1,8416,3,1,3331026,0,1,1,1,3331026,01/03/2003,QA2AA1AW02A0001,1,EQMT_SSEE_3225082,1
032,112025,3331033,1,7404,3,1,3331033,0,1,1,1,3331033,01/12/2006,QA3AA1AW03A0002,1,EQMT_SSEE_3225726,1
032,112025,3331040,1,7405,3,1,3331040,0,1,1,1,3331040,01/12/2006,QA3AA1AW03A0003,1,EQMT_SSEE_3225730,1
032,112025,3331047,1,7405,3,1,3331047,0,1,1,1,3331047,01/12/2006,QA2AA1AW02A0002,1,EQMT_SSEE_3225738,1
032,112025,3331054,1,7404,3,1,3331054,0,4,1,1,3331054,01/12/2006,QA3AA1AW03A0002,1,EQMT_SSEE_3225746,1
032,112025,3331061,1,7403,3,1,3331061,0,4,1,1,3331061,01/11/2006,QA3AA1AW03A0003,1,EQMT_SSEE_3225750,1
032,112025,3331075,1,8409,3,1,3331075,0,1,1,1,3331075,01/12/2006,QA1AA1AW01A0001,1,EQMT_SSEE_3225762,1
032,112025,3331082,1,7404,3,1,3331082,0,1,1,1,3331082,01/01/1987,QA1AA1AW01A0001,1,EQMT_SSEE_3226266,1
032,112025,3331089,1,7404,3,1,3331089,0,1,1,1,3331089,01/01/1987,QA1AA1AW01A0001,1,EQMT_SSEE_3226238,1
032,112025,3331096,1,7404,3,1,3331096,0,1,1,1,3331096,01/01/1987,QA1AA1AW01A0002,1,EQMT_SSEE_3227270,1
032,112025,3331103,1,7404,3,1,3331103,0,1,1,1,3331103,01/08/1984,QA3AA1AW03A0002,1,EQMT_SSEE_3227102,1
032,112025,3331110,1,7404,3,1,3331110,0,1,1,1,3331110,01/08/1984,QA1AA1AW01A0001,1,EQMT_SSEE_3226306,1
032,112025,3331131,1,7404,3,1,3331131,0,1,1,1,3331131,01/02/1958,QA3AA1AW03A0002,1,EQMT_SSEE_3227218,1
032,112025,3331145,1,7404,3,1,3331145,0,1,1,1,3331145,01/04/1968,QA2AA1AW02A0001,1,EQMT_SSEE_3226966,1
032,112025,3331152,1,7404,3,1,3331152,0,1,1,1,3331152,01/04/1968,QA3AA1AW03A0002,1,EQMT_SSEE_3226406,1
032,112025,3331159,1,7403,3,1,3331159,0,1,1,1,3331159,01/01/1980,QA2AA1AW02A0001,1,EQMT_SSEE_3226990,1
032,112025,3331166,1,7403,3,1,3331166,0,1,1,1,3331166,01/01/1980,QA2AA1AW02A0001,1,EQMT_SSEE_3226926,1
032,112025,3331173,1,7403,3,1,3331173,0,1,1,1,3331173,01/01/2003,QA1AA1AW01A0001,1,EQMT_SSEE_3227734,1
032,112025,3331180,1,7403,3,1,3331180,0,1,1,1,3331180,01/01/2003,QA1AA1AW01A0001,1,EQMT_SSEE_3227738,1
032,112025,3331187,1,7403,3,1,3331187,0,1,1,1,3331187,01/01/2003,QA1AA1AW01A0001,1,EQMT_SSEE_3227742,1
032,112025,3331194,1,7404,3,1,3331194,0,1,1,1,3331194,01/07/1983,QA2AA1AW02A0001,1,EQMT_SSEE_3225998,1
032,112025,3331201,1,7404,3,1,3331201,0,1,1,1,3331201,01/05/1986,QA1AA1AW01A0002,1,EQMT_SSEE_3226682,1
032,112025,3331208,1,7404,3,1,3331208,0,1,1,1,3331208,01/05/1986,QA2AA1AW02A0001,1,EQMT_SSEE_3226234,1
032,112025,3331215,1,7404,3,1,3331215,0,1,1,1,3331215,01/05/1986,QA2AA1AW02A0001,1,EQMT_SSEE_3227230,1
032,112025,3331222,1,7404,3,1,3331222,0,1,1,1,3331222,01/05/1986,QA2AA1AW02A0001,1,EQMT_SSEE_3226398,1
032,112025,3331229,1,7404,3,1,3331229,0,1,1,1,3331229,01/05/1986,QA1AA1AW01A0001,1,EQMT_SSEE_3226762,1
032,112025,3331236,1,7404,3,1,3331236,0,1,1,1,3331236,01/05/1986,QA1AA1AW01A0001,1,EQMT_SSEE_3226314,1
032,112025,3331243,1,7404,3,1,3331243,0,1,1,1,3331243,01/05/1986,QA1AA1AW01A0001,1,EQMT_SSEE_3226318,1
032,112025,3331250,1,7404,3,1,3331250,0,1,1,1,3331250,01/05/1979,QA1AA1AW01A0002,1,EQMT_SSEE_3226190,1
032,112025,3331257,1,7404,3,1,3331257,0,1,1,1,3331257,01/04/2001,QA1AA1AW01A0001,1,EQMT_SSEE_3227126,1
032,112025,3331264,1,7404,3,1,3331264,0,1,1,1,3331264,01/05/1979,QA2AA1AW02A0001,1,EQMT_SSEE_3226230,1
032,112025,3331271,1,7404,3,1,3331271,0,1,1,1,3331271,01/05/1979,QA1AA1AW01A0001,1,EQMT_SSEE_3226182,1
032,112025,3331278,1,7404,3,1,3331278,0,1,1,1,3331278,01/05/1979,QA1AA1AW01A0002,1,EQMT_SSEE_3226186,1
032,112025,3331292,1,7404,3,1,3331292,0,1,1,1,3331292,01/02/1998,QA2AA1AW02A0001,1,EQMT_SSEE_3226402,1
032,112025,3331299,1,7404,3,1,3331299,0,1,1,1,3331299,01/01/1978,QA1AA1AW01A0001,1,EQMT_SSEE_3227558,1
032,112025,3331306,1,7404,3,1,3331306,0,1,1,1,3331306,01/02/1987,QA1AA1AW01A0001,1,EQMT_SSEE_3226454,1
032,112025,3331313,1,7404,3,1,3331313,0,1,1,1,3331313,01/01/1978,QA1AA1AW01A0002,1,EQMT_SSEE_3226390,1
032,112025,3331320,1,7404,3,1,3331320,0,1,1,1,3331320,01/02/1987,QA1AA1AW01A0002,1,EQMT_SSEE_3226462,1
032,112025,3331327,1,7404,3,1,3331327,0,1,1,1,3331327,01/09/1988,QA1AA1AW01A0002,1,EQMT_SSEE_3226206,1
032,112025,3331334,1,7404,3,1,3331334,0,1,1,1,3331334,01/02/1958,QA3AA1AW03A0002,1,EQMT_SSEE_3225878,1
032,112025,3331341,1,7404,3,1,3331341,0,1,1,1,3331341,01/05/1988,QA1AA1AW01A0002,1,EQMT_SSEE_3225934,1
032,112025,3331348,1,7404,3,1,3331348,0,1,1,1,3331348,01/07/1983,QA2AA1AW02A0001,1,EQMT_SSEE_3226010,1
032,112025,3331362,1,7404,3,1,3331362,0,1,1,1,3331362,01/06/1965,QA2AA1AW02A0001,1,EQMT_SSEE_3226102,1
032,112025,3331376,1,7404,3,1,3331376,0,1,1,1,3331376,01/05/1979,QA3AA1AW03A0002,1,EQMT_SSEE_3227154,1
032,112025,3331383,1,7404,3,1,3331383,0,1,1,1,3331383,01/06/1991,QA3AA1AW03A0001,1,EQMT_SSEE_3226834,1
032,112025,3331390,1,7404,3,1,3331390,0,1,1,1,3331390,01/06/1991,QA2AA1AW02A0001,1,EQMT_SSEE_3227338,1
032,112025,3331397,1,7404,3,1,3331397,0,1,1,1,3331397,01/06/1991,QA2AA1AW02A0001,1,EQMT_SSEE_3227334,1
032,112025,3331404,1,7404,3,1,3331404,0,1,1,1,3331404,01/10/2001,QA1AA1AW01A0001,1,EQMT_SSEE_3227258,1
032,112025,3331411,1,7404,3,1,3331411,0,1,1,1,3331411,01/06/1991,QA3AA1AW03A0002,1,EQMT_SSEE_3227242,1
032,112025,3331418,1,7404,3,1,3331418,0,1,1,1,3331418,01/05/1966,QA2AA1AW02A0001,1,EQMT_SSEE_3226606,1
032,112025,3331432,1,7404,3,1,3331432,0,1,1,1,3331432,01/02/1958,QA3AA1AW03A0001,1,EQMT_SSEE_3227190,1
032,112025,3331439,1,7404,3,1,3331439,0,1,1,1,3331439,01/10/1988,QA1AA1AW01A0001,1,EQMT_SSEE_3226302,1
032,112025,3331446,1,7404,3,1,3331446,0,1,1,1,3331446,01/02/1987,QA1AA1AW01A0002,1,EQMT_SSEE_3226458,1
032,112025,3331453,1,7404,3,1,3331453,0,1,1,1,3331453,01/01/1978,QA1AA1AW01A0002,1,EQMT_SSEE_3226394,1
032,112025,3331460,1,7404,3,1,3331460,0,1,1,1,3331460,01/05/1986,QA3AA1AW03A0002,1,EQMT_SSEE_3227278,1
032,112025,3331467,1,7404,3,1,3331467,0,1,1,1,3331467,01/05/1986,QA1AA1AW01A0002,1,EQMT_SSEE_3226310,1
032,112025,3331474,1,7404,3,1,3331474,0,1,1,1,3331474,01/08/1984,QA1AA1AW01A0002,1,EQMT_SSEE_3226846,1
032,112025,3331481,1,7404,3,1,3331481,0,1,1,1,3331481,01/06/1980,QA1AA1AW01A0001,1,EQMT_SSEE_3226422,1
032,112025,3331488,1,7404,3,1,3331488,0,1,1,1,3331488,01/10/1997,QA3AA1AW03A0001,1,EQMT_SSEE_3227318,1
032,112025,3331495,1,7404,3,1,3331495,0,1,1,1,3331495,01/07/1969,QA1AA1AW01A0001,1,EQMT_SSEE_3225942,1
032,112025,3331509,1,7404,3,1,3331509,0,1,1,1,3331509,01/01/1958,QA2AA1AW02A0001,1,EQMT_SSEE_3226594,1
032,112025,3331516,1,7404,3,1,3331516,0,1,1,1,3331516,01/06/1980,QA1AA1AW01A0001,1,EQMT_SSEE_3226558,1
032,112025,3331523,1,7404,3,1,3331523,0,1,1,1,3331523,01/09/1982,QA1AA1AW01A0002,1,EQMT_SSEE_3226386,1
032,112025,3331530,1,7404,3,1,3331530,0,1,1,1,3331530,01/05/1981,QA1AA1AW01A0001,1,EQMT_SSEE_3226806,1
032,112025,3331537,1,7404,3,1,3331537,0,1,1,1,3331537,01/05/1987,QA2AA1AW02A0001,1,EQMT_SSEE_3225794,1
032,112025,3331544,1,7404,3,1,3331544,0,1,1,1,3331544,01/05/1987,QA3AA1AW03A0005,1,EQMT_SSEE_3227002,1
032,112025,3331551,1,7404,3,1,3331551,0,1,1,1,3331551,01/05/1987,QA1AA1AW01A0001,1,EQMT_SSEE_3226446,1
032,112025,3331558,1,7404,3,1,3331558,0,1,1,1,3331558,01/06/1980,QA2AA1AW02A0001,1,EQMT_SSEE_3226758,1
032,112025,3331579,1,7404,3,1,3331579,0,1,1,1,3331579,01/05/1981,QA1AA1AW01A0001,1,EQMT_SSEE_3226226,1
032,112025,3331586,1,7404,3,1,3331586,0,1,1,1,3331586,01/05/1981,QA1AA1AW01A0001,1,EQMT_SSEE_3226814,1
032,112025,3331593,1,7404,3,1,3331593,0,1,1,1,3331593,01/05/1981,QA1AA1AW01A0001,1,EQMT_SSEE_3226810,1
032,112025,3331614,1,7404,3,1,3331614,0,1,1,1,3331614,01/06/1965,QA2AA1AW02A0001,1,EQMT_SSEE_3227194,1
032,112025,3331621,1,7404,3,1,3331621,0,1,1,1,3331621,01/12/1986,QA1AA1AW01A0002,1,EQMT_SSEE_3226550,1
032,112025,3331642,1,7404,3,1,3331642,0,1,1,1,3331642,01/09/1988,QA2AA1AW02A0001,1,EQMT_SSEE_3226378,1
032,112025,3331649,1,7404,3,1,3331649,0,1,1,1,3331649,01/04/1968,QA2AA1AW02A0001,1,EQMT_SSEE_3226614,1
032,112025,3331656,1,7405,3,1,3331656,0,1,1,1,3331656,01/09/1991,QA2AA1AW02A0001,1,EQMT_SSEE_3226778,1
032,112025,3331663,1,7403,3,1,3331663,0,1,1,1,3331663,01/01/1980,QA1AA1AW01A0002,1,EQMT_SSEE_3226854,1
032,112025,3331670,1,7404,3,1,3331670,0,1,1,1,3331670,01/01/1980,QA1AA1AW01A0001,1,EQMT_SSEE_3226630,1
032,112025,3331684,1,7404,3,1,3331684,0,1,1,1,3331684,01/09/1991,QA2AA1AW02A0001,1,EQMT_SSEE_3226438,1
032,112025,3331698,1,7404,3,1,3331698,0,1,1,1,3331698,01/12/1982,QA1AA1AW01A0001,1,EQMT_SSEE_3226674,1
032,112025,3331705,1,7404,3,1,3331705,0,1,1,1,3331705,01/12/1982,QA1AA1AW01A0001,1,EQMT_SSEE_3225990,1
032,112025,3331712,1,7404,3,1,3331712,0,1,1,1,3331712,01/10/1968,QA3AA1AW03A0001,1,EQMT_SSEE_3227330,1
032,112025,3331719,1,7404,3,1,3331719,0,1,1,1,3331719,01/05/1981,QA3AA1AW03A0001,1,EQMT_SSEE_3227286,1
032,112025,3331726,1,7404,3,1,3331726,0,1,1,1,3331726,01/01/1980,QA2AA1AW02A0001,1,EQMT_SSEE_3226826,1
032,112025,3331733,1,7404,3,1,3331733,0,1,1,1,3331733,01/01/1980,QA2AA1AW02A0001,1,EQMT_SSEE_3226822,1
032,112025,3331747,1,7404,3,1,3331747,0,1,1,1,3331747,01/04/2002,QA2AA1AW02A0001,1,EQMT_SSEE_3227358,1
032,112025,3331761,1,7404,3,1,3331761,0,1,1,1,3331761,01/04/2002,QA2AA1AW02A0001,1,EQMT_SSEE_3227298,1
032,112025,3331768,1,7404,3,1,3331768,0,1,1,1,3331768,01/04/2002,QA2AA1AW02A0001,1,EQMT_SSEE_3226978,1
032,112025,3331775,1,7404,3,1,3331775,0,1,1,1,3331775,01/04/2002,QA2AA1AW02A0001,1,EQMT_SSEE_3227146,1
032,112025,3331782,1,7404,3,1,3331782,0,1,1,1,3331782,01/04/2002,QA2AA1AW02A0001,1,EQMT_SSEE_3227294,1
032,112025,3331789,1,7404,3,1,3331789,0,1,1,1,3331789,01/04/2002,QA2AA1AW02A0001,1,EQMT_SSEE_3227290,1
032,112025,3331796,1,7404,3,1,3331796,0,1,1,1,3331796,01/01/1980,QA1AA1AW01A0002,1,EQMT_SSEE_3226522,1
032,112025,3331803,1,7405,3,1,3331803,0,1,1,1,3331803,01/09/1991,QA3AA1AW03A0001,1,EQMT_SSEE_3227450,1
032,112025,3331810,1,7404,3,1,3331810,0,1,1,1,3331810,01/05/1979,QA2AA1AW02A0001,1,EQMT_SSEE_3225890,1
032,112025,3331817,1,7404,3,1,3331817,0,1,1,1,3331817,01/05/1979,QA2AA1AW02A0001,1,EQMT_SSEE_3226626,1
032,112025,3331831,1,7404,3,1,3331831,0,1,1,1,3331831,01/05/1986,QA2AA1AW02A0001,1,EQMT_SSEE_3227466,1
032,112025,3331838,1,7404,3,1,3331838,0,1,1,1,3331838,01/05/1986,QA2AA1AW02A0001,1,EQMT_SSEE_3227474,1
032,112025,3331845,1,7404,3,1,3331845,0,1,1,1,3331845,01/05/1986,QA2AA1AW02A0001,1,EQMT_SSEE_3227470,1
032,112025,3331852,1,7404,3,1,3331852,0,1,1,1,3331852,01/05/1986,QA1AA1AW01A0001,1,EQMT_SSEE_3227478,1
032,112025,3331859,1,7404,3,1,3331859,0,1,1,1,3331859,01/05/1986,QA1AA1AW01A0001,1,EQMT_SSEE_3227482,1
032,112025,3331866,1,7404,3,1,3331866,0,1,1,1,3331866,01/05/1986,QA1AA1AW01A0001,1,EQMT_SSEE_3227486,1
032,112025,3331873,1,7404,3,1,3331873,0,1,1,1,3331873,01/05/1986,QA1AA1AW01A0001,1,EQMT_SSEE_3227490,1
032,112025,3331880,1,7404,3,1,3331880,0,1,1,1,3331880,01/05/1986,QA1AA1AW01A0001,1,EQMT_SSEE_3227498,1
032,112025,3331887,1,7404,3,1,3331887,0,1,1,1,3331887,01/01/1978,QA1AA1AW01A0002,1,EQMT_SSEE_3227530,1
032,112025,3331901,1,7404,3,1,3331901,0,1,1,1,3331901,01/05/1986,QA3AA1AW03A0001,1,EQMT_SSEE_3227546,1
032,112025,3331908,1,7404,3,1,3331908,0,1,1,1,3331908,01/04/1968,QA3AA1AW03A0001,1,EQMT_SSEE_3227554,1
032,112025,3331915,1,7405,3,1,3331915,0,1,1,1,3331915,01/05/1993,QA2AA1AW02A0001,1,EQMT_SSEE_3227550,1
032,112025,3331922,1,7404,3,1,3331922,0,1,1,1,3331922,01/02/1998,QA2AA1AW02A0001,1,EQMT_SSEE_3227562,1
032,112025,3331929,1,7404,3,1,3331929,0,1,1,1,3331929,01/01/2003,QA2AA1AW02A0001,1,EQMT_SSEE_3226526,1
032,112025,3331936,1,7404,3,1,3331936,0,1,1,1,3331936,01/04/2003,QA1AA1AW01A0001,1,EQMT_SSEE_3227658,1
032,112025,3331943,1,7404,3,1,3331943,0,4,1,1,3331943,01/07/2003,QA3AA1AW03A0001,1,EQMT_SSEE_3227682,1
032,112025,3331950,1,7404,3,1,3331950,0,1,1,1,3331950,01/12/2003,QA2AA1AW02A0001,1,EQMT_SSEE_3227722,1
032,112025,3331957,1,7404,3,1,3331957,0,1,1,1,3331957,01/12/2003,QA1AA1AW01A0001,1,EQMT_SSEE_3227710,1
032,112025,3331964,1,7404,3,1,3331964,0,1,1,1,3331964,01/12/2003,QA1AA1AW01A0001,1,EQMT_SSEE_3227706,1
032,112025,3331971,1,7404,3,1,3331971,0,1,1,1,3331971,01/12/2003,QA1AA1AW01A0001,1,EQMT_SSEE_3227702,1
032,112025,3331978,1,7404,3,1,3331978,0,1,1,1,3331978,01/12/2003,QA1AA1AW01A0001,1,EQMT_SSEE_3227718,1
032,112025,3331985,1,7404,3,1,3331985,0,1,1,1,3331985,01/12/2003,QA1AA1AW01A0001,1,EQMT_SSEE_3227714,1
032,112025,3331992,1,7404,3,1,3331992,0,1,1,1,3331992,01/12/2003,QA2AA1AW02A0001,1,EQMT_SSEE_3227726,1
032,112025,3331999,1,7201,3,1,3331999,0,1,1,1,3331999,01/05/1993,QA2AA1AW02A0001,1,EQMT_SSEE_3227246,1
032,112025,3332006,1,7201,3,1,3332006,0,1,1,1,3332006,01/08/1984,QA3AA1AW03A0001,1,EQMT_SSEE_3227534,1
032,112025,3332027,1,7405,3,1,3332027,0,1,1,1,3332027,01/08/1984,QA1AA1AW01A0001,1,EQMT_SSEE_3226774,1
032,112025,3332034,1,7405,3,1,3332034,0,1,1,1,3332034,01/10/1988,QA1AA1AW01A0001,1,EQMT_SSEE_3226338,1
032,112025,3332041,1,7405,3,1,3332041,0,1,1,1,3332041,01/10/1988,QA1AA1AW01A0001,1,EQMT_SSEE_3226346,1
032,112025,3332048,1,7405,3,1,3332048,0,1,1,1,3332048,01/08/1984,QA2AA1AW02A0001,1,EQMT_SSEE_3227266,1
032,112025,3332055,1,7405,3,1,3332055,0,1,1,1,3332055,01/10/1988,QA2AA1AW02A0001,1,EQMT_SSEE_3227262,1
032,112025,3332069,1,7405,3,1,3332069,0,1,1,1,3332069,01/10/1988,QA1AA1AW01A0001,1,EQMT_SSEE_3226354,1
032,112025,3332076,1,7405,3,1,3332076,0,1,1,1,3332076,01/08/1984,QA3AA1AW03A0001,1,EQMT_SSEE_3227566,1
032,112025,3332090,1,7405,3,1,3332090,0,1,1,1,3332090,01/08/1991,QA2AA1AW02A0001,1,EQMT_SSEE_3225882,1
032,112025,3332097,1,7405,3,1,3332097,0,1,1,1,3332097,01/08/1991,QA1AA1AW01A0001,1,EQMT_SSEE_3226294,1
032,112025,3332104,1,7405,3,1,3332104,0,1,1,1,3332104,01/08/1991,QA3AA1AW03A0001,1,EQMT_SSEE_3227314,1
032,112025,3332125,1,7405,3,1,3332125,0,1,1,1,3332125,01/06/1991,QA3AA1AW03A0005,1,EQMT_SSEE_3225766,1
032,112025,3332132,1,7405,3,1,3332132,0,1,1,1,3332132,01/06/1991,QA2AA1AW02A0001,1,EQMT_SSEE_3226722,1
032,112025,3332139,1,7405,3,1,3332139,0,1,1,1,3332139,01/09/1991,QA2AA1AW02A0001,1,EQMT_SSEE_3227138,1
032,112025,3332153,1,7405,3,1,3332153,0,1,1,1,3332153,01/06/1991,QA3AA1AW03A0002,1,EQMT_SSEE_3226830,1
032,112025,3332160,1,7405,3,1,3332160,0,1,1,1,3332160,01/09/1991,QA1AA1AW01A0001,1,EQMT_SSEE_3226426,1
032,112025,3332167,1,7405,3,1,3332167,0,1,1,1,3332167,01/09/1981,QA1AA1AW01A0001,1,EQMT_SSEE_3226146,1
032,112025,3332174,1,7405,3,1,3332174,0,1,1,1,3332174,01/09/1981,QA1AA1AW01A0001,1,EQMT_SSEE_3226590,1
032,112025,3332216,1,7405,3,1,3332216,0,1,1,1,3332216,01/09/1991,QA3AA1AW03A0002,1,EQMT_SSEE_3225802,1
032,112025,3332230,1,7405,3,1,3332230,0,1,1,1,3332230,01/08/1984,QA1AA1AW01A0001,1,EQMT_SSEE_3226710,1
032,112025,3332237,1,7405,3,1,3332237,0,1,1,1,3332237,01/05/1966,QA2AA1AW02A0001,1,EQMT_SSEE_3225922,1
032,112025,3332244,1,7405,3,1,3332244,0,1,1,1,3332244,01/01/1987,QA1AA1AW01A0002,1,EQMT_SSEE_3226622,1
032,112025,3332251,1,7405,3,1,3332251,0,1,1,1,3332251,01/08/1986,QA1AA1AW01A0001,1,EQMT_SSEE_3226114,1
032,112025,3332279,1,7405,3,1,3332279,0,1,1,1,3332279,01/09/1981,QA1AA1AW01A0001,1,EQMT_SSEE_3227174,1
032,112025,3332286,1,7405,3,1,3332286,0,1,1,1,3332286,01/09/1981,QA1AA1AW01A0001,1,EQMT_SSEE_3227134,1
032,112025,3332293,1,7405,3,1,3332293,0,1,1,1,3332293,01/09/1981,QA1AA1AW01A0002,1,EQMT_SSEE_3226158,1
032,112025,3332300,1,7405,3,1,3332300,0,1,1,1,3332300,01/06/1991,QA2AA1AW02A0001,1,EQMT_SSEE_3226442,1
032,112025,3332307,1,7405,3,1,3332307,0,1,1,1,3332307,01/11/1971,QA1AA1AW01A0001,1,EQMT_SSEE_3226466,1
032,112025,3332314,1,7405,3,1,3332314,0,1,1,1,3332314,01/07/2001,QA1AA1AW01A0001,1,EQMT_SSEE_3227178,1
032,112025,3332321,1,7405,3,1,3332321,0,1,1,1,3332321,01/08/1986,QA1AA1AW01A0001,1,EQMT_SSEE_3226106,1
032,112025,3332328,1,7405,3,1,3332328,0,1,1,1,3332328,01/08/1984,QA2AA1AW02A0001,1,EQMT_SSEE_3226794,1
032,112025,3332349,1,7405,3,1,3332349,0,1,1,1,3332349,01/06/1991,QA1AA1AW01A0001,1,EQMT_SSEE_3226506,1
032,112025,3332356,1,7405,3,1,3332356,0,1,1,1,3332356,01/06/1991,QA3AA1AW03A0001,1,EQMT_SSEE_3225814,1
032,112025,3332363,1,7405,3,1,3332363,0,1,1,1,3332363,01/07/2001,QA2AA1AW02A0001,1,EQMT_SSEE_3227182,1
032,112025,3332377,1,7405,3,1,3332377,0,1,1,1,3332377,01/06/1991,QA2AA1AW02A0001,1,EQMT_SSEE_3227434,1
032,112025,3332384,1,7405,3,1,3332384,0,1,1,1,3332384,01/06/1991,QA1AA1AW01A0001,1,EQMT_SSEE_3227394,1
032,112025,3332391,1,7405,3,1,3332391,0,1,1,1,3332391,01/09/1981,QA1AA1AW01A0001,1,EQMT_SSEE_3227514,1
032,112025,3332398,1,7405,3,1,3332398,0,1,1,1,3332398,01/12/2003,QA2AA1AW02A0001,1,EQMT_SSEE_3227694,1
032,112025,3332405,1,7405,3,1,3332405,0,1,1,1,3332405,01/01/1987,QA1AA1AW01A0001,1,EQMT_SSEE_3226334,1
032,112025,3332412,1,7405,3,1,3332412,0,1,1,1,3332412,01/01/1969,QA1AA1AW01A0001,1,EQMT_SSEE_3226330,1
032,112025,3332419,1,7405,3,1,3332419,0,1,1,1,3332419,01/03/1985,QA2AA1AW02A0001,1,EQMT_SSEE_3226046,1
032,112025,3332426,1,7405,3,1,3332426,0,1,1,1,3332426,01/02/1998,QA2AA1AW02A0001,1,EQMT_SSEE_3226970,1
032,112025,3332433,1,7405,3,1,3332433,0,1,1,1,3332433,01/01/1998,QA2AA1AW02A0001,1,EQMT_SSEE_3226174,1
032,112025,3332440,1,7405,3,1,3332440,0,1,1,1,3332440,01/09/1970,QA2AA1AW02A0001,1,EQMT_SSEE_3226130,1
032,112025,3332447,1,7405,3,1,3332447,0,1,1,1,3332447,05/01/2015,QA2AA1AW02A0001,1,EQMT_SSEE_3226974,1
032,112025,3332454,1,7405,3,1,3332454,0,1,1,1,3332454,01/10/1997,QA3AA1AW03A0002,1,EQMT_SSEE_3227214,1
032,112025,3332461,1,7405,3,1,3332461,0,1,1,1,3332461,01/09/1988,QA3AA1AW03A0002,1,EQMT_SSEE_3227166,1
032,112025,3332468,1,7405,3,1,3332468,0,1,1,1,3332468,01/01/1989,QA1AA1AW01A0001,1,EQMT_SSEE_3227250,1
032,112025,3332475,1,7405,3,1,3332475,0,1,1,1,3332475,01/10/1988,QA3AA1AW03A0002,1,EQMT_SSEE_3226366,1
032,112025,3332482,1,7405,3,1,3332482,0,1,1,1,3332482,01/04/1962,QA2AA1AW02A0001,1,EQMT_SSEE_3226270,1
032,112025,3332489,1,7405,3,1,3332489,0,1,1,1,3332489,01/04/1962,QA2AA1AW02A0001,1,EQMT_SSEE_3226370,1
032,112025,3332496,1,7405,3,1,3332496,0,1,1,1,3332496,01/01/1968,QA3AA1AW03A0002,1,EQMT_SSEE_3225898,1
032,112025,3332503,1,7405,3,1,3332503,0,1,1,1,3332503,01/12/1966,QA1AA1AW01A0002,1,EQMT_SSEE_3226274,1
032,112025,3332510,1,7405,3,1,3332510,0,1,1,1,3332510,01/11/1985,QA1AA1AW01A0001,1,EQMT_SSEE_3226090,1
032,112025,3332517,1,7405,3,1,3332517,0,1,1,1,3332517,01/12/1986,QA1AA1AW01A0002,1,EQMT_SSEE_3226290,1
032,112025,3332524,1,7405,3,1,3332524,0,1,1,1,3332524,01/01/1987,QA1AA1AW01A0001,1,EQMT_SSEE_3226754,1
032,112025,3332538,1,7405,3,1,3332538,0,1,1,1,3332538,01/12/1998,QA2AA1AW02A0001,1,EQMT_SSEE_3226918,1
032,112025,3332545,1,7405,3,1,3332545,0,1,1,1,3332545,01/06/1991,QA1AA1AW01A0001,1,EQMT_SSEE_3225886,1
032,112025,3332552,1,7405,3,1,3332552,0,1,1,1,3332552,01/10/1997,QA2AA1AW02A0001,1,EQMT_SSEE_3226802,1
032,112025,3332559,1,7405,3,1,3332559,0,1,1,1,3332559,01/06/1991,QA2AA1AW02A0001,1,EQMT_SSEE_3226134,1
032,112025,3332566,1,7405,3,1,3332566,0,1,1,1,3332566,01/11/1996,QA2AA1AW02A0001,1,EQMT_SSEE_3226482,1
032,112025,3332573,1,7405,3,1,3332573,0,1,1,1,3332573,01/01/1989,QA1AA1AW01A0001,1,EQMT_SSEE_3226178,1
032,112025,3332580,1,7405,3,1,3332580,0,1,1,1,3332580,01/12/1986,QA2AA1AW02A0001,1,EQMT_SSEE_3227446,1
032,112025,3332587,1,7405,3,1,3332587,0,1,1,1,3332587,01/10/1985,QA1AA1AW01A0001,1,EQMT_SSEE_3227306,1
032,112025,3332594,1,7405,3,1,3332594,0,1,1,1,3332594,01/10/1985,QA1AA1AW01A0003,1,EQMT_SSEE_3226282,1
032,112025,3332622,1,7405,3,1,3332622,0,1,1,1,3332622,01/10/1988,QA2AA1AW02A0001,1,EQMT_SSEE_3225954,1
032,112025,3332629,1,7405,3,1,3332629,0,1,1,1,3332629,01/05/1957,QA2AA1AW02A0001,1,EQMT_SSEE_3227518,1
032,112025,3332636,1,7405,3,1,3332636,0,1,1,1,3332636,01/01/1969,QA3AA1AW03A0001,1,EQMT_SSEE_3227458,1
032,112025,3332643,1,7405,3,1,3332643,0,1,1,1,3332643,01/06/1969,QA2AA1AW02A0001,1,EQMT_SSEE_3227462,1
032,112025,3332650,1,7405,3,1,3332650,0,1,1,1,3332650,01/01/1969,QA3AA1AW03A0001,1,EQMT_SSEE_3227502,1
032,112025,3332657,1,7405,3,1,3332657,0,1,1,1,3332657,01/10/1988,QA1AA1AW01A0001,1,EQMT_SSEE_3227506,1
032,112025,3332664,1,7405,3,1,3332664,0,1,1,1,3332664,01/01/1969,QA2AA1AW02A0001,1,EQMT_SSEE_3227150,1
032,112025,3332671,1,7405,3,1,3332671,0,1,1,1,3332671,01/12/1986,QA2AA1AW02A0001,1,EQMT_SSEE_3227526,1
032,112025,3332678,1,7405,3,1,3332678,0,1,1,1,3332678,01/06/2001,QA2AA1AW02A0001,1,EQMT_SSEE_3227570,1
032,112025,3332685,1,7405,3,1,3332685,0,1,1,1,3332685,01/12/1986,QA1AA1AW01A0001,1,EQMT_SSEE_3227590,1
032,112025,3332692,1,7405,3,1,3332692,0,1,1,1,3332692,01/01/1969,QA3AA1AW03A0001,1,EQMT_SSEE_3227594,1
032,112025,3332699,1,7405,3,1,3332699,0,1,1,1,3332699,01/01/2003,QA2AA1AW02A0001,1,EQMT_SSEE_3227598,1
032,112025,3332706,1,7405,3,1,3332706,0,1,1,1,3332706,01/12/2003,QA2AA1AW02A0001,1,EQMT_SSEE_3227698,1
032,112025,3332713,1,8416,3,1,3332713,0,1,1,1,3332713,07/01/1970,QA2AA1AW02A0001,1,EQMT_SSEE_3225854,1
032,112025,3332720,1,8416,3,1,3332720,0,1,1,1,3332720,01/05/1988,QA2AA1AW02A0001,1,EQMT_SSEE_3227346,1
032,112025,3332727,1,8416,3,1,3332727,0,1,1,1,3332727,01/02/1997,QA1AA1AW01A0001,1,EQMT_SSEE_3227050,1
032,112025,3332734,1,8416,3,1,3332734,0,1,1,1,3332734,01/02/1997,QA1AA1AW01A0001,1,EQMT_SSEE_3227054,1
032,112025,3332741,1,8416,3,1,3332741,0,1,1,1,3332741,01/02/1997,QA1AA1AW01A0002,1,EQMT_SSEE_3227046,1
032,112025,3332748,1,8416,3,1,3332748,0,1,1,1,3332748,01/02/1997,QA1AA1AW01A0002,1,EQMT_SSEE_3227034,1
032,112025,3332755,1,8416,3,1,3332755,0,1,1,1,3332755,01/02/1997,QA1AA1AW01A0002,1,EQMT_SSEE_3227038,1
032,112025,3332762,1,8416,3,1,3332762,0,1,1,1,3332762,01/02/1997,QA1AA1AW01A0001,1,EQMT_SSEE_3227042,1
032,112025,3332769,1,8416,3,1,3332769,0,1,1,1,3332769,01/02/1989,QA1AA1AW01A0002,1,EQMT_SSEE_3227094,1
032,112025,3332776,1,8416,3,1,3332776,0,1,1,1,3332776,01/02/1997,QA2AA1AW02A0001,1,EQMT_SSEE_3226898,1
032,112025,3332783,1,8416,3,1,3332783,0,1,1,1,3332783,01/02/1997,QA2AA1AW02A0002,1,EQMT_SSEE_3226902,1
032,112025,3332790,1,8416,3,1,3332790,0,1,1,1,3332790,01/05/1987,QA2AA1AW02A0001,1,EQMT_SSEE_3226670,1
032,112025,3332797,1,8416,3,1,3332797,0,1,1,1,3332797,01/11/1987,QA2AA1AW02A0001,1,EQMT_SSEE_3226470,1
032,112025,3332804,1,8416,3,1,3332804,0,1,1,1,3332804,01/11/1987,QA1AA1AW01A0002,1,EQMT_SSEE_3226250,1
032,112025,3332818,1,8416,3,1,3332818,0,1,1,1,3332818,01/05/1964,QA2AA1AW02A0001,1,EQMT_SSEE_3226618,1
032,112025,3332832,1,8416,3,1,3332832,0,1,1,1,3332832,01/05/1988,QA2AA1AW02A0001,1,EQMT_SSEE_3226666,1
032,112025,3332839,1,8416,3,1,3332839,0,1,1,1,3332839,01/09/1988,QA1AA1AW01A0002,1,EQMT_SSEE_3226494,1
032,112025,3332846,1,8416,3,1,3332846,0,1,1,1,3332846,01/04/1973,QA1AA1AW01A0002,1,EQMT_SSEE_3225846,1
032,112025,3332853,1,8416,3,1,3332853,0,1,1,1,3332853,01/04/1973,QA1AA1AW01A0002,1,EQMT_SSEE_3226382,1
032,112025,3332860,1,8416,3,1,3332860,0,1,1,1,3332860,01/11/1984,QA1AA1AW01A0001,1,EQMT_SSEE_3225842,1
032,112025,3332867,1,8416,3,1,3332867,0,1,1,1,3332867,01/01/1991,QA1AA1AW01A0001,1,EQMT_SSEE_3226490,1
032,112025,3332874,1,8416,3,1,3332874,0,1,1,1,3332874,01/11/1980,QA1AA1AW01A0001,1,EQMT_SSEE_3226938,1
032,112025,3332881,1,8416,3,1,3332881,0,1,1,1,3332881,01/08/1982,QA1AA1AW01A0001,1,EQMT_SSEE_3226014,1
032,112025,3332888,1,8416,3,1,3332888,0,1,1,1,3332888,01/05/1988,QA3AA1AW03A0001,1,EQMT_SSEE_3226610,1
032,112025,3332895,1,8416,3,1,3332895,0,1,1,1,3332895,01/09/1971,QA1AA1AW01A0001,1,EQMT_SSEE_3226954,1
032,112025,3332902,1,8416,3,1,3332902,0,1,1,1,3332902,01/11/1980,QA2AA1AW02A0002,1,EQMT_SSEE_3226678,1
032,112025,3332909,1,8416,3,1,3332909,0,1,1,1,3332909,01/02/1988,QA1AA1AW01A0001,1,EQMT_SSEE_3226946,1
032,112025,3332916,1,8416,3,1,3332916,0,1,1,1,3332916,01/01/1973,QA1AA1AW01A0001,1,EQMT_SSEE_3226950,1
032,112025,3332923,1,8416,3,1,3332923,0,1,1,1,3332923,01/02/1989,QA1AA1AW01A0002,1,EQMT_SSEE_3225994,1
032,112025,3332930,1,8416,3,1,3332930,0,1,1,1,3332930,01/11/1970,QA2AA1AW02A0001,1,EQMT_SSEE_3226862,1
032,112025,3332937,1,8416,3,1,3332937,0,1,1,1,3332937,01/02/1989,QA1AA1AW01A0001,1,EQMT_SSEE_3226034,1
032,112025,3332944,1,8416,3,1,3332944,0,1,1,1,3332944,01/02/1989,QA1AA1AW01A0001,1,EQMT_SSEE_3226414,1
032,112025,3332951,1,8416,3,1,3332951,0,1,1,1,3332951,01/07/2000,QA1AA1AW01A0001,1,EQMT_SSEE_3227086,1
032,112025,3332958,1,7201,3,1,3332958,0,1,1,1,3332958,01/07/2000,QA1AA1AW01A0001,1,EQMT_SSEE_3227090,1
032,112025,3332965,1,7201,3,1,3332965,0,1,1,1,3332965,01/07/2000,QA1AA1AW01A0001,1,EQMT_SSEE_3227082,1
032,112025,3332972,1,8416,3,1,3332972,0,1,1,1,3332972,01/06/2000,QA1AA1AW01A0002,1,EQMT_SSEE_3227066,1
032,112025,3332979,1,8416,3,1,3332979,0,1,1,1,3332979,01/06/2000,QA1AA1AW01A0001,1,EQMT_SSEE_3227062,1
032,112025,3332986,1,8416,3,1,3332986,0,1,1,1,3332986,01/06/2000,QA1AA1AW01A0001,1,EQMT_SSEE_3227058,1
032,112025,3332993,1,8416,3,1,3332993,0,1,1,1,3332993,01/06/2000,QA1AA1AW01A0002,1,EQMT_SSEE_3227070,1
032,112025,3333000,1,8416,3,1,3333000,0,1,1,1,3333000,01/06/2000,QA1AA1AW01A0001,1,EQMT_SSEE_3227074,1
032,112025,3333007,1,8409,3,1,3333007,0,1,1,1,3333007,01/06/2000,QA1AA1AW01A0001,1,EQMT_SSEE_3227078,1
032,112025,3333014,1,8416,3,1,3333014,0,1,1,1,3333014,01/12/2000,QA2AA1AW02A0001,1,EQMT_SSEE_3227202,1
032,112025,3333021,1,8416,3,1,3333021,0,1,1,1,3333021,01/11/1987,QA3AA1AW03A0001,1,EQMT_SSEE_3226958,1
032,112025,3333028,1,8416,3,1,3333028,0,1,1,1,3333028,01/05/1988,QA3AA1AW03A0002,1,EQMT_SSEE_3227342,1
032,112025,3333035,1,8416,3,1,3333035,0,1,1,1,3333035,01/04/1973,QA1AA1AW01A0001,1,EQMT_SSEE_3227414,1
032,112025,3333042,1,8416,3,1,3333042,0,1,1,1,3333042,01/04/1973,QA1AA1AW01A0001,1,EQMT_SSEE_3227410,1
032,112025,3333049,1,8416,3,1,3333049,0,1,1,1,3333049,01/11/1980,QA1AA1AW01A0001,1,EQMT_SSEE_3227406,1
032,112025,3333056,1,8416,3,1,3333056,0,1,1,1,3333056,01/04/1973,QA2AA1AW02A0001,1,EQMT_SSEE_3227418,1
032,112025,3333063,1,8409,3,1,3333063,0,1,1,1,3333063,01/05/1979,QA2AA1AW02A0001,1,EQMT_SSEE_3226982,1
032,112025,3333070,1,8409,3,1,3333070,0,1,1,1,3333070,01/05/1987,QA1AA1AW01A0001,1,EQMT_SSEE_3226022,1
032,112025,3333077,1,8409,3,1,3333077,0,1,1,1,3333077,01/04/1990,QA2AA1AW02A0001,1,EQMT_SSEE_3225986,1
032,112025,3333084,1,8409,3,1,3333084,0,1,1,1,3333084,01/02/1989,QA1AA1AW01A0001,1,EQMT_SSEE_3225834,1
032,112025,3333098,1,8409,3,1,3333098,0,1,1,1,3333098,01/05/1979,QA3AA1AW03A0002,1,EQMT_SSEE_3226498,1
032,112025,3333105,1,8409,3,1,3333105,0,1,1,1,3333105,01/06/1980,QA1AA1AW01A0003,1,EQMT_SSEE_3226566,1
032,112025,3333112,1,8409,3,1,3333112,0,1,1,1,3333112,01/04/1981,QA2AA1AW02A0001,1,EQMT_SSEE_3226714,1
032,112025,3333119,1,8409,3,1,3333119,0,1,1,1,3333119,01/04/1981,QA1AA1AW01A0002,1,EQMT_SSEE_3225966,1
032,112025,3333126,1,8409,3,1,3333126,0,1,1,1,3333126,01/04/1981,QA2AA1AW02A0001,1,EQMT_SSEE_3225974,1
032,112025,3333140,1,8409,3,1,3333140,0,1,1,1,3333140,01/04/1981,QA1AA1AW01A0002,1,EQMT_SSEE_3225982,1
032,112025,3333154,1,8409,3,1,3333154,0,1,1,1,3333154,01/06/1980,QA1AA1AW01A0001,1,EQMT_SSEE_3225970,1
032,112025,3333161,1,8409,3,1,3333161,0,1,1,1,3333161,01/01/1997,QA1AA1AW01A0002,1,EQMT_SSEE_3226870,1
032,112025,3333168,1,8409,3,1,3333168,0,1,1,1,3333168,01/01/1997,QA1AA1AW01A0001,1,EQMT_SSEE_3226742,1
032,112025,3333175,1,8409,3,1,3333175,0,1,1,1,3333175,01/01/1997,QA1AA1AW01A0001,1,EQMT_SSEE_3226734,1
032,112025,3333182,1,8409,3,1,3333182,0,1,1,1,3333182,01/01/1997,QA1AA1AW01A0002,1,EQMT_SSEE_3226730,1
032,112025,3333189,1,8409,3,1,3333189,0,1,1,1,3333189,01/01/1997,QA1AA1AW01A0001,1,EQMT_SSEE_3227106,1
032,112025,3333196,1,8409,3,1,3333196,0,1,1,1,3333196,01/01/1997,QA1AA1AW01A0001,1,EQMT_SSEE_3227026,1
032,112025,3333203,1,8409,3,1,3333203,0,1,1,1,3333203,01/01/1997,QA1AA1AW01A0001,1,EQMT_SSEE_3226738,1
032,112025,3333210,1,8409,3,1,3333210,0,1,1,1,3333210,01/02/1997,QA2AA1AW02A0001,1,EQMT_SSEE_3226906,1
032,112025,3333217,1,8409,3,1,3333217,0,1,1,1,3333217,01/02/1997,QA2AA1AW02A0001,1,EQMT_SSEE_3226894,1
032,112025,3333224,1,8409,3,1,3333224,0,1,1,1,3333224,01/02/1997,QA2AA1AW02A0001,1,EQMT_SSEE_3226914,1
032,112025,3333231,1,8409,3,1,3333231,0,1,1,1,3333231,01/02/1997,QA2AA1AW02A0001,1,EQMT_SSEE_3226910,1
032,112025,3333238,1,8409,3,1,3333238,0,1,1,1,3333238,01/04/1990,QA1AA1AW01A0002,1,EQ_MT_SED590,1
032,112025,3333245,1,8409,3,1,3333245,0,1,1,1,3333245,01/11/1987,QA2AA1AW02A0001,1,EQMT_SSEE_3226890,1
032,112025,3333252,1,8409,3,1,3333252,0,1,1,1,3333252,01/05/1987,QA1AA1AW01A0001,1,EQMT_SSEE_3225782,1
032,112025,3333259,1,8409,3,1,3333259,0,1,1,1,3333259,01/05/1987,QA1AA1AW01A0002,1,EQMT_SSEE_3225938,1
032,112025,3333266,1,7404,3,1,3333266,0,1,1,1,3333266,01/05/1979,QA2AA1AW02A0001,1,EQMT_SSEE_3227006,1
032,112025,3333273,1,8409,3,1,3333273,0,1,1,1,3333273,01/05/1987,QA1AA1AW01A0001,1,EQMT_SSEE_3227142,1
032,112025,3333287,1,8409,3,1,3333287,0,1,1,1,3333287,01/05/1979,QA1AA1AW01A0002,1,EQMT_SSEE_3226210,1
032,112025,3333301,1,8409,3,1,3333301,0,1,1,1,3333301,01/05/1964,QA3AA1AW03A0001,1,EQMT_SSEE_3227098,1
032,112025,3333308,1,8409,3,1,3333308,0,1,1,1,3333308,01/02/1997,QA1AA1AW01A0001,1,EQMT_SSEE_3226138,1
032,112025,3333315,1,8409,3,1,3333315,0,1,1,1,3333315,01/01/1986,QA1AA1AW01A0001,1,EQMT_SSEE_3226202,1
032,112025,3333322,1,8409,3,1,3333322,0,1,1,1,3333322,01/06/1978,QA1AA1AW01A0002,1,EQMT_SSEE_3226410,1
032,112025,3333343,1,8409,3,1,3333343,0,1,1,1,3333343,01/06/1978,QA2AA1AW02A0001,1,EQMT_SSEE_3226214,1
032,112025,3333350,1,8409,3,1,3333350,0,1,1,1,3333350,01/02/1998,QA1AA1AW01A0002,1,EQMT_SSEE_3226878,1
032,112025,3333357,1,8409,3,1,3333357,0,1,1,1,3333357,01/06/1978,QA2AA1AW02A0001,1,EQMT_SSEE_3226070,1
032,112025,3333364,1,8409,3,1,3333364,0,1,1,1,3333364,01/02/1998,QA1AA1AW01A0002,1,EQMT_SSEE_3226874,1
032,112025,3333371,1,8409,3,1,3333371,0,1,1,1,3333371,01/06/1978,QA1AA1AW01A0001,1,EQMT_SSEE_3226322,1
032,112025,3333378,1,8409,3,1,3333378,0,1,1,1,3333378,01/06/1978,QA2AA1AW02A0001,1,EQMT_SSEE_3226038,1
032,112025,3333392,1,8409,3,1,3333392,0,1,1,1,3333392,01/05/1979,QA1AA1AW01A0001,1,EQMT_SSEE_3226986,1
032,112025,3333399,1,8409,3,1,3333399,0,1,1,1,3333399,01/02/1997,QA2AA1AW02A0001,1,EQMT_SSEE_3226882,1
032,112025,3333406,1,8409,3,1,3333406,0,1,1,1,3333406,01/02/1997,QA2AA1AW02A0001,1,EQMT_SSEE_3226886,1
032,112025,3333413,1,8409,3,1,3333413,0,1,1,1,3333413,01/01/1997,QA1AA1AW01A0002,1,EQMT_SSEE_3226726,1
032,112025,3333420,1,8409,3,1,3333420,0,1,1,1,3333420,01/06/1980,QA2AA1AW02A0001,1,EQMT_SSEE_3226082,1
032,112025,3333427,1,8409,3,1,3333427,0,1,1,1,3333427,01/06/1980,QA1AA1AW01A0002,1,EQMT_SSEE_3226006,1
032,112025,3333434,1,8409,3,1,3333434,0,1,1,1,3333434,01/06/1980,QA1AA1AW01A0002,1,EQMT_SSEE_3226026,1
032,112025,3333441,1,8409,3,1,3333441,0,1,1,1,3333441,01/06/1980,QA1AA1AW01A0002,1,EQMT_SSEE_3226818,1
032,112025,3333448,1,8409,3,1,3333448,0,1,1,1,3333448,01/04/1990,QA1AA1AW01A0001,1,EQMT_SSEE_3226042,1
032,112025,3333455,1,8409,3,1,3333455,0,1,1,1,3333455,01/04/1990,QA1AA1AW01A0001,1,EQMT_SSEE_3227110,1
032,112025,3333462,1,8409,3,1,3333462,0,1,1,1,3333462,01/04/1990,QA1AA1AW01A0001,1,EQMT_SSEE_3226222,1
032,112025,3333469,1,8409,3,1,3333469,0,1,1,1,3333469,01/04/1990,QA2AA1AW02A0001,1,EQMT_SSEE_3226850,1
032,112025,3333476,1,7404,3,1,3333476,0,1,1,1,3333476,01/04/1990,QA1AA1AW01A0001,1,EQMT_SSEE_3226450,1
032,112025,3333483,1,8409,3,1,3333483,0,1,1,1,3333483,01/11/1970,QA3AA1AW03A0001,1,EQMT_SSEE_3225818,1
032,112025,3333490,1,8409,3,1,3333490,0,1,1,1,3333490,01/04/1981,QA1AA1AW01A0002,1,EQMT_SSEE_3225822,1
032,112025,3333497,1,8409,3,1,3333497,0,1,1,1,3333497,01/11/1970,QA2AA1AW02A0001,1,EQMT_SSEE_3226746,1
032,112025,3333504,1,8409,3,1,3333504,0,1,1,1,3333504,01/11/1970,QA1AA1AW01A0002,1,EQMT_SSEE_3225962,1
032,112025,3333511,1,8409,3,1,3333511,0,1,1,1,3333511,01/11/1970,QA1AA1AW01A0002,1,EQMT_SSEE_3226638,1
032,112025,3333525,1,8409,3,1,3333525,0,1,1,1,3333525,01/05/1987,QA3AA1AW03A0001,1,EQMT_SSEE_3227378,1
032,112025,3333532,1,8409,3,1,3333532,0,1,1,1,3333532,01/05/1987,QA1AA1AW01A0001,1,EQMT_SSEE_3225826,1
032,112025,3333539,1,8409,3,1,3333539,0,1,1,1,3333539,01/12/2000,QA1AA1AW01A0001,1,EQMT_SSEE_3227206,1
032,112025,3333546,1,8416,3,1,3333546,0,1,1,1,3333546,01/01/2001,QA2AA1AW02A0002,1,EQMT_SSEE_3225838,1
032,112025,3333553,1,8409,3,1,3333553,0,1,1,1,3333553,01/03/2001,QA2AA1AW02A0001,1,EQMT_SSEE_3227114,1
032,112025,3333567,1,8409,3,1,3333567,0,1,1,1,3333567,01/06/2000,QA3AA1AW03A0002,1,EQMT_SSEE_3227282,1
032,112025,3333574,1,8409,3,1,3333574,0,1,1,1,3333574,01/03/2000,QA3AA1AW03A0003,1,EQMT_SSEE_3227302,1
032,112025,3333581,1,8409,3,1,3333581,0,1,1,1,3333581,01/06/1980,QA3AA1AW03A0002,1,EQMT_SSEE_3227354,1
032,112025,3333588,1,8409,3,1,3333588,0,1,1,1,3333588,01/06/1980,QA1AA1AW01A0001,1,EQMT_SSEE_3227386,1
032,112025,3333595,1,8409,3,1,3333595,0,1,1,1,3333595,01/06/1980,QA1AA1AW01A0001,1,EQMT_SSEE_3227390,1
032,112025,3333602,1,8409,3,1,3333602,0,1,1,1,3333602,01/07/2000,QA2AA1AW02A0001,1,EQMT_SSEE_3227510,1
032,112025,3333609,1,8409,3,1,3333609,0,1,1,1,3333609,01/02/2003,QA2AA1AW02A0001,1,EQMT_SSEE_3226942,1
032,112025,3333616,1,8409,3,1,3333616,0,1,1,1,3333616,01/02/2003,QA2AA1AW02A0001,1,EQMT_SSEE_3227622,1
032,112025,3333623,1,8409,3,1,3333623,0,1,1,1,3333623,01/02/2003,QA2AA1AW02A0001,1,EQMT_SSEE_3227610,1
032,112025,3333630,1,8409,3,1,3333630,0,1,1,1,3333630,01/02/2003,QA2AA1AW02A0001,1,EQMT_SSEE_3227606,1
032,112025,3333637,1,8409,3,1,3333637,0,1,1,1,3333637,01/02/2003,QA1AA1AW01A0001,1,EQMT_SSEE_3227602,1
032,112025,3333644,1,8409,3,1,3333644,0,1,1,1,3333644,01/01/2003,QA2AA1AW02A0001,1,EQMT_SSEE_3227750,1
032,112025,3333651,1,8409,3,1,3333651,0,1,1,1,3333651,01/01/2003,QA1AA1AW01A0001,1,EQMT_SSEE_3227630,1
032,112025,3333658,1,8409,3,1,3333658,0,1,1,1,3333658,01/01/2003,QA1AA1AW01A0001,1,EQMT_SSEE_3227626,1
032,112025,3333665,1,8409,3,1,3333665,0,1,1,1,3333665,01/01/2003,QA1AA1AW01A0001,1,EQMT_SSEE_3227634,1
032,112025,3333672,1,8409,3,1,3333672,0,1,1,1,3333672,01/01/2003,QA1AA1AW01A0001,1,EQMT_SSEE_3227618,1
032,112025,3333679,1,8409,3,1,3333679,0,1,1,1,3333679,01/01/2003,QA2AA1AW02A0001,1,EQMT_SSEE_3227650,1
032,112025,3333686,1,8409,3,1,3333686,0,1,1,1,3333686,01/01/2003,QA1AA1AW01A0001,1,EQMT_SSEE_3227614,1
032,112025,3333693,1,8409,3,1,3333693,0,1,1,1,3333693,01/01/2003,QA1AA1AW01A0001,1,EQMT_SSEE_3227746,1
032,112025,3333700,1,8409,3,1,3333700,0,1,1,1,3333700,01/01/2003,QA2AA1AW02A0001,1,EQMT_SSEE_3227646,1
032,112025,3333707,1,8409,3,1,3333707,0,1,1,1,3333707,01/01/2003,QA2AA1AW02A0001,1,EQMT_SSEE_3227638,1
032,112025,3333714,1,7404,3,1,3333714,0,1,1,1,3333714,01/01/1985,QA1AA1AW01A0001,1,EQMT_SSEE_3227010,1
032,112025,3333721,1,7404,3,1,3333721,0,1,1,1,3333721,01/01/1985,QA1AA1AW01A0001,1,EQMT_SSEE_3227014,1
032,112025,3333728,1,7404,3,1,3333728,0,1,1,1,3333728,01/01/1985,QA1AA1AW01A0001,1,EQMT_SSEE_3227018,1
032,112025,3333735,1,7404,3,1,3333735,0,1,1,1,3333735,01/04/1990,QA2AA1AW02A0001,1,EQMT_SSEE_3226018,1
032,112025,3333742,1,7404,3,1,3333742,0,1,1,1,3333742,01/04/1990,QA2AA1AW02A0001,1,EQMT_SSEE_3226858,1
032,112025,3333749,1,7406,3,1,3333749,0,1,1,1,3333749,01/08/1999,QA1AA1AW01A0002,1,EQMT_SSEE_3227226,1
032,112025,3333756,1,7403,3,1,3333756,0,1,1,1,3333756,01/07/1989,QA3AA1AW03A0001,1,EQMT_SSEE_3225866,1
032,112025,3333763,1,7403,3,1,3333763,0,1,1,1,3333763,01/09/1999,QA2AA1AW02A0001,1,EQMT_SSEE_3226782,1
032,112025,3333770,1,7403,3,1,3333770,0,1,1,1,3333770,01/09/1999,QA1AA1AW01A0001,1,EQMT_SSEE_3226218,1
032,112025,3333777,1,7403,3,1,3333777,0,1,1,1,3333777,01/09/1999,QA1AA1AW01A0003,1,EQMT_SSEE_3225850,1
032,112025,3333784,1,7403,3,1,3333784,0,1,1,1,3333784,01/09/1999,QA3AA1AW03A0002,1,EQMT_SSEE_3225870,1
032,112025,3333798,1,7403,3,1,3333798,0,1,1,1,3333798,01/11/2001,QA3AA1AW03A0003,1,EQMT_SSEE_3225946,1
032,112025,3333805,1,7403,3,1,3333805,0,1,1,1,3333805,01/09/1999,QA2AA1AW02A0001,1,EQMT_SSEE_3227382,1
032,112025,3333812,1,7403,3,1,3333812,0,1,1,1,3333812,01/06/1991,QA2AA1AW02A0001,1,EQMT_SSEE_3225914,1
032,112025,3333819,1,7403,3,1,3333819,0,1,1,1,3333819,31/12/2014,QA2AA1AW02A0001,1,EQMT_SSEE_3225950,1
032,112025,3333833,1,7403,3,1,3333833,0,1,1,1,3333833,01/09/1999,QA2AA1AW02A0001,1,EQMT_SSEE_3225918,1
032,112025,3333840,1,7403,3,1,3333840,0,1,1,1,3333840,01/06/1999,QA1AA1AW01A0002,1,EQMT_SSEE_3226586,1
032,112025,3333847,1,7403,3,1,3333847,0,1,1,1,3333847,01/10/1998,QA1AA1AW01A0001,1,EQMT_SSEE_3227438,1
032,112025,3333854,1,7403,3,1,3333854,0,1,1,1,3333854,01/11/2001,QA2AA1AW02A0002,1,EQMT_SSEE_3227210,1
032,112025,3333861,1,7403,3,1,3333861,0,1,1,1,3333861,01/06/1999,QA1AA1AW01A0001,1,EQMT_SSEE_3226574,1
032,112025,3333875,1,7403,3,1,3333875,0,1,1,1,3333875,01/06/1998,QA1AA1AW01A0001,1,EQMT_SSEE_3226066,1
032,112025,3333882,1,7403,3,1,3333882,0,1,1,1,3333882,01/06/1991,QA1AA1AW01A0001,1,EQMT_SSEE_3226062,1
032,112025,3333889,1,7403,3,1,3333889,0,1,1,1,3333889,01/11/1998,QA1AA1AW01A0001,1,EQMT_SSEE_3225926,1
032,112025,3333896,1,7403,3,1,3333896,0,1,1,1,3333896,01/05/1998,QA1AA1AW01A0002,1,EQMT_SSEE_3226702,1
032,112025,3333903,1,7403,3,1,3333903,0,1,1,1,3333903,01/05/1998,QA1AA1AW01A0002,1,EQMT_SSEE_3226698,1
032,112025,3333910,1,7403,3,1,3333910,0,1,1,1,3333910,01/05/1998,QA1AA1AW01A0002,1,EQMT_SSEE_3226694,1
032,112025,3333917,1,7403,3,1,3333917,0,1,1,1,3333917,01/06/1991,QA1AA1AW01A0002,1,EQMT_SSEE_3226798,1
032,112025,3333924,1,7403,3,1,3333924,0,1,1,1,3333924,01/06/1991,QA1AA1AW01A0001,1,EQMT_SSEE_3227422,1
032,112025,3333931,1,7403,3,1,3333931,0,1,1,1,3333931,01/05/1999,QA1AA1AW01A0002,1,EQMT_SSEE_3226654,1
032,112025,3333938,1,7403,3,1,3333938,0,1,1,1,3333938,01/05/1999,QA1AA1AW01A0002,1,EQMT_SSEE_3226650,1
032,112025,3333945,1,7403,3,1,3333945,0,1,1,1,3333945,01/05/1999,QA1AA1AW01A0002,1,EQMT_SSEE_3226658,1
032,112025,3333952,1,7403,3,1,3333952,0,1,1,1,3333952,01/05/1999,QA1AA1AW01A0001,1,EQMT_SSEE_3226662,1
032,112025,3333959,1,7403,3,1,3333959,0,1,1,1,3333959,01/09/1999,QA2AA1AW02A0001,1,EQMT_SSEE_3226998,1
032,112025,3333966,1,7403,3,1,3333966,0,1,1,1,3333966,01/05/1999,QA3AA1AW03A0015,1,EQMT_SSEE_3226246,1
032,112025,3333973,1,7403,3,1,3333973,0,1,1,1,3333973,01/10/1998,QA1AA1AW01A0002,1,EQMT_SSEE_3226502,1
032,112025,3333980,1,7403,3,1,3333980,0,1,1,1,3333980,01/05/1998,QA3AA1AW03A0005,1,EQMT_SSEE_3226286,1
032,112025,3333987,1,7403,3,1,3333987,0,1,1,1,3333987,01/10/1998,QA3AA1AW03A0001,1,EQMT_SSEE_3225910,1
032,112025,3333994,1,7403,3,1,3333994,0,1,1,1,3333994,01/06/1991,QA1AA1AW01A0001,1,EQMT_SSEE_3226706,1
032,112025,3334001,1,7403,3,1,3334001,0,1,1,1,3334001,01/06/1991,QA3AA1AW03A0002,1,EQMT_SSEE_3227162,1
032,112025,3334008,1,7403,3,1,3334008,0,1,1,1,3334008,01/06/1991,QA1AA1AW01A0002,1,EQMT_SSEE_3226374,1
032,112025,3334015,1,7403,3,1,3334015,0,1,1,1,3334015,01/06/1991,QA2AA1AW02A0001,1,EQMT_SSEE_3226358,1
032,112025,3334022,1,7403,3,1,3334022,0,1,1,1,3334022,01/04/2002,QA2AA1AW02A0001,1,EQMT_SSEE_3227402,1
032,112025,3334029,1,7403,3,1,3334029,0,1,1,1,3334029,01/04/2002,QA1AA1AW01A0001,1,EQMT_SSEE_3227430,1
032,112025,3334036,1,7403,3,1,3334036,0,1,1,1,3334036,01/10/2002,QA1AA1AW01A0001,1,EQMT_SSEE_3226570,1
032,112025,3334043,1,7403,3,1,3334043,0,1,1,1,3334043,01/10/2002,QA1AA1AW01A0002,1,EQMT_SSEE_3227586,1
032,112025,3334050,1,7403,3,1,3334050,0,1,1,1,3334050,01/04/2003,QA2AA1AW02A0001,1,EQMT_SSEE_3227662,1
032,112025,3334057,1,7403,3,1,3334057,0,1,1,1,3334057,01/04/2003,QA2AA1AW02A0001,1,EQMT_SSEE_3227666,1
032,112025,3334064,1,7403,3,1,3334064,0,1,1,1,3334064,01/04/2003,QA2AA1AW02A0001,1,EQMT_SSEE_3227670,1
032,112025,3334078,1,7405,3,1,3334078,0,1,1,1,3334078,01/08/1999,QA2AA1AW02A0001,1,EQMT_SSEE_3226994,1
032,112025,3334085,1,7405,3,1,3334085,0,1,1,1,3334085,01/08/1999,QA1AA1AW01A0001,1,EQMT_SSEE_3226690,1
032,112025,3334092,1,7405,3,1,3334092,0,1,1,1,3334092,01/06/1969,QA1AA1AW01A0001,1,EQMT_SSEE_3226194,1
032,112025,3334099,1,7405,3,1,3334099,0,1,1,1,3334099,01/08/1999,QA2AA1AW02A0001,1,EQMT_SSEE_3226578,1
032,112025,3334106,1,7405,3,1,3334106,0,1,1,1,3334106,01/09/1998,QA2AA1AW02A0001,1,EQMT_SSEE_3226118,1
032,112025,3334113,1,7405,3,1,3334113,0,1,1,1,3334113,01/08/1984,QA2AA1AW02A0001,1,EQMT_SSEE_3226002,1
032,112025,3334120,1,7405,3,1,3334120,0,1,1,1,3334120,01/08/1999,QA2AA1AW02A0001,1,EQMT_SSEE_3226790,1
032,112025,3334127,1,7405,3,1,3334127,0,1,1,1,3334127,01/08/1999,QA3AA1AW03A0001,1,EQMT_SSEE_3227222,1
032,112025,3334134,1,7403,3,1,3334134,0,1,1,1,3334134,01/10/2002,QA1AA1AW01A0002,1,EQMT_SSEE_3227578,1
032,112025,3334141,1,7403,3,1,3334141,0,1,1,1,3334141,01/10/2002,QA1AA1AW01A0002,1,EQMT_SSEE_3227582,1
032,112025,3334148,1,7404,3,1,3334148,0,1,1,1,3334148,01/11/2005,QA3AA1AW03A0001,1,EQMT_SSEE_3227762,1
032,112025,3334155,1,7405,3,1,3334155,0,1,1,1,3334155,01/05/2004,QA2AA1AW02A0002,1,EQMT_SSEE_3226110,1
032,112025,3334162,1,7405,3,1,3334162,0,1,1,1,3334162,01/05/2004,QA2AA1AW02A0002,1,EQMT_SSEE_3227398,1
032,112025,3334169,1,7405,3,1,3334169,0,1,1,1,3334169,01/01/2004,QA1AA1AW01A0003,1,EQMT_SSEE_3224270,1
032,112025,3334176,1,7403,3,1,3334176,0,1,1,1,3334176,01/08/2004,QA2AA1AW02A0002,1,EQMT_SSEE_3224266,1
032,112025,3334183,1,7405,3,1,3334183,0,1,1,1,3334183,01/06/2004,QA2AA1AW02A0010,1,EQMT_SSEE_3227654,1
032,112025,3334190,1,7405,3,1,3334190,0,1,1,1,3334190,01/04/2004,QA1AA1AW01A0003,1,EQMT_SSEE_3224306,1
032,112025,3334197,1,7403,3,1,3334197,0,1,1,1,3334197,01/02/2004,QA3AA1AW03A0015,1,EQMT_SSEE_3224274,1
032,112025,3334204,1,8416,3,1,3334204,0,1,1,1,3334204,01/04/2004,QA2AA1AW02A0010,1,EQMT_SSEE_3218306,1
032,112025,3334211,1,7404,3,1,3334211,0,1,1,1,3334211,01/03/2004,QA2AA1AW02A0010,1,EQMT_SSEE_3224282,1
032,112025,3334218,1,8416,3,1,3334218,0,1,1,1,3334218,01/03/2004,QA2AA1AW02A0010,1,EQMT_SSEE_3224290,1
032,112025,3334225,1,8416,3,1,3334225,0,1,1,1,3334225,01/03/2004,QA2AA1AW02A0002,1,EQMT_SSEE_3224294,1
032,112025,3334232,1,7404,3,1,3334232,0,1,1,1,3334232,01/03/2004,QA2AA1AW02A0002,1,EQMT_SSEE_3224278,1
032,112025,3334239,1,7404,3,1,3334239,0,1,1,1,3334239,01/03/2004,QA2AA1AW02A0010,1,EQMT_SSEE_3226518,1
032,112025,3334253,1,7404,3,1,3334253,0,1,1,1,3334253,01/05/2004,QA3AA1AW03A0015,1,EQMT_SSEE_3224302,1
032,112025,3334260,1,7404,3,1,3334260,0,1,1,1,3334260,01/05/2004,QA3AA1AW03A0015,1,EQMT_SSEE_3224314,1
032,112025,3334267,1,7405,3,1,3334267,0,1,1,1,3334267,01/03/2004,QA2AA1AW02A0002,1,EQMT_SSEE_3224286,1
032,112025,3334274,1,7405,3,1,3334274,0,1,1,1,3334274,01/03/2004,QA1AA1AW01A0003,1,EQMT_SSEE_3226122,1
032,112025,3334281,1,7403,3,1,3334281,0,1,1,1,3334281,01/05/2004,QA2AA1AW02A0002,1,EQMT_SSEE_3224326,1
032,112025,3334288,1,7403,3,1,3334288,0,1,1,1,3334288,01/05/2004,QA2AA1AW02A0010,1,EQMT_SSEE_3224330,1
032,112025,3334295,1,7403,3,1,3334295,0,1,1,1,3334295,01/05/2004,QA2AA1AW02A0002,1,EQMT_SSEE_3224318,1
032,112025,3334302,1,7403,3,1,3334302,0,1,1,1,3334302,01/05/2004,QA2AA1AW02A0002,1,EQMT_SSEE_3224322,1
032,112025,3334309,1,7403,3,1,3334309,0,1,1,1,3334309,01/05/2004,QA1AA1AW01A0003,1,EQMT_SSEE_3224334,1
032,112025,3334323,1,7405,3,1,3334323,0,1,1,1,3334323,01/05/2004,QA2AA1AW02A0002,1,EQMT_SSEE_3226962,1
032,112025,3334330,1,7405,3,1,3334330,0,1,1,1,3334330,01/03/2004,QA2AA1AW02A0002,1,EQMT_SSEE_3224298,1
032,112025,3334337,1,8416,3,1,3334337,0,1,1,1,3334337,01/07/2004,QA3AA1AW03A0015,1,EQMT_SSEE_3224338,1
032,112025,3334351,1,7403,3,1,3334351,0,1,1,1,3334351,01/07/2004,QA1AA1AW01A0003,1,EQMT_SSEE_3224350,1
032,112025,3334358,1,7403,3,1,3334358,0,1,1,1,3334358,01/07/2004,QA1AA1AW01A0003,1,EQMT_SSEE_3224354,1
032,112025,3334365,1,7403,3,1,3334365,0,1,1,1,3334365,01/07/2004,QA1AA1AW01A0003,1,EQMT_SSEE_3224358,1
032,112025,3334372,1,7403,3,1,3334372,0,1,1,1,3334372,01/07/2004,QA1AA1AW01A0003,1,EQMT_SSEE_3224362,1
032,112025,3334379,1,7403,3,1,3334379,0,1,1,1,3334379,01/07/2004,QA1AA1AW01A0003,1,EQMT_SSEE_3224366,1
032,112025,3334386,1,7403,3,1,3334386,0,1,1,1,3334386,01/07/2004,QA1AA1AW01A0003,1,EQMT_SSEE_3224370,1
032,112025,3334393,1,7403,3,1,3334393,0,1,1,1,3334393,01/07/2004,QA1AA1AW01A0003,1,EQMT_SSEE_3224374,1
032,112025,3334400,1,7403,3,1,3334400,0,1,1,1,3334400,01/07/2004,QA1AA1AW01A0003,1,EQMT_SSEE_3224378,1
032,112025,3334407,1,7403,3,1,3334407,0,1,1,1,3334407,01/07/2004,QA1AA1AW01A0003,1,EQMT_SSEE_3224382,1
032,112025,3334414,1,7403,3,1,3334414,0,1,1,1,3334414,01/07/2004,QA1AA1AW01A0003,1,EQMT_SSEE_3224386,1
032,112025,3334421,1,7403,3,1,3334421,0,1,1,1,3334421,01/08/2004,QA1AA1AW01A0003,1,EQMT_SSEE_3224390,1
032,112025,3334435,1,7405,3,1,3334435,0,1,1,1,3334435,01/08/2004,QA3AA1AW03A0015,1,EQMT_SSEE_3224398,1
032,112025,3334449,1,8409,3,1,3334449,0,1,1,1,3334449,01/12/2004,QA1AA1AW01A0003,1,EQMT_SSEE_3224646,1
032,112025,3334456,1,7404,3,1,3334456,0,1,1,1,3334456,01/12/2004,QA3AA1AW03A0015,1,EQMT_SSEE_3224654,1
032,112025,3334463,1,7403,3,1,3334463,0,1,1,1,3334463,01/12/2004,QA1AA1AW01A0003,1,EQMT_SSEE_3224658,1
032,112025,3334470,1,7403,3,1,3334470,0,1,1,1,3334470,01/12/2004,QA1AA1AW01A0003,1,EQMT_SSEE_3224662,1
032,112025,3334477,1,7403,3,1,3334477,0,1,1,1,3334477,01/12/2004,QA1AA1AW01A0003,1,EQMT_SSEE_3224666,1
032,112025,3334484,1,7403,3,1,3334484,0,1,1,1,3334484,01/12/2004,QA1AA1AW01A0003,1,EQMT_SSEE_3224670,1
032,112025,3334491,1,7403,3,1,3334491,0,1,1,1,3334491,01/12/2004,QA1AA1AW01A0003,1,EQMT_SSEE_3224674,1
032,112025,3334498,1,7405,3,1,3334498,0,1,1,1,3334498,01/08/1976,QA2AA1AW02A0002,1,EQMT_SSEE_3218714,1
032,112025,3334505,1,7404,3,1,3334505,0,1,1,1,3334505,01/03/1974,QA1AA1AW01A0003,1,EQMT_SSEE_3222990,1
032,112025,3334512,1,7405,3,1,3334512,0,1,1,1,3334512,01/05/1957,QA3AA1AW03A0002,1,EQMT_SSEE_3227234,1
032,112025,3334519,1,7404,3,1,3334519,0,1,1,1,3334519,01/05/1979,QA1AA1AW01A0003,1,EQMT_SSEE_3227254,1
032,112025,3334526,1,7405,3,1,3334526,0,1,1,1,3334526,01/09/1991,QA3AA1AW03A0001,1,EQMT_SSEE_3223686,1
032,112025,3334533,1,7403,3,1,3334533,0,1,1,1,3334533,01/01/1960,QA3AA1AW03A0001,1,EQMT_SSEE_3227366,1
032,112025,3334540,1,7404,3,1,3334540,0,1,1,1,3334540,01/10/1969,QA2AA1AW02A0002,1,EQMT_SSEE_3223762,1
032,112025,3334554,1,7405,3,1,3334554,0,1,1,1,3334554,01/06/1969,QA1AA1AW01A0003,1,EQMT_SSEE_3223782,1
032,112025,3334561,1,7405,3,1,3334561,0,4,1,1,3334561,01/04/1988,QA3AA1AW03A0015,1,EQMT_SSEE_3219986,1
032,112025,3334568,1,7405,3,1,3334568,0,1,1,1,3334568,01/01/1987,QA1AA1AW01A0003,1,EQMT_SSEE_3223798,1
032,112025,3334575,1,7403,3,1,3334575,0,1,1,1,3334575,01/06/1991,QA2AA1AW02A0002,1,EQMT_SSEE_3227426,1
032,112025,3334582,1,7405,3,1,3334582,0,1,1,1,3334582,01/08/1991,QA2AA1AW02A0002,1,EQMT_SSEE_3223822,1
032,112025,3334589,1,7405,3,1,3334589,0,1,1,1,3334589,01/09/1991,QA2AA1AW02A0010,1,EQMT_SSEE_3227454,1
032,112025,3334596,1,7405,3,1,3334596,0,1,1,1,3334596,01/01/1968,QA3AA1AW03A0001,1,EQMT_SSEE_3227494,1
032,112025,3334610,1,7405,3,1,3334610,0,1,1,1,3334610,01/12/1986,QA2AA1AW02A0002,1,EQMT_SSEE_3223938,1
032,112025,3334617,1,7405,3,1,3334617,0,1,1,1,3334617,01/09/2000,QA2AA1AW02A0002,1,EQMT_SSEE_3224466,1
032,112025,3334624,1,7405,3,1,3334624,0,1,1,1,3334624,01/09/2000,QA2AA1AW02A0002,1,EQMT_SSEE_3224470,1
032,112025,3334631,1,7405,3,1,3334631,0,1,1,1,3334631,01/09/2000,QA2AA1AW02A0002,1,EQMT_SSEE_3224474,1
032,112025,3334638,1,7405,3,1,3334638,0,1,1,1,3334638,01/09/2000,QA2AA1AW02A0002,1,EQMT_SSEE_3225338,1
032,112025,3334645,1,8416,3,1,3334645,0,4,1,1,3334645,01/09/2000,QA3AA1AW03A0015,1,EQMT_SSEE_3225350,1
032,112025,3334652,1,7404,3,1,3334652,0,1,1,1,3334652,01/09/2000,QA3AA1AW03A0015,1,EQMT_SSEE_3224482,1
032,112025,3334659,1,8409,3,1,3334659,0,1,1,1,3334659,01/09/2000,QA2AA1AW02A0001,1,EQMT_SSEE_3224486,1
032,112025,3334666,1,7404,3,1,3334666,0,1,1,1,3334666,01/07/1999,QA3AA1AW03A0005,1,EQMT_SSEE_3224494,1
032,112025,3334673,1,8409,3,1,3334673,0,1,1,1,3334673,01/12/1998,QA1AA1AW01A0003,1,EQMT_SSEE_3224498,1
032,112025,3334680,1,7405,3,1,3334680,0,1,1,1,3334680,01/01/1992,QA3AA1AW03A0001,1,EQMT_SSEE_3224502,1
032,112025,3334687,1,7405,3,1,3334687,0,1,1,1,3334687,01/09/2000,QA1AA1AW01A0003,1,EQMT_SSEE_3224530,1
032,112025,3334694,1,7405,3,1,3334694,0,1,1,1,3334694,01/09/2000,QA2AA1AW02A0002,1,EQMT_SSEE_3224534,1
032,112025,3334701,1,7405,3,1,3334701,0,1,1,1,3334701,01/01/2000,QA2AA1AW02A0002,1,EQMT_SSEE_3224538,1
032,112025,3334708,1,7405,3,1,3334708,0,1,1,1,3334708,01/01/2000,QA1AA1AW01A0003,1,EQMT_SSEE_3224542,1
032,112025,3334715,1,7405,3,1,3334715,0,1,1,1,3334715,01/07/2000,QA1AA1AW01A0003,1,EQMT_SSEE_3224546,1
032,112025,3334722,1,7405,3,1,3334722,0,1,1,1,3334722,01/02/2000,QA2AA1AW02A0002,1,EQMT_SSEE_3224550,1
032,112025,3334729,1,7404,3,1,3334729,0,1,1,1,3334729,01/01/2000,QA2AA1AW02A0002,1,EQMT_SSEE_3224554,1
032,112025,3334736,1,7404,3,1,3334736,0,1,1,1,3334736,01/01/2001,QA2AA1AW02A0010,1,EQMT_SSEE_3224558,1
032,112025,3334743,1,7404,3,1,3334743,0,4,1,1,3334743,01/01/1974,QA3AA1AW03A0001,1,EQMT_SSEE_3220510,1
032,112025,3334750,1,7404,3,1,3334750,0,1,1,1,3334750,01/11/2000,QA2AA1AW02A0002,1,EQMT_SSEE_3224574,1
032,112025,3334757,1,7404,3,1,3334757,0,1,1,1,3334757,01/11/2000,QA2AA1AW02A0002,1,EQMT_SSEE_3224578,1
032,112025,3334764,1,7404,3,1,3334764,0,1,1,1,3334764,01/11/2000,QA1AA1AW01A0003,1,EQMT_SSEE_3224582,1
032,112025,3334771,1,7405,3,1,3334771,0,1,1,1,3334771,01/01/2001,QA2AA1AW02A0002,1,EQMT_SSEE_3224586,1
032,112025,3334778,1,7405,3,1,3334778,0,1,1,1,3334778,01/01/2000,QA2AA1AW02A0002,1,EQMT_SSEE_3224590,1
032,112025,3334785,1,7405,3,1,3334785,0,1,1,1,3334785,01/06/2003,QA2AA1AW02A0002,1,EQMT_SSEE_3224598,1
032,112025,3334792,1,7405,3,1,3334792,0,1,1,1,3334792,01/06/2003,QA2AA1AW02A0002,1,EQMT_SSEE_3224602,1
032,112025,3334799,1,7403,3,1,3334799,0,1,1,1,3334799,01/05/1994,QA1AA1AW01A0003,1,EQMT_SSEE_3220742,1
032,112025,3334806,1,7405,3,1,3334806,0,1,1,1,3334806,01/07/2003,QA1AA1AW01A0003,1,EQMT_SSEE_3224618,1
032,112025,3334813,1,7405,3,1,3334813,0,1,1,1,3334813,01/07/2003,QA1AA1AW01A0003,1,EQMT_SSEE_3224622,1
032,112025,3334820,1,7405,3,1,3334820,0,1,1,1,3334820,01/01/2001,QA1AA1AW01A0003,1,EQMT_SSEE_3224626,1
032,112025,3334834,1,7405,3,1,3334834,0,1,1,1,3334834,01/06/2001,QA2AA1AW02A0002,1,EQMT_SSEE_3224850,1
032,112025,3334841,1,7405,3,1,3334841,0,1,1,1,3334841,01/01/2000,QA1AA1AW01A0003,1,EQMT_SSEE_3224854,1
032,112025,3334848,1,7405,3,1,3334848,0,1,1,1,3334848,01/10/2000,QA2AA1AW02A0002,1,EQMT_SSEE_3224858,1
032,112025,3334855,1,7405,3,1,3334855,0,1,1,1,3334855,01/11/2000,QA2AA1AW02A0002,1,EQMT_SSEE_3224862,1
032,112025,3334862,1,7404,3,1,3334862,0,4,1,1,3334862,01/06/2001,QA3AA1AW03A0015,1,EQMT_SSEE_3224866,1
032,112025,3334869,1,7403,3,1,3334869,0,1,1,1,3334869,01/06/1996,QA1AA1AW01A0003,1,EQMT_SSEE_3221582,1
032,112025,3334876,1,7405,3,1,3334876,0,1,1,1,3334876,01/02/2000,QA2AA1AW02A0002,1,EQMT_SSEE_3224870,1
032,112025,3334883,1,7404,3,1,3334883,0,1,1,1,3334883,01/07/1999,QA3AA1AW03A0005,1,EQMT_SSEE_3224874,1
032,112025,3334897,1,7404,3,1,3334897,0,1,1,1,3334897,01/01/2003,QA2AA1AW02A0010,1,EQMT_SSEE_3224902,1
032,112025,3334904,1,7404,3,1,3334904,0,1,1,1,3334904,01/01/2003,QA2AA1AW02A0010,1,EQMT_SSEE_3224906,1
032,112025,3334911,1,7404,3,1,3334911,0,1,1,1,3334911,01/01/2003,QA2AA1AW02A0002,1,EQMT_SSEE_3224910,1
032,112025,3334918,1,7404,3,1,3334918,0,1,1,1,3334918,01/01/2003,QA2AA1AW02A0002,1,EQMT_SSEE_3224914,1
032,112025,3334925,1,7405,3,1,3334925,0,1,1,1,3334925,01/01/2003,QA3AA1AW03A0005,1,EQMT_SSEE_3224918,1
032,112025,3334932,1,7404,3,1,3334932,0,1,1,1,3334932,01/01/2002,QA2AA1AW02A0002,1,EQMT_SSEE_3224922,1
032,112025,3334939,1,8409,3,1,3334939,0,1,1,1,3334939,01/01/2002,QA2AA1AW02A0010,1,EQMT_SSEE_3224926,1
032,112025,3334946,1,7405,3,1,3334946,0,1,1,1,3334946,01/09/1991,QA3AA1AW03A0001,1,EQMT_SSEE_3221594,1
032,112025,3334953,1,8409,3,1,3334953,0,1,1,1,3334953,01/07/1971,QA1AA1AW01A0003,1,EQMT_SSEE_3224930,1
032,112025,3334960,1,7405,3,1,3334960,0,1,1,1,3334960,01/04/2002,QA2AA1AW02A0002,1,EQMT_SSEE_3224934,1
032,112025,3334967,1,7405,3,1,3334967,0,1,1,1,3334967,01/05/2002,QA2AA1AW02A0002,1,EQMT_SSEE_3224942,1
032,112025,3334974,1,7405,3,1,3334974,0,1,1,1,3334974,01/06/1987,QA3AA1AW03A0002,1,EQMT_SSEE_3224946,1
032,112025,3334981,1,7404,3,1,3334981,0,1,1,1,3334981,01/03/2001,QA2AA1AW02A0002,1,EQMT_SSEE_3224950,1
032,112025,3334988,1,7405,3,1,3334988,0,1,1,1,3334988,01/10/1988,QA3AA1AW03A0015,1,EQMT_SSEE_3224954,1
032,112025,3334995,1,7403,3,1,3334995,0,1,1,1,3334995,01/09/1974,QA2AA1AW02A0002,1,EQMT_SSEE_3224958,1
032,112025,3335002,1,7405,3,1,3335002,0,1,1,1,3335002,01/08/1955,QA2AA1AW02A0010,1,EQMT_SSEE_3224962,1
032,112025,3335016,1,7405,3,1,3335016,0,4,1,1,3335016,01/09/1999,QA3AA1AW03A0015,1,EQMT_SSEE_3222038,1
032,112025,3335023,1,7404,3,1,3335023,0,1,1,1,3335023,01/04/1999,QA2AA1AW02A0002,1,EQMT_SSEE_3224970,1
032,112025,3335030,1,7405,3,1,3335030,0,1,1,1,3335030,01/04/1996,QA2AA1AW02A0002,1,EQMT_SSEE_3224974,1
032,112025,3335037,1,7404,3,1,3335037,0,4,1,1,3335037,01/01/2003,QA3AA1AW03A0015,1,EQMT_SSEE_3224978,1
032,112025,3335051,12,8409,3,2,3335051,0,1,1,1,3335051,01/03/2003,QB1AM1AW02A0015,1,EQBT_SSEE_3218802,1
032,112025,3335058,12,8409,3,2,3335058,0,1,1,1,3335058,01/03/2003,QB1AM1AW02A0025,1,EQBT_SSEE_3226546,1
032,112025,3335065,12,8409,3,2,3335065,0,1,1,1,3335065,01/03/2003,QB1AM1AW02A0025,1,EQBT_SSEE_3220794,1
032,112025,3335072,12,8416,3,2,3335072,0,1,1,1,3335072,01/03/2003,QB1AM1AW02A0025,1,EQBT_SSEE_3219198,1
032,112025,3335079,12,8409,3,2,3335079,0,1,1,1,3335079,01/03/2003,QB1AM1AW02A0025,1,EQBT_SSEE_3218230,1
032,112025,3335086,12,8409,3,2,3335086,0,1,1,1,3335086,01/03/2003,QB3AM3AW03A0050,1,EQ_BT_SED134,1
032,112025,3335093,12,8409,3,2,3335093,0,1,1,1,3335093,01/03/2003,QB1AM1AW02A0030,1,EQBT_SSEE_3222310,1
032,112025,3335100,12,8416,3,2,3335100,0,1,1,1,3335100,01/03/2003,QB1AM1AW02A0015,1,EQBT_SSEE_3222314,1
032,112025,3335107,12,8409,3,2,3335107,0,1,1,1,3335107,01/03/2003,QB1AM1AW02A0040,1,EQBT_SSEE_3222322,1
032,112025,3335114,12,8416,3,2,3335114,0,1,1,1,3335114,01/03/2003,QB3AM3AW03A0040,1,EQBT_SSEE_3218234,1
032,112025,3335121,12,8409,3,2,3335121,0,1,1,1,3335121,01/03/2003,QB1AM1AW02A0050,1,EQBT_SSEE_3218250,1
032,112025,3335128,12,8409,3,2,3335128,0,1,1,1,3335128,01/03/2003,QB1AM1AW02A0025,1,EQBT_SSEE_3221262,1
032,112025,3335135,12,8409,3,2,3335135,0,1,1,1,3335135,01/03/2003,QB1AM1AW02A0100,1,EQBT_SSEE_3218254,1
032,112025,3335142,12,8409,3,2,3335142,0,1,1,1,3335142,01/03/2003,QB1AM1AW02A0050,1,EQBT_SSEE_3218262,1
032,112025,3335149,12,8409,3,2,3335149,0,1,1,1,3335149,01/03/2003,QB1AM1AW02A0050,1,EQBT_SSEE_3224930,1
032,112025,3335156,12,8409,3,2,3335156,0,1,1,1,3335156,01/03/2003,QB1AM1AW02A0080,1,EQBT_SSEE_3224646,1
032,112025,3335163,12,8409,3,2,3335163,0,1,1,1,3335163,01/03/2003,QB1AM1AW02A0025,1,EQBT_SSEE_3220426,1
032,112025,3335170,12,8416,3,2,3335170,0,1,1,1,3335170,01/03/2003,QB1AM1AW02A0025,1,EQBT_SSEE_3219826,1
032,112025,3335177,12,8416,3,2,3335177,0,1,1,1,3335177,01/03/2003,QB1AM1AW02A0040,1,EQBT_SSEE_3218338,1
032,112025,3335184,12,8416,3,2,3335184,0,1,1,1,3335184,01/03/2003,QB1AM1AW02A0070,1,EQBT_SSEE_3218334,1
032,112025,3335191,12,8416,3,2,3335191,0,1,1,1,3335191,01/03/2003,QB1AM1AW02A0030,1,EQBT_SSEE_3219118,1
032,112025,3335198,12,8409,3,2,3335198,0,1,1,1,3335198,01/03/2003,QB1AM1AW02A0080,1,EQBT_SSEE_3218258,1
032,112025,3335205,12,8416,3,2,3335205,0,1,1,1,3335205,01/03/2003,QB3AM3AW03A0025,1,EQBT_SSEE_3218042,1
032,112025,3335212,12,8416,3,2,3335212,0,1,1,1,3335212,01/03/2003,QB1AM1AW02A0050,1,EQBT_SSEE_3224058,1
032,112025,3335226,12,8416,3,2,3335226,0,1,1,1,3335226,01/03/2003,QB1AM1AW02A0025,1,EQBT_SSEE_3224422,1
032,112025,3335233,12,8416,3,2,3335233,0,1,1,1,3335233,01/03/2003,QB1AM1AW02A0015,1,EQBT_SSEE_3223490,1
032,112025,3335240,12,8416,3,2,3335240,0,1,1,1,3335240,01/03/2003,QB3AM3AW03A0030,1,EQBT_SSEE_3218034,1
032,112025,3335247,12,8416,3,2,3335247,0,1,1,1,3335247,01/03/2003,QB3AM3AW03A0125,1,EQBT_SSEE_3223186,1
032,112025,3335254,12,8416,3,2,3335254,0,1,1,1,3335254,01/03/2003,QB1AM1AW02A0015,1,EQBT_SSEE_3218026,1
032,112025,3335261,12,8416,3,2,3335261,0,1,1,1,3335261,01/03/2003,QB1AM1AW02A0025,1,EQBT_SSEE_3218022,1
032,112025,3335268,12,8416,3,2,3335268,0,1,1,1,3335268,01/03/2003,QB3AM3AW03A0050,1,EQBT_SSEE_3223658,1
032,112025,3335275,12,8416,3,2,3335275,0,1,1,1,3335275,01/03/2003,QB3AM3AW03A0063,1,EQBT_SSEE_3225350,1
032,112025,3335282,12,8416,3,2,3335282,0,1,1,1,3335282,01/03/2003,QB1AM1AW02A0025,1,EQBT_SSEE_3218018,1
032,112025,3335289,12,8416,3,2,3335289,0,1,1,1,3335289,01/03/2003,QB1AM1AW02A0050,1,EQBT_SSEE_3220698,1
032,112025,3335296,12,8416,3,2,3335296,0,1,1,1,3335296,01/03/2003,QB1AM1AW02A0015,1,EQBT_SSEE_3220990,1
032,112025,3335303,12,8416,3,2,3335303,0,1,1,1,3335303,01/03/2003,QB3AM3AW03A0030,1,EQBT_SSEE_3218014,1
032,112025,3335310,12,8416,3,2,3335310,0,1,1,1,3335310,01/03/2003,QB1AM1AW02A0010,1,EQBT_SSEE_3225082,1
032,112025,3335331,12,8416,3,2,3335331,0,1,1,1,3335331,01/03/2003,QB1AM1AW02A0025,1,EQBT_SSEE_3217990,1
032,112025,3335338,12,8416,3,2,3335338,0,1,1,1,3335338,01/03/2003,QB1AM1AW02A0025,1,EQBT_SSEE_3219238,1
032,112025,3335345,12,8416,3,2,3335345,0,1,1,1,3335345,01/03/2003,QB1AM1AW02A0050,1,EQBT_SSEE_3222614,1
032,112025,3335352,12,8416,3,2,3335352,0,1,1,1,3335352,01/03/2003,QB1AM1AW02A0025,1,EQBT_SSEE_3226670,1
032,112025,3335359,12,8416,3,2,3335359,0,1,1,1,3335359,01/03/2003,QB1AM1AW02A0040,1,EQBT_SSEE_3217994,1
032,112025,3335366,12,8416,3,2,3335366,0,1,1,1,3335366,01/03/2003,QB1AM1AW02A0025,1,EQBT_SSEE_3217998,1
032,112025,3335373,12,8416,3,2,3335373,0,1,1,1,3335373,01/03/2003,QB1AM1AW02A0010,1,EQBT_SSEE_3226618,1
032,112025,3335380,12,8416,3,2,3335380,0,1,1,1,3335380,01/03/2003,QB1AM1AW02A0025,1,EQBT_SSEE_3218002,1
032,112025,3335387,12,8416,3,2,3335387,0,1,1,1,3335387,01/03/2003,QB3AM3AW03A0010,1,EQBT_SSEE_3218006,1
032,112025,3335394,12,8416,3,2,3335394,0,1,1,1,3335394,01/03/2003,QB1AM1AW02A0040,1,EQBT_SSEE_3218354,1
032,112025,3335401,12,8416,3,2,3335401,0,1,1,1,3335401,01/03/2003,QB1AM1AW02A0070,1,EQBT_SSEE_3218342,1
032,112025,3335408,12,8416,3,2,3335408,0,1,1,1,3335408,01/03/2003,QB1AM1AW02A0025,1,EQBT_SSEE_3224074,1
032,112025,3335415,12,8409,3,2,3335415,0,1,1,1,3335415,01/03/2003,QB1AM1AW02A0025,1,EQBT_SSEE_3224430,1
032,112025,3335422,12,8409,3,2,3335422,0,1,1,1,3335422,01/03/2003,QB1AM1AW02A0025,1,EQBT_SSEE_3224438,1
032,112025,3335429,12,8409,3,2,3335429,0,1,1,1,3335429,01/03/2003,QB1AM1AW02A0025,1,EQBT_SSEE_3224434,1
032,112025,3335436,12,8409,3,2,3335436,0,1,1,1,3335436,01/03/2003,QB1AM1AW02A0040,1,EQBT_SSEE_3218322,1
032,112025,3335443,12,8409,3,2,3335443,0,1,1,1,3335443,01/03/2003,QB1AM1AW02A0015,1,EQBT_SSEE_3220330,1
032,112025,3335450,12,8409,3,2,3335450,0,1,1,1,3335450,01/03/2003,QB1AM1AW02A0025,1,EQBT_SSEE_3224442,1
032,112025,3335457,12,8409,3,2,3335457,0,1,1,1,3335457,01/03/2003,QB1AM1AW02A0025,1,EQBT_SSEE_3225226,1
032,112025,3335464,12,8409,3,2,3335464,0,1,1,1,3335464,01/03/2003,QB1AM1AW02A0040,1,EQBT_SSEE_3224446,1
032,112025,3335471,12,8409,3,2,3335471,0,1,1,1,3335471,01/03/2003,QB1AM1AW02A0050,1,EQBT_SSEE_3224450,1
032,112025,3335478,12,8409,3,2,3335478,0,1,1,1,3335478,01/03/2003,QB1AM1AW02A0080,1,EQBT_SSEE_3218318,1
032,112025,3335485,12,8409,3,2,3335485,0,1,1,1,3335485,01/03/2003,QB3AM3AW03A0040,1,EQBT_SSEE_3225098,1
032,112025,3335492,12,8409,3,2,3335492,0,1,1,1,3335492,01/03/2003,QB1AM1AW02A0025,1,EQBT_SSEE_3221234,1
032,112025,3335499,12,8409,3,2,3335499,0,1,1,1,3335499,01/03/2003,QB3AM3AW03A0050,1,EQBT_SSEE_3218314,1
032,112025,3335506,12,8409,3,2,3335506,0,1,1,1,3335506,01/03/2003,QB1AM1AW02A0040,1,EQBT_SSEE_3222318,1
032,112025,3335513,12,8409,3,2,3335513,0,1,1,1,3335513,01/03/2003,QB1AM1AW02A0040,1,EQBT_SSEE_3218238,1
032,112025,3335520,12,8416,3,2,3335520,0,1,1,1,3335520,01/03/2003,QB1AM1AW02A0100,1,EQBT_SSEE_3218358,1
032,112025,3335527,12,8416,3,2,3335527,0,1,1,1,3335527,01/03/2003,QB3AM3AW03A0025,1,EQBT_SSEE_3220434,1
032,112025,3335534,12,8416,3,2,3335534,0,1,1,1,3335534,01/03/2003,QB3AM3AW03A0050,1,EQBT_SSEE_3218242,1
032,112025,3335541,12,8416,3,2,3335541,0,1,1,1,3335541,01/03/2003,QB1AM1AW02A0025,1,EQBT_SSEE_3218246,1
032,112025,3335548,12,8416,3,2,3335548,0,1,1,1,3335548,01/03/2003,QB1AM1AW02A0050,1,EQBT_SSEE_3221118,1
032,112025,3335555,12,8416,3,2,3335555,0,1,1,1,3335555,01/03/2003,QB1AM1AW02A0050,1,EQBT_SSEE_3224130,1
032,112025,3335562,12,8416,3,2,3335562,0,1,1,1,3335562,01/03/2003,QB1AM1AW02A0100,1,EQBT_SSEE_3218326,1
032,112025,3335569,12,8409,3,2,3335569,0,1,1,1,3335569,01/03/2003,QB1AM1AW02A0050,1,EQBT_SSEE_3222870,1
032,112025,3335576,12,8409,3,2,3335576,0,1,1,1,3335576,01/03/2003,QB1AM1AW02A0015,1,EQBT_SSEE_3222730,1
032,112025,3335583,12,8416,3,2,3335583,0,1,1,1,3335583,01/03/2003,QB1AM1AW02A0063,1,EQBT_SSEE_3222726,1
032,112025,3335590,12,8416,3,2,3335590,0,1,1,1,3335590,01/03/2003,QB1AM1AW02A0080,1,EQBT_SSEE_3218330,1
032,112025,3335597,12,8416,3,2,3335597,0,1,1,1,3335597,01/03/2003,QB1AM1AW02A0025,1,EQBT_SSEE_3222722,1
032,112025,3335604,12,8416,3,2,3335604,0,1,1,1,3335604,01/03/2003,QB3AM3AW03A0100,1,EQBT_SSEE_3218350,1
032,112025,3335611,12,8416,3,2,3335611,0,1,1,1,3335611,01/03/2003,QB1AM1AW02A0030,1,EQBT_SSEE_3220274,1
032,112025,3335618,12,8416,3,2,3335618,0,1,1,1,3335618,01/03/2003,QB1AM1AW02A0063,1,EQBT_SSEE_3220278,1
032,112025,3335625,12,8416,3,2,3335625,0,1,1,1,3335625,01/03/2003,QB1AM1AW02A0025,1,EQBT_SSEE_3223082,1
032,112025,3335632,12,8416,3,2,3335632,0,1,1,1,3335632,01/03/2003,QB1AM1AW02A0015,1,EQBT_SSEE_3220630,1
032,112025,3335639,12,8416,3,2,3335639,0,1,1,1,3335639,01/03/2003,QB1AM1AW02A0030,1,EQBT_SSEE_3220282,1
032,112025,3335646,12,8416,3,2,3335646,0,1,1,1,3335646,01/03/2003,QB3AM3AW03A0125,1,EQBT_SSEE_3227342,1
032,112025,3335653,12,8416,3,2,3335653,0,1,1,1,3335653,01/03/2003,QB1AM1AW02A0025,1,EQBT_SSEE_3223742,1
032,112025,3335660,12,8416,3,2,3335660,0,1,1,1,3335660,01/03/2003,QB3AM3AW03A0030,1,EQBT_SSEE_3221718,1
032,112025,3335667,12,8416,3,2,3335667,0,1,1,1,3335667,01/03/2003,QB1AM1AW02A0030,1,EQBT_SSEE_3219822,1
032,112025,3335674,12,8416,3,2,3335674,0,1,1,1,3335674,01/03/2003,QB1AM1AW02A0030,1,EQBT_SSEE_3219818,1
032,112025,3335681,12,8416,3,2,3335681,0,1,1,1,3335681,01/03/2003,QB1AM1AW02A0015,1,EQBT_SSEE_3222678,1
032,112025,3335688,12,8416,3,2,3335688,0,1,1,1,3335688,01/03/2003,QB1AM1AW02A0050,1,EQBT_SSEE_3221122,1
032,112025,3335695,12,8416,3,2,3335695,0,1,1,1,3335695,01/03/2003,QB3AM3AW03A0016,1,EQBT_SSEE_3226610,1
032,112025,3335702,12,8416,3,2,3335702,0,1,1,1,3335702,01/03/2003,QB1AM1AW02A0030,1,EQBT_SSEE_3219034,1
032,112025,3335709,12,8416,3,2,3335709,0,1,1,1,3335709,01/03/2003,QB1AM1AW02A0025,1,EQBT_SSEE_3218774,1
032,112025,3335716,12,8416,3,2,3335716,0,1,1,1,3335716,01/03/2003,QB1AM1AW02A0015,1,EQBT_SSEE_3225994,1
032,112025,3335730,12,8409,3,2,3335730,0,1,1,1,3335730,01/03/2003,QB3AM3AW03A0010,1,EQBT_SSEE_3223770,1
032,112025,3335737,12,8416,3,2,3335737,0,1,1,1,3335737,01/03/2003,QB1AM1AW02A0063,1,EQBT_SSEE_3218986,1
032,112025,3335751,12,8416,3,2,3335751,0,1,1,1,3335751,01/03/2003,QB1AM1AW02A0025,1,EQBT_SSEE_3219566,1
032,112025,3335758,12,8416,3,2,3335758,0,1,1,1,3335758,01/03/2003,QB1AM1AW02A0015,1,EQBT_SSEE_3226954,1
032,112025,3335765,12,8416,3,2,3335765,0,1,1,1,3335765,01/03/2003,QB1AM1AW02A0015,1,EQBT_SSEE_3222698,1
032,112025,3335779,12,8416,3,2,3335779,0,1,1,1,3335779,01/03/2003,QB1AM1AW02A0040,1,EQBT_SSEE_3222690,1
032,112025,3335786,12,8416,3,2,3335786,0,1,1,1,3335786,01/03/2003,QB1AM1AW02A0050,1,EQBT_SSEE_3222686,1
032,112025,3335793,12,8416,3,2,3335793,0,1,1,1,3335793,01/03/2003,QB1AM1AW02A0015,1,EQBT_SSEE_3222682,1
032,112025,3335800,12,8409,3,2,3335800,0,1,1,1,3335800,01/03/2003,QB1AM1AW02A0080,1,EQBT_SSEE_3218266,1
032,112025,3335807,12,8416,3,2,3335807,0,1,1,1,3335807,01/03/2003,QB1AM1AW02A0015,1,EQBT_SSEE_3227406,1
032,112025,3335814,12,8416,3,2,3335814,0,1,1,1,3335814,01/03/2003,QB1AM1AW02A0030,1,EQBT_SSEE_3220666,1
032,112025,3335821,12,8416,3,2,3335821,0,1,1,1,3335821,01/03/2003,QB1AM1AW02A0015,1,EQBT_SSEE_3220766,1
032,112025,3335828,12,8416,3,2,3335828,0,1,1,1,3335828,01/03/2003,QB1AM1AW02A0015,1,EQBT_SSEE_3223058,1
032,112025,3335835,12,8416,3,2,3335835,0,1,1,1,3335835,01/03/2003,QB1AM1AW02A0030,1,EQBT_SSEE_3218282,1
032,112025,3335842,12,8416,3,2,3335842,0,1,1,1,3335842,01/03/2003,QB1AM1AW02A0080,1,EQBT_SSEE_3225838,1
032,112025,3335849,12,8416,3,2,3335849,0,1,1,1,3335849,01/03/2003,QB1AM1AW02A0025,1,EQBT_SSEE_3218278,1
032,112025,3335856,12,8416,3,2,3335856,0,1,1,1,3335856,01/03/2003,QB1AM1AW02A0100,1,EQBT_SSEE_3218782,1
032,112025,3335863,12,8416,3,2,3335863,0,1,1,1,3335863,01/03/2003,QB1AM1AW02A0015,1,EQBT_SSEE_3226938,1
032,112025,3335870,12,8416,3,2,3335870,0,1,1,1,3335870,01/03/2003,QB1AM1AW02A0015,1,EQBT_SSEE_3222674,1
032,112025,3335877,12,8416,3,2,3335877,0,1,1,1,3335877,01/03/2003,QB1AM1AW02A0015,1,EQBT_SSEE_3226946,1
032,112025,3335884,12,8416,3,2,3335884,0,1,1,1,3335884,01/03/2003,QB1AM1AW02A0015,1,EQBT_SSEE_3226950,1
032,112025,3335891,12,8409,3,2,3335891,0,1,1,1,3335891,01/03/2003,QB1AM1AW02A0030,1,EQBT_SSEE_3224486,1
032,112025,3335898,12,8409,3,2,3335898,0,1,1,1,3335898,01/03/2003,QB1AM1AW02A0050,1,EQBT_SSEE_3223518,1
032,112025,3335905,12,8409,3,2,3335905,0,1,1,1,3335905,01/03/2003,QB1AM1AW02A0030,1,EQBT_SSEE_3223090,1
032,112025,3335912,12,8416,3,2,3335912,0,1,1,1,3335912,01/03/2003,QB1AM1AW02A0015,1,EQBT_SSEE_3222670,1
032,112025,3335919,12,8416,3,2,3335919,0,1,1,1,3335919,01/03/2003,QB1AM1AW02A0025,1,EQBT_SSEE_3218274,1
032,112025,3335926,12,8416,3,2,3335926,0,1,1,1,3335926,01/03/2003,QB1AM1AW02A0015,1,EQBT_SSEE_3226014,1
032,112025,3335933,12,8416,3,2,3335933,0,1,1,1,3335933,01/03/2003,QB1AM1AW02A0040,1,EQBT_SSEE_3218270,1
032,112025,3335940,12,8409,3,2,3335940,0,1,1,1,3335940,01/03/2003,QB1AM1AW02A0025,1,EQBT_SSEE_3224078,1
032,112025,3335947,12,8409,3,2,3335947,0,1,1,1,3335947,01/03/2003,QB1AM1AW02A0015,1,EQBT_SSEE_3226942,1
032,112025,3335954,12,8409,3,2,3335954,0,1,1,1,3335954,01/03/2003,QB1AM1AW02A0025,1,EQBT_SSEE_3227622,1
032,112025,3335961,12,8416,3,2,3335961,0,1,1,1,3335961,01/03/2003,QB1AM1AW02A0030,1,EQBT_SSEE_3220690,1
032,112025,3335968,12,8416,3,2,3335968,0,1,1,1,3335968,01/03/2003,QB1AM1AW02A0015,1,EQBT_SSEE_3223494,1
032,112025,3335975,12,8409,3,2,3335975,0,1,1,1,3335975,01/04/2005,QB1AM1AW02A0025,1,EQBT_SSEE_3225042,1
032,112025,3335982,12,8409,3,2,3335982,0,1,1,1,3335982,01/03/2003,QB1AM1AW02A0015,1,EQBT_SSEE_3226138,1
032,112025,3335989,12,8409,3,2,3335989,0,1,1,1,3335989,01/03/2003,QB1AM1AW02A0025,1,EQBT_SSEE_3219314,1
032,112025,3335996,12,8409,3,2,3335996,0,1,1,1,3335996,01/03/2003,QB1AM1AW02A0025,1,EQBT_SSEE_3219326,1
032,112025,3336010,12,8409,3,2,3336010,0,1,1,1,3336010,01/03/2003,QB1AM1AW02A0015,1,EQBT_SSEE_3222390,1
032,112025,3336017,12,8416,3,2,3336017,0,1,1,1,3336017,01/03/2003,QB1AM1AW02A0015,1,EQBT_SSEE_3222230,1
032,112025,3336024,12,8416,3,2,3336024,0,1,1,1,3336024,01/03/2003,QB1AM1AW02A0015,1,EQBT_SSEE_3223026,1
032,112025,3336031,12,8416,3,2,3336031,0,1,1,1,3336031,01/03/2003,QB1AM1AW02A0025,1,EQBT_SSEE_3223038,1
032,112025,3336038,12,8416,3,2,3336038,0,1,1,1,3336038,01/03/2003,QB1AM1AW02A0010,1,EQBT_SSEE_3218690,1
032,112025,3336045,12,8416,3,2,3336045,0,1,1,1,3336045,01/03/2003,QB1AM1AW02A0063,1,EQBT_SSEE_3218694,1
032,112025,3336052,12,8416,3,2,3336052,0,1,1,1,3336052,01/03/2003,QB1AM1AW02A0025,1,EQBT_SSEE_3223042,1
032,112025,3336059,12,8416,3,2,3336059,0,1,1,1,3336059,01/03/2003,QB1AM1AW02A0025,1,EQBT_SSEE_3223034,1
032,112025,3336066,12,8409,3,2,3336066,0,1,1,1,3336066,01/03/2003,QB1AM1AW02A0025,1,EQBT_SSEE_3220854,1
032,112025,3336073,12,8409,3,2,3336073,0,1,1,1,3336073,01/03/2003,QB1AM1AW02A0050,1,EQBT_SSEE_3219322,1
032,112025,3336080,12,8409,3,2,3336080,0,1,1,1,3336080,01/03/2003,QB1AM1AW02A0030,1,EQBT_SSEE_3219318,1
032,112025,3336094,12,8409,3,2,3336094,0,1,1,1,3336094,01/03/2003,QB1AM1AW02A0030,1,EQBT_SSEE_3219526,1
032,112025,3336101,12,8409,3,2,3336101,0,1,1,1,3336101,01/03/2003,QB1AM1AW02A0030,1,EQBT_SSEE_3219534,1
032,112025,3336108,12,8416,3,2,3336108,0,1,1,1,3336108,01/03/2003,QB1AM1AW02A0040,1,EQBT_SSEE_3225842,1
032,112025,3336115,12,8416,3,2,3336115,0,1,1,1,3336115,01/03/2003,QB1AM1AW02A0025,1,EQBT_SSEE_3218286,1
032,112025,3336122,12,8416,3,2,3336122,0,1,1,1,3336122,01/03/2003,QB1AM1AW02A0025,1,EQBT_SSEE_3222158,1
032,112025,3336136,12,8416,3,2,3336136,0,1,1,1,3336136,01/03/2003,QB1AM1AW02A0015,1,EQBT_SSEE_3223506,1
032,112025,3336143,12,8416,3,2,3336143,0,1,1,1,3336143,01/03/2003,QB1AM1AW02A0030,1,EQBT_SSEE_3218298,1
032,112025,3336150,12,8416,3,2,3336150,0,1,1,1,3336150,01/03/2003,QB1AM1AW02A0050,1,EQBT_SSEE_3226382,1
032,112025,3336157,12,8416,3,2,3336157,0,1,1,1,3336157,01/03/2003,QB1AM1AW02A0025,1,EQBT_SSEE_3223086,1
032,112025,3336164,12,8409,3,2,3336164,0,1,1,1,3336164,01/03/2003,QB1AM1AW02A0050,1,EQBT_SSEE_3225142,1
032,112025,3336171,12,8409,3,2,3336171,0,1,1,1,3336171,01/03/2003,QB1AM1AW02A0025,1,EQBT_SSEE_3222362,1
032,112025,3336178,12,8409,3,2,3336178,0,1,1,1,3336178,01/03/2003,QB1AM1AW02A0015,1,EQBT_SSEE_3222358,1
032,112025,3336192,12,8416,3,2,3336192,0,1,1,1,3336192,01/03/2003,QB1AM1AW02A0030,1,EQBT_SSEE_3218294,1
032,112025,3336199,12,8416,3,2,3336199,0,1,1,1,3336199,01/03/2003,QB1AM1AW02A0030,1,EQBT_SSEE_3218290,1
032,112025,3336206,12,8416,3,2,3336206,0,1,1,1,3336206,01/03/2003,QB1AM1AW02A0025,1,EQBT_SSEE_3223182,1
032,112025,3336213,12,8416,3,2,3336213,0,1,1,1,3336213,01/03/2003,QB1AM1AW02A0015,1,EQBT_SSEE_3227074,1
032,112025,3336220,12,8416,3,2,3336220,0,1,1,1,3336220,01/03/2003,QB1AM1AW02A0063,1,EQBT_SSEE_3226494,1
032,112025,3336227,12,8416,3,2,3336227,0,1,1,1,3336227,01/03/2003,QB1AM1AW02A0050,1,EQBT_SSEE_3220614,1
032,112025,3336234,12,8416,3,2,3336234,0,1,1,1,3336234,01/03/2003,QB1AM1AW02A0015,1,EQBT_SSEE_3223806,1
032,112025,3336241,12,8416,3,2,3336241,0,1,1,1,3336241,01/03/2003,QB1AM1AW02A0030,1,EQBT_SSEE_3227410,1
032,112025,3336248,12,8416,3,2,3336248,0,1,1,1,3336248,01/03/2003,QB1AM1AW02A0040,1,EQBT_SSEE_3225846,1
032,112025,3336262,12,8416,3,2,3336262,0,1,1,1,3336262,01/03/2003,QB1AM1AW02A0010,1,EQBT_SSEE_3227058,1
032,112025,3336269,12,8416,3,2,3336269,0,1,1,1,3336269,01/03/2003,QB1AM1AW02A0015,1,EQBT_SSEE_3227062,1
032,112025,3336276,12,8416,3,2,3336276,0,1,1,1,3336276,01/03/2003,QB1AM1AW02A0040,1,EQBT_SSEE_3227066,1
032,112025,3336283,12,8416,3,2,3336283,0,1,1,1,3336283,01/03/2003,QB1AM1AW02A0025,1,EQBT_SSEE_3227070,1
032,112025,3336290,12,8416,3,2,3336290,0,1,1,1,3336290,01/03/2003,QB1AM1AW02A0025,1,EQBT_SSEE_3223190,1
032,112025,3336297,12,8409,3,2,3336297,0,1,1,1,3336297,01/03/2003,QB1AM1AW02A0015,1,EQBT_SSEE_3227078,1
032,112025,3336304,12,8416,3,2,3336304,0,1,1,1,3336304,01/03/2003,QB1AM1AW02A0015,1,EQBT_SSEE_3223810,1
032,112025,3336311,12,8416,3,2,3336311,0,1,1,1,3336311,01/03/2003,QB1AM1AW02A0015,1,EQBT_SSEE_3223194,1
032,112025,3336318,12,8416,3,2,3336318,0,1,1,1,3336318,01/03/2003,QB1AM1AW02A0015,1,EQBT_SSEE_3227418,1
032,112025,3336325,12,8416,3,2,3336325,0,1,1,1,3336325,01/03/2003,QB1AM1AW02A0015,1,EQBT_SSEE_3227414,1
032,112025,3336332,12,8416,3,2,3336332,0,1,1,1,3336332,01/03/2003,QB1AM1AW02A0015,1,EQBT_SSEE_3223162,1
032,112025,3336339,12,8416,3,2,3336339,0,1,1,1,3336339,01/03/2003,QB1AM1AW02A0015,1,EQBT_SSEE_3227046,1
032,112025,3336346,12,8416,3,2,3336346,0,1,1,1,3336346,01/03/2003,QB1AM1AW02A0015,1,EQBT_SSEE_3223150,1
032,112025,3336353,12,8409,3,2,3336353,0,1,1,1,3336353,01/03/2003,QB1AM1AW02A0015,1,EQBT_SSEE_3222550,1
032,112025,3336360,12,8409,3,2,3336360,0,1,1,1,3336360,01/03/2003,QB1AM1AW02A0015,1,EQBT_SSEE_3226910,1
032,112025,3336367,12,8409,3,2,3336367,0,1,1,1,3336367,01/03/2003,QB1AM1AW02A0030,1,EQBT_SSEE_3222546,1
032,112025,3336374,12,8409,3,2,3336374,0,1,1,1,3336374,01/03/2003,QB1AM1AW02A0015,1,EQBT_SSEE_3222554,1
032,112025,3336381,12,8409,3,2,3336381,0,1,1,1,3336381,01/03/2003,QB1AM1AW02A0063,1,EQBT_SSEE_3226914,1
032,112025,3336388,12,8409,3,2,3336388,0,1,1,1,3336388,01/03/2003,QB1AM1AW02A0025,1,EQBT_SSEE_3222558,1
032,112025,3336395,12,8409,3,2,3336395,0,1,1,1,3336395,01/03/2003,QB1AM1AW02A0015,1,EQBT_SSEE_3222562,1
032,112025,3336402,12,8416,3,2,3336402,0,1,1,1,3336402,01/03/2003,QB1AM1AW02A0015,1,EQBT_SSEE_3223134,1
032,112025,3336409,12,8416,3,2,3336409,0,1,1,1,3336409,01/03/2003,QB1AM1AW02A0025,1,EQBT_SSEE_3223122,1
032,112025,3336416,12,8416,3,2,3336416,0,1,1,1,3336416,01/03/2003,QB1AM1AW02A0015,1,EQBT_SSEE_3223126,1
032,112025,3336423,12,8416,3,2,3336423,0,1,1,1,3336423,01/03/2003,QB1AM1AW02A0015,1,EQBT_SSEE_3223118,1
032,112025,3336430,12,8416,3,2,3336430,0,1,1,1,3336430,01/03/2003,QB1AM1AW02A0015,1,EQBT_SSEE_3223114,1
032,112025,3336437,12,8416,3,2,3336437,0,1,1,1,3336437,01/03/2003,QB1AM1AW02A0025,1,EQBT_SSEE_3222638,1
032,112025,3336444,12,8416,3,2,3336444,0,1,1,1,3336444,01/03/2003,QB1AM1AW02A0015,1,EQBT_SSEE_3223146,1
032,112025,3336451,12,8416,3,2,3336451,0,1,1,1,3336451,01/03/2003,QB1AM1AW02A0025,1,EQBT_SSEE_3223142,1
032,112025,3336458,12,8416,3,2,3336458,0,1,1,1,3336458,01/03/2003,QB1AM1AW02A0025,1,EQBT_SSEE_3223258,1
032,112025,3336465,12,8416,3,2,3336465,0,1,1,1,3336465,01/03/2003,QB1AM1AW02A0025,1,EQBT_SSEE_3227086,1
032,112025,3336472,12,8416,3,2,3336472,0,1,1,1,3336472,01/03/2003,QB1AM1AW02A0025,1,EQBT_SSEE_3223262,1
032,112025,3336479,12,8416,3,2,3336479,0,1,1,1,3336479,01/03/2003,QB1AM1AW02A0063,1,EQBT_SSEE_3223254,1
032,112025,3336486,12,8416,3,2,3336486,0,1,1,1,3336486,01/03/2003,QB1AM1AW02A0030,1,EQBT_SSEE_3223266,1
032,112025,3336493,12,7201,3,2,3336493,0,1,1,1,3336493,01/03/2003,QB1AM1AW02A0015,1,EQBT_SSEE_3227090,1
032,112025,3336500,12,8416,3,2,3336500,0,1,1,1,3336500,01/03/2003,QB1AM1AW02A0015,1,EQBT_SSEE_3223270,1
032,112025,3336507,12,8409,3,2,3336507,0,1,1,1,3336507,01/03/2003,QB1AM1AW02A0025,1,EQBT_SSEE_3222418,1
032,112025,3336514,12,8409,3,2,3336514,0,1,1,1,3336514,01/03/2003,QB1AM1AW02A0015,1,EQBT_SSEE_3222518,1
032,112025,3336521,12,8409,3,2,3336521,0,1,1,1,3336521,01/03/2003,QB1AM1AW02A0015,1,EQBT_SSEE_3222482,1
032,112025,3336528,12,8409,3,2,3336528,0,1,1,1,3336528,01/03/2003,QB1AM1AW02A0025,1,EQBT_SSEE_3222430,1
032,112025,3336535,12,8409,3,2,3336535,0,1,1,1,3336535,01/03/2003,QB1AM1AW02A0025,1,EQBT_SSEE_3222426,1
032,112025,3336542,12,8409,3,2,3336542,0,1,1,1,3336542,01/03/2003,QB1AM1AW02A0025,1,EQBT_SSEE_3222410,1
032,112025,3336549,12,8409,3,2,3336549,0,1,1,1,3336549,01/03/2003,QB1AM1AW02A0015,1,EQBT_SSEE_3222414,1
032,112025,3336556,12,8409,3,2,3336556,0,1,1,1,3336556,01/03/2003,QB1AM1AW02A0030,1,EQBT_SSEE_3226882,1
032,112025,3336563,12,8409,3,2,3336563,0,1,1,1,3336563,01/03/2003,QB1AM1AW02A0015,1,EQBT_SSEE_3222406,1
032,112025,3336570,12,8409,3,2,3336570,0,1,1,1,3336570,01/03/2003,QB1AM1AW02A0015,1,EQBT_SSEE_3222402,1
032,112025,3336577,12,8409,3,2,3336577,0,1,1,1,3336577,01/03/2003,QB1AM1AW02A0015,1,EQBT_SSEE_3222542,1
032,112025,3336584,12,8409,3,2,3336584,0,1,1,1,3336584,01/03/2003,QB1AM1AW02A0025,1,EQBT_SSEE_3226906,1
032,112025,3336591,12,8409,3,2,3336591,0,1,1,1,3336591,01/03/2003,QB1AM1AW02A0015,1,EQBT_SSEE_3222486,1
032,112025,3336598,12,8409,3,2,3336598,0,1,1,1,3336598,01/03/2003,QB1AM1AW02A0025,1,EQBT_SSEE_3222534,1
032,112025,3336605,12,8409,3,2,3336605,0,1,1,1,3336605,01/03/2003,QB1AM1AW02A0025,1,EQBT_SSEE_3222514,1
032,112025,3336612,12,8409,3,2,3336612,0,1,1,1,3336612,01/03/2003,QB1AM1AW02A0015,1,EQBT_SSEE_3222522,1
032,112025,3336619,12,8409,3,2,3336619,0,1,1,1,3336619,01/03/2003,QB1AM1AW02A0015,1,EQBT_SSEE_3222530,1
032,112025,3336626,12,8409,3,2,3336626,0,1,1,1,3336626,01/03/2003,QB1AM1AW02A0015,1,EQBT_SSEE_3222526,1
032,112025,3336633,12,8409,3,2,3336633,0,1,1,1,3336633,01/03/2003,QB1AM1AW02A0015,1,EQBT_SSEE_3222538,1
032,112025,3336640,12,8409,3,2,3336640,0,1,1,1,3336640,01/03/2003,QB1AM1AW02A0015,1,EQBT_SSEE_3222578,1
032,112025,3336647,12,8409,3,2,3336647,0,1,1,1,3336647,01/03/2003,QB1AM1AW02A0015,1,EQBT_SSEE_3222566,1
032,112025,3336654,12,8409,3,2,3336654,0,1,1,1,3336654,01/03/2003,QB1AM1AW02A0015,1,EQBT_SSEE_3222594,1
032,112025,3336661,12,7201,3,2,3336661,0,1,1,1,3336661,01/03/2003,QB1AM1AW02A0040,1,EQBT_SSEE_3223230,1
032,112025,3336668,12,8409,3,2,3336668,0,1,1,1,3336668,01/03/2003,QB1AM1AW02A0015,1,EQBT_SSEE_3225822,1
032,112025,3336675,12,8416,3,2,3336675,0,1,1,1,3336675,01/03/2003,QB1AM1AW02A0015,1,EQBT_SSEE_3223234,1
032,112025,3336682,12,8416,3,2,3336682,0,1,1,1,3336682,01/03/2003,QB1AM1AW02A0015,1,EQBT_SSEE_3223242,1
032,112025,3336689,12,8416,3,2,3336689,0,1,1,1,3336689,01/03/2003,QB1AM1AW02A0015,1,EQBT_SSEE_3223246,1
032,112025,3336696,12,8416,3,2,3336696,0,1,1,1,3336696,01/03/2003,QB1AM1AW02A0025,1,EQBT_SSEE_3223238,1
032,112025,3336703,12,8416,3,2,3336703,0,1,1,1,3336703,01/03/2003,QB1AM1AW02A0015,1,EQBT_SSEE_3223250,1
032,112025,3336710,12,8416,3,2,3336710,0,1,1,1,3336710,01/03/2003,QB1AM1AW02A0015,1,EQBT_SSEE_3227054,1
032,112025,3336717,12,8416,3,2,3336717,0,1,1,1,3336717,01/03/2003,QB1AM1AW02A0025,1,EQBT_SSEE_3227050,1
032,112025,3336724,12,8409,3,2,3336724,0,1,1,1,3336724,01/03/2003,QB1AM1AW02A0050,1,EQBT_SSEE_3222570,1
032,112025,3336731,12,8409,3,2,3336731,0,1,1,1,3336731,01/03/2003,QB1AM1AW02A0015,1,EQBT_SSEE_3222574,1
032,112025,3336738,12,8416,3,2,3336738,0,1,1,1,3336738,01/03/2003,QB1AM1AW02A0015,1,EQBT_SSEE_3225146,1
032,112025,3336745,12,8416,3,2,3336745,0,1,1,1,3336745,01/03/2003,QB1AM1AW02A0015,1,EQBT_SSEE_3223166,1
032,112025,3336752,12,8416,3,2,3336752,0,1,1,1,3336752,01/03/2003,QB1AM1AW02A0025,1,EQBT_SSEE_3227094,1
032,112025,3336759,12,8409,3,2,3336759,0,1,1,1,3336759,01/03/2003,QB1AM1AW02A0025,1,EQBT_SSEE_3222490,1
032,112025,3336766,12,8409,3,2,3336766,0,1,1,1,3336766,01/03/2003,QB1AM1AW02A0015,1,EQBT_SSEE_3222422,1
032,112025,3336773,12,8409,3,2,3336773,0,1,1,1,3336773,01/03/2003,QB1AM1AW02A0015,1,EQBT_SSEE_3222434,1
032,112025,3336780,12,8409,3,2,3336780,0,1,1,1,3336780,01/03/2003,QB1AM1AW02A0015,1,EQBT_SSEE_3222450,1
032,112025,3336787,12,8409,3,2,3336787,0,1,1,1,3336787,01/03/2003,QB1AM1AW02A0015,1,EQBT_SSEE_3222454,1
032,112025,3336794,12,8409,3,2,3336794,0,1,1,1,3336794,01/03/2003,QB1AM1AW02A0015,1,EQBT_SSEE_3226886,1
032,112025,3336801,12,8409,3,2,3336801,0,1,1,1,3336801,01/03/2003,QB1AM1AW02A0050,1,EQBT_SSEE_3226894,1
032,112025,3336808,12,8416,3,2,3336808,0,1,1,1,3336808,01/03/2003,QB1AM1AW02A0025,1,EQBT_SSEE_3225214,1
032,112025,3336815,12,8409,3,2,3336815,0,1,1,1,3336815,01/03/2003,QB1AM1AW02A0015,1,EQBT_SSEE_3222498,1
032,112025,3336829,12,8409,3,2,3336829,0,1,1,1,3336829,01/03/2003,QB1AM1AW02A0015,1,EQBT_SSEE_3222462,1
032,112025,3336836,12,8409,3,2,3336836,0,1,1,1,3336836,01/03/2003,QB1AM1AW02A0015,1,EQBT_SSEE_3222474,1
032,112025,3336843,12,8409,3,2,3336843,0,1,1,1,3336843,01/03/2003,QB1AM1AW02A0010,1,EQBT_SSEE_3222478,1
032,112025,3336850,12,8409,3,2,3336850,0,1,1,1,3336850,01/03/2003,QB1AM1AW02A0025,1,EQBT_SSEE_3222470,1
032,112025,3336857,12,8409,3,2,3336857,0,1,1,1,3336857,01/03/2003,QB1AM1AW02A0025,1,EQBT_SSEE_3222466,1
032,112025,3336871,12,8416,3,2,3336871,0,1,1,1,3336871,01/03/2003,QB1AM1AW02A0015,1,EQBT_SSEE_3226898,1
032,112025,3336878,12,8416,3,2,3336878,0,1,1,1,3336878,01/03/2003,QB1AM1AW02A0015,1,EQBT_SSEE_3222502,1
032,112025,3336885,12,8416,3,2,3336885,0,1,1,1,3336885,01/03/2003,QB1AM1AW02A0015,1,EQBT_SSEE_3222494,1
032,112025,3336892,12,8416,3,2,3336892,0,1,1,1,3336892,01/03/2003,QB1AM1AW02A0080,1,EQBT_SSEE_3226902,1
032,112025,3336899,12,8416,3,2,3336899,0,1,1,1,3336899,01/03/2003,QB1AM1AW02A0015,1,EQBT_SSEE_3222510,1
032,112025,3336906,12,8416,3,2,3336906,0,1,1,1,3336906,01/03/2003,QB1AM1AW02A0015,1,EQBT_SSEE_3225186,1
032,112025,3336913,12,8416,3,2,3336913,0,1,1,1,3336913,01/03/2003,QB1AM1AW02A0063,1,EQBT_SSEE_3223206,1
032,112025,3336920,12,8416,3,2,3336920,0,1,1,1,3336920,01/03/2003,QB1AM1AW02A0015,1,EQBT_SSEE_3223202,1
032,112025,3336927,12,8416,3,2,3336927,0,1,1,1,3336927,01/03/2003,QB1AM1AW02A0025,1,EQBT_SSEE_3223130,1
032,112025,3336934,12,8416,3,2,3336934,0,1,1,1,3336934,01/03/2003,QB1AM1AW02A0015,1,EQBT_SSEE_3223138,1
032,112025,3336941,12,8416,3,2,3336941,0,1,1,1,3336941,01/03/2003,QB1AM1AW02A0015,1,EQBT_SSEE_3227042,1
032,112025,3336948,12,8416,3,2,3336948,0,1,1,1,3336948,01/03/2003,QB1AM1AW02A0015,1,EQBT_SSEE_3223102,1
032,112025,3336955,12,8416,3,2,3336955,0,1,1,1,3336955,01/03/2003,QB1AM1AW02A0015,1,EQBT_SSEE_3227034,1
032,112025,3336962,12,8416,3,2,3336962,0,1,1,1,3336962,01/03/2003,QB1AM1AW02A0015,1,EQBT_SSEE_3227038,1
032,112025,3336969,12,7201,3,2,3336969,0,1,1,1,3336969,01/03/2003,QB1AM1AW02A0015,1,EQBT_SSEE_3223106,1
032,112025,3336976,12,8416,3,2,3336976,0,1,1,1,3336976,01/03/2003,QB1AM1AW02A0015,1,EQBT_SSEE_3223170,1
032,112025,3336983,12,7201,3,2,3336983,0,1,1,1,3336983,01/03/2003,QB1AM1AW02A0015,1,EQBT_SSEE_3223110,1
032,112025,3336990,12,8409,3,2,3336990,0,1,1,1,3336990,01/03/2003,QB1AM1AW02A0015,1,EQBT_SSEE_3222658,1
032,112025,3336997,12,8409,3,2,3336997,0,1,1,1,3336997,01/03/2003,QB1AM1AW02A0010,1,EQBT_SSEE_3222654,1
032,112025,3337004,12,8409,3,2,3337004,0,1,1,1,3337004,01/03/2003,QB1AM1AW02A0010,1,EQBT_SSEE_3222650,1
032,112025,3337011,12,8409,3,2,3337011,0,1,1,1,3337011,01/03/2003,QB1AM1AW02A0025,1,EQBT_SSEE_3222646,1
032,112025,3337018,12,8409,3,2,3337018,0,1,1,1,3337018,01/03/2003,QB1AM1AW02A0025,1,EQBT_SSEE_3222642,1
032,112025,3337025,12,8409,3,2,3337025,0,1,1,1,3337025,01/03/2003,QB1AM1AW02A0010,1,EQBT_SSEE_3222586,1
032,112025,3337032,12,8409,3,2,3337032,0,1,1,1,3337032,01/03/2003,QB1AM1AW02A0015,1,EQBT_SSEE_3222582,1
032,112025,3337039,12,8409,3,2,3337039,0,1,1,1,3337039,01/03/2003,QB1AM1AW02A0015,1,EQBT_SSEE_3222590,1
032,112025,3337046,12,8409,3,2,3337046,0,1,1,1,3337046,01/03/2003,QB1AM1AW02A0025,1,EQBT_SSEE_3222446,1
032,112025,3337053,12,8409,3,2,3337053,0,1,1,1,3337053,01/03/2003,QB1AM1AW02A0015,1,EQBT_SSEE_3222442,1
032,112025,3337060,12,8409,3,2,3337060,0,1,1,1,3337060,01/03/2003,QB1AM1AW02A0025,1,EQBT_SSEE_3222438,1
032,112025,3337067,12,8416,3,2,3337067,0,1,1,1,3337067,01/03/2003,QB1AM1AW02A0015,1,EQBT_SSEE_3223154,1
032,112025,3337074,12,8416,3,2,3337074,0,1,1,1,3337074,01/03/2003,QB1AM1AW02A0015,1,EQBT_SSEE_3223158,1
032,112025,3337081,12,8416,3,2,3337081,0,1,1,1,3337081,01/03/2003,QB1AM1AW02A0015,1,EQBT_SSEE_3223218,1
032,112025,3337088,12,8416,3,2,3337088,0,1,1,1,3337088,01/03/2003,QB1AM1AW02A0030,1,EQBT_SSEE_3223210,1
032,112025,3337095,12,8416,3,2,3337095,0,1,1,1,3337095,01/03/2003,QB1AM1AW02A0015,1,EQBT_SSEE_3223214,1
032,112025,3337102,12,7201,3,2,3337102,0,1,1,1,3337102,01/03/2003,QB1AM1AW02A0015,1,EQBT_SSEE_3227082,1
032,112025,3337109,12,8416,3,2,3337109,0,1,1,1,3337109,01/03/2003,QB1AM1AW02A0025,1,EQBT_SSEE_3223222,1
032,112025,3337116,12,7201,3,2,3337116,0,1,1,1,3337116,01/03/2003,QB1AM1AW02A0015,1,EQBT_SSEE_3223226,1
032,112025,3337123,12,7405,3,2,3337123,0,1,1,1,3337123,01/03/2003,QB1AM1AW02A0025,1,EQBT_SSEE_3224782,1
032,112025,3337130,12,7405,3,2,3337130,0,1,1,1,3337130,01/03/2003,QB1AM1AW02A0025,1,EQBT_SSEE_3224778,1
032,112025,3337137,12,7404,3,2,3337137,0,1,1,1,3337137,01/03/2003,QB1AM1AW02A0015,1,EQBT_SSEE_3227014,1
032,112025,3337144,12,7404,3,2,3337144,0,1,1,1,3337144,01/03/2003,QB1AM1AW02A0015,1,EQBT_SSEE_3227010,1
032,112025,3337151,12,7404,3,2,3337151,0,1,1,1,3337151,01/03/2003,QB1AM1AW02A0030,1,EQBT_SSEE_3222858,1
032,112025,3337158,12,7404,3,2,3337158,0,1,1,1,3337158,01/03/2003,QB1AM1AW02A0015,1,EQBT_SSEE_3219086,1
032,112025,3337165,12,7404,3,2,3337165,0,1,1,1,3337165,01/03/2003,QB1AM1AW02A0015,1,EQBT_SSEE_3220678,1
032,112025,3337172,12,7404,3,2,3337172,0,1,1,1,3337172,01/03/2003,QB1AM1AW02A0015,1,EQBT_SSEE_3221570,1
032,112025,3337186,12,8409,3,2,3337186,0,1,1,1,3337186,01/03/2003,QB1AM1AW02A0050,1,EQBT_SSEE_3225182,1
032,112025,3337193,12,7404,3,2,3337193,0,1,1,1,3337193,01/03/2003,QB1AM1AW02A0025,1,EQBT_SSEE_3225218,1
032,112025,3337200,12,8409,3,2,3337200,0,1,1,1,3337200,01/03/2003,QB1AM1AW02A0050,1,EQBT_SSEE_3223314,1
032,112025,3337207,12,7404,3,2,3337207,0,1,1,1,3337207,01/03/2003,QB1AM1AW02A0025,1,EQBT_SSEE_3221298,1
032,112025,3337214,12,7404,3,2,3337214,0,1,1,1,3337214,01/03/2003,QB1AM1AW02A0025,1,EQBT_SSEE_3223330,1
032,112025,3337221,12,7404,3,2,3337221,0,1,1,1,3337221,01/03/2003,QB1AM1AW02A0015,1,EQBT_SSEE_3223346,1
032,112025,3337228,12,7404,3,2,3337228,0,1,1,1,3337228,01/03/2003,QB1AM1AW02A0025,1,EQBT_SSEE_3223342,1
032,112025,3337235,12,7404,3,2,3337235,0,1,1,1,3337235,01/03/2003,QB1AM1AW02A0010,1,EQBT_SSEE_3226450,1
032,112025,3337242,12,7404,3,2,3337242,0,1,1,1,3337242,01/03/2003,QB1AM1AW02A0025,1,EQBT_SSEE_3219546,1
032,112025,3337249,12,7404,3,2,3337249,0,1,1,1,3337249,01/03/2003,QB1AM1AW02A0015,1,EQBT_SSEE_3226858,1
032,112025,3337256,12,7404,3,2,3337256,0,1,1,1,3337256,01/03/2003,QB1AM1AW02A0025,1,EQBT_SSEE_3222298,1
032,112025,3337263,12,7404,3,2,3337263,0,1,1,1,3337263,01/03/2003,QB1AM1AW02A0025,1,EQBT_SSEE_3217946,1
032,112025,3337270,12,7404,3,2,3337270,0,1,1,1,3337270,01/03/2003,QB1AM1AW02A0030,1,EQBT_SSEE_3219542,1
032,112025,3337277,12,7404,3,2,3337277,0,1,1,1,3337277,01/03/2003,QB1AM1AW02A0015,1,EQBT_SSEE_3222306,1
032,112025,3337284,12,7404,3,2,3337284,0,1,1,1,3337284,01/03/2003,QB1AM1AW02A0040,1,EQBT_SSEE_3222746,1
032,112025,3337291,12,8409,3,2,3337291,0,1,1,1,3337291,01/03/2003,QB1AM1AW02A0025,1,EQBT_SSEE_3224102,1
032,112025,3337298,12,8409,3,2,3337298,0,1,1,1,3337298,01/03/2003,QB3AM3AW03A0025,1,EQBT_SSEE_3217930,1
032,112025,3337305,12,8409,3,2,3337305,0,1,1,1,3337305,01/03/2003,QB3AM3AW03A0030,1,EQBT_SSEE_3219242,1
032,112025,3337312,12,8409,3,2,3337312,0,1,1,1,3337312,01/03/2003,QB1AM1AW02A0015,1,EQBT_SSEE_3219330,1
032,112025,3337319,12,8409,3,2,3337319,0,1,1,1,3337319,01/03/2003,QB1AM1AW02A0025,1,EQBT_SSEE_3226126,1
032,112025,3337326,12,8409,3,2,3337326,0,1,1,1,3337326,01/03/2003,QB1AM1AW02A0025,1,EQBT_SSEE_3224158,1
032,112025,3337333,12,8409,3,2,3337333,0,1,1,1,3337333,01/03/2003,QB1AM1AW02A0025,1,EQBT_SSEE_3217934,1
032,112025,3337347,12,8409,3,2,3337347,0,1,1,1,3337347,01/03/2003,QB1AM1AW02A0050,1,EQBT_SSEE_3225986,1
032,112025,3337354,12,8409,3,2,3337354,0,1,1,1,3337354,01/03/2003,QB3AM3AW03A0025,1,EQBT_SSEE_3222294,1
032,112025,3337361,12,8409,3,2,3337361,0,1,1,1,3337361,01/03/2003,QB1AM1AW02A0050,1,EQBT_SSEE_3217942,1
032,112025,3337368,12,8409,3,2,3337368,0,1,1,1,3337368,01/03/2003,QB1AM1AW02A0040,1,EQBT_SSEE_3226042,1
032,112025,3337375,12,8409,3,2,3337375,0,1,1,1,3337375,01/03/2003,QB1AM1AW02A0025,1,EQBT_SSEE_3226222,1
032,112025,3337382,12,8409,3,2,3337382,0,1,1,1,3337382,01/03/2003,QB1AM1AW02A0063,1,EQBT_SSEE_3219058,1
032,112025,3337389,12,8409,3,2,3337389,0,1,1,1,3337389,01/03/2003,QB1AM1AW02A0040,1,EQBT_SSEE_3219062,1
032,112025,3337396,12,8409,3,2,3337396,0,1,1,1,3337396,01/03/2003,QB1AM1AW02A0025,1,EQBT_SSEE_3227746,1
032,112025,3337403,12,8409,3,2,3337403,0,1,1,1,3337403,01/03/2003,QB1AM1AW02A0030,1,EQBT_SSEE_3219070,1
032,112025,3337410,12,8409,3,2,3337410,0,1,1,1,3337410,01/03/2003,QB1AM1AW02A0063,1,EQBT_SSEE_3219066,1
032,112025,3337417,12,8409,3,2,3337417,0,1,1,1,3337417,01/03/2003,QB1AM1AW02A0025,1,EQBT_SSEE_3227602,1
032,112025,3337424,12,8409,3,2,3337424,0,1,1,1,3337424,01/03/2003,QB1AM1AW02A0025,1,EQBT_SSEE_3224070,1
032,112025,3337431,12,8409,3,2,3337431,0,1,1,1,3337431,01/03/2003,QB1AM1AW02A0025,1,EQBT_SSEE_3227110,1
032,112025,3337438,12,8409,3,2,3337438,0,1,1,1,3337438,01/03/2003,QB1AM1AW02A0015,1,EQBT_SSEE_3222302,1
032,112025,3337445,12,8409,3,2,3337445,0,1,1,1,3337445,01/03/2003,QB3AM3AW03A0040,1,EQBT_SSEE_3217954,1
032,112025,3337459,12,8409,3,2,3337459,0,1,1,1,3337459,01/03/2003,QB1AM1AW02A0030,1,EQBT_SSEE_3218882,1
032,112025,3337466,12,8409,3,2,3337466,0,1,1,1,3337466,01/03/2003,QB1AM1AW02A0015,1,EQBT_SSEE_3222290,1
032,112025,3337473,12,8409,3,2,3337473,0,1,1,1,3337473,01/03/2003,QB1AM1AW02A0010,1,EQBT_SSEE_3226850,1
032,112025,3337480,12,8409,3,2,3337480,0,1,1,1,3337480,01/03/2003,QB3AM3AW03A0063,1,EQBT_SSEE_3217958,1
032,112025,3337487,12,8409,3,2,3337487,0,1,1,1,3337487,01/03/2003,QB1AM1AW02A0025,1,EQBT_SSEE_3220526,1
032,112025,3337494,12,8409,3,2,3337494,0,1,1,1,3337494,01/03/2003,QB1AM1AW02A0025,1,EQBT_SSEE_3217966,1
032,112025,3337501,12,8409,3,2,3337501,0,1,1,1,3337501,01/03/2003,QB3AM3AW03A0150,1,EQBT_SSEE_3227098,1
032,112025,3337522,12,8409,3,2,3337522,0,4,1,1,3337522,01/11/2004,QB1AM1AW02A0050,1,EQBT_SSEE_3225278,1
032,112025,3337536,12,8409,3,2,3337536,0,1,1,1,3337536,01/03/2003,QB1AM1AW02A0050,1,EQBT_SSEE_3221350,1
032,112025,3337543,12,8409,3,2,3337543,0,1,1,1,3337543,01/03/2003,QB1AM1AW02A0080,1,EQBT_SSEE_3218710,1
032,112025,3337550,12,8409,3,2,3337550,0,1,1,1,3337550,01/03/2003,QB1AM1AW02A0025,1,EQBT_SSEE_3224454,1
032,112025,3337557,12,8409,3,2,3337557,0,1,1,1,3337557,01/03/2003,QB1AM1AW02A0050,1,EQBT_SSEE_3218214,1
032,112025,3337564,12,8409,3,2,3337564,0,1,1,1,3337564,01/03/2003,QB1AM1AW02A0025,1,EQBT_SSEE_3221666,1
032,112025,3337571,12,8409,3,2,3337571,0,1,1,1,3337571,01/03/2003,QB1AM1AW02A0040,1,EQBT_SSEE_3226746,1
032,112025,3337578,12,8409,3,2,3337578,0,1,1,1,3337578,01/03/2003,QB1AM1AW02A0025,1,EQBT_SSEE_3221670,1
032,112025,3337585,12,8409,3,2,3337585,0,1,1,1,3337585,01/03/2003,QB1AM1AW02A0030,1,EQBT_SSEE_3221674,1
032,112025,3337592,12,8409,3,2,3337592,0,1,1,1,3337592,01/03/2003,QB1AM1AW02A0015,1,EQBT_SSEE_3221678,1
032,112025,3337599,12,8409,3,2,3337599,0,1,1,1,3337599,01/03/2003,QB1AM1AW02A0015,1,EQBT_SSEE_3221606,1
032,112025,3337606,12,8409,3,2,3337606,0,1,1,1,3337606,01/03/2003,QB3AM3AW03A0050,1,EQBT_SSEE_3225818,1
032,112025,3337613,12,8409,3,2,3337613,0,1,1,1,3337613,01/03/2003,QB3AM3AW03A0050,1,EQBT_SSEE_3225366,1
032,112025,3337620,12,8409,3,2,3337620,0,1,1,1,3337620,01/03/2005,QB3AM3AW03A0030,1,EQBT_SSEE_3225022,1
032,112025,3337634,12,8409,3,2,3337634,0,1,1,1,3337634,01/03/2003,QB1AM1AW02A0030,1,EQBT_SSEE_3226602,1
032,112025,3337641,12,8409,3,2,3337641,0,1,1,1,3337641,01/03/2003,QB3AM3AW03A0040,1,EQBT_SSEE_3220734,1
032,112025,3337648,12,8409,3,2,3337648,0,1,1,1,3337648,01/03/2003,QB1AM1AW02A0025,1,EQBT_SSEE_3222186,1
032,112025,3337655,12,8409,3,2,3337655,0,1,1,1,3337655,01/03/2003,QB1AM1AW02A0025,1,EQBT_SSEE_3224066,1
032,112025,3337662,12,8409,3,2,3337662,0,1,1,1,3337662,01/03/2003,QB1AM1AW02A0050,1,EQBT_SSEE_3224426,1
032,112025,3337669,12,8409,3,2,3337669,0,1,1,1,3337669,01/03/2003,QB1AM1AW02A0050,1,EQBT_SSEE_3222182,1
032,112025,3337676,12,8409,3,2,3337676,0,1,1,1,3337676,01/03/2003,QB1AM1AW02A0025,1,EQBT_SSEE_3224082,1
032,112025,3337683,12,8409,3,2,3337683,0,1,1,1,3337683,01/03/2003,QB1AM1AW02A0050,1,EQBT_SSEE_3222178,1
032,112025,3337690,12,8409,3,2,3337690,0,1,1,1,3337690,01/03/2003,QB1AM1AW02A0015,1,EQBT_SSEE_3218810,1
032,112025,3337697,12,8409,3,2,3337697,0,1,1,1,3337697,01/03/2003,QB1AM1AW02A0040,1,EQBT_SSEE_3218850,1
032,112025,3337704,12,8409,3,2,3337704,0,1,1,1,3337704,01/03/2003,QB1AM1AW02A0025,1,EQBT_SSEE_3227626,1
032,112025,3337711,12,8409,3,2,3337711,0,1,1,1,3337711,01/03/2003,QB1AM1AW02A0070,1,EQBT_SSEE_3227630,1
032,112025,3337718,12,8409,3,2,3337718,0,1,1,1,3337718,01/03/2003,QB1AM1AW02A0063,1,EQBT_SSEE_3218846,1
032,112025,3337725,12,8409,3,2,3337725,0,1,1,1,3337725,01/03/2003,QB1AM1AW02A0025,1,EQBT_SSEE_3221002,1
032,112025,3337732,12,8409,3,2,3337732,0,1,1,1,3337732,01/03/2003,QB1AM1AW02A0025,1,EQBT_SSEE_3221006,1
032,112025,3337739,12,8409,3,2,3337739,0,1,1,1,3337739,01/03/2003,QB1AM1AW02A0040,1,EQBT_SSEE_3220974,1
032,112025,3337746,12,8409,3,2,3337746,0,1,1,1,3337746,01/03/2003,QB1AM1AW02A0040,1,EQBT_SSEE_3225970,1
032,112025,3337753,12,8409,3,2,3337753,0,1,1,1,3337753,01/03/2003,QB1AM1AW02A0030,1,EQBT_SSEE_3220086,1
032,112025,3337760,12,8409,3,2,3337760,0,1,1,1,3337760,01/03/2003,QB1AM1AW02A0030,1,EQBT_SSEE_3219742,1
032,112025,3337767,12,8409,3,2,3337767,0,1,1,1,3337767,01/03/2003,QB1AM1AW02A0025,1,EQBT_SSEE_3219746,1
032,112025,3337774,12,8409,3,2,3337774,0,1,1,1,3337774,01/03/2003,QB1AM1AW02A0015,1,EQBT_SSEE_3220878,1
032,112025,3337781,12,8409,3,2,3337781,0,1,1,1,3337781,01/03/2003,QB1AM1AW02A0025,1,EQBT_SSEE_3220882,1
032,112025,3337795,12,8409,3,2,3337795,0,1,1,1,3337795,01/03/2003,QB1AM1AW02A0015,1,EQBT_SSEE_3227386,1
032,112025,3337802,12,8409,3,2,3337802,0,1,1,1,3337802,01/03/2003,QB1AM1AW02A0025,1,EQBT_SSEE_3220886,1
032,112025,3337809,12,8409,3,2,3337809,0,1,1,1,3337809,01/03/2003,QB1AM1AW02A0070,1,EQBT_SSEE_3226566,1
032,112025,3337816,12,8409,3,2,3337816,0,1,1,1,3337816,01/02/2003,QB1AM1AW02A0025,1,EQBT_SSEE_3227390,1
032,112025,3337823,12,8409,3,2,3337823,0,1,1,1,3337823,01/03/2003,QB1AM1AW02A0030,1,EQBT_SSEE_3218830,1
032,112025,3337830,12,8409,3,2,3337830,0,1,1,1,3337830,01/03/2003,QB1AM1AW02A0050,1,EQBT_SSEE_3225874,1
032,112025,3337837,12,8409,3,2,3337837,0,1,1,1,3337837,01/03/2003,QB1AM1AW02A0040,1,EQBT_SSEE_3218834,1
032,112025,3337844,12,8409,3,2,3337844,0,1,1,1,3337844,01/03/2003,QB1AM1AW02A0025,1,EQBT_SSEE_3226006,1
032,112025,3337851,12,8409,3,2,3337851,0,1,1,1,3337851,01/03/2003,QB1AM1AW02A0050,1,EQBT_SSEE_3226026,1
032,112025,3337858,12,8409,3,2,3337858,0,1,1,1,3337858,01/03/2003,QB1AM1AW02A0025,1,EQBT_SSEE_3218838,1
032,112025,3337865,12,8409,3,2,3337865,0,1,1,1,3337865,01/03/2003,QB1AM1AW02A0025,1,EQBT_SSEE_3221230,1
032,112025,3337872,12,8409,3,2,3337872,0,1,1,1,3337872,01/03/2003,QB1AM1AW02A0025,1,EQBT_SSEE_3218842,1
032,112025,3337879,12,8409,3,2,3337879,0,1,1,1,3337879,01/03/2003,QB1AM1AW02A0025,1,EQBT_SSEE_3226326,1
032,112025,3337886,12,8409,3,2,3337886,0,1,1,1,3337886,01/03/2003,QB1AM1AW02A0015,1,EQBT_SSEE_3227606,1
032,112025,3337893,12,8409,3,2,3337893,0,1,1,1,3337893,01/03/2003,QB1AM1AW02A0025,1,EQBT_SSEE_3227610,1
032,112025,3337900,12,8409,3,2,3337900,0,1,1,1,3337900,01/03/2003,QB3AM3AW03A0080,1,EQBT_SSEE_3222786,1
032,112025,3337907,12,8409,3,2,3337907,0,1,1,1,3337907,01/03/2003,QB3AM3AW03A0025,1,EQBT_SSEE_3225178,1
032,112025,3337914,12,8409,3,2,3337914,0,1,1,1,3337914,01/03/2003,QB1AM1AW02A0050,1,EQBT_SSEE_3219454,1
032,112025,3337921,12,8409,3,2,3337921,0,1,1,1,3337921,01/03/2003,QB1AM1AW02A0015,1,EQBT_SSEE_3226210,1
032,112025,3337928,12,8409,3,2,3337928,0,1,1,1,3337928,01/03/2003,QB1AM1AW02A0015,1,EQBT_SSEE_3219458,1
032,112025,3337935,12,8409,3,2,3337935,0,1,1,1,3337935,01/03/2003,QB1AM1AW02A0030,1,EQBT_SSEE_3219470,1
032,112025,3337949,12,8409,3,2,3337949,0,1,1,1,3337949,01/03/2003,QB1AM1AW02A0025,1,EQBT_SSEE_3220202,1
032,112025,3337956,12,8409,3,2,3337956,0,1,1,1,3337956,01/03/2003,QB1AM1AW02A0025,1,EQBT_SSEE_3226082,1
032,112025,3337963,12,8409,3,2,3337963,0,1,1,1,3337963,01/03/2003,QB1AM1AW02A0015,1,EQBT_SSEE_3219670,1
032,112025,3337970,12,8409,3,2,3337970,0,1,1,1,3337970,01/03/2003,QB1AM1AW02A0030,1,EQBT_SSEE_3227354,1
032,112025,3337977,12,8409,3,2,3337977,0,1,1,1,3337977,01/03/2003,QB1AM1AW02A0040,1,EQBT_SSEE_3226986,1
032,112025,3337984,12,8409,3,2,3337984,0,1,1,1,3337984,01/03/2003,QB1AM1AW02A0050,1,EQBT_SSEE_3219462,1
032,112025,3337991,12,8409,3,2,3337991,0,1,1,1,3337991,01/03/2003,QB1AM1AW02A0025,1,EQBT_SSEE_3219466,1
032,112025,3337998,12,8409,3,2,3337998,0,1,1,1,3337998,01/03/2003,QB1AM1AW02A0030,1,EQBT_SSEE_3219090,1
032,112025,3338005,12,8409,3,2,3338005,0,1,1,1,3338005,01/03/2003,QB3AM3AW03A0050,1,EQBT_SSEE_3225014,1
032,112025,3338012,12,8409,3,2,3338012,0,1,1,1,3338012,01/03/2003,QB1AM1AW02A0010,1,EQBT_SSEE_3226982,1
032,112025,3338019,12,8409,3,2,3338019,0,1,1,1,3338019,01/03/2003,QB1AM1AW02A0025,1,EQBT_SSEE_3227510,1
032,112025,3338026,12,8409,3,2,3338026,0,1,1,1,3338026,01/03/2003,QB1AM1AW02A0025,1,EQBT_SSEE_3223914,1
032,112025,3338033,12,8409,3,2,3338033,0,1,1,1,3338033,01/03/2003,QB1AM1AW02A0030,1,EQBT_SSEE_3221154,1
032,112025,3338040,12,7404,3,2,3338040,0,1,1,1,3338040,01/03/2003,QB1AM1AW02A0063,1,EQBT_SSEE_3227006,1
032,112025,3338054,12,7404,3,2,3338054,0,1,1,1,3338054,01/03/2003,QB1AM1AW02A0063,1,EQBT_SSEE_3223918,1
032,112025,3338061,12,7404,3,2,3338061,0,1,1,1,3338061,01/03/2003,QB1AM1AW02A0025,1,EQBT_SSEE_3223334,1
032,112025,3338068,12,7404,3,2,3338068,0,1,1,1,3338068,01/03/2003,QB1AM1AW02A0015,1,EQBT_SSEE_3223338,1
032,112025,3338075,12,8409,3,2,3338075,0,1,1,1,3338075,01/03/2003,QB1AM1AW02A0025,1,EQBT_SSEE_3222854,1
032,112025,3338082,12,8409,3,2,3338082,0,1,1,1,3338082,01/03/2003,QB1AM1AW02A0015,1,EQBT_SSEE_3217974,1
032,112025,3338096,12,8409,3,2,3338096,0,1,1,1,3338096,01/03/2003,QB1AM1AW02A0080,1,EQBT_SSEE_3223402,1
032,112025,3338103,12,8409,3,2,3338103,0,1,1,1,3338103,01/03/2003,QB3AM3AW03A0010,1,EQBT_SSEE_3224238,1
032,112025,3338110,12,8409,3,2,3338110,0,1,1,1,3338110,01/03/2003,QB3AM3AW03A0025,1,EQBT_SSEE_3227282,1
032,112025,3338117,12,8409,3,2,3338117,0,1,1,1,3338117,01/03/2003,QB1AM1AW02A0050,1,EQBT_SSEE_3227638,1
032,112025,3338124,12,8409,3,2,3338124,0,1,1,1,3338124,01/03/2003,QB3AM3AW03A0070,1,EQBT_SSEE_3227302,1
032,112025,3338138,12,8409,3,2,3338138,0,1,1,1,3338138,01/03/2003,QB1AM1AW02A0025,1,EQBT_SSEE_3221590,1
032,112025,3338145,12,8409,3,2,3338145,0,1,1,1,3338145,01/03/2003,QB1AM1AW02A0025,1,EQBT_SSEE_3227206,1
032,112025,3338152,12,8409,3,2,3338152,0,1,1,1,3338152,01/03/2003,QB1AM1AW02A0030,1,EQBT_SSEE_3218942,1
032,112025,3338159,12,8409,3,2,3338159,0,1,1,1,3338159,01/03/2003,QB3AM3AW03A0030,1,EQBT_SSEE_3217978,1
032,112025,3338166,12,8409,3,2,3338166,0,1,1,1,3338166,01/03/2003,QB1AM1AW02A0025,1,EQBT_SSEE_3217982,1
032,112025,3338173,12,8409,3,2,3338173,0,1,1,1,3338173,01/03/2003,QB3AM3AW03A0040,1,EQBT_SSEE_3226022,1
032,112025,3338180,12,8409,3,2,3338180,0,1,1,1,3338180,01/03/2003,QB1AM1AW02A0080,1,EQBT_SSEE_3227142,1
032,112025,3338187,12,8409,3,2,3338187,0,1,1,1,3338187,01/03/2003,QB1AM1AW02A0010,1,EQBT_SSEE_3225938,1
032,112025,3338194,12,8409,3,2,3338194,0,1,1,1,3338194,01/03/2003,QB1AM1AW02A0050,1,EQBT_SSEE_3219758,1
032,112025,3338201,12,8409,3,2,3338201,0,1,1,1,3338201,01/03/2003,QB1AM1AW02A0010,1,EQBT_SSEE_3225782,1
032,112025,3338208,12,8409,3,2,3338208,0,1,1,1,3338208,01/03/2003,QB3AM3AW03A0070,1,EQBT_SSEE_3217986,1
032,112025,3338215,12,8409,3,2,3338215,0,4,1,1,3338215,01/03/2003,QB3AM3AW03A0040,1,EQBT_SSEE_3224114,1
032,112025,3338222,12,8409,3,2,3338222,0,1,1,1,3338222,01/03/2003,QB1AM1AW02A0030,1,EQBT_SSEE_3224926,1
032,112025,3338229,12,8409,3,2,3338229,0,1,1,1,3338229,01/03/2003,QB3AM3AW03A0125,1,EQBT_SSEE_3226478,1
032,112025,3338236,12,8409,3,2,3338236,0,1,1,1,3338236,01/03/2003,QB3AM3AW03A0030,1,EQBT_SSEE_3219302,1
032,112025,3338243,12,8409,3,2,3338243,0,1,1,1,3338243,01/03/2003,QB1AM1AW02A0025,1,EQBT_SSEE_3219842,1
032,112025,3338250,12,8409,3,2,3338250,0,1,1,1,3338250,01/03/2003,QB1AM1AW02A0050,1,EQBT_SSEE_3220802,1
032,112025,3338257,12,8409,3,2,3338257,0,1,1,1,3338257,01/03/2003,QB1AM1AW02A0100,1,EQBT_SSEE_3226890,1
032,112025,3338264,12,8409,3,2,3338264,0,1,1,1,3338264,01/03/2003,QB1AM1AW02A0025,1,EQBT_SSEE_3227650,1
032,112025,3338271,12,8409,3,2,3338271,0,1,1,1,3338271,01/03/2003,QB1AM1AW02A0063,1,EQBT_SSEE_3218938,1
032,112025,3338278,12,8409,3,2,3338278,0,1,1,1,3338278,01/03/2003,QB3AM3AW03A0125,1,EQBT_SSEE_3218698,1
032,112025,3338285,12,8409,3,2,3338285,0,1,1,1,3338285,01/03/2003,QB1AM1AW02A0025,1,EQBT_SSEE_3227750,1
032,112025,3338292,12,8409,3,2,3338292,0,1,1,1,3338292,01/03/2003,QB1AM1AW02A0025,1,EQBT_SSEE_3224458,1
032,112025,3338299,12,8409,3,2,3338299,0,1,1,1,3338299,01/03/2003,QB1AM1AW02A0050,1,EQBT_SSEE_3218946,1
032,112025,3338306,12,8409,3,2,3338306,0,1,1,1,3338306,01/03/2003,QB1AM1AW02A0025,1,EQBT_SSEE_3224098,1
032,112025,3338313,12,8409,3,2,3338313,0,1,1,1,3338313,01/03/2003,QB1AM1AW02A0025,1,EQBT_SSEE_3220758,1
032,112025,3338327,12,8409,3,2,3338327,0,1,1,1,3338327,01/03/2003,QB1AM1AW02A0015,1,EQBT_SSEE_3226714,1
032,112025,3338334,12,8409,3,2,3338334,0,1,1,1,3338334,01/03/2003,QB1AM1AW02A0040,1,EQBT_SSEE_3225966,1
032,112025,3338341,12,8409,3,2,3338341,0,1,1,1,3338341,01/03/2003,QB1AM1AW02A0025,1,EQBT_SSEE_3227614,1
032,112025,3338348,12,8409,3,2,3338348,0,1,1,1,3338348,01/03/2003,QB1AM1AW02A0025,1,EQBT_SSEE_3227618,1
032,112025,3338355,12,8409,3,2,3338355,0,1,1,1,3338355,01/03/2003,QB1AM1AW02A0080,1,EQBT_SSEE_3225974,1
032,112025,3338362,12,8409,3,2,3338362,0,1,1,1,3338362,01/03/2003,QB1AM1AW02A0080,1,EQBT_SSEE_3218222,1
032,112025,3338369,12,8409,3,2,3338369,0,1,1,1,3338369,01/03/2003,QB1AM1AW02A0025,1,EQBT_SSEE_3223078,1
032,112025,3338376,12,8409,3,2,3338376,0,1,1,1,3338376,01/03/2003,QB1AM1AW02A0063,1,EQBT_SSEE_3218854,1
032,112025,3338383,12,8409,3,2,3338383,0,1,1,1,3338383,01/03/2003,QB1AM1AW02A0050,1,EQBT_SSEE_3224086,1
032,112025,3338397,12,8409,3,2,3338397,0,1,1,1,3338397,01/03/2003,QB1AM1AW02A0025,1,EQBT_SSEE_3224090,1
032,112025,3338404,12,8409,3,2,3338404,0,1,1,1,3338404,01/03/2003,QB1AM1AW02A0040,1,EQBT_SSEE_3218862,1
032,112025,3338411,12,8409,3,2,3338411,0,1,1,1,3338411,01/03/2003,QB1AM1AW02A0015,1,EQBT_SSEE_3225982,1
032,112025,3338418,12,8409,3,2,3338418,0,1,1,1,3338418,01/03/2003,QB1AM1AW02A0025,1,EQBT_SSEE_3224094,1
032,112025,3338425,12,8409,3,2,3338425,0,1,1,1,3338425,01/03/2003,QB1AM1AW02A0040,1,EQBT_SSEE_3218858,1
032,112025,3338432,12,8409,3,2,3338432,0,1,1,1,3338432,01/03/2003,QB1AM1AW02A0063,1,EQBT_SSEE_3219074,1
032,112025,3338439,12,8409,3,2,3338439,0,1,1,1,3338439,01/03/2003,QB1AM1AW02A0040,1,EQBT_SSEE_3218870,1
032,112025,3338453,12,8409,3,2,3338453,0,1,1,1,3338453,01/03/2003,QB3AM3AW03A0016,1,EQBT_SSEE_3225330,1
032,112025,3338460,12,8409,3,2,3338460,0,1,1,1,3338460,01/03/2003,QB3AM3AW03A0016,1,EQBT_SSEE_3227114,1
032,112025,3338467,12,8409,3,2,3338467,0,1,1,1,3338467,01/03/2003,QB1AM1AW02A0050,1,EQBT_SSEE_3223318,1
032,112025,3338474,12,8409,3,2,3338474,0,1,1,1,3338474,01/03/2003,QB1AM1AW02A0050,1,EQBT_SSEE_3223322,1
032,112025,3338481,12,8409,3,2,3338481,0,1,1,1,3338481,01/03/2003,QB1AM1AW02A0050,1,EQBT_SSEE_3223326,1
032,112025,3338495,12,8409,3,2,3338495,0,1,1,1,3338495,01/03/2003,QB1AM1AW02A0015,1,EQBT_SSEE_3221078,1
032,112025,3338502,12,8409,3,2,3338502,0,1,1,1,3338502,01/03/2003,QB1AM1AW02A0040,1,EQBT_SSEE_3218722,1
032,112025,3338509,12,8409,3,2,3338509,0,1,1,1,3338509,01/03/2003,QB1AM1AW02A0025,1,EQBT_SSEE_3218686,1
032,112025,3338516,12,8409,3,2,3338516,0,1,1,1,3338516,01/03/2003,QB1AM1AW02A0025,1,EQBT_SSEE_3218758,1
032,112025,3338523,12,8409,3,2,3338523,0,1,1,1,3338523,01/03/2003,QB1AM1AW02A0010,1,EQBT_SSEE_3220870,1
032,112025,3338530,12,8409,3,2,3338530,0,1,1,1,3338530,01/03/2003,QB3AM3AW03A0063,1,EQBT_SSEE_3218202,1
032,112025,3338537,12,7404,3,2,3338537,0,1,1,1,3338537,01/03/2003,QB1AM1AW02A0025,1,EQBT_SSEE_3224922,1
032,112025,3338544,12,7404,3,2,3338544,0,1,1,1,3338544,01/03/2003,QB1AM1AW02A0063,1,EQBT_SSEE_3220054,1
032,112025,3338551,12,7404,3,2,3338551,0,1,1,1,3338551,01/03/2003,QB1AM1AW02A0050,1,EQBT_SSEE_3223290,1
032,112025,3338558,12,7404,3,2,3338558,0,4,1,1,3338558,01/03/2003,QB1AM1AW02A0070,1,EQBT_SSEE_3222262,1
032,112025,3338565,12,8409,3,2,3338565,0,1,1,1,3338565,01/03/2003,QB1AM1AW02A0025,1,EQBT_SSEE_3226738,1
032,112025,3338572,12,8409,3,2,3338572,0,1,1,1,3338572,01/03/2003,QB1AM1AW02A0025,1,EQBT_SSEE_3226742,1
032,112025,3338579,12,8409,3,2,3338579,0,1,1,1,3338579,01/03/2003,QB1AM1AW02A0010,1,EQBT_SSEE_3226870,1
032,112025,3338586,12,7404,3,2,3338586,0,1,1,1,3338586,01/03/2003,QB1AM1AW02A0030,1,EQBT_SSEE_3220930,1
032,112025,3338593,12,7404,3,2,3338593,0,1,1,1,3338593,01/03/2003,QB1AM1AW02A0070,1,EQBT_SSEE_3221710,1
032,112025,3338600,12,7404,3,2,3338600,0,1,1,1,3338600,01/03/2003,QB1AM1AW02A0030,1,EQBT_SSEE_3221578,1
032,112025,3338607,12,7404,3,2,3338607,0,1,1,1,3338607,01/03/2003,QB1AM1AW02A0070,1,EQBT_SSEE_3220750,1
032,112025,3338614,12,7404,3,2,3338614,0,1,1,1,3338614,01/03/2003,QB1AM1AW02A0050,1,EQBT_SSEE_3227018,1
032,112025,3338621,12,8409,3,2,3338621,0,1,1,1,3338621,01/03/2003,QB1AM1AW02A0010,1,EQBT_SSEE_3222398,1
032,112025,3338628,12,8409,3,2,3338628,0,1,1,1,3338628,01/03/2003,QB1AM1AW02A0050,1,EQBT_SSEE_3226730,1
032,112025,3338635,12,8409,3,2,3338635,0,1,1,1,3338635,01/03/2003,QB1AM1AW02A0015,1,EQBT_SSEE_3221642,1
032,112025,3338642,12,8409,3,2,3338642,0,1,1,1,3338642,01/03/2003,QB1AM1AW02A0025,1,EQBT_SSEE_3227026,1
032,112025,3338649,12,8409,3,2,3338649,0,1,1,1,3338649,01/03/2003,QB1AM1AW02A0030,1,EQBT_SSEE_3222394,1
032,112025,3338656,12,8409,3,2,3338656,0,1,1,1,3338656,01/03/2003,QB1AM1AW02A0015,1,EQBT_SSEE_3221646,1
032,112025,3338663,12,8409,3,2,3338663,0,1,1,1,3338663,01/03/2003,QB1AM1AW02A0030,1,EQBT_SSEE_3226734,1
032,112025,3338670,12,8409,3,2,3338670,0,1,1,1,3338670,01/03/2003,QB1AM1AW02A0025,1,EQBT_SSEE_3221654,1
032,112025,3338677,12,8409,3,2,3338677,0,1,1,1,3338677,01/03/2003,QB1AM1AW02A0015,1,EQBT_SSEE_3221658,1
032,112025,3338684,12,8409,3,2,3338684,0,1,1,1,3338684,01/03/2003,QB1AM1AW02A0050,1,EQBT_SSEE_3221662,1
032,112025,3338691,12,8409,3,2,3338691,0,1,1,1,3338691,01/03/2003,QB1AM1AW02A0050,1,EQBT_SSEE_3221634,1
032,112025,3338698,12,8409,3,2,3338698,0,1,1,1,3338698,01/03/2003,QB1AM1AW02A0030,1,EQBT_SSEE_3221822,1
032,112025,3338705,12,8409,3,2,3338705,0,1,1,1,3338705,01/03/2003,QB1AM1AW02A0050,1,EQBT_SSEE_3219046,1
032,112025,3338712,12,8409,3,2,3338712,0,1,1,1,3338712,01/03/2003,QB1AM1AW02A0025,1,EQBT_SSEE_3227106,1
032,112025,3338719,12,8409,3,2,3338719,0,1,1,1,3338719,01/03/2003,QB1AM1AW02A0040,1,EQBT_SSEE_3221998,1
032,112025,3338726,12,8409,3,2,3338726,0,1,1,1,3338726,01/03/2003,QB1AM1AW02A0030,1,EQBT_SSEE_3221638,1
032,112025,3338733,12,8409,3,2,3338733,0,1,1,1,3338733,01/03/2003,QB1AM1AW02A0040,1,EQBT_SSEE_3223818,1
032,112025,3338740,12,8409,3,2,3338740,0,1,1,1,3338740,01/03/2003,QB1AM1AW02A0025,1,EQBT_SSEE_3220726,1
032,112025,3338747,12,8409,3,2,3338747,0,1,1,1,3338747,01/03/2003,QB3AM3AW03A0030,1,EQBT_SSEE_3219042,1
032,112025,3338754,12,8409,3,2,3338754,0,1,1,1,3338754,01/03/2003,QB1AM1AW02A0025,1,EQBT_SSEE_3219126,1
032,112025,3338768,12,8409,3,2,3338768,0,1,1,1,3338768,01/03/2003,QB1AM1AW02A0030,1,EQBT_SSEE_3219482,1
032,112025,3338782,12,8409,3,2,3338782,0,1,1,1,3338782,01/03/2003,QB1AM1AW02A0030,1,EQ_BT_SED490,1
032,112025,3338789,12,8409,3,2,3338789,0,1,1,1,3338789,01/03/2003,QB1AM1AW02A0025,1,EQBT_SSEE_3226322,1
032,112025,3338796,12,8409,3,2,3338796,0,1,1,1,3338796,01/03/2003,QB1AM1AW02A0025,1,EQBT_SSEE_3226038,1
032,112025,3338810,12,8409,3,2,3338810,0,1,1,1,3338810,01/03/2003,QB1AM1AW02A0030,1,EQBT_SSEE_3220070,1
032,112025,3338817,12,8409,3,2,3338817,0,1,1,1,3338817,01/03/2003,QB1AM1AW02A0025,1,EQBT_SSEE_3218962,1
032,112025,3338824,12,8409,3,2,3338824,0,1,1,1,3338824,01/03/2003,QB1AM1AW02A0015,1,EQBT_SSEE_3226070,1
032,112025,3338831,12,8409,3,2,3338831,0,1,1,1,3338831,01/03/2003,QB1AM1AW02A0015,1,EQBT_SSEE_3226878,1
032,112025,3338838,12,8409,3,2,3338838,0,1,1,1,3338838,01/03/2003,QB1AM1AW02A0025,1,EQBT_SSEE_3222334,1
032,112025,3338845,12,8409,3,2,3338845,0,1,1,1,3338845,01/03/2003,QB1AM1AW02A0015,1,EQBT_SSEE_3226874,1
032,112025,3338852,12,8409,3,2,3338852,0,1,1,1,3338852,01/03/2003,QB1AM1AW02A0040,1,EQBT_SSEE_3218966,1
032,112025,3338859,12,8409,3,2,3338859,0,1,1,1,3338859,01/03/2003,QB1AM1AW02A0025,1,EQBT_SSEE_3222338,1
032,112025,3338866,12,8409,3,2,3338866,0,1,1,1,3338866,01/03/2003,QB1AM1AW02A0040,1,EQBT_SSEE_3218970,1
032,112025,3338880,12,8409,3,2,3338880,0,1,1,1,3338880,01/03/2003,QB1AM1AW02A0015,1,EQBT_SSEE_3222342,1
032,112025,3338887,12,8409,3,2,3338887,0,1,1,1,3338887,01/03/2003,QB1AM1AW02A0015,1,EQBT_SSEE_3222346,1
032,112025,3338894,12,8409,3,2,3338894,0,1,1,1,3338894,01/03/2003,QB1AM1AW02A0030,1,EQBT_SSEE_3219078,1
032,112025,3338901,12,8409,3,2,3338901,0,1,1,1,3338901,01/03/2003,QB1AM1AW02A0015,1,EQBT_SSEE_3222350,1
032,112025,3338908,12,8409,3,2,3338908,0,1,1,1,3338908,01/03/2003,QB1AM1AW02A0025,1,EQBT_SSEE_3222366,1
032,112025,3338915,12,8409,3,2,3338915,0,1,1,1,3338915,01/03/2003,QB1AM1AW02A0025,1,EQBT_SSEE_3218950,1
032,112025,3338922,12,8409,3,2,3338922,0,1,1,1,3338922,01/03/2003,QB1AM1AW02A0025,1,EQBT_SSEE_3218954,1
032,112025,3338929,12,8409,3,2,3338929,0,1,1,1,3338929,01/03/2003,QB1AM1AW02A0015,1,EQBT_SSEE_3222370,1
032,112025,3338936,12,8409,3,2,3338936,0,1,1,1,3338936,01/03/2003,QB1AM1AW02A0040,1,EQBT_SSEE_3218958,1
032,112025,3338950,12,8409,3,2,3338950,0,1,1,1,3338950,01/03/2003,QB1AM1AW02A0030,1,EQBT_SSEE_3222378,1
032,112025,3338957,12,8409,3,2,3338957,0,1,1,1,3338957,01/03/2003,QB1AM1AW02A0015,1,EQBT_SSEE_3221866,1
032,112025,3338964,12,8409,3,2,3338964,0,1,1,1,3338964,01/03/2003,QB1AM1AW02A0025,1,EQBT_SSEE_3221870,1
032,112025,3338971,12,8409,3,2,3338971,0,1,1,1,3338971,01/03/2003,QB1AM1AW02A0015,1,EQBT_SSEE_3222386,1
032,112025,3338978,12,8409,3,2,3338978,0,1,1,1,3338978,01/03/2003,QB1AM1AW02A0015,1,EQBT_SSEE_3222382,1
032,112025,3338985,12,8409,3,2,3338985,0,1,1,1,3338985,01/03/2003,QB1AM1AW02A0025,1,EQBT_SSEE_3225174,1
032,112025,3338992,12,8409,3,2,3338992,0,1,1,1,3338992,01/03/2003,QB1AM1AW02A0030,1,EQBT_SSEE_3222774,1
032,112025,3338999,12,8409,3,2,3338999,0,1,1,1,3338999,01/03/2003,QB1AM1AW02A0015,1,EQBT_SSEE_3220430,1
032,112025,3339006,12,8409,3,2,3339006,0,1,1,1,3339006,01/03/2003,QB1AM1AW02A0063,1,EQBT_SSEE_3218890,1
032,112025,3339020,12,8409,3,2,3339020,0,1,1,1,3339020,01/03/2003,QB1AM1AW02A0025,1,EQBT_SSEE_3220222,1
032,112025,3339027,12,8409,3,2,3339027,0,1,1,1,3339027,01/03/2003,QB1AM1AW02A0015,1,EQBT_SSEE_3226214,1
032,112025,3339034,12,8409,3,2,3339034,0,1,1,1,3339034,01/03/2003,QB1AM1AW02A0015,1,EQBT_SSEE_3221682,1
032,112025,3339041,12,8409,3,2,3339041,0,1,1,1,3339041,01/03/2003,QB1AM1AW02A0025,1,EQBT_SSEE_3221686,1
032,112025,3339048,12,8409,3,2,3339048,0,1,1,1,3339048,01/03/2003,QB1AM1AW02A0050,1,EQBT_SSEE_3221982,1
032,112025,3339055,12,8409,3,2,3339055,0,1,1,1,3339055,01/06/2004,QB1AM1AW02A0040,1,EQBT_SSEE_3225262,1
032,112025,3339069,12,8409,3,2,3339069,0,1,1,1,3339069,01/03/2003,QB1AM1AW02A0010,1,EQBT_SSEE_3219490,1
032,112025,3339083,12,8409,3,2,3339083,0,1,1,1,3339083,01/03/2003,QB1AM1AW02A0015,1,EQBT_SSEE_3221694,1
032,112025,3339090,12,8409,3,2,3339090,0,4,1,1,3339090,01/06/2005,QB1AM1AW02A0070,1,EQBT_SSEE_3224762,1
032,112025,3339097,12,7404,3,2,3339097,0,1,1,1,3339097,01/03/2003,QB1AM1AW02A0025,1,EQBT_SSEE_3223714,1
032,112025,3339104,12,7404,3,2,3339104,0,1,1,1,3339104,01/03/2003,QB1AM1AW02A0015,1,EQBT_SSEE_3221194,1
032,112025,3339111,12,7404,3,2,3339111,0,4,1,1,3339111,01/03/2003,QB3AM3AW03A0125,1,EQBT_SSEE_3224134,1
032,112025,3339118,12,7404,3,2,3339118,0,1,1,1,3339118,01/03/2003,QB1AM1AW02A0050,1,EQBT_SSEE_3219486,1
032,112025,3339139,12,7404,3,2,3339139,0,1,1,1,3339139,01/03/2003,QB1AM1AW02A0015,1,EQBT_SSEE_3219254,1
032,112025,3339146,12,7404,3,2,3339146,0,1,1,1,3339146,01/03/2003,QB1AM1AW02A0050,1,EQBT_SSEE_3221266,1
032,112025,3339153,12,7404,3,2,3339153,0,1,1,1,3339153,01/03/2003,QB1AM1AW02A0030,1,EQBT_SSEE_3221270,1
032,112025,3339160,12,7404,3,2,3339160,0,1,1,1,3339160,01/03/2003,QB1AM1AW02A0050,1,EQBT_SSEE_3221274,1
032,112025,3339167,12,7404,3,2,3339167,0,1,1,1,3339167,01/03/2003,QB1AM1AW02A0015,1,EQBT_SSEE_3221198,1
032,112025,3339174,12,7404,3,2,3339174,0,1,1,1,3339174,01/03/2003,QB1AM1AW02A0040,1,EQBT_SSEE_3221202,1
032,112025,3339181,12,7404,3,2,3339181,0,1,1,1,3339181,01/03/2003,QB1AM1AW02A0030,1,EQBT_SSEE_3221206,1
032,112025,3339188,12,7404,3,2,3339188,0,1,1,1,3339188,01/03/2003,QB1AM1AW02A0025,1,EQBT_SSEE_3221214,1
032,112025,3339195,12,7404,3,2,3339195,0,1,1,1,3339195,01/03/2003,QB1AM1AW02A0025,1,EQBT_SSEE_3221418,1
032,112025,3339202,12,7404,3,2,3339202,0,1,1,1,3339202,01/03/2003,QB1AM1AW02A0050,1,EQBT_SSEE_3221514,1
032,112025,3339209,12,7404,3,2,3339209,0,1,1,1,3339209,01/03/2003,QB1AM1AW02A0040,1,EQBT_SSEE_3218110,1
032,112025,3339216,12,7404,3,2,3339216,0,1,1,1,3339216,01/03/2003,QB3AM3AW03A0016,1,EQBT_SSEE_3221226,1
032,112025,3339223,12,7404,3,2,3339223,0,1,1,1,3339223,01/03/2003,QB3AM3AW03A0100,1,EQBT_SSEE_3218734,1
032,112025,3339251,12,7404,3,2,3339251,0,1,1,1,3339251,01/03/2003,QB3AM3AW03A0080,1,EQBT_SSEE_3225050,1
032,112025,3339265,12,7404,3,2,3339265,0,1,1,1,3339265,01/03/2003,QB1AM1AW02A0050,1,EQBT_SSEE_3221190,1
032,112025,3339272,12,7404,3,2,3339272,0,1,1,1,3339272,01/03/2003,QB1AM1AW02A0080,1,EQBT_SSEE_3226518,1
032,112025,3339279,12,7404,3,2,3339279,0,1,1,1,3339279,01/03/2003,QB1AM1AW02A0050,1,EQBT_SSEE_3220838,1
032,112025,3339286,12,7404,3,2,3339286,0,1,1,1,3339286,01/03/2003,QB1AM1AW02A0040,1,EQBT_SSEE_3220842,1
032,112025,3339293,12,7404,3,2,3339293,0,1,1,1,3339293,01/03/2003,QB1AM1AW02A0030,1,EQBT_SSEE_3226558,1
032,112025,3339300,12,7404,3,2,3339300,0,1,1,1,3339300,01/03/2003,QB1AM1AW02A0040,1,EQBT_SSEE_3224126,1
032,112025,3339307,12,7404,3,2,3339307,0,1,1,1,3339307,01/03/2003,QB1AM1AW02A0015,1,EQBT_SSEE_3220846,1
032,112025,3339314,12,7404,3,2,3339314,0,1,1,1,3339314,01/03/2003,QB1AM1AW02A0050,1,EQBT_SSEE_3220850,1
032,112025,3339321,12,7404,3,2,3339321,0,1,1,1,3339321,01/03/2003,QB1AM1AW02A0040,1,EQBT_SSEE_3220862,1
032,112025,3339328,12,7404,3,2,3339328,0,1,1,1,3339328,01/03/2003,QB1AM1AW02A0025,1,EQBT_SSEE_3224258,1
032,112025,3339335,12,7404,3,2,3339335,0,1,1,1,3339335,01/03/2003,QB1AM1AW02A0025,1,EQBT_SSEE_3223498,1
032,112025,3339349,12,7404,3,2,3339349,0,1,1,1,3339349,01/03/2003,QB1AM1AW02A0050,1,EQBT_SSEE_3218918,1
032,112025,3339356,12,7404,3,2,3339356,0,4,1,1,3339356,01/03/2003,QB3AM3AW03A0016,1,EQBT_SSEE_3227682,1
032,112025,3339363,12,7404,3,2,3339363,0,1,1,1,3339363,01/03/2003,QB1AM1AW02A0025,1,EQBT_SSEE_3224694,1
032,112025,3339370,12,7404,3,2,3339370,0,1,1,1,3339370,01/03/2003,QB1AM1AW02A0040,1,EQBT_SSEE_3223710,1
032,112025,3339377,12,7404,3,2,3339377,0,1,1,1,3339377,01/03/2003,QB1AM1AW02A0025,1,EQBT_SSEE_3226814,1
032,112025,3339384,12,7404,3,2,3339384,0,1,1,1,3339384,01/03/2003,QB1AM1AW02A0015,1,EQBT_SSEE_3226810,1
032,112025,3339391,12,7404,3,2,3339391,0,1,1,1,3339391,01/03/2003,QB1AM1AW02A0080,1,EQBT_SSEE_3223354,1
032,112025,3339398,12,7404,3,2,3339398,0,1,1,1,3339398,01/03/2003,QB1AM1AW02A0030,1,EQBT_SSEE_3224690,1
032,112025,3339405,12,7404,3,2,3339405,0,1,1,1,3339405,01/03/2003,QB1AM1AW02A0025,1,EQBT_SSEE_3220866,1
032,112025,3339412,12,7404,3,2,3339412,0,1,1,1,3339412,01/03/2003,QB1AM1AW02A0025,1,EQBT_SSEE_3226806,1
032,112025,3339419,12,7404,3,2,3339419,0,1,1,1,3339419,01/03/2003,QB1AM1AW02A0015,1,EQBT_SSEE_3223366,1
032,112025,3339426,12,7404,3,2,3339426,0,1,1,1,3339426,01/03/2003,QB1AM1AW02A0030,1,EQBT_SSEE_3221278,1
032,112025,3339433,12,7404,3,2,3339433,0,1,1,1,3339433,01/03/2003,QB1AM1AW02A0015,1,EQBT_SSEE_3220294,1
032,112025,3339440,12,7404,3,2,3339440,0,1,1,1,3339440,01/03/2003,QB1AM1AW02A0025,1,EQBT_SSEE_3220406,1
032,112025,3339447,12,7404,3,2,3339447,0,1,1,1,3339447,01/03/2003,QB1AM1AW02A0050,1,EQBT_SSEE_3225386,1
032,112025,3339454,12,7404,3,2,3339454,0,1,1,1,3339454,01/03/2003,QB1AM1AW02A0015,1,EQBT_SSEE_3222278,1
032,112025,3339468,12,7404,3,2,3339468,0,1,1,1,3339468,01/03/2003,QB1AM1AW02A0025,1,EQBT_SSEE_3221766,1
032,112025,3339475,12,7404,3,2,3339475,0,1,1,1,3339475,01/03/2003,QB1AM1AW02A0015,1,EQBT_SSEE_3220262,1
032,112025,3339482,12,7404,3,2,3339482,0,1,1,1,3339482,01/03/2003,QB1AM1AW02A0050,1,EQBT_SSEE_3227326,1
032,112025,3339489,12,7404,3,2,3339489,0,1,1,1,3339489,01/03/2003,QB1AM1AW02A0025,1,EQBT_SSEE_3220442,1
032,112025,3339496,12,7404,3,2,3339496,0,1,1,1,3339496,01/03/2003,QB1AM1AW02A0015,1,EQBT_SSEE_3227126,1
032,112025,3339503,12,7404,3,2,3339503,0,1,1,1,3339503,01/03/2003,QB1AM1AW02A0025,1,EQBT_SSEE_3226226,1
032,112025,3339510,12,7404,3,2,3339510,0,1,1,1,3339510,01/03/2003,QB1AM1AW02A0015,1,EQBT_SSEE_3220334,1
032,112025,3339517,12,7404,3,2,3339517,0,1,1,1,3339517,01/03/2003,QB1AM1AW02A0025,1,EQBT_SSEE_3219598,1
032,112025,3339524,12,7404,3,2,3339524,0,1,1,1,3339524,01/03/2003,QB1AM1AW02A0015,1,EQBT_SSEE_3222154,1
032,112025,3339531,12,7404,3,2,3339531,0,1,1,1,3339531,01/03/2003,QB1AM1AW02A0025,1,EQBT_SSEE_3227194,1
032,112025,3339545,12,7404,3,2,3339545,0,1,1,1,3339545,01/03/2003,QB1AM1AW02A0030,1,EQBT_SSEE_3225794,1
032,112025,3339559,12,7404,3,2,3339559,0,1,1,1,3339559,01/03/2003,QB1AM1AW02A0050,1,EQBT_SSEE_3220238,1
032,112025,3339573,12,7404,3,2,3339573,0,1,1,1,3339573,01/03/2003,QB1AM1AW02A0030,1,EQBT_SSEE_3220302,1
032,112025,3339580,12,7404,3,2,3339580,0,1,1,1,3339580,01/03/2003,QB1AM1AW02A0050,1,EQBT_SSEE_3226446,1
032,112025,3339587,12,7404,3,2,3339587,0,1,1,1,3339587,01/03/2003,QB1AM1AW02A0050,1,EQBT_SSEE_3220306,1
032,112025,3339594,12,7404,3,2,3339594,0,1,1,1,3339594,01/03/2003,QB1AM1AW02A0050,1,EQBT_SSEE_3219570,1
032,112025,3339608,12,7404,3,2,3339608,0,4,1,1,3339608,01/03/2003,QB3AM3AW03A0050,1,EQBT_SSEE_3222750,1
032,112025,3339615,12,7404,3,2,3339615,0,1,1,1,3339615,01/03/2003,QB1AM1AW02A0030,1,EQBT_SSEE_3219234,1
032,112025,3339622,12,7404,3,2,3339622,0,4,1,1,3339622,01/11/2004,QB3AM3AW03A0050,1,EQBT_SSEE_3225282,1
032,112025,3339629,12,7404,3,2,3339629,0,4,1,1,3339629,01/03/2003,QB3AM3AW03A0125,1,EQBT_SSEE_3227198,1
032,112025,3339636,12,7404,3,2,3339636,0,4,1,1,3339636,01/03/2003,QB3AM3AW03A0070,1,EQBT_SSEE_3223310,1
032,112025,3339643,12,7404,3,2,3339643,0,4,1,1,3339643,01/03/2003,QB3AM3AW03A0125,1,EQBT_SSEE_3223070,1
032,112025,3339657,12,7404,3,2,3339657,0,1,1,1,3339657,01/03/2003,QB1AM1AW02A0025,1,EQBT_SSEE_3222166,1
032,112025,3339664,12,7404,3,2,3339664,0,1,1,1,3339664,01/03/2003,QB3AM3AW03A0040,1,EQBT_SSEE_3223546,1
032,112025,3339671,12,7404,3,2,3339671,0,1,1,1,3339671,01/03/2003,QB1AM1AW02A0070,1,EQBT_SSEE_3226842,1
032,112025,3339678,12,7404,3,2,3339678,0,1,1,1,3339678,01/03/2003,QB1AM1AW02A0010,1,EQBT_SSEE_3219846,1
032,112025,3339692,12,7404,3,2,3339692,0,1,1,1,3339692,01/03/2003,QB1AM1AW02A0030,1,EQBT_SSEE_3222666,1
032,112025,3339699,12,7404,3,2,3339699,0,1,1,1,3339699,01/03/2003,QB1AM1AW02A0030,1,EQBT_SSEE_3220746,1
032,112025,3339706,12,7404,3,2,3339706,0,1,1,1,3339706,01/03/2003,QB1AM1AW02A0025,1,EQBT_SSEE_3219674,1
032,112025,3339720,12,7404,3,2,3339720,0,1,1,1,3339720,01/03/2003,QB1AM1AW02A0030,1,EQBT_SSEE_3220474,1
032,112025,3339734,12,7404,3,2,3339734,0,1,1,1,3339734,01/03/2003,QB1AM1AW02A0070,1,EQBT_SSEE_3226758,1
032,112025,3339741,12,7404,3,2,3339741,0,1,1,1,3339741,01/03/2003,QB1AM1AW02A0025,1,EQBT_SSEE_3227254,1
032,112025,3339748,12,7404,3,2,3339748,0,1,1,1,3339748,01/03/2003,QB1AM1AW02A0050,1,EQBT_SSEE_3224282,1
032,112025,3339762,12,7404,3,2,3339762,0,1,1,1,3339762,01/03/2003,QB1AM1AW02A0030,1,EQBT_SSEE_3225790,1
032,112025,3339776,12,7404,3,2,3339776,0,1,1,1,3339776,01/03/2003,QB1AM1AW02A0040,1,EQBT_SSEE_3220126,1
032,112025,3339783,12,7404,3,2,3339783,0,1,1,1,3339783,01/03/2003,QB1AM1AW02A0025,1,EQBT_SSEE_3226422,1
032,112025,3339790,12,7404,3,2,3339790,0,1,1,1,3339790,01/03/2003,QB1AM1AW02A0025,1,EQBT_SSEE_3220130,1
032,112025,3339797,12,7404,3,2,3339797,0,1,1,1,3339797,01/03/2003,QB1AM1AW02A0030,1,EQBT_SSEE_3220970,1
032,112025,3339811,12,7404,3,2,3339811,0,1,1,1,3339811,01/03/2003,QB3AM3AW03A0070,1,EQBT_SSEE_3218098,1
032,112025,3339818,12,7404,3,2,3339818,0,1,1,1,3339818,01/03/2003,QB3AM3AW03A0063,1,EQBT_SSEE_3227122,1
032,112025,3339825,12,7404,3,2,3339825,0,1,1,1,3339825,01/03/2003,QB3AM3AW03A0030,1,EQBT_SSEE_3218666,1
032,112025,3339832,12,7404,3,2,3339832,0,1,1,1,3339832,01/03/2003,QB1AM1AW02A0025,1,EQBT_SSEE_3226102,1
032,112025,3339839,12,7404,3,2,3339839,0,1,1,1,3339839,01/03/2003,QB1AM1AW02A0050,1,EQBT_SSEE_3221222,1
032,112025,3339846,12,7404,3,2,3339846,0,1,1,1,3339846,01/03/2003,QB1AM1AW02A0030,1,EQBT_SSEE_3219558,1
032,112025,3339853,12,7404,3,2,3339853,0,4,1,1,3339853,01/03/2003,QB3AM3AW03A0150,1,EQBT_SSEE_3224478,1
032,112025,3339860,12,7404,3,2,3339860,0,1,1,1,3339860,01/03/2003,QB1AM1AW02A0010,1,EQBT_SSEE_3219582,1
032,112025,3339867,12,7404,3,2,3339867,0,1,1,1,3339867,01/03/2003,QB1AM1AW02A0025,1,EQBT_SSEE_3223698,1
032,112025,3339874,12,7404,3,2,3339874,0,1,1,1,3339874,01/03/2003,QB1AM1AW02A0050,1,EQBT_SSEE_3219594,1
032,112025,3339881,12,7404,3,2,3339881,0,1,1,1,3339881,01/03/2003,QB1AM1AW02A0025,1,EQBT_SSEE_3219590,1
032,112025,3339888,12,7404,3,2,3339888,0,1,1,1,3339888,01/03/2003,QB1AM1AW02A0030,1,EQBT_SSEE_3218766,1
032,112025,3339902,12,7404,3,2,3339902,0,1,1,1,3339902,01/03/2003,QB1AM1AW02A0050,1,EQBT_SSEE_3217926,1
032,112025,3339909,12,7404,3,2,3339909,0,1,1,1,3339909,01/03/2003,QB1AM1AW02A0030,1,EQBT_SSEE_3219866,1
032,112025,3339916,12,7404,3,2,3339916,0,1,1,1,3339916,01/03/2003,QB1AM1AW02A0010,1,EQBT_SSEE_3221862,1
032,112025,3339923,12,7404,3,2,3339923,0,1,1,1,3339923,01/03/2003,QB3AM3AW03A0125,1,EQBT_SSEE_3225362,1
032,112025,3339930,12,7404,3,2,3339930,0,1,1,1,3339930,01/03/2003,QB1AM1AW02A0010,1,EQBT_SSEE_3226230,1
032,112025,3339944,12,7404,3,2,3339944,0,1,1,1,3339944,01/03/2003,QB1AM1AW02A0030,1,EQBT_SSEE_3219110,1
032,112025,3339951,12,7404,3,2,3339951,0,1,1,1,3339951,01/03/2003,QB1AM1AW02A0025,1,EQBT_SSEE_3219114,1
032,112025,3339972,12,7404,3,2,3339972,0,1,1,1,3339972,01/03/2003,QB3AM3AW03A0016,1,EQBT_SSEE_3220706,1
032,112025,3339979,12,7403,3,2,3339979,0,1,1,1,3339979,01/03/2003,QB3AM3AW03A0070,1,EQBT_SSEE_3220710,1
032,112025,3339986,12,7404,3,2,3339986,0,1,1,1,3339986,01/03/2003,QB1AM1AW02A0010,1,EQBT_SSEE_3226630,1
032,112025,3339993,12,7404,3,2,3339993,0,1,1,1,3339993,01/03/2003,QB1AM1AW02A0025,1,EQBT_SSEE_3218138,1
032,112025,3340000,12,7404,3,2,3340000,0,1,1,1,3340000,01/03/2003,QB1AM1AW02A0025,1,EQBT_SSEE_3220410,1
032,112025,3340007,12,7405,3,2,3340007,0,1,1,1,3340007,01/03/2003,QB1AM1AW02A0050,1,EQBT_SSEE_3223854,1
032,112025,3340014,12,7405,3,2,3340014,0,1,1,1,3340014,01/03/2003,QB1AM1AW02A0080,1,EQBT_SSEE_3223682,1
032,112025,3340028,12,7405,3,2,3340028,0,1,1,1,3340028,01/03/2003,QB1AM1AW02A0050,1,EQBT_SSEE_3218150,1
032,112025,3340035,12,7404,3,2,3340035,0,1,1,1,3340035,01/03/2003,QB1AM1AW02A0080,1,EQBT_SSEE_3218130,1
032,112025,3340042,12,7404,3,2,3340042,0,1,1,1,3340042,01/03/2003,QB1AM1AW02A0063,1,EQBT_SSEE_3224046,1
032,112025,3340049,12,7404,3,2,3340049,0,1,1,1,3340049,01/03/2003,QB1AM1AW02A0063,1,EQBT_SSEE_3218706,1
032,112025,3340056,12,7405,3,2,3340056,0,1,1,1,3340056,01/03/2003,QB3AM3AW03A0125,1,EQBT_SSEE_3227450,1
032,112025,3340063,12,7405,3,2,3340063,0,4,1,1,3340063,01/03/2003,QB3AM3AW03A0050,1,EQBT_SSEE_3223074,1
032,112025,3340070,12,7405,3,2,3340070,0,4,1,1,3340070,01/03/2003,QB3AM3AW03A0040,1,EQBT_SSEE_3221338,1
032,112025,3340091,12,7405,3,2,3340091,0,1,1,1,3340091,01/03/2003,QB3AM3AW03A0016,1,EQBT_SSEE_3221610,1
032,112025,3340098,12,7405,3,2,3340098,0,1,1,1,3340098,01/03/2003,QB1AM1AW02A0063,1,EQBT_SSEE_3227454,1
032,112025,3340112,12,7405,3,2,3340112,0,1,1,1,3340112,01/03/2003,QB3AM3AW03A0063,1,EQBT_SSEE_3225802,1
032,112025,3340119,12,7405,3,2,3340119,0,1,1,1,3340119,01/03/2003,QB3AM3AW03A0125,1,EQBT_SSEE_3218770,1
032,112025,3340126,12,7404,3,2,3340126,0,1,1,1,3340126,01/03/2003,QB1AM1AW02A0025,1,EQBT_SSEE_3222034,1
032,112025,3340133,12,7405,3,2,3340133,0,1,1,1,3340133,01/03/2003,QB1AM1AW02A0025,1,EQBT_SSEE_3218926,1
032,112025,3340140,12,7405,3,2,3340140,0,1,1,1,3340140,01/03/2003,QB1AM1AW02A0015,1,EQBT_SSEE_3220986,1
032,112025,3340154,12,7405,3,2,3340154,0,1,1,1,3340154,01/03/2003,QB1AM1AW02A0070,1,EQBT_SSEE_3224242,1
032,112025,3340161,12,7405,3,2,3340161,0,1,1,1,3340161,01/03/2003,QB1AM1AW02A0015,1,EQBT_SSEE_3226506,1
032,112025,3340168,12,7405,3,2,3340168,0,1,1,1,3340168,01/03/2003,QB1AM1AW02A0063,1,EQBT_SSEE_3218902,1
032,112025,3340175,12,7404,3,2,3340175,0,1,1,1,3340175,01/03/2003,QB1AM1AW02A0063,1,EQBT_SSEE_3218906,1
032,112025,3340182,12,7404,3,2,3340182,0,1,1,1,3340182,01/03/2003,QB1AM1AW02A0063,1,EQBT_SSEE_3221598,1
032,112025,3340189,12,7404,3,2,3340189,0,1,1,1,3340189,01/03/2003,QB1AM1AW02A0070,1,EQBT_SSEE_3218910,1
032,112025,3340203,12,7404,3,2,3340203,0,1,1,1,3340203,01/03/2003,QB1AM1AW02A0050,1,EQBT_SSEE_3225990,1
032,112025,3340210,12,7404,3,2,3340210,0,1,1,1,3340210,01/03/2003,QB1AM1AW02A0025,1,EQBT_SSEE_3218914,1
032,112025,3340217,12,7404,3,2,3340217,0,1,1,1,3340217,01/03/2003,QB1AM1AW02A0080,1,EQBT_SSEE_3220218,1
032,112025,3340224,12,7404,3,2,3340224,0,1,1,1,3340224,01/03/2003,QB1AM1AW02A0080,1,EQBT_SSEE_3218894,1
032,112025,3340238,12,7404,3,2,3340238,0,1,1,1,3340238,01/03/2003,QB3AM3AW03A0050,1,EQBT_SSEE_3223278,1
032,112025,3340245,12,7404,3,2,3340245,0,4,1,1,3340245,01/03/2003,QB1AM1AW02A0010,1,EQBT_SSEE_3223362,1
032,112025,3340252,12,7404,3,2,3340252,0,1,1,1,3340252,01/03/2003,QB1AM1AW02A0030,1,EQBT_SSEE_3225298,1
032,112025,3340259,12,7404,3,2,3340259,0,1,1,1,3340259,01/03/2003,QB1AM1AW02A0063,1,EQBT_SSEE_3222790,1
032,112025,3340266,12,7404,3,2,3340266,0,1,1,1,3340266,01/03/2003,QB1AM1AW02A0025,1,EQBT_SSEE_3223010,1
032,112025,3340273,12,7404,3,2,3340273,0,1,1,1,3340273,01/03/2003,QB1AM1AW02A0015,1,EQBT_SSEE_3226438,1
032,112025,3340280,12,7405,3,2,3340280,0,1,1,1,3340280,01/03/2003,QB1AM1AW02A0090,1,EQBT_SSEE_3226778,1
032,112025,3340287,12,7404,3,2,3340287,0,1,1,1,3340287,01/03/2003,QB1AM1AW02A0050,1,EQBT_SSEE_3220790,1
032,112025,3340294,12,7404,3,2,3340294,0,1,1,1,3340294,01/03/2003,QB1AM1AW02A0025,1,EQBT_SSEE_3221954,1
032,112025,3340301,12,7404,3,2,3340301,0,1,1,1,3340301,01/03/2003,QB1AM1AW02A0040,1,EQBT_SSEE_3223730,1
032,112025,3340308,12,7404,3,2,3340308,0,1,1,1,3340308,01/03/2003,QB1AM1AW02A0030,1,EQBT_SSEE_3219266,1
032,112025,3340315,12,7404,3,2,3340315,0,1,1,1,3340315,01/03/2003,QB1AM1AW02A0025,1,EQBT_SSEE_3221438,1
032,112025,3340322,12,7404,3,2,3340322,0,1,1,1,3340322,01/03/2003,QB1AM1AW02A0063,1,EQBT_SSEE_3218898,1
032,112025,3340336,12,7404,3,2,3340336,0,1,1,1,3340336,01/03/2003,QB1AM1AW02A0050,1,EQBT_SSEE_3220230,1
032,112025,3340343,12,7404,3,2,3340343,0,1,1,1,3340343,01/03/2003,QB1AM1AW02A0025,1,EQBT_SSEE_3226674,1
032,112025,3340350,12,7404,3,2,3340350,0,1,1,1,3340350,01/03/2003,QB1AM1AW02A0025,1,EQBT_SSEE_3220554,1
032,112025,3340357,12,7404,3,2,3340357,0,1,1,1,3340357,01/03/2003,QB1AM1AW02A0100,1,EQBT_SSEE_3222214,1
032,112025,3340378,12,7404,3,2,3340378,0,1,1,1,3340378,01/03/2003,QB1AM1AW02A0025,1,EQBT_SSEE_3225038,1
032,112025,3340385,12,7404,3,2,3340385,0,1,1,1,3340385,01/03/2003,QB1AM1AW02A0015,1,EQBT_SSEE_3221502,1
032,112025,3340392,12,7404,3,2,3340392,0,1,1,1,3340392,01/03/2003,QB1AM1AW02A0015,1,EQBT_SSEE_3221506,1
032,112025,3340399,12,7404,3,2,3340399,0,1,1,1,3340399,01/03/2003,QB1AM1AW02A0015,1,EQBT_SSEE_3218118,1
032,112025,3340406,12,7404,3,2,3340406,0,4,1,1,3340406,01/03/2003,QB3AM3AW03A0125,1,EQBT_SSEE_3220762,1
032,112025,3340420,12,7404,3,2,3340420,0,1,1,1,3340420,01/03/2003,QB3AM3AW03A0040,1,EQBT_SSEE_3218122,1
032,112025,3340427,12,7404,3,2,3340427,0,1,1,1,3340427,01/03/2003,QB1AM1AW02A0050,1,EQBT_SSEE_3224906,1
032,112025,3340434,12,7404,3,2,3340434,0,1,1,1,3340434,01/03/2003,QB1AM1AW02A0050,1,EQBT_SSEE_3224902,1
032,112025,3340441,12,7404,3,2,3340441,0,1,1,1,3340441,01/03/2003,QB1AM1AW02A0030,1,EQBT_SSEE_3227298,1
032,112025,3340462,12,7404,3,2,3340462,0,1,1,1,3340462,01/03/2003,QB3AM3AW03A0070,1,EQBT_SSEE_3218114,1
032,112025,3340469,12,7404,3,2,3340469,0,1,1,1,3340469,01/03/2003,QB3AM3AW03A0100,1,EQBT_SSEE_3218738,1
032,112025,3340476,12,7404,3,2,3340476,0,1,1,1,3340476,01/03/2003,QB1AM1AW02A0040,1,EQBT_SSEE_3220814,1
032,112025,3340483,12,7404,3,2,3340483,0,1,1,1,3340483,01/03/2003,QB1AM1AW02A0030,1,EQBT_SSEE_3221854,1
032,112025,3340490,12,7404,3,2,3340490,0,1,1,1,3340490,01/03/2003,QB1AM1AW02A0030,1,EQBT_SSEE_3221858,1
032,112025,3340497,12,7404,3,2,3340497,0,1,1,1,3340497,01/03/2003,QB1AM1AW02A0015,1,EQBT_SSEE_3227258,1
032,112025,3340504,12,7404,3,2,3340504,0,1,1,1,3340504,01/03/2003,QB1AM1AW02A0015,1,EQBT_SSEE_3226978,1
032,112025,3340511,12,7404,3,2,3340511,0,1,1,1,3340511,01/03/2003,QB1AM1AW02A0015,1,EQBT_SSEE_3227294,1
032,112025,3340518,12,7404,3,2,3340518,0,1,1,1,3340518,01/03/2003,QB1AM1AW02A0015,1,EQBT_SSEE_3227290,1
032,112025,3340525,12,7404,3,2,3340525,0,1,1,1,3340525,01/03/2003,QB1AM1AW02A0030,1,EQBT_SSEE_3227146,1
032,112025,3340532,12,7404,3,2,3340532,0,1,1,1,3340532,01/03/2003,QB1AM1AW02A0015,1,EQBT_SSEE_3220550,1
032,112025,3340539,12,7404,3,2,3340539,0,1,1,1,3340539,01/03/2003,QB1AM1AW02A0030,1,EQBT_SSEE_3220542,1
032,112025,3340546,12,7404,3,2,3340546,0,1,1,1,3340546,01/03/2003,QB1AM1AW02A0040,1,EQBT_SSEE_3220546,1
032,112025,3340553,12,7404,3,2,3340553,0,1,1,1,3340553,01/03/2003,QB1AM1AW02A0025,1,EQBT_SSEE_3223542,1
032,112025,3340567,12,7404,3,2,3340567,0,1,1,1,3340567,01/03/2003,QB1AM1AW02A0030,1,EQBT_SSEE_3226550,1
032,112025,3340581,12,7404,3,2,3340581,0,1,1,1,3340581,01/03/2003,QB1AM1AW02A0025,1,EQBT_SSEE_3218134,1
032,112025,3340588,12,8416,3,2,3340588,0,1,1,1,3340588,01/09/2005,QB1AM1AW02A0025,1,EQBT_SSEE_3224770,1
032,112025,3340595,12,7404,3,2,3340595,0,1,1,1,3340595,01/07/2005,QB1AM1AW02A0025,1,EQBT_SSEE_3224682,1
032,112025,3340602,12,7404,3,2,3340602,0,1,1,1,3340602,01/09/2005,QB1AM1AW02A0015,1,EQBT_SSEE_3224790,1
032,112025,3340609,12,7405,3,2,3340609,0,1,1,1,3340609,01/03/2003,QB1AM1AW02A0050,1,EQBT_SSEE_3224638,1
032,112025,3340616,12,7404,3,2,3340616,0,1,1,1,3340616,01/03/2003,QB1AM1AW02A0030,1,EQBT_SSEE_3220022,1
032,112025,3340623,12,7404,3,2,3340623,0,1,1,1,3340623,01/03/2003,QB1AM1AW02A0025,1,EQBT_SSEE_3221286,1
032,112025,3340630,12,7404,3,2,3340630,0,1,1,1,3340630,01/03/2003,QB1AM1AW02A0040,1,EQBT_SSEE_3221290,1
032,112025,3340637,12,7404,3,2,3340637,0,1,1,1,3340637,01/03/2003,QB1AM1AW02A0040,1,EQBT_SSEE_3220178,1
032,112025,3340644,12,7404,3,2,3340644,0,1,1,1,3340644,01/03/2003,QB1AM1AW02A0025,1,EQBT_SSEE_3224950,1
032,112025,3340651,12,7404,3,2,3340651,0,1,1,1,3340651,01/03/2003,QB1AM1AW02A0063,1,EQBT_SSEE_3220138,1
032,112025,3340658,12,7404,3,2,3340658,0,1,1,1,3340658,01/03/2003,QB1AM1AW02A0040,1,EQBT_SSEE_3220134,1
032,112025,3340672,12,7404,3,2,3340672,0,1,1,1,3340672,01/03/2003,QB1AM1AW02A0025,1,EQBT_SSEE_3218074,1
032,112025,3340679,12,7404,3,2,3340679,0,1,1,1,3340679,01/03/2003,QB1AM1AW02A0015,1,EQBT_SSEE_3225942,1
032,112025,3340693,12,7404,3,2,3340693,0,1,1,1,3340693,01/03/2003,QB1AM1AW02A0050,1,EQBT_SSEE_3226526,1
032,112025,3340707,12,7404,3,2,3340707,0,1,1,1,3340707,01/03/2003,QB1AM1AW02A0030,1,EQBT_SSEE_3221566,1
032,112025,3340714,12,7404,3,2,3340714,0,1,1,1,3340714,01/03/2003,QB1AM1AW02A0063,1,EQBT_SSEE_3218094,1
032,112025,3340721,12,7404,3,2,3340721,0,1,1,1,3340721,01/03/2003,QB1AM1AW02A0080,1,EQBT_SSEE_3226386,1
032,112025,3340728,12,7404,3,2,3340728,0,1,1,1,3340728,01/03/2003,QB3AM3AW03A0025,1,EQBT_SSEE_3227674,1
032,112025,3340735,12,7404,3,2,3340735,0,1,1,1,3340735,01/03/2003,QB3AM3AW03A0016,1,EQBT_SSEE_3221558,1
032,112025,3340749,12,7404,3,2,3340749,0,1,1,1,3340749,01/03/2003,QB3AM3AW03A0040,1,EQBT_SSEE_3225358,1
032,112025,3340756,12,7404,3,2,3340756,0,1,1,1,3340756,01/03/2003,QB1AM1AW02A0040,1,EQBT_SSEE_3218082,1
032,112025,3340763,12,7404,3,2,3340763,0,1,1,1,3340763,01/03/2003,QB1AM1AW02A0050,1,EQBT_SSEE_3218090,1
032,112025,3340770,12,7404,3,2,3340770,0,1,1,1,3340770,01/03/2003,QB1AM1AW02A0010,1,EQBT_SSEE_3225162,1
032,112025,3340777,12,7404,3,2,3340777,0,1,1,1,3340777,01/03/2003,QB1AM1AW02A0030,1,EQBT_SSEE_3220562,1
032,112025,3340791,12,7404,3,2,3340791,0,1,1,1,3340791,01/03/2003,QB3AM3AW03A0150,1,EQBT_SSEE_3224654,1
032,112025,3340798,12,7404,3,2,3340798,0,1,1,1,3340798,01/03/2003,QB3AM3AW03A0150,1,EQBT_SSEE_3223750,1
032,112025,3340805,12,7404,3,2,3340805,0,1,1,1,3340805,01/03/2003,QB1AM1AW02A0070,1,EQBT_SSEE_3220982,1
032,112025,3340826,12,7404,3,2,3340826,0,1,1,1,3340826,01/03/2003,QB3AM3AW03A0063,1,EQBT_SSEE_3223302,1
032,112025,3340833,12,7404,3,2,3340833,0,1,1,1,3340833,01/03/2003,QB3AM3AW03A0150,1,EQBT_SSEE_3227542,1
032,112025,3340840,12,7404,3,2,3340840,0,1,1,1,3340840,01/03/2003,QB3AM3AW03A0025,1,EQBT_SSEE_3218798,1
032,112025,3340847,12,7404,3,2,3340847,0,1,1,1,3340847,01/03/2003,QB3AM3AW03A0025,1,EQBT_SSEE_3227538,1
032,112025,3340854,12,7404,3,2,3340854,0,1,1,1,3340854,01/03/2003,QB3AM3AW03A0025,1,EQBT_SSEE_3221554,1
032,112025,3340861,12,7404,3,2,3340861,0,4,1,1,3340861,01/03/2003,QB3AM3AW03A0150,1,EQBT_SSEE_3222738,1
032,112025,3340868,12,7404,3,2,3340868,0,1,1,1,3340868,01/03/2003,QB1AM1AW02A0025,1,EQBT_SSEE_3225210,1
032,112025,3340875,12,7404,3,2,3340875,0,1,1,1,3340875,01/03/2003,QB3AM3AW03A0025,1,EQBT_SSEE_3217894,1
032,112025,3340889,12,7404,3,2,3340889,0,4,1,1,3340889,01/03/2003,QB3AM3AW03A0150,1,EQBT_SSEE_3221530,1
032,112025,3340896,12,7404,3,2,3340896,0,1,1,1,3340896,01/03/2003,QB3AM3AW03A0050,1,EQBT_SSEE_3217890,1
032,112025,3340903,12,7404,3,2,3340903,0,1,1,1,3340903,01/03/2003,QB1AM1AW02A0015,1,EQBT_SSEE_3217906,1
032,112025,3340910,12,7403,3,2,3340910,0,1,1,1,3340910,01/03/2003,QB1AM1AW02A0070,1,EQBT_SSEE_3222778,1
032,112025,3340917,12,7403,3,2,3340917,0,1,1,1,3340917,01/03/2003,QB1AM1AW02A0070,1,EQBT_SSEE_3223634,1
032,112025,3340924,12,7403,3,2,3340924,0,1,1,1,3340924,01/03/2003,QB1AM1AW02A0025,1,EQBT_SSEE_3225062,1
032,112025,3340931,12,7404,3,2,3340931,0,1,1,1,3340931,01/03/2003,QB1AM1AW02A0015,1,EQBT_SSEE_3222206,1
032,112025,3340938,12,7403,3,2,3340938,0,1,1,1,3340938,01/03/2003,QB1AM1AW02A0050,1,EQBT_SSEE_3226990,1
032,112025,3340945,12,7404,3,2,3340945,0,1,1,1,3340945,01/03/2003,QB1AM1AW02A0050,1,EQBT_SSEE_3218146,1
032,112025,3340952,12,7404,3,2,3340952,0,1,1,1,3340952,01/03/2003,QB1AM1AW02A0050,1,EQBT_SSEE_3222990,1
032,112025,3340959,12,7404,3,2,3340959,0,1,1,1,3340959,01/03/2003,QB1AM1AW02A0040,1,EQBT_SSEE_3223762,1
032,112025,3340966,12,7404,3,2,3340966,0,1,1,1,3340966,01/03/2003,QB1AM1AW02A0010,1,EQBT_SSEE_3220738,1
032,112025,3340973,12,7404,3,2,3340973,0,1,1,1,3340973,01/03/2003,QB1AM1AW02A0070,1,EQBT_SSEE_3225418,1
032,112025,3340980,12,7404,3,2,3340980,0,1,1,1,3340980,01/03/2003,QB1AM1AW02A0025,1,EQBT_SSEE_3225374,1
032,112025,3340987,12,7404,3,2,3340987,0,1,1,1,3340987,01/03/2003,QB1AM1AW02A0025,1,EQBT_SSEE_3221302,1
032,112025,3340994,12,7404,3,2,3340994,0,1,1,1,3340994,01/03/2003,QB1AM1AW02A0050,1,EQBT_SSEE_3221238,1
032,112025,3341001,12,7404,3,2,3341001,0,1,1,1,3341001,01/03/2003,QB1AM1AW02A0015,1,EQBT_SSEE_3221242,1
032,112025,3341008,12,7404,3,2,3341008,0,1,1,1,3341008,01/03/2003,QB1AM1AW02A0015,1,EQBT_SSEE_3221246,1
032,112025,3341015,12,7404,3,2,3341015,0,1,1,1,3341015,01/03/2003,QB1AM1AW02A0030,1,EQBT_SSEE_3221250,1
032,112025,3341022,12,7404,3,2,3341022,0,1,1,1,3341022,01/03/2003,QB1AM1AW02A0050,1,EQBT_SSEE_3221254,1
032,112025,3341029,12,7404,3,2,3341029,0,1,1,1,3341029,01/03/2003,QB1AM1AW02A0015,1,EQBT_SSEE_3221258,1
032,112025,3341036,12,7404,3,2,3341036,0,1,1,1,3341036,01/03/2003,QB1AM1AW02A0015,1,EQBT_SSEE_3223726,1
032,112025,3341043,12,7404,3,2,3341043,0,1,1,1,3341043,01/03/2003,QB1AM1AW02A0015,1,EQBT_SSEE_3222202,1
032,112025,3341050,12,7404,3,2,3341050,0,1,1,1,3341050,01/03/2003,QB1AM1AW02A0015,1,EQBT_SSEE_3222198,1
032,112025,3341057,12,7404,3,2,3341057,0,1,1,1,3341057,01/03/2003,QB1AM1AW02A0025,1,EQBT_SSEE_3226822,1
032,112025,3341064,12,7404,3,2,3341064,0,1,1,1,3341064,01/03/2003,QB1AM1AW02A0040,1,EQBT_SSEE_3226826,1
032,112025,3341071,12,7403,3,2,3341071,0,1,1,1,3341071,01/03/2003,QB1AM1AW02A0080,1,EQBT_SSEE_3226926,1
032,112025,3341078,12,7403,3,2,3341078,0,1,1,1,3341078,01/07/2004,QB1AM1AW02A0030,1,EQBT_SSEE_3224354,1
032,112025,3341085,12,7403,3,2,3341085,0,1,1,1,3341085,01/07/2004,QB1AM1AW02A0030,1,EQBT_SSEE_3224350,1
032,112025,3341092,12,7403,3,2,3341092,0,1,1,1,3341092,01/07/2004,QB1AM1AW02A0030,1,EQBT_SSEE_3224386,1
032,112025,3341099,12,7403,3,2,3341099,0,1,1,1,3341099,01/07/2004,QB1AM1AW02A0015,1,EQBT_SSEE_3224358,1
032,112025,3341106,12,7403,3,2,3341106,0,1,1,1,3341106,01/12/2004,QB1AM1AW02A0025,1,EQBT_SSEE_3224658,1
032,112025,3341113,12,7403,3,2,3341113,0,1,1,1,3341113,01/12/2004,QB1AM1AW02A0025,1,EQBT_SSEE_3224670,1
032,112025,3341120,12,7403,3,2,3341120,0,1,1,1,3341120,01/12/2004,QB1AM1AW02A0025,1,EQBT_SSEE_3224666,1
032,112025,3341127,12,7403,3,2,3341127,0,1,1,1,3341127,01/12/2004,QB1AM1AW02A0025,1,EQBT_SSEE_3224674,1
032,112025,3341134,12,7403,3,2,3341134,0,1,1,1,3341134,01/12/2004,QB1AM1AW02A0025,1,EQBT_SSEE_3224662,1
032,112025,3341148,12,7404,3,2,3341148,0,1,1,1,3341148,01/03/2003,QB1AM1AW02A0025,1,EQBT_SSEE_3219230,1
032,112025,3341155,12,7403,3,2,3341155,0,1,1,1,3341155,01/03/2003,QB1AM1AW02A0025,1,EQBT_SSEE_3224414,1
032,112025,3341162,12,7403,3,2,3341162,0,1,1,1,3341162,01/03/2003,QB1AM1AW02A0030,1,EQBT_SSEE_3221546,1
032,112025,3341169,12,7403,3,2,3341169,0,1,1,1,3341169,01/03/2003,QB1AM1AW02A0050,1,EQBT_SSEE_3227734,1
032,112025,3341176,12,7403,3,2,3341176,0,1,1,1,3341176,01/03/2003,QB1AM1AW02A0025,1,EQBT_SSEE_3227738,1
032,112025,3341183,12,7403,3,2,3341183,0,1,1,1,3341183,01/03/2003,QB1AM1AW02A0025,1,EQBT_SSEE_3227742,1
032,112025,3341190,12,7404,3,2,3341190,0,1,1,1,3341190,01/03/2003,QB1AM1AW02A0025,1,EQBT_SSEE_3218142,1
032,112025,3341197,12,7404,3,2,3341197,0,1,1,1,3341197,01/03/2003,QB1AM1AW02A0030,1,EQBT_SSEE_3220402,1
032,112025,3341204,12,7403,3,2,3341204,0,1,1,1,3341204,01/12/2004,QB1AM1AW02A0030,1,EQBT_SSEE_3224374,1
032,112025,3341211,12,7403,3,2,3341211,0,1,1,1,3341211,01/03/2003,QB1AM1AW02A0040,1,EQBT_SSEE_3224994,1
032,112025,3341218,12,7403,3,2,3341218,0,1,1,1,3341218,01/03/2003,QB1AM1AW02A0070,1,EQBT_SSEE_3218742,1
032,112025,3341225,12,7403,3,2,3341225,0,1,1,1,3341225,01/03/2003,QB1AM1AW02A0040,1,EQBT_SSEE_3224370,1
032,112025,3341232,12,7403,3,2,3341232,0,1,1,1,3341232,01/03/2003,QB1AM1AW02A0040,1,EQBT_SSEE_3224366,1
032,112025,3341239,12,7403,3,2,3341239,0,1,1,1,3341239,01/03/2003,QB1AM1AW02A0040,1,EQBT_SSEE_3224362,1
032,112025,3341246,12,7403,3,2,3341246,0,1,1,1,3341246,01/03/2003,QB1AM1AW02A0040,1,EQBT_SSEE_3224378,1
032,112025,3341253,12,7403,3,2,3341253,0,1,1,1,3341253,01/03/2003,QB1AM1AW02A0030,1,EQBT_SSEE_3219082,1
032,112025,3341260,12,7403,3,2,3341260,0,1,1,1,3341260,01/03/2003,QB1AM1AW02A0015,1,EQBT_SSEE_3220670,1
032,112025,3341267,12,7403,3,2,3341267,0,1,1,1,3341267,01/03/2003,QB1AM1AW02A0025,1,EQBT_SSEE_3220674,1
032,112025,3341274,12,7403,3,2,3341274,0,1,1,1,3341274,01/03/2003,QB1AM1AW02A0025,1,EQBT_SSEE_3224410,1
032,112025,3341281,12,7405,3,2,3341281,0,4,1,1,3341281,01/01/2005,QB3AM3AW03A0100,1,EQBT_SSEE_3224730,1
032,112025,3341288,12,7404,3,2,3341288,0,1,1,1,3341288,01/03/2003,QB1AM1AW02A0063,1,EQ_BT_SED1088,1
032,112025,3341295,12,7404,3,2,3341295,0,4,1,1,3341295,01/03/2003,QB3AM3AW03A0070,1,EQBT_SSEE_3223358,1
032,112025,3341302,12,7404,3,2,3341302,0,1,1,1,3341302,01/03/2003,QB3AM3AW03A0030,1,EQBT_SSEE_3222982,1
032,112025,3341316,12,7404,3,2,3341316,0,1,1,1,3341316,01/03/2003,QB3AM3AW03A0063,1,EQBT_SSEE_3227242,1
032,112025,3341323,12,7404,3,2,3341323,0,4,1,1,3341323,01/03/2003,QB3AM3AW03A0050,1,EQBT_SSEE_3223626,1
032,112025,3341330,12,7404,3,2,3341330,0,1,1,1,3341330,01/03/2003,QB1AM1AW02A0015,1,EQBT_SSEE_3220198,1
032,112025,3341337,12,7404,3,2,3341337,0,1,1,1,3341337,01/03/2003,QB3AM3AW03A0030,1,EQBT_SSEE_3220146,1
032,112025,3341344,12,7404,3,2,3341344,0,1,1,1,3341344,01/03/2003,QB3AM3AW03A0063,1,EQBT_SSEE_3221990,1
032,112025,3341358,12,7404,3,2,3341358,0,1,1,1,3341358,01/03/2003,QB1AM1AW02A0025,1,EQBT_SSEE_3226378,1
032,112025,3341365,12,7405,3,2,3341365,0,1,1,1,3341365,01/03/2003,QB1AM1AW02A0050,1,EQBT_SSEE_3221946,1
032,112025,3341386,12,7405,3,2,3341386,0,4,1,1,3341386,01/03/2003,QB3AM3AW03A0040,1,EQBT_SSEE_3225290,1
032,112025,3341393,12,7405,3,2,3341393,0,1,1,1,3341393,01/03/2003,QB3AM3AW03A0070,1,EQBT_SSEE_3218054,1
032,112025,3341400,12,7405,3,2,3341400,0,1,1,1,3341400,01/03/2003,QB1AM1AW02A0030,1,EQBT_SSEE_3223006,1
032,112025,3341407,12,7405,3,2,3341407,0,4,1,1,3341407,01/03/2003,QB3AM3AW03A0125,1,EQBT_SSEE_3219710,1
032,112025,3341414,12,7404,3,2,3341414,0,1,1,1,3341414,01/03/2003,QB3AM3AW03A0025,1,EQBT_SSEE_3226834,1
032,112025,3341421,12,7404,3,2,3341421,0,1,1,1,3341421,01/03/2003,QB1AM1AW02A0025,1,EQBT_SSEE_3218046,1
032,112025,3341428,12,7404,3,2,3341428,0,1,1,1,3341428,01/03/2003,QB3AM3AW03A0150,1,EQBT_SSEE_3224482,1
032,112025,3341435,12,7404,3,2,3341435,0,1,1,1,3341435,01/03/2003,QB1AM1AW02A0025,1,EQBT_SSEE_3225390,1
032,112025,3341442,12,7404,3,2,3341442,0,1,1,1,3341442,01/03/2003,QB3AM3AW03A0050,1,EQBT_SSEE_3225118,1
032,112025,3341449,12,7404,3,2,3341449,0,4,1,1,3341449,01/12/2004,QB3AM3AW03A0070,1,EQBT_SSEE_3224766,1
032,112025,3341456,12,7404,3,2,3341456,0,1,1,1,3341456,01/03/2003,QB1AM1AW02A0050,1,EQBT_SSEE_3221282,1
032,112025,3341463,12,7405,3,2,3341463,0,1,1,1,3341463,01/03/2003,QB1AM1AW02A0025,1,EQBT_SSEE_3226442,1
032,112025,3341470,12,7405,3,2,3341470,0,4,1,1,3341470,01/03/2003,QB3AM3AW03A0100,1,EQBT_SSEE_3219986,1
032,112025,3341477,12,7405,3,2,3341477,0,1,1,1,3341477,01/03/2003,QB3AM3AW03A0025,1,EQBT_SSEE_3218050,1
032,112025,3341484,12,7405,3,2,3341484,0,1,1,1,3341484,01/03/2003,QB3AM3AW03A0040,1,EQBT_SSEE_3220118,1
032,112025,3341491,12,7405,3,2,3341491,0,1,1,1,3341491,01/03/2003,QB1AM1AW02A0050,1,EQBT_SSEE_3220258,1
032,112025,3341498,12,7405,3,2,3341498,0,4,1,1,3341498,01/03/2003,QB3AM3AW03A0040,1,EQBT_SSEE_3221330,1
032,112025,3341505,12,7405,3,2,3341505,0,1,1,1,3341505,01/03/2003,QB1AM1AW02A0050,1,EQBT_SSEE_3223690,1
032,112025,3341512,12,7405,3,2,3341512,0,1,1,1,3341512,01/03/2003,QB1AM1AW02A0080,1,EQBT_SSEE_3222714,1
032,112025,3341519,12,7405,3,2,3341519,0,1,1,1,3341519,01/03/2003,QB3AM3AW03A0010,1,EQBT_SSEE_3224894,1
032,112025,3341526,12,7405,3,2,3341526,0,1,1,1,3341526,01/03/2003,QB1AM1AW02A0063,1,EQBT_SSEE_3221434,1
032,112025,3341533,12,7405,3,2,3341533,0,4,1,1,3341533,01/03/2003,QB3AM3AW03A0030,1,EQBT_SSEE_3224406,1
032,112025,3341540,12,7405,3,2,3341540,0,1,1,1,3341540,01/03/2003,QB1AM1AW02A0015,1,EQBT_SSEE_3227694,1
032,112025,3341547,12,7405,3,2,3341547,0,1,1,1,3341547,01/03/2003,QB1AM1AW02A0015,1,EQBT_SSEE_3224214,1
032,112025,3341554,12,7405,3,2,3341554,0,1,1,1,3341554,01/03/2003,QB1AM1AW02A0015,1,EQBT_SSEE_3224210,1
032,112025,3341561,12,7405,3,2,3341561,0,1,1,1,3341561,01/03/2003,QB1AM1AW02A0100,1,EQBT_SSEE_3218066,1
032,112025,3341568,12,7405,3,2,3341568,0,1,1,1,3341568,01/03/2003,QB1AM1AW02A0050,1,EQBT_SSEE_3220538,1
032,112025,3341575,12,7405,3,2,3341575,0,1,1,1,3341575,01/03/2003,QB3AM3AW03A0040,1,EQBT_SSEE_3226510,1
032,112025,3341582,12,7405,3,2,3341582,0,1,1,1,3341582,01/03/2003,QB3AM3AW03A0040,1,EQBT_SSEE_3221994,1
032,112025,3341589,12,7405,3,2,3341589,0,1,1,1,3341589,01/03/2003,QB1AM1AW02A0040,1,EQBT_SSEE_3226642,1
032,112025,3341596,12,7405,3,2,3341596,0,1,1,1,3341596,01/03/2003,QB3AM3AW03A0016,1,EQBT_SSEE_3225070,1
032,112025,3341617,12,7405,3,2,3341617,0,1,1,1,3341617,01/03/2003,QB1AM1AW02A0030,1,EQBT_SSEE_3225766,1
032,112025,3341624,12,7405,3,2,3341624,0,1,1,1,3341624,01/03/2003,QB1AM1AW02A0030,1,EQBT_SSEE_3222602,1
032,112025,3341638,12,7405,3,2,3341638,0,1,1,1,3341638,01/03/2003,QB3AM3AW03A0100,1,EQBT_SSEE_3220110,1
032,112025,3341645,12,7405,3,2,3341645,0,1,1,1,3341645,01/03/2003,QB3AM3AW03A0016,1,EQBT_SSEE_3225410,1
032,112025,3341659,12,7405,3,2,3341659,0,1,1,1,3341659,01/03/2003,QB1AM1AW02A0030,1,EQBT_SSEE_3225138,1
032,112025,3341666,12,7405,3,2,3341666,0,1,1,1,3341666,01/03/2003,QB1AM1AW02A0070,1,EQBT_SSEE_3218762,1
032,112025,3341673,12,7405,3,2,3341673,0,1,1,1,3341673,01/03/2003,QB1AM1AW02A0025,1,EQBT_SSEE_3224858,1
032,112025,3341687,12,7405,3,2,3341687,0,1,1,1,3341687,01/03/2003,QB1AM1AW02A0110,1,EQBT_SSEE_3226722,1
032,112025,3341701,12,7405,3,2,3341701,0,1,1,1,3341701,01/03/2003,QB3AM3AW03A0010,1,EQBT_SSEE_3221142,1
032,112025,3341708,12,7405,3,2,3341708,0,1,1,1,3341708,01/03/2003,QB3AM3AW03A0040,1,EQBT_SSEE_3227322,1
032,112025,3341715,12,7405,3,2,3341715,0,1,1,1,3341715,01/03/2003,QB1AM1AW02A0100,1,EQBT_SSEE_3222238,1
032,112025,3341722,12,7405,3,2,3341722,0,1,1,1,3341722,01/11/2004,QB3AM3AW03A0025,1,EQBT_SSEE_3224402,1
032,112025,3341729,12,7405,3,2,3341729,0,1,1,1,3341729,01/03/2003,QB1AM1AW02A0050,1,EQBT_SSEE_3227138,1
032,112025,3341750,12,7405,3,2,3341750,0,1,1,1,3341750,01/03/2003,QB1AM1AW02A0050,1,EQBT_SSEE_3225338,1
032,112025,3341771,12,7405,3,2,3341771,0,1,1,1,3341771,01/03/2003,QB1AM1AW02A0050,1,EQBT_SSEE_3220106,1
032,112025,3341792,12,7405,3,2,3341792,0,4,1,1,3341792,01/03/2003,QB3AM3AW03A0040,1,EQBT_SSEE_3221334,1
032,112025,3341799,12,7405,3,2,3341799,0,1,1,1,3341799,01/03/2003,QB1AM1AW02A0063,1,EQBT_SSEE_3221594,1
032,112025,3341806,12,7405,3,2,3341806,0,1,1,1,3341806,01/03/2003,QB1AM1AW02A0050,1,EQBT_SSEE_3221774,1
032,112025,3341820,12,7405,3,2,3341820,0,1,1,1,3341820,01/03/2003,QB3AM3AW03A0050,1,EQBT_SSEE_3221130,1
032,112025,3341841,12,7405,3,2,3341841,0,1,1,1,3341841,01/03/2003,QB1AM1AW02A0025,1,EQBT_SSEE_3226426,1
032,112025,3341848,12,7405,3,2,3341848,0,1,1,1,3341848,01/03/2003,QB3AM3AW03A0040,1,EQBT_SSEE_3226830,1
032,112025,3341855,12,7405,3,2,3341855,0,1,1,1,3341855,01/03/2003,QB3AM3AW03A0025,1,EQBT_SSEE_3223850,1
032,112025,3341862,12,7405,3,2,3341862,0,1,1,1,3341862,01/03/2003,QB1AM1AW02A0015,1,EQBT_SSEE_3220774,1
032,112025,3341869,12,7405,3,2,3341869,0,4,1,1,3341869,01/03/2003,QB3AM3AW03A0040,1,EQBT_SSEE_3221014,1
032,112025,3341876,12,7405,3,2,3341876,0,4,1,1,3341876,01/03/2003,QB3AM3AW03A0040,1,EQBT_SSEE_3221626,1
032,112025,3341883,12,7405,3,2,3341883,0,1,1,1,3341883,01/03/2003,QB1AM1AW02A0025,1,EQBT_SSEE_3219870,1
032,112025,3341890,12,7405,3,2,3341890,0,1,1,1,3341890,01/03/2003,QB1AM1AW02A0040,1,EQBT_SSEE_3225402,1
032,112025,3341897,12,7405,3,2,3341897,0,1,1,1,3341897,01/03/2003,QB1AM1AW02A0010,1,EQBT_SSEE_3225078,1
032,112025,3341911,12,7405,3,2,3341911,0,1,1,1,3341911,01/03/2003,QB1AM1AW02A0080,1,EQBT_SSEE_3221378,1
032,112025,3341918,12,7405,3,2,3341918,0,1,1,1,3341918,01/03/2003,QB1AM1AW02A0063,1,EQBT_SSEE_3221374,1
032,112025,3341925,12,7405,3,2,3341925,0,1,1,1,3341925,01/03/2003,QB1AM1AW02A0050,1,EQBT_SSEE_3221370,1
032,112025,3341932,12,7405,3,2,3341932,0,1,1,1,3341932,01/03/2003,QB1AM1AW02A0010,1,EQBT_SSEE_3218158,1
032,112025,3341939,12,7405,3,2,3341939,0,1,1,1,3341939,01/03/2003,QB1AM1AW02A0040,1,EQBT_SSEE_3219002,1
032,112025,3341946,12,7405,3,2,3341946,0,1,1,1,3341946,01/03/2003,QB1AM1AW02A0030,1,EQBT_SSEE_3223734,1
032,112025,3341953,12,7405,3,2,3341953,0,1,1,1,3341953,01/03/2003,QB1AM1AW02A0010,1,EQBT_SSEE_3223738,1
032,112025,3341960,12,7405,3,2,3341960,0,1,1,1,3341960,01/03/2003,QB3AM3AW03A0080,1,EQBT_SSEE_3222266,1
032,112025,3341967,12,7405,3,2,3341967,0,1,1,1,3341967,01/03/2003,QB3AM3AW03A0025,1,EQBT_SSEE_3218162,1
032,112025,3341974,12,7405,3,2,3341974,0,4,1,1,3341974,01/03/2003,QB3AM3AW03A0080,1,EQBT_SSEE_3222662,1
032,112025,3341981,12,7405,3,2,3341981,0,1,1,1,3341981,01/03/2003,QB3AM3AW03A0040,1,EQBT_SSEE_3220994,1
032,112025,3341995,12,7405,3,2,3341995,0,1,1,1,3341995,01/03/2003,QB1AM1AW02A0015,1,EQBT_SSEE_3220322,1
032,112025,3342002,12,7405,3,2,3342002,0,1,1,1,3342002,01/03/2003,QB1AM1AW02A0015,1,EQBT_SSEE_3223838,1
032,112025,3342009,12,7405,3,2,3342009,0,1,1,1,3342009,01/03/2003,QB1AM1AW02A0025,1,EQBT_SSEE_3218166,1
032,112025,3342016,12,7405,3,2,3342016,0,1,1,1,3342016,01/03/2003,QB1AM1AW02A0015,1,EQBT_SSEE_3223834,1
032,112025,3342023,12,7405,3,2,3342023,0,1,1,1,3342023,01/03/2003,QB1AM1AW02A0015,1,EQBT_SSEE_3225382,1
032,112025,3342030,12,7405,3,2,3342030,0,1,1,1,3342030,01/03/2003,QB1AM1AW02A0015,1,EQBT_SSEE_3223826,1
032,112025,3342037,12,7405,3,2,3342037,0,1,1,1,3342037,01/03/2003,QB1AM1AW02A0015,1,EQBT_SSEE_3223830,1
032,112025,3342044,12,7405,3,2,3342044,0,1,1,1,3342044,01/03/2003,QB3AM3AW03A0080,1,EQBT_SSEE_3221022,1
032,112025,3342051,12,7405,3,2,3342051,0,1,1,1,3342051,01/03/2003,QB1AM1AW02A0063,1,EQBT_SSEE_3220606,1
032,112025,3342058,12,7405,3,2,3342058,0,1,1,1,3342058,01/03/2003,QB3AM3AW03A0025,1,EQBT_SSEE_3225814,1
032,112025,3342065,12,7405,3,2,3342065,0,1,1,1,3342065,01/03/2003,QB1AM1AW02A0040,1,EQBT_SSEE_3220158,1
032,112025,3342072,12,7405,3,2,3342072,0,1,1,1,3342072,01/03/2003,QB1AM1AW02A0040,1,EQBT_SSEE_3225086,1
032,112025,3342079,12,7405,3,2,3342079,0,1,1,1,3342079,01/03/2003,QB1AM1AW02A0063,1,EQBT_SSEE_3218670,1
032,112025,3342086,12,7405,3,2,3342086,0,1,1,1,3342086,01/03/2003,QB1AM1AW02A0050,1,EQBT_SSEE_3220090,1
032,112025,3342093,12,8409,3,2,3342093,0,4,1,1,3342093,01/09/2005,QB3AM3AW03A0025,1,EQBT_SSEE_3224774,1
032,112025,3342100,12,7405,3,2,3342100,0,1,1,1,3342100,01/03/2003,QB3AM3AW03A0050,1,EQBT_SSEE_3224630,1
032,112025,3342107,12,7405,3,2,3342107,0,1,1,1,3342107,01/03/2003,QB1AM1AW02A0040,1,EQBT_SSEE_3220094,1
032,112025,3342114,12,7405,3,2,3342114,0,1,1,1,3342114,01/03/2003,QB3AM3AW03A0040,1,EQBT_SSEE_3218170,1
032,112025,3342121,12,7405,3,2,3342121,0,1,1,1,3342121,01/03/2003,QB1AM1AW02A0030,1,EQBT_SSEE_3223574,1
032,112025,3342128,12,7405,3,2,3342128,0,4,1,1,3342128,01/03/2003,QB3AM3AW03A0016,1,EQBT_SSEE_3227442,1
032,112025,3342135,12,7405,3,2,3342135,0,1,1,1,3342135,01/03/2003,QB1AM1AW02A0010,1,EQBT_SSEE_3226466,1
032,112025,3342142,12,7405,3,2,3342142,0,1,1,1,3342142,01/03/2003,QB1AM1AW02A0025,1,EQBT_SSEE_3221082,1
032,112025,3342149,12,7405,3,2,3342149,0,1,1,1,3342149,01/03/2003,QB1AM1AW02A0040,1,EQBT_SSEE_3218174,1
032,112025,3342156,12,7405,3,2,3342156,0,1,1,1,3342156,01/03/2003,QB1AM1AW02A0030,1,EQBT_SSEE_3224418,1
032,112025,3342163,12,7405,3,2,3342163,0,1,1,1,3342163,01/03/2003,QB1AM1AW02A0015,1,EQBT_SSEE_3218178,1
032,112025,3342170,12,7405,3,2,3342170,0,1,1,1,3342170,01/03/2003,QB3AM3AW03A0025,1,EQBT_SSEE_3223794,1
032,112025,3342177,12,7405,3,2,3342177,0,4,1,1,3342177,01/03/2003,QB3AM3AW03A0150,1,EQBT_SSEE_3222978,1
032,112025,3342184,12,7405,3,2,3342184,0,1,1,1,3342184,01/03/2003,QB1AM1AW02A0050,1,EQBT_SSEE_3219290,1
032,112025,3342191,12,7405,3,2,3342191,0,1,1,1,3342191,01/03/2003,QB1AM1AW02A0025,1,EQBT_SSEE_3227394,1
032,112025,3342198,12,7405,3,2,3342198,0,4,1,1,3342198,01/03/2003,QB3AM3AW03A0025,1,EQBT_SSEE_3227678,1
032,112025,3342205,12,7405,3,2,3342205,0,1,1,1,3342205,01/03/2003,QB1AM1AW02A0015,1,EQBT_SSEE_3223798,1
032,112025,3342212,12,7405,3,2,3342212,0,1,1,1,3342212,01/03/2003,QB1AM1AW02A0015,1,EQBT_SSEE_3226622,1
032,112025,3342219,12,7405,3,2,3342219,0,1,1,1,3342219,01/03/2003,QB1AM1AW02A0030,1,EQBT_SSEE_3227398,1
032,112025,3342226,12,7405,3,2,3342226,0,1,1,1,3342226,01/03/2003,QB1AM1AW02A0030,1,EQBT_SSEE_3226110,1
032,112025,3342233,12,7405,3,2,3342233,0,1,1,1,3342233,01/03/2003,QB1AM1AW02A0015,1,EQBT_SSEE_3225202,1
032,112025,3342240,12,7405,3,2,3342240,0,1,1,1,3342240,01/03/2003,QB1AM1AW02A0015,1,EQBT_SSEE_3224034,1
032,112025,3342247,12,7405,3,2,3342247,0,1,1,1,3342247,01/03/2003,QB1AM1AW02A0063,1,EQBT_SSEE_3226106,1
032,112025,3342254,12,7405,3,2,3342254,0,1,1,1,3342254,01/03/2003,QB1AM1AW02A0025,1,EQBT_SSEE_3219286,1
032,112025,3342268,12,7405,3,2,3342268,0,1,1,1,3342268,01/03/2003,QB1AM1AW02A0025,1,EQBT_SSEE_3222098,1
032,112025,3342275,12,7405,3,2,3342275,0,1,1,1,3342275,01/03/2003,QB1AM1AW02A0025,1,EQBT_SSEE_3224850,1
032,112025,3342282,12,7405,3,2,3342282,0,1,1,1,3342282,01/03/2003,QB1AM1AW02A0050,1,EQBT_SSEE_3220214,1
032,112025,3342289,12,7405,3,2,3342289,0,1,1,1,3342289,01/03/2003,QB1AM1AW02A0040,1,EQBT_SSEE_3219298,1
032,112025,3342296,12,7405,3,2,3342296,0,1,1,1,3342296,01/03/2003,QB1AM1AW02A0070,1,EQBT_SSEE_3226122,1
032,112025,3342303,12,7405,3,2,3342303,0,4,1,1,3342303,01/03/2003,QB3AM3AW03A0063,1,EQBT_SSEE_3224570,1
032,112025,3342310,12,7405,3,2,3342310,0,1,1,1,3342310,01/03/2003,QB1AM1AW02A0015,1,EQBT_SSEE_3220186,1
032,112025,3342317,12,7405,3,2,3342317,0,1,1,1,3342317,01/03/2003,QB1AM1AW02A0030,1,EQBT_SSEE_3219006,1
032,112025,3342324,12,7405,3,2,3342324,0,1,1,1,3342324,01/03/2003,QB1AM1AW02A0070,1,EQBT_SSEE_3224062,1
032,112025,3342331,12,7405,3,2,3342331,0,1,1,1,3342331,01/03/2003,QB3AM3AW03A0025,1,EQBT_SSEE_3227314,1
032,112025,3342338,12,7405,3,2,3342338,0,1,1,1,3342338,01/03/2003,QB1AM1AW02A0063,1,EQBT_SSEE_3221218,1
032,112025,3342345,12,7405,3,2,3342345,0,1,1,1,3342345,01/03/2003,QB1AM1AW02A0025,1,EQBT_SSEE_3227434,1
032,112025,3342352,12,7405,3,2,3342352,0,1,1,1,3342352,01/03/2003,QB1AM1AW02A0015,1,EQBT_SSEE_3224194,1
032,112025,3342359,12,7405,3,2,3342359,0,1,1,1,3342359,01/03/2003,QB1AM1AW02A0025,1,EQBT_SSEE_3222142,1
032,112025,3342373,12,7405,3,2,3342373,0,1,1,1,3342373,01/03/2003,QB1AM1AW02A0040,1,EQBT_SSEE_3219750,1
032,112025,3342380,12,7405,3,2,3342380,0,1,1,1,3342380,01/04/2004,QB1AM1AW02A0050,1,EQBT_SSEE_3224306,1
032,112025,3342387,12,7405,3,2,3342387,0,1,1,1,3342387,01/03/2003,QB1AM1AW02A0025,1,EQBT_SSEE_3220462,1
032,112025,3342401,12,7405,3,2,3342401,0,1,1,1,3342401,01/03/2003,QB3AM3AW03A0050,1,EQBT_SSEE_3226030,1
032,112025,3342408,12,7405,3,2,3342408,0,1,1,1,3342408,01/03/2003,QB1AM1AW02A0025,1,EQBT_SSEE_3223822,1
032,112025,3342422,12,7405,3,2,3342422,0,1,1,1,3342422,01/03/2003,QB3AM3AW03A0070,1,EQBT_SSEE_3226278,1
032,112025,3342429,12,7405,3,2,3342429,0,1,1,1,3342429,01/03/2003,QB3AM3AW03A0040,1,EQBT_SSEE_3222258,1
032,112025,3342436,12,7405,3,2,3342436,0,1,1,1,3342436,01/03/2003,QB1AM1AW02A0015,1,EQBT_SSEE_3222174,1
032,112025,3342443,12,7405,3,2,3342443,0,1,1,1,3342443,01/03/2003,QB1AM1AW02A0050,1,EQBT_SSEE_3223858,1
032,112025,3342450,12,7405,3,2,3342450,0,1,1,1,3342450,01/03/2003,QB3AM3AW03A0040,1,EQBT_SSEE_3221066,1
032,112025,3342457,12,7405,3,2,3342457,0,1,1,1,3342457,01/03/2003,QB3AM3AW03A0030,1,EQBT_SSEE_3218062,1
032,112025,3342464,12,7405,3,2,3342464,0,1,1,1,3342464,01/03/2003,QB1AM1AW02A0015,1,EQBT_SSEE_3225882,1
032,112025,3342471,12,7405,3,2,3342471,0,1,1,1,3342471,01/03/2003,QB1AM1AW02A0030,1,EQBT_SSEE_3218998,1
032,112025,3342478,12,7404,3,2,3342478,0,1,1,1,3342478,01/03/2003,QB1AM1AW02A0015,1,EQBT_SSEE_3227490,1
032,112025,3342485,12,7404,3,2,3342485,0,1,1,1,3342485,01/03/2003,QB1AM1AW02A0015,1,EQBT_SSEE_3227486,1
032,112025,3342492,12,7404,3,2,3342492,0,1,1,1,3342492,01/03/2003,QB1AM1AW02A0025,1,EQBT_SSEE_3223874,1
032,112025,3342499,12,7404,3,2,3342499,0,1,1,1,3342499,01/03/2003,QB1AM1AW02A0025,1,EQBT_SSEE_3219786,1
032,112025,3342506,12,7404,3,2,3342506,0,1,1,1,3342506,01/03/2003,QB1AM1AW02A0025,1,EQBT_SSEE_3219790,1
032,112025,3342513,12,7404,3,2,3342513,0,1,1,1,3342513,01/03/2003,QB1AM1AW02A0015,1,EQBT_SSEE_3227498,1
032,112025,3342520,12,7404,3,2,3342520,0,1,1,1,3342520,01/03/2003,QB1AM1AW02A0010,1,EQBT_SSEE_3226310,1
032,112025,3342527,12,7404,3,2,3342527,0,1,1,1,3342527,01/03/2003,QB1AM1AW02A0025,1,EQBT_SSEE_3219802,1
032,112025,3342534,12,7404,3,2,3342534,0,1,1,1,3342534,01/03/2003,QB1AM1AW02A0030,1,EQBT_SSEE_3219806,1
032,112025,3342541,12,7404,3,2,3342541,0,1,1,1,3342541,01/03/2003,QB1AM1AW02A0015,1,EQBT_SSEE_3226314,1
032,112025,3342548,12,7404,3,2,3342548,0,1,1,1,3342548,01/03/2003,QB1AM1AW02A0030,1,EQBT_SSEE_3219794,1
032,112025,3342555,12,7404,3,2,3342555,0,4,1,1,3342555,01/03/2003,QB1AM1AW02A0040,1,EQBT_SSEE_3224182,1
032,112025,3342562,12,7404,3,2,3342562,0,1,1,1,3342562,01/03/2003,QB1AM1AW02A0025,1,EQBT_SSEE_3224178,1
032,112025,3342569,12,7404,3,2,3342569,0,1,1,1,3342569,01/03/2003,QB1AM1AW02A0025,1,EQBT_SSEE_3219798,1
032,112025,3342576,12,7404,3,2,3342576,0,1,1,1,3342576,01/03/2003,QB1AM1AW02A0025,1,EQBT_SSEE_3223866,1
032,112025,3342583,12,7404,3,2,3342583,0,1,1,1,3342583,01/03/2003,QB1AM1AW02A0040,1,EQBT_SSEE_3218818,1
032,112025,3342590,12,7404,3,2,3342590,0,1,1,1,3342590,01/03/2003,QB1AM1AW02A0030,1,EQBT_SSEE_3218822,1
032,112025,3342597,12,7404,3,2,3342597,0,1,1,1,3342597,01/03/2003,QB1AM1AW02A0015,1,EQBT_SSEE_3223746,1
032,112025,3342611,12,7404,3,2,3342611,0,1,1,1,3342611,01/03/2003,QB1AM1AW02A0030,1,EQBT_SSEE_3219702,1
032,112025,3342618,12,7404,3,2,3342618,0,1,1,1,3342618,01/03/2003,QB1AM1AW02A0025,1,EQBT_SSEE_3221498,1
032,112025,3342625,12,7404,3,2,3342625,0,1,1,1,3342625,01/03/2003,QB1AM1AW02A0015,1,EQBT_SSEE_3219010,1
032,112025,3342632,12,7404,3,2,3342632,0,1,1,1,3342632,01/03/2003,QB1AM1AW02A0015,1,EQBT_SSEE_3219782,1
032,112025,3342639,12,7404,3,2,3342639,0,1,1,1,3342639,01/03/2003,QB1AM1AW02A0015,1,EQBT_SSEE_3223870,1
032,112025,3342646,12,7404,3,2,3342646,0,1,1,1,3342646,01/03/2003,QB1AM1AW02A0025,1,EQBT_SSEE_3227546,1
032,112025,3342653,12,7404,3,2,3342653,0,1,1,1,3342653,01/03/2003,QB1AM1AW02A0025,1,EQBT_SSEE_3224554,1
032,112025,3342660,12,7404,3,2,3342660,0,1,1,1,3342660,01/03/2003,QB1AM1AW02A0025,1,EQBT_SSEE_3226398,1
032,112025,3342667,12,7404,3,2,3342667,0,1,1,1,3342667,01/07/2005,QB1AM1AW02A0040,1,EQBT_SSEE_3224742,1
032,112025,3342674,12,7404,3,2,3342674,0,1,1,1,3342674,01/03/2003,QB1AM1AW02A0050,1,EQBT_SSEE_3226762,1
032,112025,3342681,12,7404,3,2,3342681,0,1,1,1,3342681,01/03/2003,QB1AM1AW02A0015,1,EQBT_SSEE_3227478,1
032,112025,3342688,12,7404,3,2,3342688,0,1,1,1,3342688,01/03/2003,QB1AM1AW02A0015,1,EQBT_SSEE_3227482,1
032,112025,3342695,12,7404,3,2,3342695,0,1,1,1,3342695,01/03/2003,QB1AM1AW02A0025,1,EQBT_SSEE_3223570,1
032,112025,3342702,12,7405,3,2,3342702,0,4,1,1,3342702,01/10/2005,QB3AM3AW03A0040,1,EQBT_SSEE_3224814,1
032,112025,3342709,12,7404,3,2,3342709,0,1,1,1,3342709,01/03/2003,QB1AM1AW02A0015,1,EQBT_SSEE_3224578,1
032,112025,3342716,12,7404,3,2,3342716,0,1,1,1,3342716,01/03/2003,QB1AM1AW02A0025,1,EQBT_SSEE_3217922,1
032,112025,3342723,12,7404,3,2,3342723,0,1,1,1,3342723,01/03/2003,QB1AM1AW02A0030,1,EQBT_SSEE_3219434,1
032,112025,3342730,12,7404,3,2,3342730,0,1,1,1,3342730,01/03/2003,QB1AM1AW02A0030,1,EQBT_SSEE_3226182,1
032,112025,3342737,12,7404,3,2,3342737,0,1,1,1,3342737,01/03/2003,QB1AM1AW02A0025,1,EQBT_SSEE_3226186,1
032,112025,3342744,12,7404,3,2,3342744,0,1,1,1,3342744,01/03/2003,QB1AM1AW02A0025,1,EQBT_SSEE_3226190,1
032,112025,3342751,12,7404,3,2,3342751,0,1,1,1,3342751,01/03/2003,QB1AM1AW02A0030,1,EQBT_SSEE_3223394,1
032,112025,3342758,12,7404,3,2,3342758,0,1,1,1,3342758,01/03/2003,QB1AM1AW02A0030,1,EQBT_SSEE_3219442,1
032,112025,3342765,12,7404,3,2,3342765,0,1,1,1,3342765,01/03/2003,QB1AM1AW02A0025,1,EQBT_SSEE_3219438,1
032,112025,3342772,12,7404,3,2,3342772,0,1,1,1,3342772,01/03/2003,QB1AM1AW02A0015,1,EQBT_SSEE_3224582,1
032,112025,3342779,12,7404,3,2,3342779,0,1,1,1,3342779,01/03/2003,QB1AM1AW02A0015,1,EQBT_SSEE_3227474,1
032,112025,3342786,12,7404,3,2,3342786,0,1,1,1,3342786,01/03/2003,QB1AM1AW02A0025,1,EQBT_SSEE_3227470,1
032,112025,3342793,12,7404,3,2,3342793,0,1,1,1,3342793,01/03/2003,QB1AM1AW02A0025,1,EQBT_SSEE_3226234,1
032,112025,3342800,12,7404,3,2,3342800,0,1,1,1,3342800,01/03/2003,QB1AM1AW02A0025,1,EQBT_SSEE_3219662,1
032,112025,3342807,12,7404,3,2,3342807,0,1,1,1,3342807,01/03/2003,QB1AM1AW02A0025,1,EQBT_SSEE_3220082,1
032,112025,3342814,12,7404,3,2,3342814,0,1,1,1,3342814,01/03/2003,QB1AM1AW02A0025,1,EQBT_SSEE_3219654,1
032,112025,3342821,12,7404,3,2,3342821,0,1,1,1,3342821,01/03/2003,QB1AM1AW02A0025,1,EQBT_SSEE_3219658,1
032,112025,3342828,12,7404,3,2,3342828,0,1,1,1,3342828,01/03/2003,QB3AM3AW03A0080,1,EQBT_SSEE_3227278,1
032,112025,3342835,12,7404,3,2,3342835,0,1,1,1,3342835,01/03/2003,QB1AM1AW02A0015,1,EQBT_SSEE_3227230,1
032,112025,3342842,12,7404,3,2,3342842,0,1,1,1,3342842,01/03/2003,QB3AM3AW03A0070,1,EQ_BTSED11,1
032,112025,3342849,12,7404,3,2,3342849,0,1,1,1,3342849,01/03/2003,QB1AM1AW02A0030,1,EQBT_SSEE_3217914,1
032,112025,3342856,12,7404,3,2,3342856,0,1,1,1,3342856,01/03/2003,QB1AM1AW02A0025,1,EQBT_SSEE_3221950,1
032,112025,3342863,12,7404,3,2,3342863,0,1,1,1,3342863,01/03/2003,QB1AM1AW02A0030,1,EQBT_SSEE_3224574,1
032,112025,3342870,12,7404,3,2,3342870,0,1,1,1,3342870,01/03/2003,QB1AM1AW02A0040,1,EQBT_SSEE_3218662,1
032,112025,3342877,12,7404,3,2,3342877,0,1,1,1,3342877,01/03/2003,QB1AM1AW02A0050,1,EQBT_SSEE_3219622,1
032,112025,3342884,12,7404,3,2,3342884,0,1,1,1,3342884,01/03/2003,QB1AM1AW02A0030,1,EQBT_SSEE_3219626,1
032,112025,3342891,12,7404,3,2,3342891,0,1,1,1,3342891,01/03/2003,QB1AM1AW02A0050,1,EQBT_SSEE_3219634,1
032,112025,3342898,12,7404,3,2,3342898,0,1,1,1,3342898,01/03/2003,QB1AM1AW02A0030,1,EQBT_SSEE_3219642,1
032,112025,3342905,12,7404,3,2,3342905,0,1,1,1,3342905,01/03/2003,QB1AM1AW02A0030,1,EQBT_SSEE_3223582,1
032,112025,3342912,12,7404,3,2,3342912,0,1,1,1,3342912,01/03/2003,QB1AM1AW02A0015,1,EQBT_SSEE_3219646,1
032,112025,3342919,12,7404,3,2,3342919,0,1,1,1,3342919,01/03/2003,QB1AM1AW02A0030,1,EQBT_SSEE_3219650,1
032,112025,3342926,12,7404,3,2,3342926,0,1,1,1,3342926,01/03/2003,QB1AM1AW02A0030,1,EQBT_SSEE_3226682,1
032,112025,3342933,12,7404,3,2,3342933,0,1,1,1,3342933,01/03/2003,QB1AM1AW02A0025,1,EQBT_SSEE_3219638,1
032,112025,3342940,12,7404,3,2,3342940,0,1,1,1,3342940,01/03/2003,QB1AM1AW02A0025,1,EQBT_SSEE_3219630,1
032,112025,3342947,12,7404,3,2,3342947,0,1,1,1,3342947,01/03/2003,QB3AM3AW03A0030,1,EQBT_SSEE_3220622,1
032,112025,3342954,12,7404,3,2,3342954,0,1,1,1,3342954,01/03/2003,QB1AM1AW02A0010,1,EQBT_SSEE_3226054,1
032,112025,3342961,12,7404,3,2,3342961,0,1,1,1,3342961,01/03/2003,QB1AM1AW02A0030,1,EQBT_SSEE_3224558,1
032,112025,3342968,12,7404,3,2,3342968,0,1,1,1,3342968,01/03/2003,QB1AM1AW02A0015,1,EQBT_SSEE_3227358,1
032,112025,3342975,12,7404,3,2,3342975,0,1,1,1,3342975,01/03/2003,QB1AM1AW02A0030,1,EQBT_SSEE_3223482,1
032,112025,3342982,12,7404,3,2,3342982,0,1,1,1,3342982,01/07/2005,QB1AM1AW02A0025,1,EQBT_SSEE_3224698,1
032,112025,3342989,12,7404,3,2,3342989,0,1,1,1,3342989,01/03/2003,QB1AM1AW02A0015,1,EQBT_SSEE_3223646,1
032,112025,3343003,12,7404,3,2,3343003,0,1,1,1,3343003,01/03/2003,QB1AM1AW02A0025,1,EQBT_SSEE_3219606,1
032,112025,3343010,12,7404,3,2,3343010,0,1,1,1,3343010,01/03/2003,QB1AM1AW02A0015,1,EQBT_SSEE_3219610,1
032,112025,3343017,12,7404,3,2,3343017,0,1,1,1,3343017,01/03/2003,QB1AM1AW02A0040,1,EQBT_SSEE_3219614,1
032,112025,3343024,12,7404,3,2,3343024,0,1,1,1,3343024,01/03/2003,QB1AM1AW02A0015,1,EQBT_SSEE_3227466,1
032,112025,3343031,12,7404,3,2,3343031,0,1,1,1,3343031,01/03/2003,QB1AM1AW02A0030,1,EQBT_SSEE_3219618,1
032,112025,3343038,12,7404,3,2,3343038,0,1,1,1,3343038,01/03/2003,QB1AM1AW02A0015,1,EQBT_SSEE_3220226,1
032,112025,3343045,12,7404,3,2,3343045,0,1,1,1,3343045,01/02/2003,QB3AM3AW03A0040,1,EQBT_SSEE_3220998,1
032,112025,3343052,12,7404,3,2,3343052,0,1,1,1,3343052,01/03/2003,QB1AM1AW02A0025,1,EQBT_SSEE_3224226,1
032,112025,3343059,12,7404,3,2,3343059,0,1,1,1,3343059,01/03/2003,QB1AM1AW02A0025,1,EQBT_SSEE_3224222,1
032,112025,3343066,12,7404,3,2,3343066,0,1,1,1,3343066,01/03/2003,QB1AM1AW02A0050,1,EQBT_SSEE_3217918,1
032,112025,3343073,12,7404,3,2,3343073,0,1,1,1,3343073,01/03/2003,QB1AM1AW02A0025,1,EQBT_SSEE_3223286,1
032,112025,3343080,12,7404,3,2,3343080,0,1,1,1,3343080,01/03/2003,QB1AM1AW02A0025,1,EQBT_SSEE_3223282,1
032,112025,3343087,12,7404,3,2,3343087,0,1,1,1,3343087,01/03/2003,QB1AM1AW02A0040,1,EQBT_SSEE_3224278,1
032,112025,3343094,12,7404,3,2,3343094,0,1,1,1,3343094,01/03/2005,QB1AM1AW02A0050,1,EQBT_SSEE_3225018,1
032,112025,3343101,12,7404,3,2,3343101,0,1,1,1,3343101,01/03/2003,QB1AM1AW02A0050,1,EQBT_SSEE_3223678,1
032,112025,3343115,12,7404,3,2,3343115,0,1,1,1,3343115,01/03/2003,QB3AM3AW03A0040,1,EQBT_SSEE_3227154,1
032,112025,3343122,12,7404,3,2,3343122,0,1,1,1,3343122,01/03/2003,QB1AM1AW02A0040,1,EQBT_SSEE_3225890,1
032,112025,3343129,12,7404,3,2,3343129,0,1,1,1,3343129,01/03/2003,QB1AM1AW02A0040,1,EQBT_SSEE_3219194,1
032,112025,3343136,12,7404,3,2,3343136,0,1,1,1,3343136,01/03/2003,QB1AM1AW02A0030,1,EQBT_SSEE_3224882,1
032,112025,3343150,12,7404,3,2,3343150,0,1,1,1,3343150,01/03/2003,QB1AM1AW02A0025,1,EQBT_SSEE_3221586,1
032,112025,3343164,12,7404,3,2,3343164,0,1,1,1,3343164,01/03/2003,QB1AM1AW02A0015,1,EQBT_SSEE_3226626,1
032,112025,3343171,12,7404,3,2,3343171,0,1,1,1,3343171,01/03/2003,QB1AM1AW02A0030,1,EQBT_SSEE_3220510,1
032,112025,3343178,12,7404,3,2,3343178,0,1,1,1,3343178,01/03/2003,QB3AM3AW03A0050,1,EQBT_SSEE_3223754,1
032,112025,3343192,12,7404,3,2,3343192,0,1,1,1,3343192,01/03/2003,QB1AM1AW02A0025,1,EQBT_SSEE_3225770,1
032,112025,3343206,12,7404,3,2,3343206,0,1,1,1,3343206,01/03/2003,QB3AM3AW03A0025,1,EQBT_SSEE_3227334,1
032,112025,3343213,12,7404,3,2,3343213,0,1,1,1,3343213,01/03/2003,QB3AM3AW03A0040,1,EQBT_SSEE_3227338,1
032,112025,3343220,12,7404,3,2,3343220,0,4,1,1,3343220,01/03/2003,QB3AM3AW03A0100,1,EQBT_SSEE_3223374,1
032,112025,3343227,12,7404,3,2,3343227,0,1,1,1,3343227,01/03/2003,QB3AM3AW03A0040,1,EQBT_SSEE_3224494,1
032,112025,3343234,12,7404,3,2,3343234,0,1,1,1,3343234,01/03/2003,QB3AM3AW03A0040,1,EQBT_SSEE_3220722,1
032,112025,3343241,12,7404,3,2,3343241,0,1,1,1,3343241,01/03/2003,QB1AM1AW02A0025,1,EQBT_SSEE_3219578,1
032,112025,3343248,12,7404,3,2,3343248,0,1,1,1,3343248,01/03/2003,QB1AM1AW02A0025,1,EQBT_SSEE_3226266,1
032,112025,3343255,12,7404,3,2,3343255,0,1,1,1,3343255,01/03/2003,QB1AM1AW02A0010,1,EQBT_SSEE_3226238,1
032,112025,3343262,12,7404,3,2,3343262,0,1,1,1,3343262,01/03/2003,QB1AM1AW02A0025,1,EQBT_SSEE_3227270,1
032,112025,3343269,12,7404,3,2,3343269,0,1,1,1,3343269,01/03/2003,QB1AM1AW02A0050,1,EQBT_SSEE_3223618,1
032,112025,3343283,12,7404,3,2,3343283,0,1,1,1,3343283,01/03/2003,QB3AM3AW03A0150,1,EQBT_SSEE_3226594,1
032,112025,3343290,12,7404,3,2,3343290,0,4,1,1,3343290,01/03/2003,QB3AM3AW03A0150,1,EQBT_SSEE_3218794,1
032,112025,3343304,12,7404,3,2,3343304,0,1,1,1,3343304,01/03/2003,QB1AM1AW02A0015,1,EQBT_SSEE_3218930,1
032,112025,3343311,12,7404,3,2,3343311,0,1,1,1,3343311,01/03/2003,QB1AM1AW02A0030,1,EQBT_SSEE_3221734,1
032,112025,3343332,12,7404,3,2,3343332,0,1,1,1,3343332,01/03/2003,QB3AM3AW03A0070,1,EQBT_SSEE_3224118,1
032,112025,3343346,12,7404,3,2,3343346,0,1,1,1,3343346,01/03/2003,QB1AM1AW02A0050,1,EQBT_SSEE_3219446,1
032,112025,3343353,12,7404,3,2,3343353,0,1,1,1,3343353,01/03/2003,QB1AM1AW02A0025,1,EQBT_SSEE_3223002,1
032,112025,3343360,12,7404,3,2,3343360,0,1,1,1,3343360,01/03/2003,QB1AM1AW02A0025,1,EQBT_SSEE_3224138,1
032,112025,3343367,12,7404,3,2,3343367,0,1,1,1,3343367,01/03/2003,QB1AM1AW02A0025,1,EQBT_SSEE_3220422,1
032,112025,3343374,12,7404,3,2,3343374,0,1,1,1,3343374,01/03/2003,QB1AM1AW02A0025,1,EQBT_SSEE_3227658,1
032,112025,3343381,12,7404,3,2,3343381,0,1,1,1,3343381,01/03/2003,QB1AM1AW02A0025,1,EQBT_SSEE_3224142,1
032,112025,3343388,12,7404,3,2,3343388,0,1,1,1,3343388,01/03/2003,QB1AM1AW02A0030,1,EQBT_SSEE_3220418,1
032,112025,3343395,12,7404,3,2,3343395,0,1,1,1,3343395,01/03/2003,QB1AM1AW02A0030,1,EQBT_SSEE_3219574,1
032,112025,3343402,12,7404,3,2,3343402,0,1,1,1,3343402,01/03/2003,QB3AM3AW03A0070,1,EQBT_SSEE_3226406,1
032,112025,3343409,12,7404,3,2,3343409,0,1,1,1,3343409,01/03/2003,QB1AM1AW02A0050,1,EQBT_SSEE_3218522,1
032,112025,3343416,12,7404,3,2,3343416,0,1,1,1,3343416,01/03/2003,QB3AM3AW03A0080,1,EQBT_SSEE_3220114,1
032,112025,3343423,12,7404,3,2,3343423,0,1,1,1,3343423,01/03/2003,QB3AM3AW03A0125,1,EQBT_SSEE_3226614,1
032,112025,3343430,12,7404,3,2,3343430,0,1,1,1,3343430,01/03/2003,QB3AM3AW03A0125,1,EQBT_SSEE_3227554,1
032,112025,3343437,12,7404,3,2,3343437,0,1,1,1,3343437,01/03/2003,QB3AM3AW03A0150,1,EQBT_SSEE_3224246,1
032,112025,3343451,12,7404,3,2,3343451,0,1,1,1,3343451,01/03/2003,QB1AM1AW02A0025,1,EQBT_SSEE_3218526,1
032,112025,3343458,12,7404,3,2,3343458,0,1,1,1,3343458,01/03/2003,QB1AM1AW02A0025,1,EQBT_SSEE_3224910,1
032,112025,3343465,12,7404,3,2,3343465,0,1,1,1,3343465,01/03/2003,QB1AM1AW02A0050,1,EQBT_SSEE_3218510,1
032,112025,3343472,12,7404,3,2,3343472,0,1,1,1,3343472,01/03/2003,QB1AM1AW02A0025,1,EQBT_SSEE_3222734,1
032,112025,3343479,12,7405,3,2,3343479,0,1,1,1,3343479,01/03/2003,QB1AM1AW02A0010,1,EQBT_SSEE_3227550,1
032,112025,3343486,12,7404,3,2,3343486,0,1,1,1,3343486,01/03/2003,QB1AM1AW02A0010,1,EQBT_SSEE_3218514,1
032,112025,3343493,12,7404,3,2,3343493,0,1,1,1,3343493,01/03/2003,QB1AM1AW02A0015,1,EQBT_SSEE_3221826,1
032,112025,3343514,12,7404,3,2,3343514,0,1,1,1,3343514,01/03/2003,QB1AM1AW02A0050,1,EQBT_SSEE_3225158,1
032,112025,3343528,12,7404,3,2,3343528,0,1,1,1,3343528,01/03/2003,QB1AM1AW02A0010,1,EQBT_SSEE_3224562,1
032,112025,3343535,12,7404,3,2,3343535,0,1,1,1,3343535,01/03/2003,QB1AM1AW02A0010,1,EQBT_SSEE_3224566,1
032,112025,3343542,12,7405,3,2,3343542,0,1,1,1,3343542,01/10/2005,QB1AM1AW02A0030,1,EQBT_SSEE_3224802,1
032,112025,3343549,12,7404,3,2,3343549,0,1,1,1,3343549,01/03/2003,QB1AM1AW02A0050,1,EQBT_SSEE_3220370,1
032,112025,3343556,12,7404,3,2,3343556,0,1,1,1,3343556,01/03/2003,QB1AM1AW02A0070,1,EQBT_SSEE_3220374,1
032,112025,3343563,12,7404,3,2,3343563,0,1,1,1,3343563,01/03/2003,QB1AM1AW02A0025,1,EQBT_SSEE_3220378,1
032,112025,3343570,12,7404,3,2,3343570,0,1,1,1,3343570,01/03/2003,QB1AM1AW02A0030,1,EQBT_SSEE_3220390,1
032,112025,3343577,12,7404,3,2,3343577,0,1,1,1,3343577,01/03/2003,QB1AM1AW02A0063,1,EQBT_SSEE_3220502,1
032,112025,3343584,12,7404,3,2,3343584,0,1,1,1,3343584,01/03/2003,QB1AM1AW02A0040,1,EQBT_SSEE_3220386,1
032,112025,3343591,12,7404,3,2,3343591,0,1,1,1,3343591,01/03/2003,QB1AM1AW02A0025,1,EQBT_SSEE_3224678,1
032,112025,3343598,12,7404,3,2,3343598,0,1,1,1,3343598,01/03/2003,QB1AM1AW02A0025,1,EQBT_SSEE_3227726,1
032,112025,3343605,12,7404,3,2,3343605,0,1,1,1,3343605,01/03/2003,QB1AM1AW02A0015,1,EQBT_SSEE_3222954,1
032,112025,3343612,12,7404,3,2,3343612,0,1,1,1,3343612,01/03/2003,QB1AM1AW02A0015,1,EQBT_SSEE_3220342,1
032,112025,3343626,12,7404,3,2,3343626,0,1,1,1,3343626,01/03/2003,QB1AM1AW02A0063,1,EQBT_SSEE_3222022,1
032,112025,3343633,12,7404,3,2,3343633,0,1,1,1,3343633,01/03/2003,QB1AM1AW02A0025,1,EQBT_SSEE_3222598,1
032,112025,3343640,12,7404,3,2,3343640,0,1,1,1,3343640,01/03/2003,QB1AM1AW02A0015,1,EQBT_SSEE_3226462,1
032,112025,3343647,12,7404,3,2,3343647,0,1,1,1,3343647,01/03/2003,QB1AM1AW02A0015,1,EQBT_SSEE_3222966,1
032,112025,3343654,12,7404,3,2,3343654,0,1,1,1,3343654,01/03/2003,QB1AM1AW02A0030,1,EQBT_SSEE_3220354,1
032,112025,3343661,12,7404,3,2,3343661,0,1,1,1,3343661,01/03/2003,QB1AM1AW02A0010,1,EQBT_SSEE_3220358,1
032,112025,3343675,12,7404,3,2,3343675,0,1,1,1,3343675,01/07/2005,QB1AM1AW02A0025,1,EQBT_SSEE_3224702,1
032,112025,3343682,12,7404,3,2,3343682,0,1,1,1,3343682,01/03/2003,QB1AM1AW02A0100,1,EQBT_SSEE_3220362,1
032,112025,3343689,12,7404,3,2,3343689,0,1,1,1,3343689,01/03/2003,QB1AM1AW02A0080,1,EQBT_SSEE_3226458,1
032,112025,3343696,12,7404,3,2,3343696,0,1,1,1,3343696,01/03/2003,QB1AM1AW02A0025,1,EQBT_SSEE_3220338,1
032,112025,3343703,12,7404,3,2,3343703,0,1,1,1,3343703,01/03/2003,QB1AM1AW02A0010,1,EQBT_SSEE_3226454,1
032,112025,3343710,12,7404,3,2,3343710,0,1,1,1,3343710,01/03/2003,QB1AM1AW02A0015,1,EQBT_SSEE_3222962,1
032,112025,3343717,12,7404,3,2,3343717,0,1,1,1,3343717,01/03/2003,QB1AM1AW02A0025,1,EQBT_SSEE_3220346,1
032,112025,3343724,12,7404,3,2,3343724,0,1,1,1,3343724,01/03/2003,QB1AM1AW02A0025,1,EQBT_SSEE_3222950,1
032,112025,3343731,12,7404,3,2,3343731,0,1,1,1,3343731,01/03/2003,QB1AM1AW02A0015,1,EQBT_SSEE_3220350,1
032,112025,3343738,12,7404,3,2,3343738,0,1,1,1,3343738,01/03/2003,QB1AM1AW02A0015,1,EQBT_SSEE_3222958,1
032,112025,3343745,12,7404,3,2,3343745,0,1,1,1,3343745,01/03/2003,QB1AM1AW02A0025,1,EQBT_SSEE_3227722,1
032,112025,3343752,12,7404,3,2,3343752,0,1,1,1,3343752,01/03/2003,QB1AM1AW02A0030,1,EQBT_SSEE_3220490,1
032,112025,3343759,12,7404,3,2,3343759,0,1,1,1,3343759,01/03/2003,QB1AM1AW02A0030,1,EQBT_SSEE_3220030,1
032,112025,3343766,12,7404,3,2,3343766,0,1,1,1,3343766,01/03/2003,QB1AM1AW02A0010,1,EQBT_SSEE_3220034,1
032,112025,3343773,12,7404,3,2,3343773,0,1,1,1,3343773,01/03/2003,QB1AM1AW02A0063,1,EQBT_SSEE_3220038,1
032,112025,3343780,12,7404,3,2,3343780,0,1,1,1,3343780,01/03/2003,QB1AM1AW02A0030,1,EQBT_SSEE_3227530,1
032,112025,3343787,12,7404,3,2,3343787,0,1,1,1,3343787,01/03/2003,QB1AM1AW02A0025,1,EQBT_SSEE_3220042,1
032,112025,3343794,12,7404,3,2,3343794,0,1,1,1,3343794,01/03/2003,QB1AM1AW02A0050,1,EQBT_SSEE_3227558,1
032,112025,3343801,12,7404,3,2,3343801,0,1,1,1,3343801,01/03/2003,QB1AM1AW02A0030,1,EQBT_SSEE_3220046,1
032,112025,3343808,12,7404,3,2,3343808,0,1,1,1,3343808,01/03/2003,QB1AM1AW02A0040,1,EQBT_SSEE_3223174,1
032,112025,3343815,12,7404,3,2,3343815,0,1,1,1,3343815,01/03/2003,QB1AM1AW02A0010,1,EQBT_SSEE_3226394,1
032,112025,3343822,12,7404,3,2,3343822,0,1,1,1,3343822,01/03/2003,QB1AM1AW02A0015,1,EQBT_SSEE_3222894,1
032,112025,3343829,12,7404,3,2,3343829,0,1,1,1,3343829,01/03/2003,QB1AM1AW02A0015,1,EQBT_SSEE_3222898,1
032,112025,3343836,12,7404,3,2,3343836,0,1,1,1,3343836,01/03/2003,QB1AM1AW02A0030,1,EQBT_SSEE_3219510,1
032,112025,3343843,12,7404,3,2,3343843,0,1,1,1,3343843,01/03/2003,QB1AM1AW02A0015,1,EQBT_SSEE_3219518,1
032,112025,3343850,12,7404,3,2,3343850,0,1,1,1,3343850,01/03/2003,QB1AM1AW02A0030,1,EQBT_SSEE_3222002,1
032,112025,3343857,12,7404,3,2,3343857,0,1,1,1,3343857,01/03/2003,QB1AM1AW02A0025,1,EQBT_SSEE_3226206,1
032,112025,3343864,12,7404,3,2,3343864,0,1,1,1,3343864,01/03/2003,QB1AM1AW02A0030,1,EQBT_SSEE_3219514,1
032,112025,3343871,12,7404,3,2,3343871,0,1,1,1,3343871,01/03/2003,QB1AM1AW02A0015,1,EQBT_SSEE_3220058,1
032,112025,3343878,12,7404,3,2,3343878,0,1,1,1,3343878,01/03/2003,QB1AM1AW02A0025,1,EQBT_SSEE_3219522,1
032,112025,3343885,12,7404,3,2,3343885,0,1,1,1,3343885,01/03/2003,QB1AM1AW02A0015,1,EQBT_SSEE_3226390,1
032,112025,3343892,12,7404,3,2,3343892,0,1,1,1,3343892,01/03/2003,QB1AM1AW02A0025,1,EQBT_SSEE_3224230,1
032,112025,3343899,12,7404,3,2,3343899,0,1,1,1,3343899,01/03/2003,QB1AM1AW02A0015,1,EQBT_SSEE_3220026,1
032,112025,3343906,12,7404,3,2,3343906,0,1,1,1,3343906,01/03/2003,QB1AM1AW02A0030,1,EQBT_SSEE_3225066,1
032,112025,3343913,12,7404,3,2,3343913,0,1,1,1,3343913,01/03/2003,QB1AM1AW02A0025,1,EQBT_SSEE_3220522,1
032,112025,3343920,12,7404,3,2,3343920,0,1,1,1,3343920,01/03/2003,QB1AM1AW02A0015,1,EQBT_SSEE_3221326,1
032,112025,3343927,12,7404,3,2,3343927,0,1,1,1,3343927,01/03/2003,QB1AM1AW02A0070,1,EQBT_SSEE_3225998,1
032,112025,3343934,12,7404,3,2,3343934,0,1,1,1,3343934,01/03/2003,QB1AM1AW02A0050,1,EQBT_SSEE_3219494,1
032,112025,3343941,12,7404,3,2,3343941,0,1,1,1,3343941,01/03/2003,QB1AM1AW02A0015,1,EQBT_SSEE_3219498,1
032,112025,3343948,12,7404,3,2,3343948,0,1,1,1,3343948,01/03/2003,QB1AM1AW02A0025,1,EQBT_SSEE_3219502,1
032,112025,3343955,12,7404,3,2,3343955,0,1,1,1,3343955,01/03/2003,QB1AM1AW02A0063,1,EQBT_SSEE_3219506,1
032,112025,3343962,12,7404,3,2,3343962,0,1,1,1,3343962,01/03/2003,QB1AM1AW02A0025,1,EQBT_SSEE_3222946,1
032,112025,3343969,12,7404,3,2,3343969,0,1,1,1,3343969,01/03/2003,QB1AM1AW02A0015,1,EQBT_SSEE_3222942,1
032,112025,3343976,12,7404,3,2,3343976,0,1,1,1,3343976,01/03/2003,QB1AM1AW02A0015,1,EQBT_SSEE_3227562,1
032,112025,3343983,12,7404,3,2,3343983,0,1,1,1,3343983,01/03/2003,QB1AM1AW02A0015,1,EQBT_SSEE_3222926,1
032,112025,3343990,12,7404,3,2,3343990,0,1,1,1,3343990,01/03/2003,QB1AM1AW02A0015,1,EQBT_SSEE_3222930,1
032,112025,3343997,12,7404,3,2,3343997,0,1,1,1,3343997,01/03/2003,QB1AM1AW02A0015,1,EQBT_SSEE_3222922,1
032,112025,3344004,12,7404,3,2,3344004,0,1,1,1,3344004,01/03/2003,QB1AM1AW02A0025,1,EQBT_SSEE_3222914,1
032,112025,3344011,12,7404,3,2,3344011,0,1,1,1,3344011,01/03/2003,QB1AM1AW02A0015,1,EQBT_SSEE_3222906,1
032,112025,3344018,12,7404,3,2,3344018,0,1,1,1,3344018,01/03/2003,QB1AM1AW02A0015,1,EQBT_SSEE_3222910,1
032,112025,3344025,12,7404,3,2,3344025,0,1,1,1,3344025,01/03/2003,QB1AM1AW02A0025,1,EQBT_SSEE_3222918,1
032,112025,3344032,12,7404,3,2,3344032,0,1,1,1,3344032,01/03/2003,QB1AM1AW02A0015,1,EQBT_SSEE_3222934,1
032,112025,3344039,12,7404,3,2,3344039,0,1,1,1,3344039,01/03/2003,QB1AM1AW02A0030,1,EQBT_SSEE_3219954,1
032,112025,3344046,12,7404,3,2,3344046,0,1,1,1,3344046,01/03/2003,QB1AM1AW02A0080,1,EQBT_SSEE_3226402,1
032,112025,3344053,12,7404,3,2,3344053,0,1,1,1,3344053,01/03/2003,QB1AM1AW02A0015,1,EQBT_SSEE_3219982,1
032,112025,3344060,12,7404,3,2,3344060,0,1,1,1,3344060,01/03/2003,QB1AM1AW02A0015,1,EQBT_SSEE_3220494,1
032,112025,3344067,12,7404,3,2,3344067,0,1,1,1,3344067,01/03/2003,QB1AM1AW02A0050,1,EQBT_SSEE_3219974,1
032,112025,3344074,12,7404,3,2,3344074,0,1,1,1,3344074,01/03/2003,QB1AM1AW02A0025,1,EQBT_SSEE_3219962,1
032,112025,3344081,12,7404,3,2,3344081,0,1,1,1,3344081,01/03/2003,QB1AM1AW02A0025,1,EQBT_SSEE_3222606,1
032,112025,3344088,12,7404,3,2,3344088,0,1,1,1,3344088,01/03/2003,QB1AM1AW02A0030,1,EQBT_SSEE_3220394,1
032,112025,3344095,12,7404,3,2,3344095,0,1,1,1,3344095,01/03/2003,QB1AM1AW02A0040,1,EQBT_SSEE_3219970,1
032,112025,3344102,12,7404,3,2,3344102,0,1,1,1,3344102,01/03/2003,QB1AM1AW02A0025,1,EQBT_SSEE_3219966,1
032,112025,3344109,12,7404,3,2,3344109,0,1,1,1,3344109,01/03/2003,QB1AM1AW02A0010,1,EQBT_SSEE_3219958,1
032,112025,3344123,12,7404,3,2,3344123,0,1,1,1,3344123,01/03/2003,QB1AM1AW02A0015,1,EQBT_SSEE_3219938,1
032,112025,3344130,12,7404,3,2,3344130,0,1,1,1,3344130,01/03/2003,QB1AM1AW02A0040,1,EQBT_SSEE_3219942,1
032,112025,3344137,12,7404,3,2,3344137,0,1,1,1,3344137,01/03/2003,QB1AM1AW02A0025,1,EQBT_SSEE_3219946,1
032,112025,3344144,12,7404,3,2,3344144,0,1,1,1,3344144,01/03/2003,QB1AM1AW02A0015,1,EQBT_SSEE_3219950,1
032,112025,3344151,12,7404,3,2,3344151,0,1,1,1,3344151,01/03/2003,QB1AM1AW02A0015,1,EQBT_SSEE_3222938,1
032,112025,3344158,12,7404,3,2,3344158,0,1,1,1,3344158,01/03/2003,QB1AM1AW02A0010,1,EQBT_SSEE_3221450,1
032,112025,3344165,12,7404,3,2,3344165,0,1,1,1,3344165,01/03/2003,QB1AM1AW02A0025,1,EQBT_SSEE_3219978,1
032,112025,3344172,12,7404,3,2,3344172,0,4,1,1,3344172,01/03/2003,QB3AM3AW03A0070,1,EQBT_SSEE_3222986,1
032,112025,3344179,12,7404,3,2,3344179,0,1,1,1,3344179,01/03/2003,QB1AM1AW02A0015,1,EQBT_SSEE_3219250,1
032,112025,3344186,12,7404,3,2,3344186,0,1,1,1,3344186,01/03/2003,QB1AM1AW02A0025,1,EQBT_SSEE_3222970,1
032,112025,3344193,12,7404,3,2,3344193,0,1,1,1,3344193,01/03/2003,QB1AM1AW02A0050,1,EQBT_SSEE_3221094,1
032,112025,3344200,12,7404,3,2,3344200,0,1,1,1,3344200,01/03/2003,QB1AM1AW02A0015,1,EQBT_SSEE_3225238,1
032,112025,3344207,12,7404,3,2,3344207,0,1,1,1,3344207,01/03/2003,QB1AM1AW02A0025,1,EQBT_SSEE_3220398,1
032,112025,3344214,12,7404,3,2,3344214,0,1,1,1,3344214,01/03/2003,QB1AM1AW02A0025,1,EQBT_SSEE_3218994,1
032,112025,3344221,12,7404,3,2,3344221,0,1,1,1,3344221,01/03/2003,QB1AM1AW02A0015,1,EQBT_SSEE_3222062,1
032,112025,3344228,12,7404,3,2,3344228,0,1,1,1,3344228,01/03/2003,QB1AM1AW02A0015,1,EQBT_SSEE_3219830,1
032,112025,3344235,12,7404,3,2,3344235,0,1,1,1,3344235,01/03/2003,QB1AM1AW02A0030,1,EQBT_SSEE_3223294,1
032,112025,3344242,12,7404,3,2,3344242,0,1,1,1,3344242,01/03/2003,QB3AM3AW03A0070,1,EQBT_SSEE_3222270,1
032,112025,3344249,12,7404,3,2,3344249,0,1,1,1,3344249,01/03/2003,QB1AM1AW02A0030,1,EQBT_SSEE_3219834,1
032,112025,3344256,12,7404,3,2,3344256,0,1,1,1,3344256,01/03/2003,QB1AM1AW02A0010,1,EQBT_SSEE_3219722,1
032,112025,3344263,12,7404,3,2,3344263,0,1,1,1,3344263,01/03/2003,QB1AM1AW02A0040,1,EQBT_SSEE_3226010,1
032,112025,3344270,12,7404,3,2,3344270,0,1,1,1,3344270,01/03/2003,QB1AM1AW02A0025,1,EQBT_SSEE_3224254,1
032,112025,3344277,12,7404,3,2,3344277,0,1,1,1,3344277,01/03/2003,QB1AM1AW02A0050,1,EQBT_SSEE_3221794,1
032,112025,3344284,12,7404,3,2,3344284,0,1,1,1,3344284,01/03/2003,QB1AM1AW02A0050,1,EQBT_SSEE_3221790,1
032,112025,3344291,12,7404,3,2,3344291,0,1,1,1,3344291,01/03/2003,QB1AM1AW02A0015,1,EQBT_SSEE_3224914,1
032,112025,3344298,12,7404,3,2,3344298,0,1,1,1,3344298,01/03/2003,QB1AM1AW02A0025,1,EQBT_SSEE_3218934,1
032,112025,3344312,12,7405,3,2,3344312,0,1,1,1,3344312,01/10/2005,QB3AM3AW03A0025,1,EQBT_SSEE_3224786,1
032,112025,3344319,12,7405,3,2,3344319,0,4,1,1,3344319,01/10/2005,QB3AM3AW03A0025,1,EQBT_SSEE_3224806,1
032,112025,3344326,12,7404,3,2,3344326,0,1,1,1,3344326,01/11/2005,QB3AM3AW03A0150,1,EQBT_SSEE_3224822,1
032,112025,3344333,12,7403,3,2,3344333,0,1,1,1,3344333,01/11/2005,QB1AM1AW02A0050,1,EQBT_SSEE_3224818,1
032,112025,3344340,12,7404,3,2,3344340,0,1,1,1,3344340,01/03/2003,QB1AM1AW02A0015,1,EQBT_SSEE_3227706,1
032,112025,3344347,12,7404,3,2,3344347,0,1,1,1,3344347,01/03/2003,QB1AM1AW02A0015,1,EQBT_SSEE_3227702,1
032,112025,3344354,12,7404,3,2,3344354,0,1,1,1,3344354,01/03/2003,QB1AM1AW02A0015,1,EQBT_SSEE_3226846,1
032,112025,3344361,12,7405,3,2,3344361,0,4,1,1,3344361,01/03/2003,QB3AM3AW03A0150,1,EQBT_SSEE_3220438,1
032,112025,3344368,12,7405,3,2,3344368,0,1,1,1,3344368,01/03/2003,QB1AM1AW02A0050,1,EQBT_SSEE_3223942,1
032,112025,3344375,12,7405,3,2,3344375,0,1,1,1,3344375,01/03/2003,QB1AM1AW02A0050,1,EQBT_SSEE_3227182,1
032,112025,3344382,12,7405,3,2,3344382,0,1,1,1,3344382,01/03/2003,QB1AM1AW02A0015,1,EQBT_SSEE_3223466,1
032,112025,3344389,12,7405,3,2,3344389,0,1,1,1,3344389,01/03/2003,QB1AM1AW02A0025,1,EQBT_SSEE_3223470,1
032,112025,3344396,12,7404,3,2,3344396,0,1,1,1,3344396,01/03/2003,QB1AM1AW02A0015,1,EQBT_SSEE_3224218,1
032,112025,3344410,12,7404,3,2,3344410,0,1,1,1,3344410,01/03/2003,QB1AM1AW02A0015,1,EQBT_SSEE_3223474,1
032,112025,3344417,12,7404,3,2,3344417,0,1,1,1,3344417,01/03/2003,QB1AM1AW02A0015,1,EQBT_SSEE_3227718,1
032,112025,3344424,12,7404,3,2,3344424,0,1,1,1,3344424,01/03/2003,QB1AM1AW02A0015,1,EQBT_SSEE_3227714,1
032,112025,3344431,12,7404,3,2,3344431,0,1,1,1,3344431,01/03/2003,QB1AM1AW02A0015,1,EQBT_SSEE_3227710,1
032,112025,3344438,12,7404,3,2,3344438,0,4,1,1,3344438,01/03/2005,QB3AM3AW03A0063,1,EQBT_SSEE_3225034,1
032,112025,3344445,12,7404,3,2,3344445,0,4,1,1,3344445,01/03/2005,QB3AM3AW03A0040,1,EQBT_SSEE_3225026,1
032,112025,3344452,12,7405,3,2,3344452,0,1,1,1,3344452,01/03/2003,QB1AM1AW02A0050,1,EQBT_SSEE_3223910,1
032,112025,3344459,12,7405,3,2,3344459,0,1,1,1,3344459,01/03/2003,QB1AM1AW02A0015,1,EQBT_SSEE_3219354,1
032,112025,3344473,12,7405,3,2,3344473,0,1,1,1,3344473,01/03/2003,QB1AM1AW02A0040,1,EQBT_SSEE_3219358,1
032,112025,3344480,12,7405,3,2,3344480,0,1,1,1,3344480,01/03/2003,QB1AM1AW02A0015,1,EQBT_SSEE_3223422,1
032,112025,3344494,12,7405,3,2,3344494,0,1,1,1,3344494,01/03/2003,QB1AM1AW02A0050,1,EQBT_SSEE_3227134,1
032,112025,3344508,12,7405,3,2,3344508,0,1,1,1,3344508,01/03/2003,QB1AM1AW02A0030,1,EQBT_SSEE_3219362,1
032,112025,3344515,12,7405,3,2,3344515,0,1,1,1,3344515,01/03/2003,QB1AM1AW02A0025,1,EQBT_SSEE_3219366,1
032,112025,3344522,12,7405,3,2,3344522,0,1,1,1,3344522,01/03/2003,QB1AM1AW02A0040,1,EQBT_SSEE_3222150,1
032,112025,3344529,12,7405,3,2,3344529,0,1,1,1,3344529,01/03/2003,QB1AM1AW02A0025,1,EQBT_SSEE_3222066,1
032,112025,3344536,12,7405,3,2,3344536,0,4,1,1,3344536,01/03/2003,QB3AM3AW03A0150,1,EQBT_SSEE_3227566,1
032,112025,3344543,12,7405,3,2,3344543,0,1,1,1,3344543,01/03/2003,QB1AM1AW02A0015,1,EQBT_SSEE_3222070,1
032,112025,3344550,12,7405,3,2,3344550,0,1,1,1,3344550,01/03/2003,QB1AM1AW02A0015,1,EQBT_SSEE_3223462,1
032,112025,3344578,12,7405,3,2,3344578,0,1,1,1,3344578,01/03/2003,QB1AM1AW02A0030,1,EQBT_SSEE_3226158,1
032,112025,3344585,12,7405,3,2,3344585,0,1,1,1,3344585,01/03/2003,QB1AM1AW02A0030,1,EQBT_SSEE_3226146,1
032,112025,3344592,12,7405,3,2,3344592,0,1,1,1,3344592,01/03/2003,QB1AM1AW02A0030,1,EQBT_SSEE_3219342,1
032,112025,3344599,12,7405,3,2,3344599,0,1,1,1,3344599,01/03/2003,QB1AM1AW02A0015,1,EQBT_SSEE_3219346,1
032,112025,3344606,12,7405,3,2,3344606,0,1,1,1,3344606,01/03/2003,QB1AM1AW02A0030,1,EQBT_SSEE_3220962,1
032,112025,3344613,12,7405,3,2,3344613,0,1,1,1,3344613,01/03/2003,QB1AM1AW02A0030,1,EQBT_SSEE_3219350,1
032,112025,3344620,12,7405,3,2,3344620,0,1,1,1,3344620,01/03/2003,QB1AM1AW02A0010,1,EQBT_SSEE_3226590,1
032,112025,3344627,12,7405,3,2,3344627,0,1,1,1,3344627,01/03/2003,QB1AM1AW02A0025,1,EQBT_SSEE_3227178,1
032,112025,3344634,12,7405,3,2,3344634,0,1,1,1,3344634,01/03/2003,QB1AM1AW02A0015,1,EQBT_SSEE_3225266,1
032,112025,3344641,12,7405,3,2,3344641,0,1,1,1,3344641,01/03/2003,QB1AM1AW02A0025,1,EQBT_SSEE_3225234,1
032,112025,3344648,12,7405,3,2,3344648,0,1,1,1,3344648,01/03/2003,QB1AM1AW02A0025,1,EQBT_SSEE_3219562,1
032,112025,3344655,12,7405,3,2,3344655,0,1,1,1,3344655,01/03/2003,QB1AM1AW02A0010,1,EQBT_SSEE_3227514,1
032,112025,3344732,12,7405,3,2,3344732,0,1,1,1,3344732,01/03/2003,QB1AM1AW02A0025,1,EQBT_SSEE_3224606,1
032,112025,3344739,12,7405,3,2,3344739,0,1,1,1,3344739,01/03/2003,QB1AM1AW02A0025,1,EQBT_SSEE_3224610,1
032,112025,3344746,12,7405,3,2,3344746,0,1,1,1,3344746,01/03/2003,QB1AM1AW02A0025,1,EQBT_SSEE_3224614,1
032,112025,3344753,12,8409,3,2,3344753,0,4,1,1,3344753,01/06/2005,QB1AM1AW02A0040,1,EQBT_SSEE_3224842,1
032,112025,3344760,12,7404,3,2,3344760,0,1,1,1,3344760,01/03/2005,QB3AM3AW03A0040,1,EQBT_SSEE_3224838,1
032,112025,3344851,12,7404,3,2,3344851,0,1,1,1,3344851,01/03/2003,QB1AM1AW02A0063,1,EQBT_SSEE_3217970,1
032,112025,3344865,12,7404,3,2,3344865,0,1,1,1,3344865,01/03/2003,QB1AM1AW02A0063,1,EQBT_SSEE_3225878,1
032,112025,3344872,12,7404,3,2,3344872,0,1,1,1,3344872,01/03/2003,QB1AM1AW02A0025,1,EQBT_SSEE_3224970,1
032,112025,3344900,12,7404,3,2,3344900,0,1,1,1,3344900,01/03/2003,QB1AM1AW02A0025,1,EQBT_SSEE_3226306,1
032,112025,3344907,12,7404,3,2,3344907,0,1,1,1,3344907,01/03/2003,QB1AM1AW02A0030,1,EQBT_SSEE_3219778,1
032,112025,3344914,12,7404,3,2,3344914,0,1,1,1,3344914,01/03/2003,QB1AM1AW02A0010,1,EQBT_SSEE_3226302,1
032,112025,3344928,12,7404,3,2,3344928,0,1,1,1,3344928,01/03/2003,QB1AM1AW02A0050,1,EQBT_SSEE_3221090,1
032,112025,3344949,12,7404,3,2,3344949,0,1,1,1,3344949,01/03/2003,QB3AM3AW03A0016,1,EQBT_SSEE_3227286,1
032,112025,3344956,12,7404,3,2,3344956,0,1,1,1,3344956,01/03/2003,QB3AM3AW03A0070,1,EQBT_SSEE_3227190,1
032,112025,3344963,12,7404,3,2,3344963,0,1,1,1,3344963,01/03/2003,QB1AM1AW02A0025,1,EQBT_SSEE_3226606,1
032,112025,3344970,12,7404,3,2,3344970,0,1,1,1,3344970,01/03/2003,QB1AM1AW02A0010,1,EQBT_SSEE_3225058,1
032,112025,3344977,12,7404,3,2,3344977,0,1,1,1,3344977,01/03/2003,QB3AM3AW03A0063,1,EQBT_SSEE_3227218,1
032,112025,3344984,12,7404,3,2,3344984,0,1,1,1,3344984,01/03/2003,QB3AM3AW03A0063,1,EQBT_SSEE_3225122,1
032,112025,3344991,12,7404,3,2,3344991,0,1,1,1,3344991,01/03/2003,QB3AM3AW03A0025,1,EQBT_SSEE_3218538,1
032,112025,3344998,12,7405,3,2,3344998,0,1,1,1,3344998,01/03/2003,QB1AM1AW02A0025,1,EQBT_SSEE_3222246,1
032,112025,3345005,12,7405,3,2,3345005,0,1,1,1,3345005,01/03/2003,QB1AM1AW02A0025,1,EQBT_SSEE_3218534,1
032,112025,3345012,12,7404,3,2,3345012,0,1,1,1,3345012,01/03/2003,QB1AM1AW02A0030,1,EQBT_SSEE_3222782,1
032,112025,3345019,12,7405,3,2,3345019,0,1,1,1,3345019,01/03/2003,QB1AM1AW02A0015,1,EQBT_SSEE_3225922,1
032,112025,3345026,12,7404,3,2,3345026,0,1,1,1,3345026,01/03/2003,QB3AM3AW03A0150,1,EQBT_SSEE_3227102,1
032,112025,3345033,12,7404,3,2,3345033,0,4,1,1,3345033,01/03/2003,QB3AM3AW03A0070,1,EQBT_SSEE_3224866,1
032,112025,3345040,12,7405,3,2,3345040,0,1,1,1,3345040,01/03/2003,QB1AM1AW02A0025,1,EQBT_SSEE_3224590,1
032,112025,3345047,12,7405,3,2,3345047,0,1,1,1,3345047,01/03/2003,QB1AM1AW02A0015,1,EQBT_SSEE_3221890,1
032,112025,3345054,12,7405,3,2,3345054,0,1,1,1,3345054,01/03/2003,QB1AM1AW02A0025,1,EQBT_SSEE_3223922,1
032,112025,3345061,12,7405,3,2,3345061,0,1,1,1,3345061,01/03/2003,QB1AM1AW02A0030,1,EQBT_SSEE_3221882,1
032,112025,3345068,12,7405,3,2,3345068,0,1,1,1,3345068,01/03/2003,QB1AM1AW02A0030,1,EQBT_SSEE_3221878,1
032,112025,3345075,12,7405,3,2,3345075,0,1,1,1,3345075,01/03/2003,QB1AM1AW02A0050,1,EQBT_SSEE_3223534,1
032,112025,3345082,12,7405,3,2,3345082,0,1,1,1,3345082,01/03/2003,QB1AM1AW02A0010,1,EQBT_SSEE_3226338,1
032,112025,3345089,12,7405,3,2,3345089,0,1,1,1,3345089,01/03/2003,QB3AM3AW03A0030,1,EQBT_SSEE_3226342,1
032,112025,3345096,12,7405,3,2,3345096,0,1,1,1,3345096,01/03/2003,QB1AM1AW02A0025,1,EQBT_SSEE_3219890,1
032,112025,3345103,12,7405,3,2,3345103,0,1,1,1,3345103,01/03/2003,QB1AM1AW02A0010,1,EQBT_SSEE_3226774,1
032,112025,3345110,12,7405,3,2,3345110,0,1,1,1,3345110,01/03/2003,QB1AM1AW02A0050,1,EQBT_SSEE_3219886,1
032,112025,3345117,12,7405,3,2,3345117,0,1,1,1,3345117,01/03/2003,QB1AM1AW02A0025,1,EQBT_SSEE_3219882,1
032,112025,3345124,12,7405,3,2,3345124,0,1,1,1,3345124,01/03/2003,QB1AM1AW02A0015,1,EQBT_SSEE_3221902,1
032,112025,3345131,12,7405,3,2,3345131,0,1,1,1,3345131,01/03/2003,QB1AM1AW02A0030,1,EQBT_SSEE_3221906,1
032,112025,3345138,12,7405,3,2,3345138,0,1,1,1,3345138,01/03/2003,QB1AM1AW02A0025,1,EQBT_SSEE_3225198,1
032,112025,3345145,12,7405,3,2,3345145,0,1,1,1,3345145,01/03/2003,QB1AM1AW02A0025,1,EQBT_SSEE_3221898,1
032,112025,3345152,12,7405,3,2,3345152,0,1,1,1,3345152,01/03/2003,QB1AM1AW02A0025,1,EQBT_SSEE_3221886,1
032,112025,3345159,12,7405,3,2,3345159,0,1,1,1,3345159,01/03/2003,QB1AM1AW02A0015,1,EQBT_SSEE_3221930,1
032,112025,3345166,12,7405,3,2,3345166,0,1,1,1,3345166,01/03/2003,QB1AM1AW02A0015,1,EQBT_SSEE_3223906,1
032,112025,3345173,12,7405,3,2,3345173,0,1,1,1,3345173,01/03/2003,QB1AM1AW02A0040,1,EQBT_SSEE_3224298,1
032,112025,3345180,12,7405,3,2,3345180,0,1,1,1,3345180,01/03/2003,QB1AM1AW02A0015,1,EQBT_SSEE_3221926,1
032,112025,3345187,12,7405,3,2,3345187,0,1,1,1,3345187,01/03/2003,QB1AM1AW02A0025,1,EQBT_SSEE_3221922,1
032,112025,3345194,12,7405,3,2,3345194,0,1,1,1,3345194,01/03/2003,QB1AM1AW02A0030,1,EQBT_SSEE_3221918,1
032,112025,3345201,12,7405,3,2,3345201,0,1,1,1,3345201,01/03/2003,QB1AM1AW02A0015,1,EQBT_SSEE_3226770,1
032,112025,3345208,12,7405,3,2,3345208,0,1,1,1,3345208,01/03/2003,QB1AM1AW02A0015,1,EQBT_SSEE_3223890,1
032,112025,3345215,12,7405,3,2,3345215,0,1,1,1,3345215,01/03/2003,QB1AM1AW02A0030,1,EQBT_SSEE_3221914,1
032,112025,3345222,12,7405,3,2,3345222,0,1,1,1,3345222,01/03/2003,QB1AM1AW02A0025,1,EQBT_SSEE_3223934,1
032,112025,3345229,12,7405,3,2,3345229,0,1,1,1,3345229,01/03/2003,QB1AM1AW02A0025,1,EQBT_SSEE_3221910,1
032,112025,3345236,12,7405,3,2,3345236,0,1,1,1,3345236,01/03/2003,QB1AM1AW02A0015,1,EQ_BT_SED1564,1
032,112025,3345243,12,7405,3,2,3345243,0,1,1,1,3345243,01/03/2003,QB1AM1AW02A0025,1,EQBT_SSEE_3227266,1
032,112025,3345250,12,7405,3,2,3345250,0,1,1,1,3345250,01/03/2003,QB1AM1AW02A0030,1,EQBT_SSEE_3219922,1
032,112025,3345257,12,7405,3,2,3345257,0,1,1,1,3345257,01/03/2003,QB1AM1AW02A0015,1,EQBT_SSEE_3219926,1
032,112025,3345264,12,7405,3,2,3345264,0,1,1,1,3345264,01/03/2003,QB1AM1AW02A0050,1,EQBT_SSEE_3219930,1
032,112025,3345278,12,7405,3,2,3345278,0,1,1,1,3345278,01/03/2003,QB1AM1AW02A0015,1,EQBT_SSEE_3223862,1
032,112025,3345285,12,7405,3,2,3345285,0,1,1,1,3345285,01/03/2003,QB1AM1AW02A0015,1,EQBT_SSEE_3223418,1
032,112025,3345292,12,7405,3,2,3345292,0,1,1,1,3345292,01/03/2003,QB1AM1AW02A0063,1,EQBT_SSEE_3226794,1
032,112025,3345299,12,7405,3,2,3345299,0,1,1,1,3345299,01/03/2003,QB1AM1AW02A0030,1,EQBT_SSEE_3221602,1
032,112025,3345306,12,7405,3,2,3345306,0,1,1,1,3345306,01/03/2003,QB1AM1AW02A0015,1,EQBT_SSEE_3226350,1
032,112025,3345313,12,7405,3,2,3345313,0,1,1,1,3345313,01/03/2003,QB1AM1AW02A0015,1,EQBT_SSEE_3223622,1
032,112025,3345320,12,7405,3,2,3345320,0,1,1,1,3345320,01/03/2003,QB1AM1AW02A0015,1,EQBT_SSEE_3223398,1
032,112025,3345327,12,7405,3,2,3345327,0,1,1,1,3345327,01/03/2003,QB1AM1AW02A0015,1,EQBT_SSEE_3227262,1
032,112025,3345334,12,7405,3,2,3345334,0,1,1,1,3345334,01/03/2003,QB1AM1AW02A0025,1,EQBT_SSEE_3222090,1
032,112025,3345341,12,7405,3,2,3345341,0,1,1,1,3345341,01/03/2003,QB1AM1AW02A0030,1,EQBT_SSEE_3224982,1
032,112025,3345348,12,7405,3,2,3345348,0,1,1,1,3345348,01/03/2003,QB1AM1AW02A0025,1,EQBT_SSEE_3222086,1
032,112025,3345355,12,7405,3,2,3345355,0,1,1,1,3345355,01/03/2003,QB1AM1AW02A0025,1,EQBT_SSEE_3222082,1
032,112025,3345362,12,7405,3,2,3345362,0,1,1,1,3345362,01/03/2003,QB1AM1AW02A0030,1,EQBT_SSEE_3222078,1
032,112025,3345369,12,7405,3,2,3345369,0,1,1,1,3345369,01/03/2003,QB1AM1AW02A0025,1,EQBT_SSEE_3222074,1
032,112025,3345376,12,7405,3,2,3345376,0,1,1,1,3345376,01/03/2003,QB1AM1AW02A0040,1,EQBT_SSEE_3225106,1
032,112025,3345383,12,7405,3,2,3345383,0,1,1,1,3345383,01/03/2003,QB1AM1AW02A0063,1,EQBT_SSEE_3219914,1
032,112025,3345390,12,7405,3,2,3345390,0,1,1,1,3345390,01/03/2003,QB1AM1AW02A0015,1,EQBT_SSEE_3223414,1
032,112025,3345397,12,7405,3,2,3345397,0,1,1,1,3345397,01/03/2003,QB1AM1AW02A0030,1,EQBT_SSEE_3219906,1
032,112025,3345404,12,7405,3,2,3345404,0,1,1,1,3345404,01/03/2003,QB1AM1AW02A0040,1,EQBT_SSEE_3219910,1
032,112025,3345418,12,7405,3,2,3345418,0,1,1,1,3345418,01/03/2003,QB1AM1AW02A0015,1,EQBT_SSEE_3220682,1
032,112025,3345432,12,7405,3,2,3345432,0,1,1,1,3345432,01/03/2003,QB1AM1AW02A0010,1,EQBT_SSEE_3226354,1
032,112025,3345439,12,7405,3,2,3345439,0,1,1,1,3345439,01/03/2003,QB1AM1AW02A0015,1,EQBT_SSEE_3225194,1
032,112025,3345446,12,7405,3,2,3345446,0,1,1,1,3345446,01/03/2003,QB1AM1AW02A0025,1,EQBT_SSEE_3223458,1
032,112025,3345488,12,7405,3,2,3345488,0,1,1,1,3345488,01/03/2003,QB1AM1AW02A0025,1,EQBT_SSEE_3221310,1
032,112025,3345495,12,7405,3,2,3345495,0,1,1,1,3345495,01/03/2003,QB1AM1AW02A0025,1,EQBT_SSEE_3226710,1
032,112025,3345502,12,7405,3,2,3345502,0,1,1,1,3345502,01/03/2003,QB1AM1AW02A0015,1,EQBT_SSEE_3223426,1
032,112025,3345509,12,7405,3,2,3345509,0,1,1,1,3345509,01/03/2003,QB1AM1AW02A0030,1,EQBT_SSEE_3223430,1
032,112025,3345516,12,7405,3,2,3345516,0,1,1,1,3345516,01/03/2003,QB1AM1AW02A0015,1,EQBT_SSEE_3223442,1
032,112025,3345530,12,7405,3,2,3345530,0,1,1,1,3345530,01/03/2003,QB1AM1AW02A0015,1,EQBT_SSEE_3223446,1
032,112025,3345544,12,7405,3,2,3345544,0,1,1,1,3345544,01/03/2003,QB1AM1AW02A0030,1,EQBT_SSEE_3223454,1
032,112025,3345551,12,7405,3,2,3345551,0,1,1,1,3345551,01/03/2003,QB1AM1AW02A0025,1,EQBT_SSEE_3223450,1
032,112025,3345558,12,7201,3,2,3345558,0,1,1,1,3345558,01/03/2003,QB3AM3AW03A0150,1,EQBT_SSEE_3227534,1
032,112025,3345565,12,7201,3,2,3345565,0,1,1,1,3345565,01/03/2003,QB1AM1AW02A0025,1,EQBT_SSEE_3227246,1
032,112025,3345572,12,7405,3,2,3345572,0,1,1,1,3345572,01/03/2003,QB1AM1AW02A0015,1,EQBT_SSEE_3223410,1
032,112025,3345579,12,7404,3,2,3345579,0,1,1,1,3345579,01/03/2003,QB3AM3AW03A0150,1,EQBT_SSEE_3220858,1
032,112025,3345586,12,7405,3,2,3345586,0,1,1,1,3345586,01/03/2003,QB1AM1AW02A0030,1,EQBT_SSEE_3219902,1
032,112025,3345593,12,7405,3,2,3345593,0,1,1,1,3345593,01/03/2003,QB1AM1AW02A0025,1,EQBT_SSEE_3219898,1
032,112025,3345600,12,7405,3,2,3345600,0,1,1,1,3345600,01/03/2003,QB1AM1AW02A0040,1,EQBT_SSEE_3219894,1
032,112025,3345607,12,7405,3,2,3345607,0,1,1,1,3345607,01/03/2003,QB1AM1AW02A0040,1,EQBT_SSEE_3226346,1
032,112025,3345635,12,7405,3,2,3345635,0,1,1,1,3345635,01/03/2003,QB1AM1AW02A0063,1,EQBT_SSEE_3226134,1
032,112025,3345642,12,7405,3,2,3345642,0,1,1,1,3345642,01/03/2003,QB3AM3AW03A0010,1,EQBT_SSEE_3224846,1
032,112025,3345649,12,7405,3,2,3345649,0,1,1,1,3345649,01/03/2003,QB3AM3AW03A0150,1,EQBT_SSEE_3224522,1
032,112025,3345656,12,7405,3,2,3345656,0,1,1,1,3345656,01/03/2003,QB3AM3AW03A0040,1,EQBT_SSEE_3220478,1
032,112025,3345663,12,7405,3,2,3345663,0,1,1,1,3345663,01/03/2003,QB1AM1AW02A0030,1,EQBT_SSEE_3223938,1
032,112025,3345670,12,7405,3,2,3345670,0,1,1,1,3345670,01/03/2003,QB1AM1AW02A0015,1,EQBT_SSEE_3227250,1
032,112025,3345677,12,7405,3,2,3345677,0,1,1,1,3345677,01/03/2003,QB1AM1AW02A0070,1,EQBT_SSEE_3227598,1
032,112025,3345684,12,7405,3,2,3345684,0,1,1,1,3345684,01/03/2003,QB1AM1AW02A0030,1,EQBT_SSEE_3219770,1
032,112025,3345691,12,7405,3,2,3345691,0,1,1,1,3345691,01/03/2003,QB1AM1AW02A0010,1,EQBT_SSEE_3226290,1
032,112025,3345698,12,7405,3,2,3345698,0,1,1,1,3345698,01/03/2003,QB3AM3AW03A0050,1,EQBT_SSEE_3220610,1
032,112025,3345705,12,7405,3,2,3345705,0,1,1,1,3345705,01/03/2003,QB1AM1AW02A0040,1,EQBT_SSEE_3226282,1
032,112025,3345712,12,7405,3,2,3345712,0,1,1,1,3345712,01/03/2003,QB1AM1AW02A0025,1,EQBT_SSEE_3227446,1
032,112025,3345719,12,7405,3,2,3345719,0,1,1,1,3345719,01/03/2003,QB1AM1AW02A0030,1,EQBT_SSEE_3219774,1
032,112025,3345733,12,7405,3,2,3345733,0,1,1,1,3345733,01/03/2003,QB3AM3AW03A0040,1,EQBT_SSEE_3220714,1
032,112025,3345740,12,7405,3,2,3345740,0,1,1,1,3345740,01/03/2003,QB1AM1AW02A0040,1,EQBT_SSEE_3227306,1
032,112025,3345747,12,7405,3,2,3345747,0,4,1,1,3345747,01/03/2003,QB3AM3AW03A0125,1,EQBT_SSEE_3222038,1
032,112025,3345754,12,7405,3,2,3345754,0,1,1,1,3345754,01/03/2003,QB3AM3AW03A0040,1,EQBT_SSEE_3225414,1
032,112025,3345761,12,7405,3,2,3345761,0,1,1,1,3345761,01/03/2003,QB1AM1AW02A0010,1,EQBT_SSEE_3218726,1
032,112025,3345768,12,7405,3,2,3345768,0,1,1,1,3345768,01/03/2003,QB1AM1AW02A0015,1,EQBT_SSEE_3227570,1
032,112025,3345775,12,7405,3,2,3345775,0,1,1,1,3345775,01/03/2003,QB1AM1AW02A0040,1,EQBT_SSEE_3226174,1
032,112025,3345782,12,7405,3,2,3345782,0,1,1,1,3345782,01/03/2003,QB1AM1AW02A0070,1,EQBT_SSEE_3218386,1
032,112025,3345789,12,7405,3,2,3345789,0,1,1,1,3345789,01/03/2003,QB3AM3AW03A0040,1,EQBT_SSEE_3220926,1
032,112025,3345796,12,7405,3,2,3345796,0,1,1,1,3345796,01/03/2003,QB1AM1AW02A0015,1,EQBT_SSEE_3221518,1
032,112025,3345803,12,7405,3,2,3345803,0,1,1,1,3345803,01/03/2003,QB1AM1AW02A0030,1,EQBT_SSEE_3221522,1
032,112025,3345810,12,7405,3,2,3345810,0,1,1,1,3345810,01/03/2003,QB1AM1AW02A0030,1,EQBT_SSEE_3225898,1
032,112025,3345817,12,7405,3,2,3345817,0,1,1,1,3345817,01/03/2003,QB1AM1AW02A0025,1,EQBT_SSEE_3219430,1
032,112025,3345824,12,7405,3,2,3345824,0,1,1,1,3345824,01/03/2003,QB1AM1AW02A0030,1,EQBT_SSEE_3226178,1
032,112025,3345831,12,7405,3,2,3345831,0,4,1,1,3345831,01/03/2003,QB3AM3AW03A0050,1,EQBT_SSEE_3223050,1
032,112025,3345838,12,7405,3,2,3345838,0,1,1,1,3345838,01/03/2003,QB1AM1AW02A0040,1,EQBT_SSEE_3219426,1
032,112025,3345845,12,7405,3,2,3345845,0,1,1,1,3345845,01/03/2003,QB1AM1AW02A0050,1,EQBT_SSEE_3219422,1
032,112025,3345852,12,7405,3,2,3345852,0,1,1,1,3345852,01/03/2003,QB3AM3AW03A0040,1,EQBT_SSEE_3219766,1
032,112025,3345859,12,7405,3,2,3345859,0,1,1,1,3345859,01/03/2003,QB1AM1AW02A0040,1,EQBT_SSEE_3219414,1
032,112025,3345873,12,7405,3,2,3345873,0,1,1,1,3345873,01/03/2003,QB1AM1AW02A0025,1,EQBT_SSEE_3218602,1
032,112025,3345880,12,7405,3,2,3345880,0,1,1,1,3345880,01/03/2003,QB3AM3AW03A0040,1,EQBT_SSEE_3221630,1
032,112025,3345887,12,7405,3,2,3345887,0,1,1,1,3345887,01/03/2003,QB1AM1AW02A0100,1,EQBT_SSEE_3220286,1
032,112025,3345894,12,7405,3,2,3345894,0,1,1,1,3345894,01/03/2003,QB1AM1AW02A0030,1,EQBT_SSEE_3222762,1
032,112025,3345901,12,7405,3,2,3345901,0,1,1,1,3345901,01/03/2003,QB1AM1AW02A0015,1,EQBT_SSEE_3227494,1
032,112025,3345908,12,7405,3,2,3345908,0,1,1,1,3345908,01/03/2003,QB3AM3AW03A0016,1,EQBT_SSEE_3222006,1
032,112025,3345915,12,7405,3,2,3345915,0,4,1,1,3345915,01/03/2003,QB3AM3AW03A0125,1,EQBT_SSEE_3220150,1
032,112025,3345922,12,7405,3,2,3345922,0,1,1,1,3345922,01/03/2003,QB1AM1AW02A0010,1,EQBT_SSEE_3220654,1
032,112025,3345929,12,7405,3,2,3345929,0,4,1,1,3345929,01/03/2003,QB3AM3AW03A0125,1,EQBT_SSEE_3218610,1
032,112025,3345936,12,7405,3,2,3345936,0,4,1,1,3345936,01/03/2003,QB3AM3AW03A0150,1,EQBT_SSEE_3220174,1
032,112025,3345943,12,7405,3,2,3345943,0,1,1,1,3345943,01/03/2003,QB1AM1AW02A0015,1,EQBT_SSEE_3219030,1
032,112025,3345950,12,7405,3,2,3345950,0,1,1,1,3345950,01/03/2003,QB1AM1AW02A0040,1,EQBT_SSEE_3222050,1
032,112025,3345957,12,7405,3,2,3345957,0,1,1,1,3345957,01/03/2003,QB1AM1AW02A0030,1,EQBT_SSEE_3220514,1
032,112025,3345964,12,7405,3,2,3345964,0,1,1,1,3345964,01/03/2003,QB1AM1AW02A0025,1,EQBT_SSEE_3220518,1
032,112025,3345971,12,7405,3,2,3345971,0,1,1,1,3345971,01/03/2003,QB1AM1AW02A0080,1,EQBT_SSEE_3226646,1
032,112025,3345978,12,7405,3,2,3345978,0,1,1,1,3345978,01/03/2003,QB1AM1AW02A0015,1,EQBT_SSEE_3227462,1
032,112025,3345985,12,7405,3,2,3345985,0,1,1,1,3345985,01/03/2003,QB1AM1AW02A0050,1,Piguchen Pueblo,1
032,112025,3346006,12,7405,3,2,3346006,0,1,1,1,3346006,01/03/2003,QB1AM1AW02A0025,1,EQBT_SSEE_3223382,1
032,112025,3346013,12,7405,3,2,3346013,0,1,1,1,3346013,01/03/2003,QB3AM3AW03A0063,1,EQBT_SSEE_3220318,1
032,112025,3346020,12,7405,3,2,3346020,0,4,1,1,3346020,01/03/2003,QB3AM3AW03A0070,1,EQBT_SSEE_3220006,1
032,112025,3346027,12,7405,3,2,3346027,0,1,1,1,3346027,01/03/2003,QB1AM1AW02A0025,1,EQBT_SSEE_3223386,1
032,112025,3346034,12,7405,3,2,3346034,0,4,1,1,3346034,01/03/2003,QB3AM3AW03A0070,1,EQBT_SSEE_3220170,1
032,112025,3346041,12,7405,3,2,3346041,0,1,1,1,3346041,01/03/2003,QB1AM1AW02A0025,1,EQBT_SSEE_3223390,1
032,112025,3346048,12,7405,3,2,3346048,0,1,1,1,3346048,01/03/2003,QB1AM1AW02A0050,1,EQBT_SSEE_3220194,1
032,112025,3346055,12,7405,3,2,3346055,0,1,1,1,3346055,01/03/2003,QB1AM1AW02A0030,1,EQBT_SSEE_3224542,1
032,112025,3346062,12,7405,3,2,3346062,0,1,1,1,3346062,01/03/2003,QB1AM1AW02A0010,1,EQBT_SSEE_3224854,1
032,112025,3346069,12,7405,3,2,3346069,0,1,1,1,3346069,01/03/2003,QB1AM1AW02A0015,1,EQBT_SSEE_3224546,1
032,112025,3346076,12,7405,3,2,3346076,0,1,1,1,3346076,01/03/2003,QB1AM1AW02A0015,1,EQBT_SSEE_3224538,1
032,112025,3346083,12,7405,3,2,3346083,0,1,1,1,3346083,01/03/2003,QB1AM1AW02A0015,1,EQBT_SSEE_3224534,1
032,112025,3346090,12,7405,3,2,3346090,0,1,1,1,3346090,01/03/2003,QB1AM1AW02A0015,1,EQBT_SSEE_3220818,1
032,112025,3346097,12,7405,3,2,3346097,0,1,1,1,3346097,01/03/2003,QB1AM1AW02A0025,1,EQBT_SSEE_3220822,1
032,112025,3346104,12,7405,3,2,3346104,0,1,1,1,3346104,01/03/2003,QB1AM1AW02A0015,1,EQBT_SSEE_3220826,1
032,112025,3346111,12,7405,3,2,3346111,0,1,1,1,3346111,01/03/2003,QB3AM3AW03A0050,1,EQBT_SSEE_3221966,1
032,112025,3346118,12,7405,3,2,3346118,0,1,1,1,3346118,01/03/2003,QB1AM1AW02A0010,1,EQBT_SSEE_3226270,1
032,112025,3346125,12,7405,3,2,3346125,0,1,1,1,3346125,01/03/2003,QB1AM1AW02A0025,1,EQBT_SSEE_3226370,1
032,112025,3346132,12,7405,3,2,3346132,0,1,1,1,3346132,01/03/2003,QB1AM1AW02A0025,1,EQBT_SSEE_3219734,1
032,112025,3346139,12,7405,3,2,3346139,0,1,1,1,3346139,01/03/2003,QB1AM1AW02A0015,1,EQBT_SSEE_3226274,1
032,112025,3346146,12,7405,3,2,3346146,0,1,1,1,3346146,01/03/2003,QB1AM1AW02A0030,1,EQBT_SSEE_3223666,1
032,112025,3346160,12,7405,3,2,3346160,0,1,1,1,3346160,01/03/2003,QB1AM1AW02A0030,1,EQBT_SSEE_3224022,1
032,112025,3346174,12,7405,3,2,3346174,0,1,1,1,3346174,01/03/2003,QB1AM1AW02A0050,1,EQBT_SSEE_3226046,1
032,112025,3346181,12,7405,3,2,3346181,0,1,1,1,3346181,01/03/2003,QB1AM1AW02A0050,1,EQBT_SSEE_3219222,1
032,112025,3346195,12,7405,3,2,3346195,0,1,1,1,3346195,01/03/2003,QB1AM1AW02A0015,1,EQBT_SSEE_3221938,1
032,112025,3346202,12,7405,3,2,3346202,0,1,1,1,3346202,01/03/2003,QB1AM1AW02A0015,1,EQBT_SSEE_3221942,1
032,112025,3346209,12,7405,3,2,3346209,0,1,1,1,3346209,01/03/2003,QB1AM1AW02A0025,1,EQBT_SSEE_3221934,1
032,112025,3346216,12,7405,3,2,3346216,0,1,1,1,3346216,01/03/2003,QB1AM1AW02A0015,1,EQBT_SSEE_3225090,1
032,112025,3346223,12,7405,3,2,3346223,0,1,1,1,3346223,01/03/2003,QB3AM3AW03A0063,1,EQBT_SSEE_3222138,1
032,112025,3346237,12,7405,3,2,3346237,0,1,1,1,3346237,01/03/2003,QB1AM1AW02A0025,1,EQBT_SSEE_3225326,1
032,112025,3346244,12,7405,3,2,3346244,0,1,1,1,3346244,01/03/2003,QB1AM1AW02A0050,1,EQBT_SSEE_3226330,1
032,112025,3346251,12,7405,3,2,3346251,0,1,1,1,3346251,01/03/2003,QB1AM1AW02A0015,1,EQBT_SSEE_3225310,1
032,112025,3346258,12,7405,3,2,3346258,0,1,1,1,3346258,01/03/2003,QB1AM1AW02A0025,1,EQBT_SSEE_3219850,1
032,112025,3346265,12,7405,3,2,3346265,0,1,1,1,3346265,01/03/2003,QB1AM1AW02A0040,1,EQBT_SSEE_3220190,1
032,112025,3346272,12,7405,3,2,3346272,0,4,1,1,3346272,01/12/2004,QB3AM3AW03A0030,1,EQBT_SSEE_3225006,1
032,112025,3346279,12,7405,3,2,3346279,0,1,1,1,3346279,01/03/2003,QB1AM1AW02A0070,1,EQBT_SSEE_3218922,1
032,112025,3346286,12,7405,3,2,3346286,0,1,1,1,3346286,01/03/2003,QB1AM1AW02A0050,1,EQBT_SSEE_3223894,1
032,112025,3346293,12,7405,3,2,3346293,0,1,1,1,3346293,01/03/2003,QB1AM1AW02A0015,1,EQBT_SSEE_3221786,1
032,112025,3346307,12,7405,3,2,3346307,0,1,1,1,3346307,01/03/2003,QB1AM1AW02A0025,1,EQBT_SSEE_3224198,1
032,112025,3346314,12,7405,3,2,3346314,0,1,1,1,3346314,01/03/2003,QB1AM1AW02A0025,1,EQBT_SSEE_3224206,1
032,112025,3346321,12,7405,3,2,3346321,0,1,1,1,3346321,01/03/2003,QB1AM1AW02A0025,1,EQBT_SSEE_3221782,1
032,112025,3346328,12,7405,3,2,3346328,0,1,1,1,3346328,01/03/2003,QB1AM1AW02A0015,1,EQBT_SSEE_3226754,1
032,112025,3346335,12,7405,3,2,3346335,0,1,1,1,3346335,01/03/2003,QB1AM1AW02A0015,1,EQBT_SSEE_3224202,1
032,112025,3346342,12,7405,3,2,3346342,0,1,1,1,3346342,01/03/2003,QB1AM1AW02A0015,1,EQBT_SSEE_3222626,1
032,112025,3346349,12,7405,3,2,3346349,0,1,1,1,3346349,01/03/2003,QB1AM1AW02A0025,1,EQBT_SSEE_3223614,1
032,112025,3346356,12,7405,3,2,3346356,0,1,1,1,3346356,01/03/2003,QB1AM1AW02A0010,1,EQBT_SSEE_3221146,1
032,112025,3346363,12,7405,3,2,3346363,0,1,1,1,3346363,01/03/2003,QB3AM3AW03A0070,1,EQBT_SSEE_3227506,1
032,112025,3346370,12,7405,3,2,3346370,0,4,1,1,3346370,01/03/2003,QB3AM3AW03A0150,1,EQBT_SSEE_3220782,1
032,112025,3346377,12,7405,3,2,3346377,0,1,1,1,3346377,01/03/2003,QB1AM1AW02A0030,1,EQBT_SSEE_3220382,1
032,112025,3346384,12,7405,3,2,3346384,0,1,1,1,3346384,16/12/2015,QB3AM3AW03A0030,1,EQBT_SSEE_3220310,1
032,112025,3346391,12,7405,3,2,3346391,0,1,1,1,3346391,01/03/2003,QB1AM1AW02A0090,1,EQBT_SSEE_3223486,1
032,112025,3346405,12,7405,3,2,3346405,0,1,1,1,3346405,01/03/2003,QB1AM1AW02A0050,1,EQBT_SSEE_3223882,1
032,112025,3346412,12,7405,3,2,3346412,0,1,1,1,3346412,01/03/2003,QB1AM1AW02A0025,1,EQBT_SSEE_3224530,1
032,112025,3346419,12,7405,3,2,3346419,0,1,1,1,3346419,01/03/2003,QB1AM1AW02A0010,1,EQBT_SSEE_3220182,1
032,112025,3346426,12,7405,3,2,3346426,0,1,1,1,3346426,01/03/2003,QB1AM1AW02A0063,1,EQBT_SSEE_3218682,1
032,112025,3346433,12,7405,3,2,3346433,0,1,1,1,3346433,01/03/2003,QB1AM1AW02A0030,1,EQBT_SSEE_3218422,1
032,112025,3346440,12,7405,3,2,3346440,0,1,1,1,3346440,01/03/2003,QB1AM1AW02A0015,1,EQBT_SSEE_3224026,1
032,112025,3346454,12,7405,3,2,3346454,0,1,1,1,3346454,01/03/2003,QB3AM3AW03A0030,1,EQBT_SSEE_3227502,1
032,112025,3346468,12,7405,3,2,3346468,0,1,1,1,3346468,01/03/2003,QB3AM3AW03A0025,1,EQBT_SSEE_3219810,1
032,112025,3346475,12,7405,3,2,3346475,0,1,1,1,3346475,01/03/2003,QB1AM1AW02A0025,1,EQBT_SSEE_3218406,1
032,112025,3346482,12,7405,3,2,3346482,0,1,1,1,3346482,01/03/2003,QB1AM1AW02A0025,1,EQBT_SSEE_3218402,1
032,112025,3346489,12,7405,3,2,3346489,0,1,1,1,3346489,01/03/2003,QB3AM3AW03A0025,1,EQBT_SSEE_3224162,1
032,112025,3346510,12,7405,3,2,3346510,0,1,1,1,3346510,01/03/2003,QB1AM1AW02A0050,1,EQBT_SSEE_3218718,1
032,112025,3346517,12,7405,3,2,3346517,0,1,1,1,3346517,01/03/2003,QB1AM1AW02A0040,1,EQBT_SSEE_3224862,1
032,112025,3346524,12,7405,3,2,3346524,0,1,1,1,3346524,01/03/2003,QB1AM1AW02A0040,1,EQBT_SSEE_3218714,1
032,112025,3346531,12,7405,3,2,3346531,0,1,1,1,3346531,01/03/2003,QB1AM1AW02A0010,1,EQBT_SSEE_3225954,1
032,112025,3346538,12,7405,3,2,3346538,0,1,1,1,3346538,01/03/2003,QB1AM1AW02A0015,1,EQBT_SSEE_3224470,1
032,112025,3346545,12,7405,3,2,3346545,0,1,1,1,3346545,01/03/2003,QB3AM3AW03A0040,1,EQBT_SSEE_3218570,1
032,112025,3346552,12,7405,3,2,3346552,0,1,1,1,3346552,01/03/2003,QB1AM1AW02A0040,1,EQBT_SSEE_3224466,1
032,112025,3346559,12,7405,3,2,3346559,0,1,1,1,3346559,01/03/2003,QB3AM3AW03A0025,1,EQBT_SSEE_3219270,1
032,112025,3346566,12,7405,3,2,3346566,0,4,1,1,3346566,01/03/2003,QB3AM3AW03A0150,1,EQBT_SSEE_3218410,1
032,112025,3346573,12,7405,3,2,3346573,0,1,1,1,3346573,01/03/2003,QB3AM3AW03A0070,1,EQBT_SSEE_3218414,1
032,112025,3346580,12,7405,3,2,3346580,0,1,1,1,3346580,01/03/2003,QB3AM3AW03A0025,1,EQBT_SSEE_3221846,1
032,112025,3346587,12,7405,3,2,3346587,0,1,1,1,3346587,01/03/2003,QB3AM3AW03A0025,1,EQBT_SSEE_3221842,1
032,112025,3346594,12,7405,3,2,3346594,0,1,1,1,3346594,01/03/2003,QB1AM1AW02A0050,1,EQBT_SSEE_3221430,1
032,112025,3346601,12,7405,3,2,3346601,0,1,1,1,3346601,01/03/2003,QB3AM3AW03A0030,1,EQBT_SSEE_3218418,1
032,112025,3346608,12,7405,3,2,3346608,0,1,1,1,3346608,01/03/2003,QB1AM1AW02A0030,1,EQBT_SSEE_3226366,1
032,112025,3346615,12,7405,3,2,3346615,0,1,1,1,3346615,01/03/2003,QB1AM1AW02A0063,1,EQBT_SSEE_3222994,1
032,112025,3346643,12,7403,3,2,3346643,0,1,1,1,3346643,01/03/2003,QB1AM1AW02A0040,1,EQBT_SSEE_3220890,1
032,112025,3346650,12,7403,3,2,3346650,0,1,1,1,3346650,01/03/2003,QB1AM1AW02A0025,1,EQBT_SSEE_3225254,1
032,112025,3346657,12,7403,3,2,3346657,0,1,1,1,3346657,01/03/2003,QB1AM1AW02A0015,1,EQBT_SSEE_3225258,1
032,112025,3346664,12,7405,3,2,3346664,0,1,1,1,3346664,01/03/2003,QB1AM1AW02A0050,1,EQBT_SSEE_3218398,1
032,112025,3346671,12,7405,3,2,3346671,0,1,1,1,3346671,01/03/2003,QB1AM1AW02A0025,1,EQBT_SSEE_3223598,1
032,112025,3346685,12,7405,3,2,3346685,0,1,1,1,3346685,01/03/2003,QB1AM1AW02A0025,1,EQBT_SSEE_3224038,1
032,112025,3346692,12,7405,3,2,3346692,0,1,1,1,3346692,01/03/2003,QB1AM1AW02A0025,1,EQBT_SSEE_3224186,1
032,112025,3346699,12,7405,3,2,3346699,0,1,1,1,3346699,01/03/2003,QB1AM1AW02A0063,1,EQBT_SSEE_3223014,1
032,112025,3346706,12,7405,3,2,3346706,0,1,1,1,3346706,01/03/2003,QB1AM1AW02A0025,1,EQBT_SSEE_3224474,1
032,112025,3346713,12,7405,3,2,3346713,0,1,1,1,3346713,01/03/2003,QB1AM1AW02A0015,1,EQBT_SSEE_3227698,1
032,112025,3346720,12,7405,3,2,3346720,0,1,1,1,3346720,01/03/2003,QB1AM1AW02A0015,1,EQBT_SSEE_3220658,1
032,112025,3346727,12,7405,3,2,3346727,0,1,1,1,3346727,01/03/2003,QB1AM1AW02A0025,1,EQBT_SSEE_3223902,1
032,112025,3346734,12,7405,3,2,3346734,0,1,1,1,3346734,01/03/2003,QB1AM1AW02A0050,1,EQBT_SSEE_3223898,1
032,112025,3346741,12,7405,3,2,3346741,0,1,1,1,3346741,01/11/2005,QB3AM3AW03A0040,1,EQBT_SSEE_3224834,1
032,112025,3346748,12,7405,3,2,3346748,0,4,1,1,3346748,01/11/2005,QB3AM3AW03A0025,1,EQBT_SSEE_3224830,1
032,112025,3346755,12,7405,3,2,3346755,0,1,1,1,3346755,01/03/2003,QB1AM1AW02A0070,1,EQBT_SSEE_3226334,1
032,112025,3346762,12,7405,3,2,3346762,0,1,1,1,3346762,01/03/2003,QB1AM1AW02A0030,1,EQBT_SSEE_3219854,1
032,112025,3346769,12,7405,3,2,3346769,0,1,1,1,3346769,01/03/2003,QB1AM1AW02A0015,1,EQBT_SSEE_3223930,1
032,112025,3346776,12,7405,3,2,3346776,0,4,1,1,3346776,01/03/2003,QB3AM3AW03A0016,1,EQBT_SSEE_3223654,1
032,112025,3346790,12,7405,3,2,3346790,0,1,1,1,3346790,01/03/2003,QB3AM3AW03A0050,1,EQBT_SSEE_3218362,1
032,112025,3346797,12,7405,3,2,3346797,0,1,1,1,3346797,01/03/2003,QB3AM3AW03A0063,1,EQBT_SSEE_3219190,1
032,112025,3346818,12,7405,3,2,3346818,0,1,1,1,3346818,01/03/2003,QB1AM1AW02A0025,1,EQBT_SSEE_3221322,1
032,112025,3346825,12,7405,3,2,3346825,0,1,1,1,3346825,01/03/2003,QB1AM1AW02A0040,1,EQBT_SSEE_3220566,1
032,112025,3346832,12,7405,3,2,3346832,0,1,1,1,3346832,01/03/2003,QB1AM1AW02A0040,1,EQBT_SSEE_3219706,1
032,112025,3346839,12,7405,3,2,3346839,0,4,1,1,3346839,01/03/2003,QB3AM3AW03A0150,1,EQBT_SSEE_3223846,1
032,112025,3346853,12,7405,3,2,3346853,0,1,1,1,3346853,01/03/2003,QB1AM1AW02A0025,1,EQBT_SSEE_3218874,1
032,112025,3346860,12,7405,3,2,3346860,0,4,1,1,3346860,01/03/2003,QB3AM3AW03A0125,1,EQBT_SSEE_3223954,1
032,112025,3346867,12,7405,3,2,3346867,0,1,1,1,3346867,01/03/2003,QB1AM1AW02A0063,1,EQBT_SSEE_3220570,1
032,112025,3346874,12,7405,3,2,3346874,0,1,1,1,3346874,01/03/2003,QB1AM1AW02A0010,1,EQBT_SSEE_3220574,1
032,112025,3346881,12,7405,3,2,3346881,0,1,1,1,3346881,01/03/2003,QB1AM1AW02A0025,1,EQBT_SSEE_3218086,1
032,112025,3346888,12,7405,3,2,3346888,0,1,1,1,3346888,01/03/2003,QB1AM1AW02A0040,1,EQBT_SSEE_3223562,1
032,112025,3346895,12,7405,3,2,3346895,0,1,1,1,3346895,01/03/2003,QB1AM1AW02A0025,1,EQBT_SSEE_3221114,1
032,112025,3346902,12,7405,3,2,3346902,0,1,1,1,3346902,01/03/2003,QB3AM3AW03A0063,1,EQBT_SSEE_3227166,1
032,112025,3346909,12,7405,3,2,3346909,0,1,1,1,3346909,01/03/2003,QB3AM3AW03A0030,1,EQBT_SSEE_3220694,1
032,112025,3346916,12,7405,3,2,3346916,0,1,1,1,3346916,01/03/2003,QB3AM3AW03A0016,1,EQBT_SSEE_3227458,1
032,112025,3346923,12,7405,3,2,3346923,0,1,1,1,3346923,01/03/2003,QB1AM1AW02A0025,1,EQBT_SSEE_3226970,1
032,112025,3346930,12,7405,3,2,3346930,0,1,1,1,3346930,01/03/2003,QB1AM1AW02A0050,1,EQBT_SSEE_3226974,1
032,112025,3346937,12,7405,3,2,3346937,0,1,1,1,3346937,01/03/2003,QB1AM1AW02A0030,1,EQBT_SSEE_3222742,1
032,112025,3346944,12,7405,3,2,3346944,0,1,1,1,3346944,01/03/2003,QB1AM1AW02A0080,1,EQBT_SSEE_3223566,1
032,112025,3346951,12,7405,3,2,3346951,0,1,1,1,3346951,01/03/2003,QB1AM1AW02A0030,1,EQBT_SSEE_3218550,1
032,112025,3346958,12,7405,3,2,3346958,0,1,1,1,3346958,01/03/2003,QB1AM1AW02A0050,1,EQBT_SSEE_3223642,1
032,112025,3346965,12,7404,3,2,3346965,0,1,1,1,3346965,01/03/2003,QB3AM3AW03A0070,1,EQBT_SSEE_3225894,1
032,112025,3346979,12,7405,3,2,3346979,0,1,1,1,3346979,01/03/2003,QB1AM1AW02A0080,1,EQBT_SSEE_3224122,1
032,112025,3346986,12,7405,3,2,3346986,0,1,1,1,3346986,01/03/2003,QB3AM3AW03A0125,1,EQBT_SSEE_3218554,1
032,112025,3346993,12,7405,3,2,3346993,0,1,1,1,3346993,01/03/2003,QB1AM1AW02A0050,1,EQBT_SSEE_3221446,1
032,112025,3347000,12,7405,3,2,3347000,0,1,1,1,3347000,01/03/2003,QB3AM3AW03A0040,1,EQBT_SSEE_3222998,1
032,112025,3347007,12,7405,3,2,3347007,0,1,1,1,3347007,01/03/2003,QB1AM1AW02A0015,1,EQBT_SSEE_3225318,1
032,112025,3347014,12,7405,3,2,3347014,0,1,1,1,3347014,01/03/2003,QB1AM1AW02A0050,1,EQBT_SSEE_3224870,1
032,112025,3347021,12,7405,3,2,3347021,0,1,1,1,3347021,01/03/2003,QB1AM1AW02A0015,1,EQBT_SSEE_3224550,1
032,112025,3347035,12,7405,3,2,3347035,0,1,1,1,3347035,01/03/2003,QB3AM3AW03A0025,1,EQBT_SSEE_3218558,1
032,112025,3347042,12,7405,3,2,3347042,0,1,1,1,3347042,01/03/2003,QB1AM1AW02A0025,1,EQBT_SSEE_3221714,1
032,112025,3347049,12,7405,3,2,3347049,0,1,1,1,3347049,01/03/2003,QB3AM3AW03A0040,1,EQBT_SSEE_3223878,1
032,112025,3347056,12,7405,3,2,3347056,0,1,1,1,3347056,01/03/2003,QB1AM1AW02A0025,1,EQBT_SSEE_3222146,1
032,112025,3347063,12,7405,3,2,3347063,0,1,1,1,3347063,01/03/2003,QB1AM1AW02A0025,1,EQBT_SSEE_3218562,1
032,112025,3347070,12,7405,3,2,3347070,0,1,1,1,3347070,01/03/2003,QB1AM1AW02A0025,1,EQBT_SSEE_3221802,1
032,112025,3347077,12,7405,3,2,3347077,0,1,1,1,3347077,01/03/2003,QB1AM1AW02A0015,1,EQBT_SSEE_3221806,1
032,112025,3347105,12,7405,3,2,3347105,0,1,1,1,3347105,01/03/2003,QB3AM3AW03A0010,1,EQBT_SSEE_3218546,1
032,112025,3347112,12,7405,3,2,3347112,0,1,1,1,3347112,01/03/2003,QB1AM1AW02A0050,1,EQBT_SSEE_3220754,1
032,112025,3347119,12,7405,3,2,3347119,0,1,1,1,3347119,01/03/2003,QB3AM3AW03A0150,1,EQBT_SSEE_3220254,1
032,112025,3347126,12,7405,3,2,3347126,0,1,1,1,3347126,01/03/2003,QB1AM1AW02A0025,1,EQBT_SSEE_3226090,1
032,112025,3347133,12,7405,3,2,3347133,0,1,1,1,3347133,01/03/2003,QB1AM1AW02A0025,1,EQBT_SSEE_3224018,1
032,112025,3347140,12,7405,3,2,3347140,0,1,1,1,3347140,01/03/2003,QB1AM1AW02A0030,1,EQBT_SSEE_3223558,1
032,112025,3347147,12,7405,3,2,3347147,0,1,1,1,3347147,01/03/2003,QB1AM1AW02A0030,1,EQBT_SSEE_3227234,1
032,112025,3347154,12,7405,3,2,3347154,0,1,1,1,3347154,01/03/2003,QB3AM3AW03A0090,1,EQBT_SSEE_3227214,1
032,112025,3347161,12,7405,3,2,3347161,0,1,1,1,3347161,01/03/2003,QB1AM1AW02A0080,1,EQBT_SSEE_3223554,1
032,112025,3347168,12,7405,3,2,3347168,0,4,1,1,3347168,01/03/2003,QB3AM3AW03A0040,1,EQBT_SSEE_3225002,1
032,112025,3347175,12,7405,3,2,3347175,0,1,1,1,3347175,01/03/2003,QB1AM1AW02A0050,1,EQBT_SSEE_3224998,1
032,112025,3347189,12,7405,3,2,3347189,0,1,1,1,3347189,01/03/2003,QB3AM3AW03A0050,1,EQBT_SSEE_3227594,1
032,112025,3347196,12,7405,3,2,3347196,0,1,1,1,3347196,01/03/2003,QB3AM3AW03A0070,1,EQBT_SSEE_3224918,1
032,112025,3347203,12,7405,3,2,3347203,0,1,1,1,3347203,01/03/2003,QB1AM1AW02A0025,1,EQBT_SSEE_3227518,1
032,112025,3347210,12,7405,3,2,3347210,0,1,1,1,3347210,01/03/2003,QB1AM1AW02A0040,1,EQBT_SSEE_3218886,1
032,112025,3347217,12,7405,3,2,3347217,0,1,1,1,3347217,01/03/2003,QB1AM1AW02A0025,1,EQBT_SSEE_3218374,1
032,112025,3347224,12,7405,3,2,3347224,0,1,1,1,3347224,01/03/2003,QB1AM1AW02A0063,1,EQBT_SSEE_3218878,1
032,112025,3347238,12,7405,3,2,3347238,0,4,1,1,3347238,01/03/2003,QB1AM1AW02A0015,1,EQBT_SSEE_3226922,1
032,112025,3347259,12,7405,3,2,3347259,0,1,1,1,3347259,01/03/2003,QB3AM3AW03A0090,1,EQBT_SSEE_3222170,1
032,112025,3347266,12,7405,3,2,3347266,0,1,1,1,3347266,01/03/2003,QB3AM3AW03A0070,1,EQBT_SSEE_3220142,1
032,112025,3347273,12,7405,3,2,3347273,0,1,1,1,3347273,01/03/2003,QB3AM3AW03A0070,1,EQBT_SSEE_3227150,1
032,112025,3347280,12,7405,3,2,3347280,0,1,1,1,3347280,01/03/2003,QB1AM1AW02A0025,1,EQBT_SSEE_3226130,1
032,112025,3347287,12,7405,3,2,3347287,0,1,1,1,3347287,01/03/2003,QB3AM3AW03A0016,1,EQBT_SSEE_3218378,1
032,112025,3347308,12,7405,3,2,3347308,0,1,1,1,3347308,01/03/2003,QB3AM3AW03A0063,1,EQBT_SSEE_3218390,1
032,112025,3347315,12,7405,3,2,3347315,0,1,1,1,3347315,01/03/2003,QB1AM1AW02A0040,1,EQBT_SSEE_3218790,1
032,112025,3347322,12,7405,3,2,3347322,0,1,1,1,3347322,01/03/2003,QB3AM3AW03A0050,1,EQBT_SSEE_3218394,1
032,112025,3347336,12,7405,3,2,3347336,0,1,1,1,3347336,01/03/2003,QB1AM1AW02A0025,1,EQBT_SSEE_3226542,1
032,112025,3347350,12,7405,3,2,3347350,0,1,1,1,3347350,01/03/2003,QB3AM3AW03A0070,1,EQBT_SSEE_3219026,1
032,112025,3347357,12,7405,3,2,3347357,0,1,1,1,3347357,01/03/2003,QB3AM3AW03A0016,1,EQBT_SSEE_3224502,1
032,112025,3347364,12,7405,3,2,3347364,0,1,1,1,3347364,01/03/2003,QB3AM3AW03A0070,1,EQBT_SSEE_3224154,1
032,112025,3347371,12,7405,3,2,3347371,0,1,1,1,3347371,01/03/2003,QB1AM1AW02A0025,1,EQBT_SSEE_3220210,1
032,112025,3347385,12,7405,3,2,3347385,0,1,1,1,3347385,01/03/2003,QB1AM1AW02A0030,1,EQBT_SSEE_3221722,1
032,112025,3347392,12,7405,3,2,3347392,0,1,1,1,3347392,01/03/2003,QB1AM1AW02A0030,1,EQBT_SSEE_3226918,1
032,112025,3347399,12,7405,3,2,3347399,0,1,1,1,3347399,01/03/2003,QB1AM1AW02A0025,1,EQBT_SSEE_3222134,1
032,112025,3347406,12,7405,3,2,3347406,0,1,1,1,3347406,01/03/2003,QB3AM3AW03A0150,1,EQBT_SSEE_3226418,1
032,112025,3347413,12,7405,3,2,3347413,0,1,1,1,3347413,01/03/2003,QB1AM1AW02A0050,1,EQBT_SSEE_3221038,1
032,112025,3347420,12,7405,3,2,3347420,0,1,1,1,3347420,01/03/2003,QB3AM3AW03A0070,1,EQBT_SSEE_3220014,1
032,112025,3347427,12,7405,3,2,3347427,0,1,1,1,3347427,01/03/2003,QB1AM1AW02A0063,1,EQBT_SSEE_3225322,1
032,112025,3347434,12,7405,3,2,3347434,0,1,1,1,3347434,01/03/2003,QB1AM1AW02A0025,1,EQBT_SSEE_3226802,1
032,112025,3347441,12,7405,3,2,3347441,0,4,1,1,3347441,01/03/2003,QB3AM3AW03A0100,1,EQBT_SSEE_3224650,1
032,112025,3347448,12,7405,3,2,3347448,0,1,1,1,3347448,01/03/2003,QB1AM1AW02A0030,1,EQBT_SSEE_3219130,1
032,112025,3347455,12,7405,3,2,3347455,0,1,1,1,3347455,01/03/2003,QB1AM1AW02A0050,1,EQBT_SSEE_3220634,1
032,112025,3347469,12,7405,3,2,3347469,0,1,1,1,3347469,01/03/2003,QB1AM1AW02A0050,1,EQBT_SSEE_3218598,1
032,112025,3347476,12,7405,3,2,3347476,0,1,1,1,3347476,01/03/2003,QB1AM1AW02A0015,1,EQBT_SSEE_3224934,1
032,112025,3347483,12,7405,3,2,3347483,0,1,1,1,3347483,01/03/2003,QB1AM1AW02A0010,1,EQBT_SSEE_3220778,1
032,112025,3347497,12,7405,3,2,3347497,0,1,1,1,3347497,01/03/2003,QB1AM1AW02A0025,1,EQBT_SSEE_3218594,1
032,112025,3347504,12,7405,3,2,3347504,0,1,1,1,3347504,01/03/2003,QB3AM3AW03A0063,1,EQBT_SSEE_3223674,1
032,112025,3347511,12,7405,3,2,3347511,0,1,1,1,3347511,01/03/2003,QB3AM3AW03A0070,1,EQBT_SSEE_3218590,1
032,112025,3347518,12,7405,3,2,3347518,0,1,1,1,3347518,01/03/2003,QB1AM1AW02A0015,1,EQBT_SSEE_3224942,1
032,112025,3347525,12,7405,3,2,3347525,0,1,1,1,3347525,01/03/2003,QB1AM1AW02A0030,1,EQBT_SSEE_3226194,1
032,112025,3347532,12,7405,3,2,3347532,0,1,1,1,3347532,01/03/2003,QB1AM1AW02A0030,1,EQBT_SSEE_3219878,1
032,112025,3347539,12,7405,3,2,3347539,0,1,1,1,3347539,01/03/2003,QB1AM1AW02A0070,1,EQBT_SSEE_3220482,1
032,112025,3347546,12,7405,3,2,3347546,0,1,1,1,3347546,01/03/2003,QB3AM3AW03A0025,1,EQBT_SSEE_3221342,1
032,112025,3347553,12,7405,3,2,3347553,0,4,1,1,3347553,01/03/2003,QB3AM3AW03A0150,1,EQBT_SSEE_3225242,1
032,112025,3347560,12,7405,3,2,3347560,0,1,1,1,3347560,01/03/2003,QB1AM1AW02A0015,1,EQBT_SSEE_3222046,1
032,112025,3347567,12,7405,3,2,3347567,0,1,1,1,3347567,01/03/2003,QB1AM1AW02A0030,1,EQBT_SSEE_3218618,1
032,112025,3347574,12,7405,3,2,3347574,0,1,1,1,3347574,01/03/2003,QB1AM1AW02A0015,1,EQBT_SSEE_3222042,1
032,112025,3347581,12,7405,3,2,3347581,0,1,1,1,3347581,01/03/2003,QB1AM1AW02A0030,1,EQBT_SSEE_3220638,1
032,112025,3347588,12,7405,3,2,3347588,0,1,1,1,3347588,01/03/2003,QB3AM3AW03A0150,1,EQBT_SSEE_3224938,1
032,112025,3347595,12,7405,3,2,3347595,0,1,1,1,3347595,01/03/2003,QB1AM1AW02A0025,1,EQBT_SSEE_3222190,1
032,112025,3347602,12,7405,3,2,3347602,0,1,1,1,3347602,01/03/2003,QB1AM1AW02A0025,1,EQBT_SSEE_3219586,1
032,112025,3347609,12,7405,3,2,3347609,0,1,1,1,3347609,01/03/2003,QB1AM1AW02A0025,1,EQBT_SSEE_3222194,1
032,112025,3347616,12,7405,3,2,3347616,0,4,1,1,3347616,01/03/2003,QB3AM3AW03A0016,1,EQBT_SSEE_3225270,1
032,112025,3347623,12,7405,3,2,3347623,0,1,1,1,3347623,01/03/2003,QB1AM1AW02A0030,1,EQBT_SSEE_3219474,1
032,112025,3347630,12,7405,3,2,3347630,0,1,1,1,3347630,01/03/2003,QB1AM1AW02A0040,1,EQBT_SSEE_3219478,1
032,112025,3347637,12,7405,3,2,3347637,0,1,1,1,3347637,01/03/2003,QB1AM1AW02A0030,1,EQBT_SSEE_3220942,1
032,112025,3347644,12,7405,3,2,3347644,0,1,1,1,3347644,01/03/2003,QB1AM1AW02A0030,1,EQBT_SSEE_3220946,1
032,112025,3347658,12,7405,3,2,3347658,0,1,1,1,3347658,01/03/2003,QB1AM1AW02A0015,1,EQBT_SSEE_3220950,1
032,112025,3347665,12,7405,3,2,3347665,0,1,1,1,3347665,01/03/2003,QB1AM1AW02A0030,1,EQBT_SSEE_3219450,1
032,112025,3347672,12,7405,3,2,3347672,0,4,1,1,3347672,01/03/2003,QB3AM3AW03A0030,1,EQBT_SSEE_3221778,1
032,112025,3347679,12,7405,3,2,3347679,0,1,1,1,3347679,01/03/2003,QB1AM1AW02A0015,1,EQBT_SSEE_3220938,1
032,112025,3347686,12,7405,3,2,3347686,0,1,1,1,3347686,01/03/2003,QB1AM1AW02A0015,1,EQBT_SSEE_3223782,1
032,112025,3347693,12,7403,3,2,3347693,0,1,1,1,3347693,01/03/2003,QB1AM1AW02A0015,1,EQBT_SSEE_3220578,1
032,112025,3347707,12,7403,3,2,3347707,0,1,1,1,3347707,01/03/2003,QB1AM1AW02A0070,1,EQBT_SSEE_3219410,1
032,112025,3347714,12,7403,3,2,3347714,0,4,1,1,3347714,01/03/2003,QB3AM3AW03A0125,1,EQBT_SSEE_3225166,1
032,112025,3347728,12,7403,3,2,3347728,0,1,1,1,3347728,01/03/2003,QB3AM3AW03A0030,1,EQBT_SSEE_3221814,1
032,112025,3347735,12,7405,3,2,3347735,0,1,1,1,3347735,01/03/2003,QB1AM1AW02A0030,1,EQBT_SSEE_3220002,1
032,112025,3347742,12,7405,3,2,3347742,0,1,1,1,3347742,01/03/2003,QB3AM3AW03A0040,1,EQBT_SSEE_3218622,1
032,112025,3347749,12,7405,3,2,3347749,0,1,1,1,3347749,01/03/2003,QB1AM1AW02A0040,1,EQBT_SSEE_3219994,1
032,112025,3347756,12,7405,3,2,3347756,0,1,1,1,3347756,01/03/2003,QB1AM1AW02A0025,1,EQBT_SSEE_3219998,1
032,112025,3347763,12,7405,3,2,3347763,0,1,1,1,3347763,01/03/2003,QB1AM1AW02A0015,1,EQBT_SSEE_3226058,1
032,112025,3347770,12,7405,3,2,3347770,0,1,1,1,3347770,01/03/2003,QB1AM1AW02A0040,1,EQBT_SSEE_3219990,1
032,112025,3347777,12,7403,3,2,3347777,0,1,1,1,3347777,01/03/2003,QB3AM3AW03A0100,1,EQBT_SSEE_3227366,1
032,112025,3347784,12,7403,3,2,3347784,0,1,1,1,3347784,01/03/2003,QB1AM1AW02A0030,1,EQBT_SSEE_3219278,1
032,112025,3347791,12,7403,3,2,3347791,0,1,1,1,3347791,01/03/2003,QB1AM1AW02A0025,1,EQBT_SSEE_3224958,1
032,112025,3347805,12,7403,3,2,3347805,0,1,1,1,3347805,01/03/2003,QB1AM1AW02A0100,1,EQBT_SSEE_3219406,1
032,112025,3347812,12,7403,3,2,3347812,0,1,1,1,3347812,01/03/2003,QB1AM1AW02A0025,1,EQ_BT_SED1232,1
032,112025,3347819,12,7403,3,2,3347819,0,4,1,1,3347819,01/03/2003,QB3AM3AW03A0050,1,EQBT_SSEE_3225354,1
032,112025,3347826,12,7403,3,2,3347826,0,1,1,1,3347826,01/03/2003,QB1AM1AW02A0050,1,EQBT_SSEE_3219282,1
032,112025,3347833,12,7403,3,2,3347833,0,1,1,1,3347833,01/01/2005,QB1AM1AW02A0070,1,EQBT_SSEE_3224990,1
032,112025,3347840,12,7403,3,2,3347840,0,1,1,1,3347840,01/03/2003,QB1AM1AW02A0050,1,EQBT_SSEE_3221110,1
032,112025,3347847,12,7403,3,2,3347847,0,1,1,1,3347847,01/03/2003,QB3AM3AW03A0090,1,EQBT_SSEE_3227370,1
032,112025,3347854,12,7403,3,2,3347854,0,1,1,1,3347854,01/03/2003,QB1AM1AW02A0040,1,EQBT_SSEE_3223526,1
032,112025,3347861,12,7403,3,2,3347861,0,1,1,1,3347861,01/03/2003,QB3AM3AW03A0050,1,EQBT_SSEE_3225370,1
032,112025,3347868,12,7403,3,2,3347868,0,1,1,1,3347868,01/03/2003,QB1AM1AW02A0040,1,EQBT_SSEE_3219274,1
032,112025,3347875,12,7403,3,2,3347875,0,1,1,1,3347875,01/03/2003,QB1AM1AW02A0100,1,EQBT_SSEE_3220874,1
032,112025,3347889,12,7405,3,2,3347889,0,1,1,1,3347889,01/03/2003,QB1AM1AW02A0025,1,EQBT_SSEE_3221466,1
032,112025,3347896,12,7405,3,2,3347896,0,1,1,1,3347896,01/03/2003,QB1AM1AW02A0015,1,EQBT_SSEE_3225134,1
032,112025,3347903,12,7406,3,2,3347903,0,1,1,1,3347903,01/03/2003,QB1AM1AW02A0050,1,EQBT_SSEE_3220786,1
032,112025,3347910,12,7406,3,2,3347910,0,4,1,1,3347910,01/03/2003,QB3AM3AW03A0150,1,EQBT_SSEE_3220234,1
032,112025,3347917,12,7406,3,2,3347917,0,4,1,1,3347917,01/03/2003,QB3AM3AW03A0070,1,EQBT_SSEE_3223502,1
032,112025,3347924,12,7406,3,2,3347924,0,1,1,1,3347924,01/03/2003,QB1AM1AW02A0040,1,EQBT_SSEE_3227226,1
032,112025,3347931,12,7406,3,2,3347931,0,4,1,1,3347931,01/03/2003,QB3AM3AW03A0080,1,EQBT_SSEE_3225342,1
032,112025,3347938,12,7406,3,2,3347938,0,4,1,1,3347938,01/03/2005,QB3AM3AW03A0125,1,EQBT_SSEE_3225030,1
032,112025,3347945,12,7406,3,2,3347945,0,1,1,1,3347945,01/03/2005,QB3AM3AW03A0040,1,EQBT_SSEE_3225046,1
032,112025,3347959,12,7405,3,2,3347959,0,1,1,1,3347959,01/03/2003,QB3AM3AW03A0063,1,EQBT_SSEE_3224954,1
032,112025,3347973,12,7405,3,2,3347973,0,1,1,1,3347973,01/03/2003,QB3AM3AW03A0040,1,EQBT_SSEE_3218654,1
032,112025,3347980,12,7405,3,2,3347980,0,1,1,1,3347980,01/03/2003,QB1AM1AW02A0015,1,EQBT_SSEE_3225130,1
032,112025,3347987,12,7405,3,2,3347987,0,1,1,1,3347987,01/03/2003,QB1AM1AW02A0015,1,EQBT_SSEE_3222110,1
032,112025,3347994,12,7405,3,2,3347994,0,1,1,1,3347994,01/03/2003,QB1AM1AW02A0015,1,EQBT_SSEE_3222106,1
032,112025,3348001,12,7405,3,2,3348001,0,1,1,1,3348001,01/03/2003,QB1AM1AW02A0015,1,EQBT_SSEE_3221458,1
032,112025,3348008,12,7405,3,2,3348008,0,1,1,1,3348008,01/03/2003,QB1AM1AW02A0015,1,EQBT_SSEE_3222114,1
032,112025,3348015,12,7405,3,2,3348015,0,1,1,1,3348015,01/03/2003,QB1AM1AW02A0025,1,EQBT_SSEE_3226578,1
032,112025,3348022,12,7405,3,2,3348022,0,1,1,1,3348022,01/03/2003,QB3AM3AW03A0125,1,EQBT_SSEE_3220466,1
032,112025,3348029,12,7405,3,2,3348029,0,1,1,1,3348029,01/03/2003,QB1AM1AW02A0010,1,EQBT_SSEE_3222814,1
032,112025,3348036,12,7405,3,2,3348036,0,1,1,1,3348036,01/03/2003,QB3AM3AW03A0025,1,EQBT_SSEE_3218982,1
032,112025,3348043,12,7405,3,2,3348043,0,1,1,1,3348043,01/03/2003,QB3AM3AW03A0025,1,EQBT_SSEE_3223778,1
032,112025,3348050,12,7405,3,2,3348050,0,1,1,1,3348050,01/03/2003,QB1AM1AW02A0015,1,EQBT_SSEE_3222794,1
032,112025,3348057,12,7405,3,2,3348057,0,1,1,1,3348057,01/03/2003,QB1AM1AW02A0050,1,EQBT_SSEE_3226994,1
032,112025,3348071,12,7405,3,2,3348071,0,1,1,1,3348071,01/03/2003,QB1AM1AW02A0040,1,EQBT_SSEE_3222802,1
032,112025,3348078,12,7405,3,2,3348078,0,1,1,1,3348078,01/03/2003,QB1AM1AW02A0063,1,EQBT_SSEE_3222798,1
032,112025,3348085,12,7405,3,2,3348085,0,1,1,1,3348085,01/03/2003,QB1AM1AW02A0025,1,EQBT_SSEE_3223886,1
032,112025,3348092,12,7405,3,2,3348092,0,1,1,1,3348092,01/03/2003,QB1AM1AW02A0025,1,EQBT_SSEE_3223982,1
032,112025,3348099,12,7405,3,2,3348099,0,1,1,1,3348099,01/03/2003,QB1AM1AW02A0025,1,EQBT_SSEE_3224006,1
032,112025,3348106,12,7405,3,2,3348106,0,1,1,1,3348106,01/03/2003,QB1AM1AW02A0025,1,EQBT_SSEE_3223986,1
032,112025,3348113,12,7405,3,2,3348113,0,1,1,1,3348113,01/03/2003,QB1AM1AW02A0010,1,EQBT_SSEE_3223966,1
032,112025,3348120,12,7405,3,2,3348120,0,1,1,1,3348120,01/03/2003,QB1AM1AW02A0010,1,EQBT_SSEE_3223974,1
032,112025,3348127,12,7405,3,2,3348127,0,1,1,1,3348127,01/03/2003,QB1AM1AW02A0010,1,EQBT_SSEE_3223970,1
032,112025,3348134,12,7405,3,2,3348134,0,1,1,1,3348134,01/03/2003,QB1AM1AW02A0025,1,EQBT_SSEE_3223978,1
032,112025,3348141,12,7405,3,2,3348141,0,1,1,1,3348141,01/03/2003,QB1AM1AW02A0025,1,EQBT_SSEE_3223962,1
032,112025,3348148,12,7405,3,2,3348148,0,1,1,1,3348148,01/03/2003,QB1AM1AW02A0025,1,EQBT_SSEE_3222818,1
032,112025,3348162,12,7405,3,2,3348162,0,1,1,1,3348162,01/03/2003,QB3AM3AW03A0050,1,EQBT_SSEE_3220162,1
032,112025,3348169,12,7405,3,2,3348169,0,1,1,1,3348169,01/03/2003,QB1AM1AW02A0025,1,EQBT_SSEE_3225170,1
032,112025,3348176,12,7405,3,2,3348176,0,4,1,1,3348176,01/03/2003,QB1AM1AW02A0015,1,EQBT_SSEE_3224166,1
032,112025,3348183,12,7405,3,2,3348183,0,1,1,1,3348183,01/03/2003,QB3AM3AW03A0025,1,EQBT_SSEE_3218634,1
032,112025,3348190,12,7405,3,2,3348190,0,1,1,1,3348190,01/03/2003,QB1AM1AW02A0025,1,EQBT_SSEE_3218630,1
032,112025,3348197,12,7405,3,2,3348197,0,1,1,1,3348197,01/03/2003,QB1AM1AW02A0010,1,EQBT_SSEE_3220830,1
032,112025,3348204,12,7405,3,2,3348204,0,1,1,1,3348204,01/03/2003,QB1AM1AW02A0025,1,EQBT_SSEE_3220834,1
032,112025,3348211,12,7405,3,2,3348211,0,1,1,1,3348211,01/03/2003,QB1AM1AW02A0025,1,EQBT_SSEE_3224626,1
032,112025,3348218,12,7405,3,2,3348218,0,1,1,1,3348218,01/03/2003,QB1AM1AW02A0015,1,EQBT_SSEE_3224622,1
032,112025,3348225,12,7405,3,2,3348225,0,1,1,1,3348225,01/03/2003,QB1AM1AW02A0025,1,EQBT_SSEE_3224618,1
032,112025,3348232,12,7405,3,2,3348232,0,1,1,1,3348232,01/03/2003,QB1AM1AW02A0030,1,EQBT_SSEE_3220806,1
032,112025,3348239,12,7405,3,2,3348239,0,1,1,1,3348239,01/03/2003,QB1AM1AW02A0025,1,EQBT_SSEE_3224030,1
032,112025,3348246,12,7405,3,2,3348246,0,1,1,1,3348246,01/03/2003,QB1AM1AW02A0025,1,EQBT_SSEE_3223994,1
032,112025,3348253,12,7405,3,2,3348253,0,1,1,1,3348253,01/03/2003,QB1AM1AW02A0025,1,EQBT_SSEE_3223998,1
032,112025,3348260,12,7405,3,2,3348260,0,1,1,1,3348260,01/03/2003,QB1AM1AW02A0040,1,EQBT_SSEE_3219262,1
032,112025,3348267,12,7405,3,2,3348267,0,1,1,1,3348267,01/03/2003,QB1AM1AW02A0040,1,EQBT_SSEE_3222058,1
032,112025,3348274,12,7405,3,2,3348274,0,1,1,1,3348274,01/03/2003,QB3AM3AW03A0080,1,EQBT_SSEE_3227222,1
032,112025,3348281,12,7405,3,2,3348281,0,1,1,1,3348281,01/03/2003,QB1AM1AW02A0030,1,EQBT_SSEE_3223590,1
032,112025,3348288,12,7405,3,2,3348288,0,1,1,1,3348288,01/03/2003,QB1AM1AW02A0025,1,EQBT_SSEE_3226790,1
032,112025,3348295,12,7405,3,2,3348295,0,1,1,1,3348295,01/03/2003,QB1AM1AW02A0063,1,EQBT_SSEE_3222806,1
032,112025,3348316,12,7405,3,2,3348316,0,1,1,1,3348316,01/03/2003,QB1AM1AW02A0050,1,EQBT_SSEE_3225902,1
032,112025,3348323,12,7405,3,2,3348323,0,1,1,1,3348323,01/03/2003,QB1AM1AW02A0050,1,EQBT_SSEE_3226118,1
032,112025,3348330,12,7405,3,2,3348330,0,1,1,1,3348330,01/03/2003,QB3AM3AW03A0025,1,EQBT_SSEE_3224962,1
032,112025,3348337,12,7405,3,2,3348337,0,1,1,1,3348337,01/03/2003,QB3AM3AW03A0125,1,EQBT_SSEE_3222766,1
032,112025,3348344,12,7405,3,2,3348344,0,1,1,1,3348344,01/03/2003,QB1AM1AW02A0015,1,EQBT_SSEE_3223378,1
032,112025,3348351,12,7405,3,2,3348351,0,1,1,1,3348351,01/03/2003,QB1AM1AW02A0015,1,EQBT_SSEE_3221970,1
032,112025,3348358,12,7405,3,2,3348358,0,1,1,1,3348358,01/03/2003,QB1AM1AW02A0025,1,EQBT_SSEE_3226002,1
032,112025,3348365,12,7405,3,2,3348365,0,1,1,1,3348365,01/03/2003,QB1AM1AW02A0030,1,EQBT_SSEE_3218638,1
032,112025,3348372,12,7405,3,2,3348372,0,1,1,1,3348372,01/03/2003,QB3AM3AW03A0016,1,EQBT_SSEE_3223306,1
032,112025,3348379,12,7405,3,2,3348379,0,1,1,1,3348379,01/03/2003,QB1AM1AW02A0063,1,EQBT_SSEE_3220446,1
032,112025,3348386,12,7405,3,2,3348386,0,1,1,1,3348386,01/03/2003,QB3AM3AW03A0050,1,EQBT_SSEE_3218642,1
032,112025,3348393,12,7405,3,2,3348393,0,1,1,1,3348393,01/03/2003,QB1AM1AW02A0025,1,EQBT_SSEE_3224586,1
032,112025,3348400,12,7405,3,2,3348400,0,1,1,1,3348400,01/03/2003,QB1AM1AW02A0025,1,EQBT_SSEE_3222126,1
032,112025,3348407,12,7405,3,2,3348407,0,1,1,1,3348407,01/03/2003,QB1AM1AW02A0025,1,EQBT_SSEE_3222254,1
032,112025,3348414,12,7405,3,2,3348414,0,1,1,1,3348414,01/03/2003,QB1AM1AW02A0025,1,EQBT_SSEE_3224602,1
032,112025,3348421,12,7405,3,2,3348421,0,1,1,1,3348421,01/03/2003,QB1AM1AW02A0025,1,EQBT_SSEE_3224462,1
032,112025,3348428,12,7405,3,2,3348428,0,1,1,1,3348428,01/03/2003,QB1AM1AW02A0030,1,EQBT_SSEE_3218626,1
032,112025,3348435,12,7405,3,2,3348435,0,1,1,1,3348435,01/03/2003,QB3AM3AW03A0070,1,EQBT_SSEE_3224946,1
032,112025,3348442,12,7405,3,2,3348442,0,1,1,1,3348442,01/03/2003,QB1AM1AW02A0025,1,EQBT_SSEE_3223670,1
032,112025,3348449,12,7405,3,2,3348449,0,1,1,1,3348449,01/03/2003,QB1AM1AW02A0025,1,EQBT_SSEE_3221478,1
032,112025,3348456,12,7405,3,2,3348456,0,1,1,1,3348456,01/03/2003,QB1AM1AW02A0015,1,EQBT_SSEE_3222118,1
032,112025,3348463,12,7405,3,2,3348463,0,1,1,1,3348463,01/03/2003,QB1AM1AW02A0040,1,EQBT_SSEE_3221474,1
032,112025,3348470,12,7405,3,2,3348470,0,1,1,1,3348470,01/03/2003,QB1AM1AW02A0015,1,EQBT_SSEE_3222122,1
032,112025,3348477,12,7405,3,2,3348477,0,1,1,1,3348477,01/03/2003,QB1AM1AW02A0025,1,EQBT_SSEE_3221486,1
032,112025,3348484,12,7405,3,2,3348484,0,1,1,1,3348484,01/03/2003,QB1AM1AW02A0050,1,EQBT_SSEE_3221490,1
032,112025,3348491,12,7405,3,2,3348491,0,1,1,1,3348491,01/03/2003,QB1AM1AW02A0015,1,EQBT_SSEE_3221494,1
032,112025,3348498,12,7405,3,2,3348498,0,1,1,1,3348498,01/03/2003,QB1AM1AW02A0025,1,EQBT_SSEE_3224598,1
032,112025,3348505,12,7403,3,2,3348505,0,1,1,1,3348505,01/03/2003,QB1AM1AW02A0025,1,EQBT_SSEE_3221738,1
032,112025,3348512,12,7403,3,2,3348512,0,1,1,1,3348512,01/03/2003,QB1AM1AW02A0050,1,EQBT_SSEE_3219334,1
032,112025,3348519,12,7403,3,2,3348519,0,1,1,1,3348519,01/03/2003,QB1AM1AW02A0025,1,EQBT_SSEE_3224746,1
032,112025,3348526,12,7403,3,2,3348526,0,1,1,1,3348526,01/03/2003,QB1AM1AW02A0025,1,EQBT_SSEE_3219398,1
032,112025,3348533,12,7403,3,2,3348533,0,1,1,1,3348533,01/03/2003,QB1AM1AW02A0063,1,EQBT_SSEE_3226170,1
032,112025,3348540,12,7403,3,2,3348540,0,1,1,1,3348540,01/03/2003,QB3AM3AW03A0090,1,EQBT_SSEE_3223178,1
032,112025,3348547,12,7403,3,2,3348547,0,1,1,1,3348547,01/03/2003,QB1AM1AW02A0050,1,EQBT_SSEE_3219402,1
032,112025,3348554,12,7403,3,2,3348554,0,4,1,1,3348554,01/03/2005,QB3AM3AW03A0025,1,EQBT_SSEE_3224734,1
032,112025,3348561,12,7403,3,2,3348561,0,1,1,1,3348561,01/03/2003,QB1AM1AW02A0100,1,EQBT_SSEE_3219714,1
032,112025,3348568,12,7403,3,2,3348568,0,1,1,1,3348568,01/04/2003,QB1AM1AW02A0025,1,EQBT_SSEE_3227662,1
032,112025,3348575,12,7403,3,2,3348575,0,1,1,1,3348575,01/03/2003,QB3AM3AW03A0100,1,EQBT_SSEE_3218490,1
032,112025,3348582,12,7403,3,2,3348582,0,1,1,1,3348582,01/03/2003,QB3AM3AW03A0063,1,EQBT_SSEE_3221294,1
032,112025,3348589,12,7403,3,2,3348589,0,1,1,1,3348589,01/03/2003,QB1AM1AW02A0080,1,EQBT_SSEE_3226358,1
032,112025,3348596,12,7403,3,2,3348596,0,1,1,1,3348596,01/03/2003,QB1AM1AW02A0015,1,EQBT_SSEE_3226374,1
032,112025,3348603,12,7403,3,2,3348603,0,1,1,1,3348603,01/03/2003,QB1AM1AW02A0030,1,EQBT_SSEE_3223990,1
032,112025,3348610,12,7403,3,2,3348610,0,1,1,1,3348610,01/03/2003,QB3AM3AW03A0016,1,EQBT_SSEE_3221706,1
032,112025,3348617,12,7403,3,2,3348617,0,1,1,1,3348617,01/03/2003,QB1AM1AW02A0025,1,EQBT_SSEE_3224010,1
032,112025,3348624,12,7403,3,2,3348624,0,1,1,1,3348624,01/03/2003,QB1AM1AW02A0025,1,EQBT_SSEE_3224014,1
032,112025,3348631,12,7403,3,2,3348631,0,1,1,1,3348631,01/03/2003,QB1AM1AW02A0100,1,EQBT_SSEE_3218494,1
032,112025,3348638,12,7403,3,2,3348638,0,1,1,1,3348638,01/03/2003,QB1AM1AW02A0030,1,EQBT_SSEE_3219154,1
032,112025,3348645,12,7403,3,2,3348645,0,1,1,1,3348645,01/03/2003,QB1AM1AW02A0080,1,EQBT_SSEE_3219150,1
032,112025,3348659,12,7403,3,2,3348659,0,1,1,1,3348659,01/03/2003,QB1AM1AW02A0025,1,EQBT_SSEE_3221394,1
032,112025,3348666,12,7403,3,2,3348666,0,1,1,1,3348666,01/03/2003,QB1AM1AW02A0015,1,EQBT_SSEE_3221398,1
032,112025,3348673,12,7403,3,2,3348673,0,1,1,1,3348673,01/03/2003,QB1AM1AW02A0025,1,EQBT_SSEE_3226658,1
032,112025,3348680,12,7403,3,2,3348680,0,1,1,1,3348680,01/03/2003,QB1AM1AW02A0050,1,EQBT_SSEE_3220598,1
032,112025,3348687,12,7403,3,2,3348687,0,1,1,1,3348687,01/03/2003,QB1AM1AW02A0050,1,EQBT_SSEE_3220602,1
032,112025,3348694,12,7403,3,2,3348694,0,1,1,1,3348694,01/03/2003,QB1AM1AW02A0063,1,EQBT_SSEE_3227422,1
032,112025,3348701,12,7403,3,2,3348701,0,1,1,1,3348701,01/03/2003,QB1AM1AW02A0050,1,EQBT_SSEE_3220626,1
032,112025,3348708,12,7403,3,2,3348708,0,1,1,1,3348708,01/03/2003,QB1AM1AW02A0015,1,EQBT_SSEE_3225222,1
032,112025,3348715,12,7403,3,2,3348715,0,1,1,1,3348715,01/03/2003,QB1AM1AW02A0015,1,EQBT_SSEE_3226798,1
032,112025,3348722,12,7403,3,2,3348722,0,1,1,1,3348722,01/03/2003,QB1AM1AW02A0025,1,EQBT_SSEE_3222130,1
032,112025,3348729,12,7403,3,2,3348729,0,1,1,1,3348729,01/03/2003,QB1AM1AW02A0025,1,EQBT_SSEE_3223814,1
032,112025,3348736,12,7403,3,2,3348736,0,1,1,1,3348736,01/03/2003,QB1AM1AW02A0050,1,EQBT_SSEE_3218506,1
032,112025,3348743,12,7403,3,2,3348743,0,1,1,1,3348743,01/03/2003,QB1AM1AW02A0063,1,EQBT_SSEE_3223350,1
032,112025,3348750,12,7403,3,2,3348750,0,1,1,1,3348750,01/03/2003,QB1AM1AW02A0025,1,EQBT_SSEE_3221534,1
032,112025,3348757,12,7403,3,2,3348757,0,1,1,1,3348757,01/03/2003,QB1AM1AW02A0030,1,EQBT_SSEE_3221538,1
032,112025,3348764,12,7403,3,2,3348764,0,1,1,1,3348764,01/03/2003,QB1AM1AW02A0025,1,EQBT_SSEE_3224718,1
032,112025,3348771,12,7403,3,2,3348771,0,1,1,1,3348771,01/03/2003,QB1AM1AW02A0025,1,EQBT_SSEE_3227578,1
032,112025,3348778,12,7403,3,2,3348778,0,1,1,1,3348778,01/03/2003,QB1AM1AW02A0015,1,EQBT_SSEE_3227582,1
032,112025,3348785,12,7403,3,2,3348785,0,1,1,1,3348785,01/03/2003,QB1AM1AW02A0025,1,EQBT_SSEE_3223958,1
032,112025,3348792,12,7403,3,2,3348792,0,1,1,1,3348792,01/03/2003,QB1AM1AW02A0063,1,EQBT_SSEE_3220590,1
032,112025,3348799,12,7403,3,2,3348799,0,1,1,1,3348799,01/06/2005,QB1AM1AW02A0015,1,EQBT_SSEE_3225422,1
032,112025,3348806,12,7403,3,2,3348806,0,1,1,1,3348806,01/03/2003,QB1AM1AW02A0025,1,EQBT_SSEE_3222330,1
032,112025,3348813,12,7403,3,2,3348813,0,1,1,1,3348813,01/03/2003,QB1AM1AW02A0050,1,EQBT_SSEE_3220594,1
032,112025,3348820,12,7403,3,2,3348820,0,1,1,1,3348820,01/03/2003,QB1AM1AW02A0015,1,EQBT_SSEE_3221382,1
032,112025,3348827,12,7403,3,2,3348827,0,1,1,1,3348827,01/03/2003,QB1AM1AW02A0015,1,EQBT_SSEE_3221386,1
032,112025,3348834,12,7403,3,2,3348834,0,1,1,1,3348834,01/03/2003,QB1AM1AW02A0025,1,EQBT_SSEE_3226650,1
032,112025,3348841,12,7403,3,2,3348841,0,1,1,1,3348841,01/03/2003,QB1AM1AW02A0015,1,EQBT_SSEE_3226654,1
032,112025,3348848,12,7403,3,2,3348848,0,1,1,1,3348848,01/03/2003,QB1AM1AW02A0040,1,EQBT_SSEE_3221390,1
032,112025,3348855,12,7403,3,2,3348855,0,1,1,1,3348855,01/03/2003,QB1AM1AW02A0040,1,EQBT_SSEE_3223478,1
032,112025,3348862,12,7403,3,2,3348862,0,1,1,1,3348862,01/03/2003,QB1AM1AW02A0025,1,EQBT_SSEE_3226662,1
032,112025,3348869,12,7403,3,2,3348869,0,1,1,1,3348869,01/03/2003,QB1AM1AW02A0025,1,EQBT_SSEE_3227574,1
032,112025,3348876,12,7403,3,2,3348876,0,1,1,1,3348876,01/03/2003,QB1AM1AW02A0030,1,EQBT_SSEE_3221542,1
032,112025,3348883,12,7403,3,2,3348883,0,1,1,1,3348883,01/03/2003,QB1AM1AW02A0050,1,EQBT_SSEE_3226570,1
032,112025,3348890,12,7403,3,2,3348890,0,1,1,1,3348890,01/03/2003,QB1AM1AW02A0030,1,EQBT_SSEE_3220894,1
032,112025,3348897,12,7403,3,2,3348897,0,1,1,1,3348897,01/03/2003,QB1AM1AW02A0030,1,EQBT_SSEE_3220898,1
032,112025,3348904,12,7403,3,2,3348904,0,1,1,1,3348904,01/03/2003,QB1AM1AW02A0025,1,EQBT_SSEE_3227586,1
032,112025,3348911,12,7403,3,2,3348911,0,1,1,1,3348911,01/03/2003,QB3AM3AW03A0025,1,EQBT_SSEE_3218462,1
032,112025,3348918,12,7403,3,2,3348918,0,1,1,1,3348918,01/03/2003,QB1AM1AW02A0025,1,EQBT_SSEE_3218482,1
032,112025,3348939,12,7403,3,2,3348939,0,1,1,1,3348939,01/03/2003,QB1AM1AW02A0030,1,EQBT_SSEE_3220686,1
032,112025,3348946,12,7403,3,2,3348946,0,1,1,1,3348946,01/03/2003,QB3AM3AW03A0025,1,EQBT_SSEE_3218474,1
032,112025,3348953,12,7403,3,2,3348953,0,1,1,1,3348953,01/03/2003,QB3AM3AW03A0025,1,EQBT_SSEE_3223066,1
032,112025,3348960,12,7403,3,2,3348960,0,1,1,1,3348960,01/03/2003,QB1AM1AW02A0040,1,EQBT_SSEE_3218486,1
032,112025,3348967,12,7403,3,2,3348967,0,1,1,1,3348967,01/03/2003,QB1AM1AW02A0030,1,EQBT_SSEE_3221138,1
032,112025,3348974,12,7403,3,2,3348974,0,1,1,1,3348974,01/03/2003,QB3AM3AW03A0125,1,EQBT_SSEE_3227030,1
032,112025,3348981,12,7403,3,2,3348981,0,1,1,1,3348981,01/03/2003,QB1AM1AW02A0040,1,EQBT_SSEE_3221134,1
032,112025,3348988,12,7403,3,2,3348988,0,1,1,1,3348988,01/03/2003,QB1AM1AW02A0015,1,EQBT_SSEE_3226694,1
032,112025,3348995,12,7403,3,2,3348995,0,1,1,1,3348995,01/03/2003,QB1AM1AW02A0080,1,EQBT_SSEE_3218502,1
032,112025,3349002,12,7403,3,2,3349002,0,1,1,1,3349002,01/03/2003,QB1AM1AW02A0040,1,EQBT_SSEE_3219134,1
032,112025,3349009,12,7403,3,2,3349009,0,1,1,1,3349009,01/03/2003,QB1AM1AW02A0030,1,EQBT_SSEE_3219138,1
032,112025,3349016,12,7403,3,2,3349016,0,1,1,1,3349016,01/03/2003,QB1AM1AW02A0063,1,EQBT_SSEE_3219142,1
032,112025,3349023,12,7403,3,2,3349023,0,4,1,1,3349023,01/12/2004,QB3AM3AW03A0040,1,EQBT_SSEE_3225286,1
032,112025,3349030,12,7403,3,2,3349030,0,1,1,1,3349030,01/03/2003,QB1AM1AW02A0040,1,EQBT_SSEE_3219146,1
032,112025,3349037,12,7403,3,2,3349037,0,1,1,1,3349037,01/03/2003,QB1AM1AW02A0030,1,EQBT_SSEE_3220730,1
032,112025,3349044,12,7403,3,2,3349044,0,1,1,1,3349044,01/03/2003,QB1AM1AW02A0070,1,EQBT_SSEE_3222162,1
032,112025,3349051,12,7403,3,2,3349051,0,1,1,1,3349051,01/03/2003,QB3AM3AW03A0025,1,EQBT_SSEE_3218450,1
032,112025,3349058,12,7403,3,2,3349058,0,1,1,1,3349058,01/03/2003,QB3AM3AW03A0150,1,EQBT_SSEE_3226246,1
032,112025,3349065,12,7403,3,2,3349065,0,1,1,1,3349065,01/03/2003,QB1AM1AW02A0025,1,EQBT_SSEE_3218454,1
032,112025,3349072,12,7403,3,2,3349072,0,4,1,1,3349072,01/05/2005,QB3AM3AW03A0050,1,EQBT_SSEE_3224754,1
032,112025,3349079,12,7403,3,2,3349079,0,1,1,1,3349079,01/03/2003,QB1AM1AW02A0040,1,EQBT_SSEE_3218458,1
032,112025,3349086,12,7403,3,2,3349086,0,1,1,1,3349086,01/03/2003,QB1AM1AW02A0030,1,EQBT_SSEE_3218466,1
032,112025,3349093,12,7403,3,2,3349093,0,4,1,1,3349093,01/03/2003,QB3AM3AW03A0050,1,EQBT_SSEE_3225250,1
032,112025,3349100,12,7403,3,2,3349100,0,1,1,1,3349100,01/03/2003,QB3AM3AW03A0080,1,EQBT_SSEE_3220314,1
032,112025,3349107,12,7403,3,2,3349107,0,1,1,1,3349107,01/03/2003,QB3AM3AW03A0016,1,EQBT_SSEE_3220018,1
032,112025,3349114,12,7403,3,2,3349114,0,4,1,1,3349114,01/03/2003,QB3AM3AW03A0050,1,EQBT_SSEE_3224054,1
032,112025,3349121,12,7403,3,2,3349121,0,1,1,1,3349121,01/03/2003,QB1AM1AW02A0063,1,EQBT_SSEE_3222226,1
032,112025,3349135,12,7403,3,2,3349135,0,4,1,1,3349135,01/03/2003,QB3AM3AW03A0025,1,EQBT_SSEE_3224490,1
032,112025,3349142,12,7403,3,2,3349142,0,1,1,1,3349142,01/03/2003,QB1AM1AW02A0015,1,EQBT_SSEE_3221166,1
032,112025,3349149,12,7403,3,2,3349149,0,1,1,1,3349149,01/03/2003,QB1AM1AW02A0030,1,EQBT_SSEE_3227438,1
032,112025,3349156,12,7403,3,2,3349156,0,1,1,1,3349156,01/03/2003,QB1AM1AW02A0025,1,EQBT_SSEE_3221178,1
032,112025,3349163,12,7403,3,2,3349163,0,1,1,1,3349163,01/03/2003,QB1AM1AW02A0010,1,EQBT_SSEE_3221182,1
032,112025,3349170,12,7403,3,2,3349170,0,1,1,1,3349170,01/03/2003,QB1AM1AW02A0025,1,EQBT_SSEE_3221186,1
032,112025,3349177,12,7403,3,2,3349177,0,1,1,1,3349177,01/03/2003,QB1AM1AW02A0015,1,EQBT_SSEE_3221170,1
032,112025,3349184,12,7403,3,2,3349184,0,1,1,1,3349184,01/03/2003,QB1AM1AW02A0015,1,EQBT_SSEE_3221174,1
032,112025,3349191,12,7403,3,2,3349191,0,1,1,1,3349191,01/03/2003,QB1AM1AW02A0015,1,EQBT_SSEE_3221158,1
032,112025,3349198,12,7403,3,2,3349198,0,1,1,1,3349198,01/03/2003,QB1AM1AW02A0050,1,EQBT_SSEE_3221366,1
032,112025,3349205,12,7403,3,2,3349205,0,1,1,1,3349205,01/03/2003,QB1AM1AW02A0050,1,EQBT_SSEE_3220246,1
032,112025,3349212,12,7403,3,2,3349212,0,1,1,1,3349212,01/03/2003,QB1AM1AW02A0100,1,EQBT_SSEE_3220534,1
032,112025,3349219,12,7403,3,2,3349219,0,1,1,1,3349219,01/03/2003,QB1AM1AW02A0015,1,EQBT_SSEE_3222850,1
032,112025,3349233,12,7403,3,2,3349233,0,1,1,1,3349233,01/03/2003,QB1AM1AW02A0025,1,EQBT_SSEE_3222842,1
032,112025,3349240,12,7403,3,2,3349240,0,1,1,1,3349240,01/03/2003,QB1AM1AW02A0025,1,EQBT_SSEE_3226998,1
032,112025,3349247,12,7403,3,2,3349247,0,1,1,1,3349247,01/03/2003,QB1AM1AW02A0015,1,EQBT_SSEE_3222838,1
032,112025,3349254,12,7403,3,2,3349254,0,1,1,1,3349254,01/07/2005,QB1AM1AW02A0025,1,EQBT_SSEE_3224726,1
032,112025,3349261,12,7403,3,2,3349261,0,1,1,1,3349261,01/07/2005,QB1AM1AW02A0050,1,EQBT_SSEE_3224722,1
032,112025,3349275,12,7403,3,2,3349275,0,1,1,1,3349275,01/03/2003,QB1AM1AW02A0025,1,EQBT_SSEE_3221030,1
032,112025,3349282,12,7403,3,2,3349282,0,1,1,1,3349282,01/03/2003,QB1AM1AW02A0025,1,EQBT_SSEE_3221526,1
032,112025,3349289,12,7403,3,2,3349289,0,1,1,1,3349289,01/03/2003,QB1AM1AW02A0015,1,EQBT_SSEE_3220062,1
032,112025,3349296,12,7403,3,2,3349296,0,1,1,1,3349296,01/03/2003,QB1AM1AW02A0030,1,EQBT_SSEE_3224174,1
032,112025,3349303,12,7403,3,2,3349303,0,1,1,1,3349303,01/03/2003,QB1AM1AW02A0010,1,EQBT_SSEE_3221026,1
032,112025,3349310,12,7403,3,2,3349310,0,1,1,1,3349310,01/03/2003,QB1AM1AW02A0080,1,EQBT_SSEE_3221362,1
032,112025,3349317,12,7403,3,2,3349317,0,1,1,1,3349317,01/03/2003,QB1AM1AW02A0040,1,EQBT_SSEE_3220646,1
032,112025,3349324,12,7403,3,2,3349324,0,1,1,1,3349324,01/03/2003,QB1AM1AW02A0030,1,EQBT_SSEE_3221306,1
032,112025,3349331,12,7403,3,2,3349331,0,1,1,1,3349331,01/03/2003,QB1AM1AW02A0080,1,EQBT_SSEE_3218678,1
032,112025,3349338,12,7403,3,2,3349338,0,1,1,1,3349338,01/03/2003,QB1AM1AW02A0025,1,EQBT_SSEE_3221162,1
032,112025,3349345,12,7403,3,2,3349345,0,1,1,1,3349345,01/03/2003,QB1AM1AW02A0070,1,EQBT_SSEE_3227382,1
032,112025,3349352,12,7403,3,2,3349352,0,1,1,1,3349352,01/03/2003,QB1AM1AW02A0100,1,EQBT_SSEE_3221102,1
032,112025,3349359,12,7403,3,2,3349359,0,1,1,1,3349359,01/03/2003,QB1AM1AW02A0080,1,EQBT_SSEE_3225914,1
032,112025,3349380,12,7403,3,2,3349380,0,1,1,1,3349380,01/03/2003,QB1AM1AW02A0080,1,EQBT_SSEE_3225950,1
032,112025,3349387,12,7403,3,2,3349387,0,1,1,1,3349387,01/03/2003,QB3AM3AW03A0025,1,EQBT_SSEE_3223198,1
032,112025,3349401,12,7403,3,2,3349401,0,1,1,1,3349401,01/03/2003,QB3AM3AW03A0070,1,EQBT_SSEE_3218446,1
032,112025,3349408,12,7403,3,2,3349408,0,1,1,1,3349408,01/03/2003,QB1AM1AW02A0100,1,EQBT_SSEE_3225918,1
032,112025,3349415,12,7403,3,2,3349415,0,1,1,1,3349415,01/03/2003,QB1AM1AW02A0015,1,EQBT_SSEE_3222834,1
032,112025,3349422,12,7403,3,2,3349422,0,1,1,1,3349422,01/03/2003,QB1AM1AW02A0025,1,EQBT_SSEE_3222830,1
032,112025,3349429,12,7403,3,2,3349429,0,1,1,1,3349429,01/03/2003,QB1AM1AW02A0050,1,EQBT_SSEE_3219014,1
032,112025,3349436,12,7403,3,2,3349436,0,4,1,1,3349436,01/03/2003,QB3AM3AW03A0025,1,EQBT_SSEE_3223758,1
032,112025,3349443,12,7403,3,2,3349443,0,1,1,1,3349443,01/03/2003,QB1AM1AW02A0040,1,EQBT_SSEE_3222018,1
032,112025,3349450,12,7403,3,2,3349450,0,1,1,1,3349450,01/03/2003,QB1AM1AW02A0100,1,EQBT_SSEE_3226502,1
032,112025,3349457,12,7403,3,2,3349457,0,1,1,1,3349457,01/03/2003,QB1AM1AW02A0070,1,EQBT_SSEE_3223630,1
032,112025,3349464,12,7403,3,2,3349464,0,1,1,1,3349464,01/03/2003,QB1AM1AW02A0040,1,EQBT_SSEE_3218582,1
032,112025,3349471,12,7403,3,2,3349471,0,1,1,1,3349471,01/03/2003,QB3AM3AW03A0150,1,EQBT_SSEE_3225946,1
032,112025,3349478,12,7403,3,2,3349478,0,1,1,1,3349478,01/03/2003,QB3AM3AW03A0070,1,EQBT_SSEE_3227362,1
032,112025,3349485,12,7403,3,2,3349485,0,1,1,1,3349485,01/03/2003,QB3AM3AW03A0100,1,EQBT_SSEE_3223522,1
032,112025,3349492,12,7403,3,2,3349492,0,1,1,1,3349492,01/03/2003,QB1AM1AW02A0050,1,EQBT_SSEE_3218674,1
032,112025,3349499,12,7403,3,2,3349499,0,1,1,1,3349499,01/03/2003,QB1AM1AW02A0030,1,EQBT_SSEE_3221318,1
032,112025,3349506,12,7403,3,2,3349506,0,1,1,1,3349506,01/03/2003,QB3AM3AW03A0050,1,EQBT_SSEE_3222282,1
032,112025,3349513,12,7403,3,2,3349513,0,1,1,1,3349513,01/03/2003,QB1AM1AW02A0063,1,EQBT_SSEE_3222846,1
032,112025,3349520,12,7403,3,2,3349520,0,1,1,1,3349520,01/03/2003,QB1AM1AW02A0015,1,EQBT_SSEE_3224250,1
032,112025,3349527,12,7403,3,2,3349527,0,1,1,1,3349527,01/03/2003,QB1AM1AW02A0025,1,EQBT_SSEE_3222862,1
032,112025,3349534,12,7403,3,2,3349534,0,1,1,1,3349534,01/03/2003,QB1AM1AW02A0025,1,EQBT_SSEE_3222866,1
032,112025,3349548,12,7403,3,2,3349548,0,1,1,1,3349548,01/03/2003,QB3AM3AW03A0025,1,EQBT_SSEE_3221622,1
032,112025,3349555,12,7403,3,2,3349555,0,1,1,1,3349555,01/03/2003,QB1AM1AW02A0050,1,EQBT_SSEE_3219730,1
032,112025,3349562,12,7403,3,2,3349562,0,1,1,1,3349562,01/03/2003,QB1AM1AW02A0015,1,EQBT_SSEE_3218814,1
032,112025,3349569,12,7403,3,2,3349569,0,1,1,1,3349569,01/03/2003,QB3AM3AW03A0030,1,EQBT_SSEE_3218750,1
032,112025,3349576,12,7403,3,2,3349576,0,1,1,1,3349576,01/03/2003,QB1AM1AW02A0050,1,EQBT_SSEE_3224710,1
032,112025,3349583,12,7403,3,2,3349583,0,1,1,1,3349583,01/03/2003,QB1AM1AW02A0050,1,EQBT_SSEE_3221358,1
032,112025,3349590,12,7403,3,2,3349590,0,1,1,1,3349590,01/03/2003,QB3AM3AW03A0010,1,EQBT_SSEE_3221702,1
032,112025,3349597,12,7403,3,2,3349597,0,1,1,1,3349597,01/03/2003,QB3AM3AW03A0080,1,EQBT_SSEE_3227730,1
032,112025,3349604,12,7403,3,2,3349604,0,1,1,1,3349604,01/03/2003,QB3AM3AW03A0125,1,EQBT_SSEE_3225910,1
032,112025,3349611,12,7403,3,2,3349611,0,1,1,1,3349611,01/03/2003,QB3AM3AW03A0030,1,EQBT_SSEE_3218574,1
032,112025,3349618,12,7403,3,2,3349618,0,1,1,1,3349618,01/03/2003,QB3AM3AW03A0080,1,EQBT_SSEE_3223538,1
032,112025,3349625,12,7403,3,2,3349625,0,1,1,1,3349625,01/03/2003,QB1AM1AW02A0080,1,EQBT_SSEE_3220586,1
032,112025,3349632,12,7403,3,2,3349632,0,1,1,1,3349632,01/03/2003,QB1AM1AW02A0025,1,EQBT_SSEE_3221958,1
032,112025,3349639,12,7403,3,2,3349639,0,1,1,1,3349639,01/03/2003,QB1AM1AW02A0030,1,EQBT_SSEE_3226782,1
032,112025,3349646,12,7403,3,2,3349646,0,4,1,1,3349646,01/03/2003,QB3AM3AW03A0050,1,EQBT_SSEE_3223510,1
032,112025,3349653,12,7403,3,2,3349653,0,1,1,1,3349653,01/03/2003,QB1AM1AW02A0050,1,EQBT_SSEE_3220742,1
032,112025,3349660,12,7403,3,2,3349660,0,1,1,1,3349660,01/03/2003,QB1AM1AW02A0025,1,EQBT_SSEE_3221402,1
032,112025,3349667,12,7403,3,2,3349667,0,1,1,1,3349667,01/03/2003,QB1AM1AW02A0015,1,EQBT_SSEE_3221406,1
032,112025,3349674,12,7403,3,2,3349674,0,1,1,1,3349674,01/03/2003,QB1AM1AW02A0025,1,EQBT_SSEE_3221410,1
032,112025,3349681,12,7403,3,2,3349681,0,1,1,1,3349681,01/03/2003,QB3AM3AW03A0040,1,EQBT_SSEE_3218438,1
032,112025,3349688,12,7403,3,2,3349688,0,1,1,1,3349688,01/03/2003,QB3AM3AW03A0125,1,EQBT_SSEE_3223062,1
032,112025,3349695,12,7403,3,2,3349695,0,1,1,1,3349695,01/03/2003,QB1AM1AW02A0030,1,EQBT_SSEE_3226218,1
032,112025,3349702,12,7403,3,2,3349702,0,1,1,1,3349702,01/03/2003,QB1AM1AW02A0040,1,EQBT_SSEE_3225850,1
032,112025,3349709,12,7403,3,2,3349709,0,1,1,1,3349709,01/03/2003,QB1AM1AW02A0063,1,EQBT_SSEE_3221086,1
032,112025,3349716,12,7403,3,2,3349716,0,1,1,1,3349716,01/03/2003,QB3AM3AW03A0080,1,EQBT_SSEE_3225870,1
032,112025,3349723,12,7403,3,2,3349723,0,1,1,1,3349723,01/03/2003,QB1AM1AW02A0050,1,EQBT_SSEE_3218778,1
032,112025,3349730,12,7405,3,2,3349730,0,1,1,1,3349730,01/10/2005,QB1AM1AW02A0030,1,EQBT_SSEE_3224810,1
032,112025,3349737,12,7403,3,2,3349737,0,1,1,1,3349737,01/03/2003,QB1AM1AW02A0050,1,EQBT_SSEE_3218746,1
032,112025,3349744,12,7403,3,2,3349744,0,1,1,1,3349744,01/03/2003,QB1AM1AW02A0050,1,EQBT_SSEE_3221582,1
032,112025,3349751,12,7403,3,2,3349751,0,1,1,1,3349751,01/03/2003,QB1AM1AW02A0050,1,EQBT_SSEE_3220978,1
032,112025,3349758,12,7403,3,2,3349758,0,1,1,1,3349758,01/03/2003,QB1AM1AW02A0050,1,EQBT_SSEE_3223606,1
032,112025,3349765,12,7403,3,2,3349765,0,1,1,1,3349765,01/03/2003,QB1AM1AW02A0050,1,EQBT_SSEE_3221550,1
032,112025,3349772,12,7403,3,2,3349772,0,1,1,1,3349772,01/03/2003,QB1AM1AW02A0040,1,EQBT_SSEE_3220486,1
032,112025,3349779,12,7403,3,2,3349779,0,1,1,1,3349779,01/03/2003,QB1AM1AW02A0040,1,EQBT_SSEE_3218182,1
032,112025,3349786,12,7403,3,2,3349786,0,1,1,1,3349786,01/03/2003,QB1AM1AW02A0063,1,EQBT_SSEE_3220454,1
032,112025,3349793,12,7403,3,2,3349793,0,1,1,1,3349793,01/03/2003,QB1AM1AW02A0030,1,EQBT_SSEE_3220458,1
032,112025,3349800,12,7403,3,2,3349800,0,1,1,1,3349800,01/03/2003,QB1AM1AW02A0030,1,EQBT_SSEE_3220662,1
032,112025,3349807,12,7403,3,2,3349807,0,1,1,1,3349807,01/03/2003,QB1AM1AW02A0015,1,EQBT_SSEE_3223022,1
032,112025,3349814,12,7403,3,2,3349814,0,1,1,1,3349814,01/03/2003,QB1AM1AW02A0063,1,EQBT_SSEE_3220450,1
032,112025,3349821,12,7403,3,2,3349821,0,1,1,1,3349821,01/03/2003,QB1AM1AW02A0025,1,EQBT_SSEE_3223094,1
032,112025,3349828,12,7403,3,2,3349828,0,1,1,1,3349828,01/03/2003,QB1AM1AW02A0015,1,EQBT_SSEE_3227666,1
032,112025,3349835,12,7403,3,2,3349835,0,1,1,1,3349835,01/03/2003,QB1AM1AW02A0015,1,EQBT_SSEE_3224150,1
032,112025,3349842,12,7403,3,2,3349842,0,1,1,1,3349842,01/03/2003,QB1AM1AW02A0040,1,EQBT_SSEE_3219394,1
032,112025,3349849,12,7403,3,2,3349849,0,1,1,1,3349849,01/03/2003,QB1AM1AW02A0040,1,EQBT_SSEE_3221454,1
032,112025,3349856,12,7403,3,2,3349856,0,1,1,1,3349856,01/03/2003,QB1AM1AW02A0025,1,EQBT_SSEE_3219814,1
032,112025,3349863,12,7403,3,2,3349863,0,1,1,1,3349863,01/03/2003,QB1AM1AW02A0015,1,EQBT_SSEE_3219418,1
032,112025,3349870,12,7403,3,2,3349870,0,1,1,1,3349870,01/03/2003,QB1AM1AW02A0015,1,EQBT_SSEE_3219158,1
032,112025,3349877,12,7403,3,2,3349877,0,1,1,1,3349877,01/03/2003,QB1AM1AW02A0040,1,EQBT_SSEE_3219166,1
032,112025,3349884,12,7403,3,2,3349884,0,4,1,1,3349884,01/03/2003,QB1AM1AW02A0025,1,EQBT_SSEE_3225274,1
032,112025,3349891,12,7403,3,2,3349891,0,1,1,1,3349891,01/07/2005,QB1AM1AW02A0025,1,EQBT_SSEE_3224714,1
032,112025,3349898,12,7403,3,2,3349898,0,1,1,1,3349898,01/03/2003,QB1AM1AW02A0025,1,EQBT_SSEE_3222026,1
032,112025,3349912,12,7403,3,2,3349912,0,1,1,1,3349912,01/03/2003,QB1AM1AW02A0030,1,EQBT_SSEE_3222030,1
032,112025,3349919,12,7403,3,2,3349919,0,1,1,1,3349919,01/03/2003,QB1AM1AW02A0030,1,EQBT_SSEE_3219182,1
032,112025,3349926,12,7403,3,2,3349926,0,1,1,1,3349926,01/03/2003,QB1AM1AW02A0025,1,EQBT_SSEE_3226066,1
032,112025,3349933,12,7403,3,2,3349933,0,1,1,1,3349933,01/03/2003,QB1AM1AW02A0050,1,EQBT_SSEE_3219186,1
032,112025,3349940,12,7403,3,2,3349940,0,1,1,1,3349940,01/03/2003,QB1AM1AW02A0050,1,EQBT_SSEE_3220958,1
032,112025,3349947,12,7403,3,2,3349947,0,1,1,1,3349947,01/03/2003,QB1AM1AW02A0080,1,EQBT_SSEE_3227426,1
032,112025,3349954,12,7403,3,2,3349954,0,1,1,1,3349954,01/03/2003,QB1AM1AW02A0050,1,EQBT_SSEE_3219378,1
032,112025,3349961,12,7403,3,2,3349961,0,4,1,1,3349961,01/03/2003,QB1AM1AW02A0025,1,EQBT_SSEE_3225294,1
032,112025,3349968,12,7403,3,2,3349968,0,1,1,1,3349968,01/03/2003,QB1AM1AW02A0025,1,EQBT_SSEE_3221818,1
032,112025,3349975,12,7403,3,2,3349975,0,1,1,1,3349975,01/03/2003,QB1AM1AW02A0030,1,EQBT_SSEE_3219762,1
032,112025,3349982,12,7403,3,2,3349982,0,1,1,1,3349982,01/03/2003,QB1AM1AW02A0015,1,EQBT_SSEE_3223018,1
032,112025,3349989,12,7403,3,2,3349989,0,1,1,1,3349989,01/03/2003,QB1AM1AW02A0030,1,EQBT_SSEE_3219382,1
032,112025,3349996,12,7403,3,2,3349996,0,1,1,1,3349996,01/03/2003,QB1AM1AW02A0025,1,EQBT_SSEE_3221314,1
032,112025,3350003,12,7403,3,2,3350003,0,1,1,1,3350003,01/03/2003,QB3AM3AW03A0150,1,EQBT_SSEE_3221978,1
032,112025,3350010,12,7403,3,2,3350010,0,1,1,1,3350010,01/03/2003,QB1AM1AW02A0063,1,EQBT_SSEE_3219162,1
032,112025,3350017,12,7403,3,2,3350017,0,1,1,1,3350017,01/03/2003,QB1AM1AW02A0050,1,EQBT_SSEE_3219170,1
032,112025,3350024,12,7403,3,2,3350024,0,1,1,1,3350024,01/03/2003,QB1AM1AW02A0030,1,EQBT_SSEE_3226062,1
032,112025,3350031,12,7403,3,2,3350031,0,1,1,1,3350031,01/03/2003,QB1AM1AW02A0050,1,EQBT_SSEE_3219174,1
032,112025,3350038,12,7403,3,2,3350038,0,1,1,1,3350038,01/03/2003,QB1AM1AW02A0015,1,EQBT_SSEE_3221762,1
032,112025,3350045,12,7403,3,2,3350045,0,1,1,1,3350045,01/03/2003,QB1AM1AW02A0015,1,EQBT_SSEE_3221830,1
032,112025,3350066,12,7403,3,2,3350066,0,1,1,1,3350066,01/03/2003,QB3AM3AW03A0080,1,EQBT_SSEE_3227162,1
032,112025,3350073,12,7403,3,2,3350073,0,1,1,1,3350073,01/03/2003,QB1AM1AW02A0050,1,EQBT_SSEE_3222882,1
032,112025,3350087,12,7403,3,2,3350087,0,1,1,1,3350087,01/03/2003,QB1AM1AW02A0025,1,EQBT_SSEE_3227670,1
032,112025,3350094,12,7403,3,2,3350094,0,1,1,1,3350094,01/03/2003,QB1AM1AW02A0070,1,EQBT_SSEE_3218186,1
032,112025,3350101,12,7403,3,2,3350101,0,1,1,1,3350101,01/03/2003,QB1AM1AW02A0050,1,EQBT_SSEE_3226706,1
032,112025,3350108,12,7403,3,2,3350108,0,1,1,1,3350108,01/03/2003,QB1AM1AW02A0050,1,EQBT_SSEE_3225926,1
032,112025,3350115,12,7403,3,2,3350115,0,1,1,1,3350115,01/03/2003,QB1AM1AW02A0050,1,EQBT_SSEE_3219386,1
032,112025,3350122,12,7403,3,2,3350122,0,1,1,1,3350122,01/03/2003,QB3AM3AW03A0080,1,EQBT_SSEE_3223046,1
032,112025,3350129,12,7403,3,2,3350129,0,1,1,1,3350129,01/03/2003,QB1AM1AW02A0025,1,EQBT_SSEE_3224146,1
032,112025,3350136,12,7403,3,2,3350136,0,1,1,1,3350136,01/03/2003,QB1AM1AW02A0050,1,EQBT_SSEE_3220918,1
032,112025,3350143,12,7403,3,2,3350143,0,1,1,1,3350143,01/03/2003,QB1AM1AW02A0030,1,EQBT_SSEE_3220922,1
032,112025,3350150,12,7403,3,2,3350150,0,1,1,1,3350150,01/03/2003,QB1AM1AW02A0030,1,EQBT_SSEE_3220910,1
032,112025,3350157,12,7403,3,2,3350157,0,1,1,1,3350157,01/03/2003,QB1AM1AW02A0040,1,EQBT_SSEE_3220914,1
032,112025,3350185,12,7403,3,2,3350185,0,1,1,1,3350185,01/03/2003,QB1AM1AW02A0063,1,EQBT_SSEE_3221042,1
032,112025,3350192,12,7403,3,2,3350192,0,1,1,1,3350192,01/03/2003,QB1AM1AW02A0050,1,EQBT_SSEE_3221046,1
032,112025,3350199,12,7403,3,2,3350199,0,1,1,1,3350199,01/03/2003,QB1AM1AW02A0030,1,EQBT_SSEE_3221050,1
032,112025,3350206,12,7403,3,2,3350206,0,1,1,1,3350206,01/03/2003,QB1AM1AW02A0050,1,EQBT_SSEE_3221054,1
032,112025,3350213,12,7403,3,2,3350213,0,1,1,1,3350213,01/03/2003,QB1AM1AW02A0030,1,EQBT_SSEE_3221742,1
032,112025,3350220,12,7403,3,2,3350220,0,1,1,1,3350220,01/03/2003,QB1AM1AW02A0030,1,EQBT_SSEE_3221062,1
032,112025,3350227,12,7403,3,2,3350227,0,1,1,1,3350227,01/03/2003,QB1AM1AW02A0015,1,EQBT_SSEE_3221750,1
032,112025,3350234,12,7403,3,2,3350234,0,1,1,1,3350234,01/03/2003,QB1AM1AW02A0040,1,EQBT_SSEE_3221746,1
032,112025,3350241,12,7403,3,2,3350241,0,1,1,1,3350241,01/03/2003,QB1AM1AW02A0015,1,EQBT_SSEE_3221058,1
032,112025,3350248,12,7403,3,2,3350248,0,1,1,1,3350248,01/03/2003,QB1AM1AW02A0025,1,EQBT_SSEE_3221754,1
032,112025,3350255,12,7403,3,2,3350255,0,1,1,1,3350255,01/03/2003,QB1AM1AW02A0050,1,EQBT_SSEE_3223786,1
032,112025,3350262,12,7403,3,2,3350262,0,1,1,1,3350262,01/03/2003,QB1AM1AW02A0025,1,EQBT_SSEE_3223774,1
032,112025,3350269,12,7403,3,2,3350269,0,1,1,1,3350269,01/03/2003,QB3AM3AW03A0040,1,EQBT_SSEE_3227210,1
032,112025,3350276,12,7403,3,2,3350276,0,1,1,1,3350276,01/03/2003,QB3AM3AW03A0040,1,EQBT_SSEE_3218806,1
032,112025,3350290,12,7403,3,2,3350290,0,1,1,1,3350290,01/03/2003,QB1AM1AW02A0063,1,EQBT_SSEE_3223790,1
032,112025,3350297,12,7403,3,2,3350297,0,1,1,1,3350297,01/03/2003,QB1AM1AW02A0025,1,EQBT_SSEE_3227402,1
032,112025,3350304,12,7403,3,2,3350304,0,1,1,1,3350304,01/03/2003,QB1AM1AW02A0030,1,EQBT_SSEE_3220902,1
032,112025,3350311,12,7403,3,2,3350311,0,1,1,1,3350311,01/03/2003,QB1AM1AW02A0080,1,EQBT_SSEE_3226574,1
032,112025,3350318,12,7403,3,2,3350318,0,4,1,1,3350318,01/03/2003,QB3AM3AW03A0125,1,EQBT_SSEE_3222618,1
032,112025,3350325,12,7403,3,2,3350325,0,1,1,1,3350325,01/03/2003,QB1AM1AW02A0030,1,EQBT_SSEE_3220906,1
032,112025,3350332,12,7403,3,2,3350332,0,1,1,1,3350332,01/03/2003,QB1AM1AW02A0015,1,EQBT_SSEE_3227430,1
032,112025,3350339,12,7403,3,2,3350339,0,1,1,1,3350339,01/03/2003,QB1AM1AW02A0015,1,EQBT_SSEE_3221758,1
032,112025,3350353,12,7405,3,2,3350353,0,1,1,1,3350353,01/03/2003,QB1AM1AW02A0063,1,EQBT_SSEE_3223370,1
032,112025,3350360,12,7405,3,2,3350360,0,1,1,1,3350360,01/03/2003,QB1AM1AW02A0050,1,EQBT_SSEE_3220098,1
032,112025,3350367,12,7405,3,2,3350367,0,1,1,1,3350367,01/03/2003,QB1AM1AW02A0040,1,EQBT_SSEE_3218586,1
032,112025,3350374,12,7405,3,2,3350374,0,1,1,1,3350374,01/03/2003,QB1AM1AW02A0030,1,EQBT_SSEE_3220650,1
032,112025,3350381,12,7404,3,2,3350381,0,1,1,1,3350381,01/03/2003,QB1AM1AW02A0025,1,EQBT_SSEE_3221562,1
032,112025,3350388,12,7404,3,2,3350388,0,1,1,1,3350388,01/12/2005,QB3AM3AW03A0070,1,EQBT_SSEE_3225430,1
032,112025,3350402,12,7405,3,2,3350402,0,1,1,1,3350402,01/12/2005,QB1AM1AW02A0025,1,EQBT_SSEE_3225438,1
032,112025,3350409,12,7404,3,2,3350409,0,1,1,1,3350409,01/12/2005,QB1AM1AW02A0025,1,EQBT_SSEE_3225442,1
032,112025,3350423,12,8409,3,2,3350423,0,4,1,1,3350423,01/12/2005,QB1AM1AW02A0050,1,EQBT_SSEE_3225450,1
032,112025,3350437,12,7405,3,2,3350437,0,1,1,1,3350437,01/01/2006,QB1AM1AW02A0050,1,EQBT_SSEE_3225458,1
032,112025,3350444,12,7405,3,2,3350444,0,1,1,1,3350444,01/01/2006,QB1AM1AW02A0063,1,EQBT_SSEE_3225462,1
032,112025,3350451,12,8409,3,2,3350451,0,1,1,1,3350451,01/01/2006,QB1AM1AW02A0025,1,EQBT_SSEE_3225466,1
032,112025,3350465,12,7405,3,2,3350465,0,1,1,1,3350465,01/01/2006,QB3AM3AW03A0050,1,EQBT_SSEE_3227690,1
032,112025,3350472,12,7405,3,2,3350472,0,1,1,1,3350472,01/01/2006,QB1AM1AW02A0025,1,EQBT_SSEE_3225470,1
032,112025,3350479,12,7405,3,2,3350479,0,1,1,1,3350479,01/01/2006,QB1AM1AW02A0030,1,EQBT_SSEE_3225474,1
032,112025,3350493,12,8416,3,2,3350493,0,4,1,1,3350493,01/01/2006,QB1AM1AW02A0025,1,EQBT_SSEE_3225482,1
032,112025,3350500,12,7403,3,2,3350500,0,4,1,1,3350500,01/11/2005,QB3AM3AW03A0040,1,EQBT_SSEE_3225486,1
032,112025,3350507,12,7405,3,2,3350507,0,4,1,1,3350507,01/10/2005,QB1AM1AW02A0040,1,EQBT_SSEE_3225490,1
032,112025,3350514,12,7405,3,2,3350514,0,1,1,1,3350514,01/03/2003,QB1AM1AW02A0050,1,EQBT_SSEE_3226294,1
032,112025,3350521,12,7405,3,2,3350521,0,1,1,1,3350521,01/02/2006,QB1AM1AW02A0025,1,EQBT_SSEE_3225494,1
032,112025,3350528,12,8409,3,2,3350528,0,4,1,1,3350528,01/01/2006,QB1AM1AW02A0010,1,EQBT_SSEE_3225502,1
032,112025,3350542,12,7404,3,2,3350542,0,1,1,1,3350542,01/03/2006,QB1AM1AW02A0070,1,EQBT_SSEE_3225510,1
032,112025,3350549,12,7403,3,2,3350549,0,1,1,1,3350549,01/03/2006,QB3AM3AW03A0070,1,EQ_BT_SED2696,1
032,112025,3350556,12,7405,3,2,3350556,0,4,1,1,3350556,01/02/2006,QB3AM3AW03A0100,1,EQBT_SSEE_3225518,1
032,112025,3350563,12,8409,3,2,3350563,0,1,1,1,3350563,01/04/2006,QB1AM1AW02A0015,1,EQBT_SSEE_3225522,1
032,112025,3350570,12,8409,3,2,3350570,0,1,1,1,3350570,01/04/2006,QB1AM1AW02A0025,1,EQBT_SSEE_3225526,1
032,112025,3350577,12,8409,3,2,3350577,0,1,1,1,3350577,01/04/2006,QB1AM1AW02A0040,1,EQBT_SSEE_3225530,1
032,112025,3350591,12,8416,3,2,3350591,0,1,1,1,3350591,01/05/2006,QB1AM1AW02A0015,1,EQBT_SSEE_3225546,1
032,112025,3350598,12,8409,3,2,3350598,0,1,1,1,3350598,01/05/2006,QB1AM1AW02A0025,1,EQBT_SSEE_3225550,1
032,112025,3350605,12,7404,3,2,3350605,0,4,1,1,3350605,01/04/2006,QB1AM1AW02A0030,1,EQBT_SSEE_3225554,1
032,112025,3350612,12,7405,3,2,3350612,0,1,1,1,3350612,01/05/2006,QB1AM1AW02A0063,1,EQBT_SSEE_3225558,1
032,112025,3350619,12,7405,3,2,3350619,0,1,1,1,3350619,01/05/2006,QB3AM3AW03A0040,1,EQBT_SSEE_3225562,1
032,112025,3350626,12,8416,3,2,3350626,0,4,1,1,3350626,01/05/2006,QB3AM3AW03A0100,1,EQBT_SSEE_3225566,1
032,112025,3350633,12,8416,3,2,3350633,0,1,1,1,3350633,01/06/2006,QB1AM1AW02A0015,1,EQBT_SSEE_3225570,1
032,112025,3350640,12,7405,3,2,3350640,0,1,1,1,3350640,01/05/2006,QB1AM1AW02A0100,1,EQBT_SSEE_3225574,1
032,112025,3350654,12,7403,3,2,3350654,0,1,1,1,3350654,01/04/2006,QB1AM1AW02A0025,1,EQBT_SSEE_3225582,1
032,112025,3350661,12,7404,3,2,3350661,0,1,1,1,3350661,01/03/2003,QB1AM1AW02A0010,1,EQBT_SSEE_3225542,1
032,112025,3350668,12,7403,3,2,3350668,0,1,1,1,3350668,01/06/2006,QB1AM1AW02A0010,1,EQBT_SSEE_3225590,1
032,112025,3350682,12,7404,3,2,3350682,0,1,1,1,3350682,01/07/2006,QB1AM1AW02A0015,1,EQBT_SSEE_3225602,1
032,112025,3350689,12,7201,3,2,3350689,0,1,1,1,3350689,01/06/2006,QB1AM1AW02A0015,1,EQBT_SSEE_3225610,1
032,112025,3350703,12,7404,3,2,3350703,0,1,1,1,3350703,01/03/2003,QB1AM1AW02A0010,1,EQBT_SSEE_3225618,1
032,112025,3350710,12,7404,3,2,3350710,0,1,1,1,3350710,01/08/2006,QB1AM1AW02A0025,1,EQBT_SSEE_3225622,1
032,112025,3350717,12,7404,3,2,3350717,0,1,1,1,3350717,01/03/2003,QB1AM1AW02A0025,1,EQBT_SSEE_3225626,1
032,112025,3350724,12,7404,3,2,3350724,0,1,1,1,3350724,01/08/2006,QB1AM1AW02A0050,1,EQBT_SSEE_3225630,1
032,112025,3350731,12,8409,3,2,3350731,0,1,1,1,3350731,01/06/2006,QB1AM1AW02A0050,1,EQBT_SSEE_3225634,1
032,112025,3350738,12,7405,3,2,3350738,0,1,1,1,3350738,01/03/2003,QB1AM1AW02A0025,1,EQBT_SSEE_3221018,1
032,112025,3350745,12,7405,3,2,3350745,0,1,1,1,3350745,01/03/2003,QB3AM3AW03A0150,1,EQBT_SSEE_3224526,1
032,112025,3350752,12,7405,3,2,3350752,0,1,1,1,3350752,01/03/2003,QB1AM1AW02A0015,1,EQBT_SSEE_3224974,1
032,112025,3350759,12,7404,3,2,3350759,0,1,1,1,3350759,01/03/2003,QB1AM1AW02A0025,1,EQBT_SSEE_3223550,1
032,112025,3350766,12,7404,3,2,3350766,0,1,1,1,3350766,01/03/2003,QB1AM1AW02A0010,1,EQBT_SSEE_3224594,1
032,112025,3350773,12,7405,3,2,3350773,0,1,1,1,3350773,01/03/2003,QB1AM1AW02A0063,1,EQBT_SSEE_3225638,1
032,112025,3350780,12,7405,3,2,3350780,0,1,1,1,3350780,01/03/2003,QB1AM1AW02A0063,1,EQBT_SSEE_3225642,1
032,112025,3350787,12,7405,3,2,3350787,0,1,1,1,3350787,01/03/2003,QB3AM3AW03A0070,1,EQBT_SSEE_3220530,1
032,112025,3350794,12,7405,3,2,3350794,0,1,1,1,3350794,01/03/2003,QB1AM1AW02A0015,1,EQBT_SSEE_3218370,1
032,112025,3350801,12,7405,3,2,3350801,0,1,1,1,3350801,01/09/2006,QB1AM1AW02A0025,1,EQBT_SSEE_3225646,1
032,112025,3350808,12,7403,3,2,3350808,0,1,1,1,3350808,01/08/2006,QB3AM3AW03A0080,1,EQBT_SSEE_3225650,1
032,112025,3350829,12,7405,3,2,3350829,0,1,1,1,3350829,01/09/2006,QB1AM1AW02A0010,1,EQBT_SSEE_3225662,1
032,112025,3350836,12,8409,3,2,3350836,0,1,1,1,3350836,01/09/2006,QB1AM1AW02A0010,1,EQBT_SSEE_3226498,1
032,112025,3350850,12,7405,3,2,3350850,0,1,1,1,3350850,01/09/2006,QB3AM3AW03A0150,1,EQBT_SSEE_3225670,1
032,112025,3350857,12,7405,3,2,3350857,0,1,1,1,3350857,01/03/2003,QB1AM1AW02A0015,1,EQBT_SSEE_3222702,1
032,112025,3350864,12,7404,3,2,3350864,0,1,1,1,3350864,01/03/2003,QB1AM1AW02A0025,1,EQBT_SSEE_3225674,1
032,112025,3350871,12,7403,3,2,3350871,0,1,1,1,3350871,01/10/2006,QB1AM1AW02A0015,1,EQBT_SSEE_3225678,1
032,112025,3350878,12,7405,3,2,3350878,0,1,1,1,3350878,01/03/2003,QB1AM1AW02A0010,1,EQBT_SSEE_3226690,1
032,112025,3350885,12,7405,3,2,3350885,0,1,1,1,3350885,01/03/2003,QB1AM1AW02A0015,1,EQBT_SSEE_3222102,1
032,112025,3350899,12,7405,3,2,3350899,0,1,1,1,3350899,01/03/2003,QB1AM1AW02A0015,1,EQBT_SSEE_3221482,1
032,112025,3350906,12,7405,3,2,3350906,0,1,1,1,3350906,01/03/2003,QB1AM1AW02A0050,1,EQBT_SSEE_3221462,1
032,112025,3350913,12,7405,3,2,3350913,0,1,1,1,3350913,01/03/2003,QB1AM1AW02A0015,1,EQBT_SSEE_3225682,1
032,112025,3350934,12,7403,3,2,3350934,0,4,1,1,3350934,01/10/2006,QB3AM3AW03A0070,1,EQBT_SSEE_3225694,1
032,112025,3350941,12,7201,3,2,3350941,0,4,1,1,3350941,01/05/2006,QB3AM3AW03A0100,1,EQBT_SSEE_3225698,1
032,112025,3350955,12,7403,3,2,3350955,0,1,1,1,3350955,01/07/2006,QB1AM1AW02A0040,1,EQBT_SSEE_3225706,1
032,112025,3350969,12,7404,3,2,3350969,0,1,1,1,3350969,01/11/2006,QB1AM1AW02A0025,1,EQBT_SSEE_3225710,1
032,112025,3350976,12,8416,3,2,3350976,0,1,1,1,3350976,01/11/2006,QB3AM3AW03A0040,1,EQBT_SSEE_3225714,1
032,112025,3350983,12,7404,3,2,3350983,0,1,1,1,3350983,01/11/2006,QB1AM1AW02A0010,1,EQBT_SSEE_3225718,1
032,112025,3350990,12,7405,3,2,3350990,0,4,1,1,3350990,01/11/2006,QB3AM3AW03A0070,1,EQBT_SSEE_3225722,1
032,112025,3350997,12,7201,3,2,3350997,0,1,1,1,3350997,01/03/2003,QB1AM1AW02A0015,1,EQBT_SSEE_3226562,1
032,112025,3351004,12,7404,3,2,3351004,0,1,1,1,3351004,01/03/2003,QB1AM1AW02A0015,1,EQBT_SSEE_3221210,1
032,112025,3351011,12,7405,3,2,3351011,0,1,1,1,3351011,01/03/2003,QB1AM1AW02A0015,1,EQBT_SSEE_3226686,1
032,112025,3351018,12,7405,3,2,3351018,0,1,1,1,3351018,01/03/2003,QB1AM1AW02A0050,1,EQBT_SSEE_3221510,1
032,112025,3351025,12,7405,3,2,3351025,0,1,1,1,3351025,01/03/2003,QB1AM1AW02A0030,1,EQBT_SSEE_3218366,1
032,112025,3351032,12,8409,3,2,3351032,0,1,1,1,3351032,01/08/2005,QB1AM1AW02A0050,1,EQBT_SSEE_3224750,1
032,112025,3351053,12,7404,3,2,3351053,0,1,1,1,3351053,01/03/2003,QB1AM1AW02A0015,1,EQBT_SSEE_3225302,1
032,112025,3351060,12,7405,3,2,3351060,0,1,1,1,3351060,01/11/2006,QB1AM1AW02A0050,1,EQBT_SSEE_3226114,1
032,112025,3351067,12,7405,3,2,3351067,0,1,1,1,3351067,01/11/2006,QB1AM1AW02A0050,1,EQBT_SSEE_3227526,1
032,112025,3351074,12,7403,3,2,3351074,0,1,1,1,3351074,01/11/2006,QB1AM1AW02A0050,1,EQBT_SSEE_3226586,1
032,112025,3351081,12,7405,3,2,3351081,0,1,1,1,3351081,01/11/2006,QB1AM1AW02A0100,1,EQBT_SSEE_3226482,1
032,112025,3351088,12,8409,3,2,3351088,0,1,1,1,3351088,01/11/2006,QB1AM1AW02A0100,1,EQBT_SSEE_3225826,1
032,112025,3351095,12,7404,3,2,3351095,0,4,1,1,3351095,01/03/2003,QB3AM3AW03A0125,1,EQBT_SSEE_3224190,1
032,112025,3351102,12,7404,3,2,3351102,0,4,1,1,3351102,07/10/2014,QB3AM3AW03A0150,1,EQBT_SSEE_3225010,1
032,112025,3351116,12,7405,3,2,3351116,0,1,1,1,3351116,01/03/2003,QB1AM1AW02A0015,1,EQBT_SSEE_3220414,1
032,112025,3351130,12,8416,3,2,3351130,0,1,1,1,3351130,01/03/2003,QB1AM1AW02A0025,1,EQBT_SSEE_3226490,1
032,112025,3351137,12,7405,3,2,3351137,0,1,1,1,3351137,01/03/2003,QB1AM1AW02A0015,1,EQBT_SSEE_3220558,1
032,112025,3351144,12,7404,3,2,3351144,0,1,1,1,3351144,01/03/2003,QB1AM1AW02A0015,1,EQBT_SSEE_3226522,1
032,112025,3351151,12,7405,3,2,3351151,0,1,1,1,3351151,01/03/2003,QB1AM1AW02A0050,1,EQBT_SSEE_3223594,1
032,112025,3351158,12,7403,3,2,3351158,0,1,1,1,3351158,01/03/2003,QB1AM1AW02A0015,1,EQBT_SSEE_3220770,1
032,112025,3351172,12,7405,3,2,3351172,0,1,1,1,3351172,01/03/2003,QB1AM1AW02A0050,1,EQBT_SSEE_3221070,1
032,112025,3351179,12,7405,3,2,3351179,0,1,1,1,3351179,01/03/2003,QB1AM1AW02A0025,1,EQBT_SSEE_3221074,1
032,112025,3351186,12,7405,3,2,3351186,0,1,1,1,3351186,01/03/2003,QB1AM1AW02A0015,1,EQBT_SSEE_3221098,1
032,112025,3351200,12,7404,3,2,3351200,0,1,1,1,3351200,01/03/2003,QB1AM1AW02A0050,1,EQBT_SSEE_3223578,1
032,112025,3351214,12,7404,3,2,3351214,0,1,1,1,3351214,01/03/2003,QB1AM1AW02A0015,1,EQBT_SSEE_3221126,1
032,112025,3351221,12,8409,3,2,3351221,0,1,1,1,3351221,01/03/2003,QB1AM1AW02A0010,1,EQBT_SSEE_3226638,1
032,112025,3351228,12,7404,3,2,3351228,0,1,1,1,3351228,01/03/2003,QB3AM3AW03A0100,1,EQBT_SSEE_3221346,1
032,112025,3351235,12,7404,3,2,3351235,0,1,1,1,3351235,01/03/2003,QB3AM3AW03A0080,1,EQBT_SSEE_3221414,1
032,112025,3351242,12,8416,3,2,3351242,0,1,1,1,3351242,01/03/2003,QB1AM1AW02A0010,1,EQBT_SSEE_3226666,1
032,112025,3351249,12,7404,3,2,3351249,0,1,1,1,3351249,01/03/2003,QB1AM1AW02A0050,1,EQBT_SSEE_3223602,1
032,112025,3351256,12,7405,3,2,3351256,0,1,1,1,3351256,01/03/2003,QB1AM1AW02A0015,1,EQBT_SSEE_3221470,1
032,112025,3351263,12,7403,3,2,3351263,0,1,1,1,3351263,01/03/2003,QB1AM1AW02A0010,1,EQBT_SSEE_3226698,1
032,112025,3351277,12,7403,3,2,3351277,0,1,1,1,3351277,01/03/2003,QB1AM1AW02A0010,1,EQBT_SSEE_3226702,1
032,112025,3351291,12,8409,3,2,3351291,0,1,1,1,3351291,01/03/2003,QB1AM1AW02A0050,1,EQBT_SSEE_3225834,1
032,112025,3351298,12,8409,3,2,3351298,0,1,1,1,3351298,01/03/2003,QB1AM1AW02A0010,1,EQBT_SSEE_3226726,1
032,112025,3351305,12,8409,3,2,3351305,0,1,1,1,3351305,01/03/2003,QB1AM1AW02A0015,1,EQBT_SSEE_3221650,1
032,112025,3351312,12,7403,3,2,3351312,0,1,1,1,3351312,01/03/2003,QB1AM1AW02A0050,1,EQBT_SSEE_3223610,1
032,112025,3351319,12,7404,3,2,3351319,0,1,1,1,3351319,01/03/2003,QB1AM1AW02A0025,1,EQBT_SSEE_3225126,1
032,112025,3351333,12,7404,3,2,3351333,0,1,1,1,3351333,01/03/2003,QB1AM1AW02A0015,1,EQBT_SSEE_3221874,1
032,112025,3351340,12,8416,3,2,3351340,0,1,1,1,3351340,01/03/2003,QB1AM1AW02A0025,1,EQBT_SSEE_3223030,1
032,112025,3351347,12,7405,3,2,3351347,0,1,1,1,3351347,01/03/2003,QB1AM1AW02A0025,1,EQBT_SSEE_3222010,1
032,112025,3351354,12,7404,3,2,3351354,0,1,1,1,3351354,01/03/2003,QB1AM1AW02A0015,1,EQBT_SSEE_3222014,1
032,112025,3351361,12,8409,3,2,3351361,0,1,1,1,3351361,01/03/2003,QB1AM1AW02A0010,1,EQBT_SSEE_3226818,1
032,112025,3351368,12,8416,3,2,3351368,0,1,1,1,3351368,01/03/2003,QB1AM1AW02A0015,1,EQBT_SSEE_3218310,1
032,112025,3351375,12,7405,3,2,3351375,0,1,1,1,3351375,01/03/2003,QB1AM1AW02A0050,1,EQBT_SSEE_3222210,1
032,112025,3351382,12,7404,3,2,3351382,0,1,1,1,3351382,01/03/2003,QB3AM3AW03A0040,1,EQBT_SSEE_3222218,1
032,112025,3351389,12,8409,3,2,3351389,0,1,1,1,3351389,01/03/2003,QB1AM1AW02A0050,1,EQBT_SSEE_3224518,1
032,112025,3351396,12,8416,3,2,3351396,0,1,1,1,3351396,01/03/2003,QB1AM1AW02A0025,1,EQBT_SSEE_3222234,1
032,112025,3351403,12,7403,3,2,3351403,0,1,1,1,3351403,01/03/2003,QB1AM1AW02A0010,1,EQBT_SSEE_3226854,1
032,112025,3351410,12,7405,3,2,3351410,0,1,1,1,3351410,01/03/2003,QB1AM1AW02A0025,1,EQBT_SSEE_3222286,1
032,112025,3351417,12,8416,3,2,3351417,0,1,1,1,3351417,01/03/2003,QB3AM3AW03A0040,1,EQBT_SSEE_3226862,1
032,112025,3351424,12,7403,3,2,3351424,0,1,1,1,3351424,01/03/2003,QB3AM3AW03A0040,1,EQBT_SSEE_3222326,1
032,112025,3351445,12,7404,3,2,3351445,0,1,1,1,3351445,01/03/2003,QB3AM3AW03A0016,1,EQBT_SSEE_3227318,1
032,112025,3351452,12,7404,3,2,3351452,0,1,1,1,3351452,01/03/2003,QB1AM1AW02A0015,1,EQBT_SSEE_3225150,1
032,112025,3351466,12,7405,3,2,3351466,0,4,1,1,3351466,01/08/2005,QB3AM3AW03A0100,1,EQBT_SSEE_3222630,1
032,112025,3351473,12,8409,3,2,3351473,0,1,1,1,3351473,01/03/2003,QB1AM1AW02A0015,1,EQBT_SSEE_3222634,1
032,112025,3351487,12,8416,3,2,3351487,0,1,1,1,3351487,01/03/2003,QB1AM1AW02A0063,1,EQBT_SSEE_3222718,1
032,112025,3351494,12,8409,3,2,3351494,0,1,1,1,3351494,01/03/2003,QB1AM1AW02A0050,1,EQBT_SSEE_3222758,1
032,112025,3351508,12,7404,3,2,3351508,0,4,1,1,3351508,01/03/2003,QB3AM3AW03A0100,1,EQBT_SSEE_3227002,1
032,112025,3351515,12,7404,3,2,3351515,0,1,1,1,3351515,01/03/2003,QB3AM3AW03A0070,1,EQBT_SSEE_3222874,1
032,112025,3351522,12,7403,3,2,3351522,0,1,1,1,3351522,01/03/2003,QB1AM1AW02A0040,1,EQBT_SSEE_3222878,1
032,112025,3351529,12,7405,3,2,3351529,0,1,1,1,3351529,01/03/2003,QB1AM1AW02A0030,1,EQBT_SSEE_3223706,1
032,112025,3351536,12,8409,3,2,3351536,0,1,1,1,3351536,01/03/2003,QB3AM3AW03A0025,1,EQBT_SSEE_3227378,1
032,112025,3351543,12,7403,3,2,3351543,0,1,1,1,3351543,01/03/2003,QB3AM3AW03A0080,1,EQBT_SSEE_3225866,1
032,112025,3351550,12,8416,3,2,3351550,0,1,1,1,3351550,01/03/2003,QB1AM1AW02A0015,1,EQBT_SSEE_3227346,1
032,112025,3351557,12,7405,3,2,3351557,0,1,1,1,3351557,01/03/2003,QB1AM1AW02A0015,1,EQBT_SSEE_3223274,1
032,112025,3351564,12,7403,3,2,3351564,0,1,1,1,3351564,01/03/2003,QB3AM3AW03A0025,1,EQBT_SSEE_3218442,1
032,112025,3351571,12,8416,3,2,3351571,0,1,1,1,3351571,01/03/2003,QB1AM1AW02A0050,1,EQBT_SSEE_3227202,1
032,112025,3351578,12,7404,3,2,3351578,0,1,1,1,3351578,01/03/2003,QB1AM1AW02A0025,1,EQBT_SSEE_3223638,1
032,112025,3351585,12,7404,3,2,3351585,0,1,1,1,3351585,01/03/2003,QB1AM1AW02A0025,1,EQBT_SSEE_3226966,1
032,112025,3351592,12,8409,3,2,3351592,0,1,1,1,3351592,01/03/2003,QB1AM1AW02A0025,1,EQBT_SSEE_3227634,1
032,112025,3351599,12,8409,3,2,3351599,0,1,1,1,3351599,01/03/2003,QB1AM1AW02A0025,1,EQBT_SSEE_3227646,1
032,112025,3351606,12,7405,3,2,3351606,0,1,1,1,3351606,01/03/2003,QB3AM3AW03A0150,1,EQBT_SSEE_3224106,1
032,112025,3351613,12,7404,3,2,3351613,0,1,1,1,3351613,01/03/2003,QB1AM1AW02A0025,1,EQBT_SSEE_3217950,1
032,112025,3351620,12,7405,3,2,3351620,0,1,1,1,3351620,01/03/2003,QB1AM1AW02A0025,1,EQBT_SSEE_3225246,1
032,112025,3351627,12,7403,3,2,3351627,0,1,1,1,3351627,01/03/2003,QB3AM3AW03A0050,1,EQBT_SSEE_3223662,1
032,112025,3351641,12,7404,3,2,3351641,0,1,1,1,3351641,01/07/2005,QB1AM1AW02A0050,1,EQBT_SSEE_3224686,1
032,112025,3351648,12,7405,3,2,3351648,0,1,1,1,3351648,01/07/2005,QB3AM3AW03A0100,1,EQBT_SSEE_3224738,1
032,112025,3351655,12,8409,3,2,3351655,0,1,1,1,3351655,01/08/2005,QB3AM3AW03A0030,1,EQBT_SSEE_3224758,1
032,112025,3351669,12,8409,3,2,3351669,0,1,1,1,3351669,01/04/2006,QB1AM1AW02A0015,1,EQBT_SSEE_3225534,1
032,112025,3351676,12,7403,3,2,3351676,0,1,1,1,3351676,01/06/2006,QB1AM1AW02A0010,1,EQBT_SSEE_3225614,1
032,112025,3351683,12,8409,3,2,3351683,0,1,1,1,3351683,01/03/2003,QB3AM3AW03A0070,1,EQBT_SSEE_3225586,1
032,112025,3351690,12,7404,3,2,3351690,0,1,1,1,3351690,01/03/2003,QB1AM1AW02A0010,1,EQBT_SSEE_3225598,1
032,112025,3351697,12,7404,3,2,3351697,0,1,1,1,3351697,01/03/2003,QB1AM1AW02A0010,1,EQBT_SSEE_3225606,1
032,112025,3351704,12,7404,3,2,3351704,0,1,1,1,3351704,01/03/2003,QB1AM1AW02A0025,1,EQBT_SSEE_3225934,1
032,112025,3351711,12,8409,3,2,3351711,0,1,1,1,3351711,01/03/2003,QB1AM1AW02A0010,1,EQBT_SSEE_3225962,1
032,112025,3351725,12,8416,3,2,3351725,0,1,1,1,3351725,01/03/2003,QB1AM1AW02A0025,1,EQBT_SSEE_3218010,1
032,112025,3351732,12,7404,3,2,3351732,0,1,1,1,3351732,01/03/2003,QB1AM1AW02A0025,1,EQBT_SSEE_3226018,1
032,112025,3351739,12,7404,3,2,3351739,0,1,1,1,3351739,01/03/2003,QB1AM1AW02A0050,1,EQBT_SSEE_3218990,1
032,112025,3351746,12,8416,3,2,3351746,0,1,1,1,3351746,01/03/2003,QB1AM1AW02A0040,1,EQBT_SSEE_3226034,1
032,112025,3351753,12,8416,3,2,3351753,0,1,1,1,3351753,01/03/2003,QB3AM3AW03A0040,1,EQBT_SSEE_3218030,1
032,112025,3351760,12,8409,3,2,3351760,0,1,1,1,3351760,01/03/2003,QB1AM1AW02A0015,1,EQBT_SSEE_3219050,1
032,112025,3351767,12,7404,3,2,3351767,0,1,1,1,3351767,01/03/2003,QB1AM1AW02A0015,1,EQBT_SSEE_3219102,1
032,112025,3351781,12,7404,3,2,3351781,0,1,1,1,3351781,01/03/2003,QB3AM3AW03A0125,1,EQBT_SSEE_3224874,1
032,112025,3351788,12,7404,3,2,3351788,0,1,1,1,3351788,01/03/2003,QB1AM1AW02A0025,1,EQBT_SSEE_3225334,1
032,112025,3351795,12,7405,3,2,3351795,0,4,1,1,3351795,01/03/2003,QB1AM1AW02A0100,1,EQBT_SSEE_3224890,1
032,112025,3351809,12,7405,3,2,3351809,0,1,1,1,3351809,01/03/2003,QB1AM1AW02A0015,1,EQBT_SSEE_3225378,1
032,112025,3351823,12,8416,3,2,3351823,0,1,1,1,3351823,01/03/2003,QB1AM1AW02A0015,1,EQBT_SSEE_3226958,1
032,112025,3351830,12,7403,3,2,3351830,0,1,1,1,3351830,01/03/2003,QB1AM1AW02A0025,1,EQBT_SSEE_3219294,1
032,112025,3351844,12,7403,3,2,3351844,0,1,1,1,3351844,01/03/2003,QB1AM1AW02A0025,1,EQBT_SSEE_3219390,1
032,112025,3351851,12,8409,3,2,3351851,0,1,1,1,3351851,01/03/2003,QB1AM1AW02A0015,1,EQBT_SSEE_3226202,1
032,112025,3351858,12,8409,3,2,3351858,0,1,1,1,3351858,01/03/2003,QB1AM1AW02A0025,1,EQBT_SSEE_3219530,1
032,112025,3351865,12,8409,3,2,3351865,0,1,1,1,3351865,01/03/2003,QB1AM1AW02A0025,1,EQBT_SSEE_3219538,1
032,112025,3351872,12,7405,3,2,3351872,0,1,1,1,3351872,01/03/2003,QB3AM3AW03A0040,1,EQBT_SSEE_3218070,1
032,112025,3351879,12,7404,3,2,3351879,0,1,1,1,3351879,01/03/2003,QB1AM1AW02A0015,1,EQBT_SSEE_3217902,1
032,112025,3351886,12,8416,3,2,3351886,0,1,1,1,3351886,01/03/2003,QB1AM1AW02A0015,1,EQBT_SSEE_3226250,1
032,112025,3351893,12,7404,3,2,3351893,0,1,1,1,3351893,01/03/2003,QB1AM1AW02A0015,1,EQBT_SSEE_3226318,1
032,112025,3351900,12,7405,3,2,3351900,0,1,1,1,3351900,01/03/2003,QB1AM1AW02A0015,1,EQBT_SSEE_3219862,1
032,112025,3351907,12,8409,3,2,3351907,0,1,1,1,3351907,01/03/2003,QB1AM1AW02A0025,1,EQBT_SSEE_3219874,1
032,112025,3351914,12,7405,3,2,3351914,0,1,1,1,3351914,01/03/2003,QB1AM1AW02A0025,1,EQBT_SSEE_3219918,1
032,112025,3351921,12,7404,3,2,3351921,0,1,1,1,3351921,01/03/2003,QB1AM1AW02A0025,1,EQBT_SSEE_3219934,1
032,112025,3351928,12,7404,3,2,3351928,0,1,1,1,3351928,01/03/2003,QB3AM3AW03A0030,1,EQBT_SSEE_3225406,1
032,112025,3351935,12,8409,3,2,3351935,0,1,1,1,3351935,01/03/2003,QB1AM1AW02A0015,1,EQBT_SSEE_3226410,1
032,112025,3351942,12,8409,3,2,3351942,0,1,1,1,3351942,01/03/2003,QB1AM1AW02A0025,1,EQBT_SSEE_3220074,1
032,112025,3351949,12,8416,3,2,3351949,0,1,1,1,3351949,01/03/2003,QB1AM1AW02A0050,1,EQBT_SSEE_3226414,1
032,112025,3351956,12,7405,3,2,3351956,0,1,1,1,3351956,01/03/2003,QB3AM3AW03A0030,1,EQBT_SSEE_3223686,1
032,112025,3351963,12,7405,3,2,3351963,0,1,1,1,3351963,01/03/2003,QB1AM1AW02A0015,1,EQBT_SSEE_3220166,1
032,112025,3351970,12,8409,3,2,3351970,0,1,1,1,3351970,01/03/2003,QB1AM1AW02A0050,1,EQBT_SSEE_3224498,1
032,112025,3351984,12,7405,3,2,3351984,0,1,1,1,3351984,01/03/2003,QB1AM1AW02A0015,1,EQBT_SSEE_3220326,1
032,112025,3351991,12,7404,3,2,3351991,0,1,1,1,3351991,01/03/2003,QB1AM1AW02A0025,1,EQBT_SSEE_3220366,1
032,112025,3351998,12,7404,3,2,3351998,0,4,1,1,3351998,01/12/2006,QB3AM3AW03A0070,1,EQBT_SSEE_3226534,1
032,112025,3352005,12,7404,3,2,3352005,0,1,1,1,3352005,01/12/2006,QB3AM3AW03A0050,1,EQBT_SSEE_3225726,1
032,112025,3352012,12,7405,3,2,3352012,0,1,1,1,3352012,01/12/2006,QB3AM3AW03A0100,1,EQBT_SSEE_3225730,1
032,112025,3352019,12,7405,3,2,3352019,0,1,1,1,3352019,01/12/2006,QB3AM3AW03A0063,1,EQBT_SSEE_3225734,1
032,112025,3352026,12,7405,3,2,3352026,0,1,1,1,3352026,01/12/2006,QB1AM1AW02A0080,1,EQBT_SSEE_3225738,1
032,112025,3352033,12,7405,3,2,3352033,0,1,1,1,3352033,01/03/2003,QB3AM3AW03A0040,1,EQBT_SSEE_3225742,1
032,112025,3352040,12,7404,3,2,3352040,0,4,1,1,3352040,01/12/2006,QB3AM3AW03A0050,1,EQBT_SSEE_3225746,1
032,112025,3352047,12,7403,3,2,3352047,0,4,1,1,3352047,01/11/2006,QB3AM3AW03A0150,1,EQBT_SSEE_3225750,1
032,112025,3352054,12,7403,3,2,3352054,0,4,1,1,3352054,01/11/2006,QB3AM3AW03A0150,1,EQBT_SSEE_3225754,1
032,112025,3352068,12,8409,3,2,3352068,0,1,1,1,3352068,01/12/2006,QB1AM1AW02A0010,1,EQBT_SSEE_3225762,1
032,112025,3352075,12,7403,3,2,3352075,0,1,1,1,3352075,01/09/2005,QB3AM3AW03A0100,1,EQBT_SSEE_3227754,1
032,112025,3352082,12,7404,3,2,3352082,0,1,1,1,3352082,01/11/2005,QB3AM3AW03A0025,1,EQBT_SSEE_3227762,1
032,112025,3352089,12,7405,3,2,3352089,0,1,1,1,3352089,01/01/2004,QB1AM1AW02A0010,1,EQBT_SSEE_3224270,1
032,112025,3352096,12,7403,3,2,3352096,0,1,1,1,3352096,01/08/2004,QB1AM1AW02A0010,1,EQBT_SSEE_3224266,1
032,112025,3352103,12,7405,3,2,3352103,0,1,1,1,3352103,01/06/2004,QB1AM1AW02A0050,1,EQBT_SSEE_3227654,1
032,112025,3352110,12,7403,3,2,3352110,0,1,1,1,3352110,01/02/2004,QB3AM3AW03A0063,1,EQBT_SSEE_3224274,1
032,112025,3352117,12,8416,3,2,3352117,0,1,1,1,3352117,01/04/2004,QB1AM1AW02A0015,1,EQBT_SSEE_3218306,1
032,112025,3352124,12,8416,3,2,3352124,0,1,1,1,3352124,01/03/2004,QB1AM1AW02A0015,1,EQBT_SSEE_3224290,1
032,112025,3352131,12,8416,3,2,3352131,0,1,1,1,3352131,01/03/2004,QB1AM1AW02A0010,1,EQBT_SSEE_3224294,1
032,112025,3352138,12,7405,3,2,3352138,0,4,1,1,3352138,01/07/2004,QB3AM3AW03A0125,1,EQBT_SSEE_3224342,1
032,112025,3352152,12,7404,3,2,3352152,0,1,1,1,3352152,01/05/2004,QB3AM3AW03A0150,1,EQBT_SSEE_3224302,1
032,112025,3352159,12,7404,3,2,3352159,0,1,1,1,3352159,01/05/2004,QB3AM3AW03A0150,1,EQBT_SSEE_3224314,1
032,112025,3352166,12,7405,3,2,3352166,0,1,1,1,3352166,01/03/2004,QB1AM1AW02A0010,1,EQBT_SSEE_3224286,1
032,112025,3352173,12,7403,3,2,3352173,0,1,1,1,3352173,01/05/2004,QB1AM1AW02A0010,1,EQBT_SSEE_3224326,1
032,112025,3352180,12,7403,3,2,3352180,0,1,1,1,3352180,01/05/2004,QB1AM1AW02A0015,1,EQBT_SSEE_3224330,1
032,112025,3352187,12,7403,3,2,3352187,0,1,1,1,3352187,01/05/2004,QB1AM1AW02A0010,1,EQBT_SSEE_3224318,1
032,112025,3352194,12,7403,3,2,3352194,0,1,1,1,3352194,01/05/2004,QB1AM1AW02A0010,1,EQBT_SSEE_3224322,1
032,112025,3352201,12,7403,3,2,3352201,0,1,1,1,3352201,01/05/2004,QB1AM1AW02A0010,1,EQBT_SSEE_3224334,1
032,112025,3352208,12,7404,3,2,3352208,0,4,1,1,3352208,01/01/2004,QB3AM3AW03A0063,1,EQBT_SSEE_3224262,1
032,112025,3352222,12,7405,3,2,3352222,0,1,1,1,3352222,01/05/2004,QB1AM1AW02A0010,1,EQBT_SSEE_3226962,1
032,112025,3352229,12,8416,3,2,3352229,0,1,1,1,3352229,01/07/2004,QB3AM3AW03A0063,1,EQBT_SSEE_3224338,1
032,112025,3352236,12,7404,3,2,3352236,0,1,1,1,3352236,01/08/2004,QB1AM1AW02A0010,1,EQBT_SSEE_3224346,1
032,112025,3352243,12,7403,3,2,3352243,0,1,1,1,3352243,01/07/2004,QB1AM1AW02A0010,1,EQBT_SSEE_3224382,1
032,112025,3352250,12,7403,3,2,3352250,0,1,1,1,3352250,01/08/2004,QB1AM1AW02A0010,1,EQBT_SSEE_3224390,1
032,112025,3352264,12,7405,3,2,3352264,0,1,1,1,3352264,01/08/2004,QB3AM3AW03A0063,1,EQBT_SSEE_3224398,1
032,112025,3352271,12,7404,3,2,3352271,0,4,1,1,3352271,01/01/2004,QB3AM3AW03A0063,1,EQBT_SSEE_3224642,1
032,112025,4204020,1,7404,3,1,4204020,0,1,1,1,4204020,01/03/2003,QC3AA1AW03A0010,1,08-501,1
032,112025,4204032,1,7404,3,1,4204032,0,1,1,1,4204032,01/09/2005,QC3AA1AW03A0010,0,08-535,1
032,112025,4204047,1,7404,3,1,4204047,0,1,1,1,4204047,01/01/2005,QC3AA1AW03A0010,0,08-539,1
032,112025,4204058,1,7404,3,1,4204058,0,1,1,1,4204058,01/01/2005,QC3AA1AW03A0010,0,08-540,1
032,112025,4204088,1,7404,3,1,4204088,0,1,1,1,4204088,31/12/2014,QC3AA1AW03A0010,0,09-501,1
032,112025,4204099,1,7404,3,1,4204099,0,1,1,1,4204099,01/01/2005,QC3AA1AW03A0010,0,08-503,1
032,112025,4204132,1,7404,3,1,4204132,0,1,1,1,4204132,01/01/2005,QC3AA1AW03A0010,0,08-510,1
032,112025,4204143,1,7404,3,1,4204143,0,1,1,1,4204143,01/01/2005,QC3AA1AW03A0010,0,08-531,1
032,112025,4204154,1,7404,3,1,4204154,0,1,1,1,4204154,01/01/2005,QC3AA1AW03A0010,0,08-532,1
032,112025,4204165,1,7404,3,1,4204165,0,1,1,1,4204165,01/01/2005,QC3AA1AW03A0010,0,08-5033,1
032,112025,4204176,1,7404,3,1,4204176,0,1,1,1,4204176,01/01/2005,QC3AA1AW03A0010,0,08-534,1
032,112025,4204187,1,7404,3,1,4204187,0,1,1,1,4204187,01/01/2005,QC3AA1AW03A0010,0,08-536,1
032,112025,4204209,1,7404,3,1,4204209,0,1,1,1,4204209,01/01/2005,QC3AA1AW03A0010,0,08-538,1
032,112025,5118779,12,7405,3,2,5118779,0,4,1,1,5118779,01/03/2003,QB1AM1AW02A0090,1,Protección BT Aérea,1
032,112025,5118871,12,8416,3,2,5118871,0,4,1,1,5118871,01/03/2003,QB3AM3AW03A0030,1,Protección BT Aérea,1
032,112025,5118938,12,8416,3,2,5118938,0,4,1,1,5118938,01/03/2003,QB3AM3AW03A0016,1,Protección BT Aérea,1
032,112025,5672599,12,7405,3,2,5672599,0,1,1,1,5672599,24/08/2007,QB1AM1AW02A0100,1,Loteo Esperanza Nueva,1
032,112025,5681025,1,7405,3,1,5681025,0,1,1,1,5681025,09/01/2007,QA3AA1AW03A0005,0,31-4177,1
032,112025,5681136,12,7405,3,2,5681136,0,1,1,1,5681136,09/01/2007,QB3AM3AW03A0125,1,Asimfrut Ltda,1
032,112025,5681217,1,7405,3,1,5681217,0,1,1,1,5681217,09/01/2007,QA3AA1AW03A0003,1,Asimfrut Ltda,1
032,112025,5685446,12,7404,3,2,5685446,0,1,1,1,5685446,25/04/2007,QB1AM1AW02A0100,1,Villorio Vista Hermosa,1
032,112025,5685453,1,7404,3,1,5685453,0,1,1,1,5685453,25/04/2007,QA2AA1AW02A0002,1,Villorio Vista Hermosa,1
032,112025,5689575,1,7404,3,1,5689575,0,1,1,1,5689575,14/09/2007,QC1AA1AW01A0010,0,32-9225,1
032,112025,5702570,12,7405,3,2,5702570,0,1,1,1,5702570,14/09/2007,QB1AM1AW02A0015,1,Protección BT Aérea,1
032,112025,5702645,1,7405,3,1,5702645,0,1,1,1,5702645,14/09/2007,QA2AA1AW02A0001,1,Desc s/e 1388 ruta 5 sta teresa,1
032,112025,5706846,1,7404,3,1,5706846,0,1,1,1,5706846,26/01/2007,QA2AA1AW02A0002,0,32-4193,1
032,112025,5707289,12,7404,3,2,5707289,0,1,1,1,5707289,26/01/2007,QB1AM1AW02A0050,1, FNDR Isla Pencahue,1
032,112025,5707309,1,7404,3,1,5707309,0,1,1,1,5707309,26/01/2007,QA2AA1AW02A0002,1, FNDR Isla Pencahue,1
032,112025,5707381,12,7404,3,2,5707381,0,1,1,1,5707381,26/01/2007,QB1AM1AW02A0050,1,FNDR Isla Pencahue Interior,1
032,112025,5707515,1,7404,3,1,5707515,0,1,1,1,5707515,26/01/2007,QA2AA1AW02A0002,0,32-4192,1
032,112025,8180262,1,7405,3,1,8180262,0,4,1,1,8180262,22/10/2008,QA3AA1AW03A0002,0,Desc S/E 2867 santa Isabel,1
032,112025,9579917,1,7405,3,1,9579917,0,1,1,1,9579917,22/06/2007,QA3AA1AW03A0005,0,32-4212,1
032,112025,9579960,1,7405,3,1,9579960,0,1,1,1,9579960,22/06/2007,QA3AA1AW03A0003,0,32-4217,1
032,112025,9713163,1,7404,3,1,9713163,0,1,1,1,9713163,01/03/2003,QA3AA1AW03A0040,0,Desces condensadores Remulcao,1
032,112025,9713624,1,8409,3,1,9713624,0,1,1,1,9713624,01/08/2005,QA3AA1AW03A0040,0,32-4034 Arranq. Condensador San Gregorio,1
032,112025,9715305,1,8409,3,1,9715305,0,1,1,1,9715305,12/04/2007,QA1AA1AW01A0001,0,10-2014,1
032,112025,9715767,12,7404,3,1,9715767,0,1,1,1,9715767,01/03/2003,QA3AZ3CK03D1500,0,Autotransformador,1
032,112025,9919146,1,7405,3,1,9919146,0,1,1,1,9919146,31/12/2014,QA3AA1AW03A0002,0,32-4253,1
032,112025,9936321,1,7404,3,1,9936321,0,1,1,1,9936321,24/08/2007,QA3AA1AW03A0002,0,32-4222,1
032,112025,9940611,1,7404,3,1,9940611,0,1,1,1,9940611,27/10/2007,QA3AA1AW03A0002,1,32-4240,1
032,112025,9944909,1,7405,3,1,9944909,0,1,1,1,9944909,25/10/2007,QA3AA1AW03A0002,0,32-4235,1
032,112025,9949202,1,7404,3,1,9949202,0,1,1,1,9949202,29/11/2007,QA3AA1AW03A0010,0,32-4250,1
032,112025,10086612,1,7405,3,1,10086612,0,1,1,1,10086612,13/07/2007,QA3AA1AW03A0001,0,32-4214,1
032,112025,10090918,1,7404,3,1,10090918,0,1,1,1,10090918,01/08/2004,QA3AA1AW03A0040,0,Desc condensadores Valle Hermoso,1
032,112025,10091141,12,8409,1,1,10091141,0,1,1,1,10091141,01/01/2005,QA3AG3CK03A0300,0,Banco Regulador de Tensión,1
032,112025,10091223,1,7405,3,1,10091223,0,1,1,1,10091223,01/08/2005,QA3AA1AW03A0040,0,Condensadores Camino Hacienda Retiro,1
032,112025,10091254,1,7403,3,1,10091254,0,1,1,1,10091254,01/03/2003,QA3AA1AW03A0040,0,11-301 B. Condensadores Los Cristales,1
032,112025,10091325,1,8409,3,1,10091325,0,1,1,1,10091325,01/08/2005,QA3AA1AW03A0040,0,32-4037 arranq. Condensador Buli Oriente,1
032,112025,10091343,1,8409,3,1,10091343,0,1,1,1,10091343,01/03/2003,QA3AA1AW03A0040,0,Desc condensadores el Peñon,1
032,112025,10146856,12,8409,3,2,10146856,0,1,1,1,10146856,28/09/2007,QB1AM1AW02A0025,1,La Belen,1
032,112025,10147055,1,8409,3,1,10147055,0,1,1,1,10147055,28/09/2007,QC3AA1AW03A0003,0,10-1020,1
032,112025,10147141,1,8409,3,1,10147141,0,1,1,1,10147141,28/09/2007,QC3AA1AW03A0003,0,10-3205,1
032,112025,10147244,1,8409,3,1,10147244,0,1,1,1,10147244,28/09/2007,QA2AA1AW02A0002,1,LA BELEN,1
032,112025,10211178,4,7405,3,1,10211178,0,1,1,1,10211178,31/12/2014,QA3AD3CK03A0400,0,32-4207 Rec. Fosforera Copihue,1
032,112025,10211231,1,7405,3,1,10211231,0,1,1,1,10211231,03/07/2007,QC3AA1AW03A0010,0,32-4208,1
032,112025,10211250,12,7405,3,2,10211250,0,1,1,1,10211250,03/07/2007,QB1AM1AW02A0010,1,Para Reconectador As Copihue,1
032,112025,10211388,1,7405,3,1,10211388,0,1,1,1,10211388,31/12/2014,QA1AA1AW01A0001,1,Para Reconectador As Copihue,1
032,112025,10215619,1,7405,3,1,10215619,0,1,1,1,10215619,27/09/2007,QA3AA1AW03A0005,0,113101,1
032,112025,10219749,12,8409,3,2,10219749,0,1,1,1,10219749,29/09/2007,QB1AM1AW02A0025,1,Protección BT Aérea,1
032,112025,10219899,1,8409,3,1,10219899,0,1,1,1,10219899,29/09/2007,QA2AA1AW02A0001,1,Desc S/E 2772 Ñiquen,1
032,112025,10232779,12,7405,3,2,10232779,0,1,1,1,10232779,29/06/2007,QB1AM1AW02A0015,1,Protección BT Aérea,1
032,112025,10232927,1,7405,3,1,10232927,0,1,1,1,10232927,29/06/2007,QA2AA1AW02A0001,1,Desc S/E 2793 santa Isabel,1
032,112025,10245504,12,7405,3,2,10245504,0,1,1,1,10245504,22/04/2007,QB1AM1AW02A0063,1,Protección BT Aérea,1
032,112025,10262716,4,7403,3,1,10262716,0,1,1,1,10262716,13/07/2007,QA3AD3CK03A0400,0,32-4217,1
032,112025,10275605,12,8409,3,2,10275605,0,1,1,1,10275605,30/04/2007,QB3AM3AW03A0050,1,Protección BT Aérea,1
032,112025,10301312,4,7403,3,1,10301312,0,1,1,1,10301312,02/08/2007,QA3AD3CK03A0630,0,32-4211 Rec. Longavi-Paine,1
032,112025,10301392,12,7403,3,2,10301392,0,1,1,1,10301392,02/08/2007,QB1AM1AW02A0010,1,Protección BT Aérea,1
032,112025,10301436,1,7403,3,1,10301436,0,1,1,1,10301436,02/08/2007,QA1AA1AW01A0001,1,Desc S/E 2790 rec los Cristales,1
032,112025,10322809,12,8409,3,2,10322809,0,1,1,1,10322809,24/07/2007,QB1AM1AW02A0025,1,Mallocaven,1
032,112025,10322955,1,8409,3,1,10322955,0,1,1,1,10322955,24/07/2007,QA2AA1AW02A0001,1,Mallocaven,1
032,112025,10335727,12,7405,3,2,10335727,0,1,1,1,10335727,27/04/2007,QB1AM1AW02A0070,1,Protección BT Aérea,1
032,112025,10352854,12,7403,3,2,10352854,0,1,1,1,10352854,27/04/2007,QB3AM3AW03A0070,1,Protección BT Aérea,1
032,112025,10357368,4,7403,3,1,10357368,0,1,1,1,10357368,09/06/2007,QA3AD3CK03A0400,0,32-4210 Los Cristales- Las Mercedes,1
032,112025,10370033,12,7404,3,1,10370033,0,4,1,1,10370033,10/09/2007,QA3AH3AW03N0040,0,Compacto de Medida,1
032,112025,10374317,12,8416,3,2,10374317,0,1,1,1,10374317,29/09/2007,QB1AM1AW02A0070,1,El Carbon,1
032,112025,10374642,1,8416,3,1,10374642,0,1,1,1,10374642,29/09/2007,QA1AA1AW01A0002,1,El Carbon,1
032,112025,10391490,1,7404,3,1,10391490,0,1,1,1,10391490,30/12/2006,QA3AA1AW03A0005,0,32-4189,1
032,112025,10391510,1,7404,3,1,10391510,0,1,1,1,10391510,30/12/2006,QA3AA1AW03A0003,0,32-4206,1
032,112025,10391684,12,7404,3,2,10391684,0,1,1,1,10391684,30/12/2006,QB1AM1AW02A0030,1,Plaza Pablo Neruda,1
032,112025,10391691,1,7404,3,1,10391691,0,1,1,1,10391691,30/12/2006,QA2AA1AW02A0002,1,Plaza Pablo Neruda,1
032,112025,10400081,1,7405,3,1,10400081,0,4,1,1,10400081,22/06/2007,QA3AA1AW03A0002,0,32-4213,1
032,112025,10404367,1,7404,3,1,10404367,0,4,1,1,10404367,20/09/2007,QA3AA1AW03A0002,0,32-4224,1
032,112025,10430164,12,7404,3,2,10430164,0,1,1,1,10430164,23/02/2007,QB1AM1AW02A0025,1,Protección BT Aérea,1
032,112025,10430285,1,7404,3,1,10430285,0,1,1,1,10430285,23/02/2007,QA2AA1AW02A0001,1,Desc S/E 2770 la Fortuna,1
032,112025,10434430,12,7404,3,2,10434430,0,1,1,1,10434430,23/02/2008,QB1AM1AW02A0015,1,La Fortuna,1
032,112025,10434549,1,7404,3,1,10434549,0,1,1,1,10434549,23/02/2008,QC2AA1AW02A0001,1,La Fortuna,1
032,112025,10447319,1,7404,3,1,10447319,0,1,1,1,10447319,23/02/2007,QA3AA1AW03A0002,0,32-4196,1
032,112025,10447497,12,7404,3,2,10447497,0,1,1,1,10447497,23/02/2007,QB1AM1AW02A0010,1, FNDR Bajo de Cauquenes,1
032,112025,10447576,1,7404,3,1,10447576,0,1,1,1,10447576,23/02/2007,QA2AA1AW02A0001,1, FNDR Bajo de Cauquenes,1
032,112025,10451764,1,7404,3,1,10451764,0,1,1,1,10451764,23/02/2007,QC2AA1AW02A0001,0,32-4197,1
032,112025,10451962,12,7404,3,2,10451962,0,1,1,1,10451962,23/02/2007,QB1AM1AW02A0030,1,Protección BT Aérea,1
032,112025,10452065,1,7404,3,1,10452065,0,1,1,1,10452065,23/02/2007,QA2AA1AW02A0001,1,Desc S/E 2769 Catillo,1
032,112025,10460199,1,7404,3,1,10460199,0,1,1,1,10460199,23/02/2007,QC2AA1AW02A0001,0,32-4195,1
032,112025,10460240,12,7404,3,2,10460240,0,1,1,1,10460240,23/02/2007,QB1AM1AW02A0025,1,Protección BT Aérea,1
032,112025,10460585,1,7404,3,1,10460585,0,1,1,1,10460585,23/02/2007,QA2AA1AW02A0001,1,Desc 2767 san Lorenzo,1
032,112025,10485996,12,7405,3,2,10485996,0,1,1,1,10485996,13/04/2007,QB1AM1AW02A0025,1,Los Robles,1
032,112025,10486121,1,7405,3,1,10486121,0,1,1,1,10486121,13/04/2007,QC2AA1AW02A0001,1,Los Robles,1
032,112025,10511718,1,7405,3,1,10511718,0,1,1,1,10511718,13/04/2007,QA2AA1AW02A0002,0,32-4203,1
032,112025,10511749,12,7405,3,2,10511749,0,1,1,1,10511749,13/04/2007,QB1AM1AW02A0025,1,Protección BT Aérea,1
032,112025,10520318,12,7405,3,2,10520318,0,1,1,1,10520318,13/04/2007,QB1AM1AW02A0025,1,Poblacion Santa Isabel,1
032,112025,10520569,1,7405,3,1,10520569,0,1,1,1,10520569,13/04/2007,QA2AA1AW02A0002,1,Poblacion Santa Isabel,1
032,112025,10524600,1,7405,3,1,10524600,0,1,1,1,10524600,13/04/2007,QA2AA1AW02A0002,0,32-4201,1
032,112025,10524659,1,7405,3,1,10524659,0,1,1,1,10524659,13/04/2007,QA2AA1AW02A0002,1,Luis Ferrada Lopez,1
032,112025,10524671,12,7405,3,2,10524671,0,1,1,1,10524671,13/04/2007,QB1AM1AW02A0025,1,Luis Ferrada Lopez,1
032,112025,10528908,12,7405,3,2,10528908,0,1,1,1,10528908,13/04/2007,QB1AM1AW02A0025,1, Ajial,1
032,112025,10529162,1,7405,3,1,10529162,0,1,1,1,10529162,13/04/2007,QA2AA1AW02A0002,1, Ajial,1
032,112025,10537648,12,7405,3,2,10537648,0,1,1,1,10537648,13/04/2007,QB1AM1AW02A0025,1,Protección BT Aérea,1
032,112025,10537836,1,7405,3,1,10537836,0,1,1,1,10537836,13/04/2007,QA2AA1AW02A0001,1,Desc s/e santa ines 2774,1
032,112025,10538037,1,7405,3,1,10538037,0,1,1,1,10538037,13/04/2007,QA2AA1AW02A0002,0,32-4200,1
032,112025,10541816,1,7405,3,1,10541816,0,1,1,1,10541816,25/04/2007,QA2AA1AW02A0002,0,32-4202,1
032,112025,10541925,12,7405,3,2,10541925,0,1,1,1,10541925,25/04/2007,QB1AM1AW02A0025,1,Protección BT Aérea,1
032,112025,10542379,1,7405,3,1,10542379,0,1,1,1,10542379,25/04/2007,QA2AA1AW02A0001,1,Desc S/E 2777 los Robles,1
032,112025,10550707,1,7404,3,1,10550707,0,1,1,1,10550707,25/10/2007,QC3AA1AW03A0003,0,32-4237,1
032,112025,10551014,1,7404,3,1,10551014,0,1,1,1,10551014,25/10/2007,QC3AA1AW03A0003,0,32-4238,1
032,112025,10551276,1,7404,3,1,10551276,0,1,1,1,10551276,25/10/2007,QA3AA1AW03A0010,0,082023,1
032,112025,10675057,4,8416,3,1,10675057,0,1,1,1,10675057,08/09/2007,QA3AD3CK03A0400,0,32-4223,1
032,112025,10676443,1,8416,3,1,10676443,0,1,1,1,10676443,08/09/2007,QA3AA1AW03A0010,0,10-2005,1
032,112025,10676468,1,8416,3,1,10676468,0,1,1,1,10676468,08/09/2007,QA3AA1AW03A0010,0,10-1001,1
032,112025,10676501,1,8416,3,1,10676501,0,1,1,1,10676501,08/09/2007,QA3AA1AW03A0040,0,32-4218,1
032,112025,10695567,1,7403,3,1,10695567,0,1,1,1,10695567,22/06/2007,QA3AA1AW03A0005,0,112018,1
032,112025,10695928,1,7403,3,1,10695928,0,1,1,1,10695928,22/06/2007,QA3AA1AW03A0003,0,11-2020 Callejón Los Mellizos,1
032,112025,10695996,1,7403,3,1,10695996,0,1,1,1,10695996,22/06/2007,QA3AA1AW03A0003,0,11-2022 Callejón El Guindo,1
032,112025,10992650,1,7404,3,1,10992650,0,1,1,1,10992650,30/04/2008,QA3AA1AW03A0010,0,32-4268,1
032,112025,11001338,1,7403,3,1,11001338,0,1,1,1,11001338,01/01/2008,QA3AA1AW03A0003,0,32-4256,1
032,112025,11001412,12,7403,3,2,11001412,0,1,1,1,11001412,01/01/2008,QB3AM3AW03A0050,1,Protección BT Aérea,1
032,112025,11001419,1,7403,3,1,11001419,0,1,1,1,11001419,01/01/2008,QA3AA1AW03A0002,1,Desc S/E 2822 los Cristales,1
032,112025,11014170,1,7403,3,1,11014170,0,1,1,1,11014170,18/01/2008,QA2AA1AW02A0001,1,Desc S/E 2798 la Cuarta,1
032,112025,11014181,12,7403,3,2,11014181,0,1,1,1,11014181,18/01/2008,QB1AM1AW02A0050,1,Protección BT Aérea,1
032,112025,11031302,1,8409,3,1,11031302,0,1,1,1,11031302,11/12/2008,QA2AA1AW02A0001,1,Desc S/E 2884 Zemita,1
032,112025,11031309,12,8409,3,2,11031309,0,1,1,1,11031309,11/12/2008,QB1AM1AW02A0030,1,Protección BT Aérea,1
032,112025,11039968,1,7405,3,1,11039968,0,1,1,1,11039968,22/01/2008,QA2AA1AW02A0001,1,Desc S/E 2826 Carmen Oriente,1
032,112025,11039975,12,7405,3,2,11039975,0,1,1,1,11039975,22/01/2008,QB1AM1AW02A0050,1,Protección BT Aérea,1
032,112025,11048569,1,7405,3,1,11048569,0,1,1,1,11048569,30/06/2008,QA3AA1AW03A0003,0,32-4277,1
032,112025,11057056,12,7405,3,2,11057056,0,1,1,1,11057056,30/06/2008,QB3AM3AW03A0030,1,Protección BT Aérea,1
032,112025,11061365,12,7405,3,2,11061365,0,1,1,1,11061365,30/06/2008,QB1AM1AW02A0080,1,Protección BT Aérea,1
032,112025,11095748,1,7403,3,1,11095748,0,1,1,1,11095748,09/04/2008,QA3AA1AW03A0003,0,32-4270,1
032,112025,11108614,1,7405,3,1,11108614,0,1,1,1,11108614,01/01/2008,QA3AA1AW03A0003,0,32-4249,1
032,112025,11190277,1,7404,3,1,11190277,0,1,1,1,11190277,06/03/2008,QA2AA1AW02A0002,1,Desc S/E 2836 Cerro Castillo,1
032,112025,11190284,12,7404,3,2,11190284,0,1,1,1,11190284,06/03/2008,QB1AM1AW02A0100,1,Protección BT Aérea,1
032,112025,11198762,12,7405,3,1,11198762,0,4,1,1,11198762,09/06/2008,QA3AH3AW03N0040,0,Compacto de Medida,1
032,112025,11198780,1,7405,3,1,11198780,0,4,1,1,11198780,09/06/2008,QA3AA1AW03A0003,0,32-4286,1
032,112025,11203073,1,7405,3,1,11203073,0,4,1,1,11203073,22/02/2008,QA3AA1AW03A0003,0,Desc s/e claudio de la vega el peral,1
032,112025,11233636,1,7405,3,1,11233636,0,1,1,1,11233636,11/02/2008,QA3AA1AW03A0002,1,Desc s/e 2834 bicentenario retiro,1
032,112025,11233643,12,7405,3,2,11233643,0,1,1,1,11233643,11/02/2008,QB3AM3AW03A0150,1,Protección BT Aérea,1
032,112025,11234027,1,7405,3,1,11234027,0,1,1,1,11234027,11/02/2008,QA3AA1AW03A0002,1,Desc s/e 2833 bicentenario retiro,1
032,112025,11234034,12,7405,3,2,11234034,0,1,1,1,11234034,11/02/2008,QB3AM3AW03A0150,1,Protección BT Aérea,1
032,112025,11280779,1,7405,3,1,11280779,0,1,1,1,11280779,09/02/2008,QA3AA1AW03A0005,0,08-3035,1
032,112025,11280803,1,7405,3,1,11280803,0,1,1,1,11280803,09/02/2008,QA3AA1AW03A0010,0,32-4265,1
032,112025,11293358,1,7404,3,1,11293358,0,1,1,1,11293358,08/02/2008,QA2AA1AW02A0002,1,Desc S/E 2832 los Corrales,1
032,112025,11293366,12,7404,3,2,11293366,0,1,1,1,11293366,08/02/2008,QB1AM1AW02A0025,1,Protección BT Aérea,1
032,112025,11293539,1,7404,3,1,11293539,0,1,1,1,11293539,08/02/2008,QA3AA1AW03A0005,0,08-3420,1
032,112025,11306135,12,8416,3,2,11306135,0,1,1,1,11306135,29/06/2008,QB1AM1AW02A0100,1,Protección BT Aérea,1
032,112025,11323427,1,8409,3,1,11323427,0,1,1,1,11323427,22/03/2008,QA3AA1AW03A0002,0,32-4259,1
032,112025,11366233,4,7403,3,1,11366233,0,1,1,1,11366233,18/06/2007,QA3AD3CK03A0630,0,32-4204 Rec. Entrada Longavi,1
032,112025,11366272,1,7403,3,1,11366272,0,1,1,1,11366272,18/06/2007,QA1AA1AW01A0001,1,Desc S/E 2786 Longavi,1
032,112025,11366280,12,7403,3,2,11366280,0,1,1,1,11366280,18/06/2007,QB1AM1AW02A0010,1,Protección BT Aérea,1
032,112025,11405276,1,7403,3,1,11405276,0,1,1,1,11405276,22/06/2007,QA3AA1AW03A0040,0,32-4082,1
032,112025,11405344,1,7403,3,1,11405344,0,1,1,1,11405344,22/06/2007,QA3AA1AW03A0005,0,11-2033,1
032,112025,11405415,12,7403,3,2,11405415,0,1,1,1,11405415,22/06/2007,QB1AM1AW02A0100,1,Protección BT Aérea,1
032,112025,11405422,1,7403,3,1,11405422,0,1,1,1,11405422,22/06/2007,QA2AA1AW02A0002,1,Desc S/E 2791 la Quinta,1
032,112025,11405532,1,7403,3,1,11405532,0,1,1,1,11405532,22/06/2007,QC1AA1AW01A0010,0,11-2024,1
032,112025,11407412,1,7403,3,1,11407412,0,1,1,1,11407412,22/06/2007,QA2AA1AW02A0002,1,La Sexta Camino Principal,1
032,112025,11407419,12,7403,3,2,11407419,0,1,1,1,11407419,22/06/2007,QB1AM1AW02A0100,1,La Sexta Camino Principal,1
032,112025,11409308,1,7403,3,1,11409308,0,1,1,1,11409308,22/06/2007,QA2AA1AW02A0002,1,Desc S/E 2763 la Esperanza,1
032,112025,11409315,12,7403,3,2,11409315,0,1,1,1,11409315,22/06/2007,QB1AM1AW02A0100,1,Protección BT Aérea,1
032,112025,11411385,1,7403,3,1,11411385,0,1,1,1,11411385,22/06/2007,QA3AA1AW03A0002,1,Desc S/E 2764 la Esperanza,1
032,112025,11411392,12,7403,3,2,11411392,0,1,1,1,11411392,22/06/2007,QB3AM3AW03A0070,1,Protección BT Aérea,1
032,112025,11411526,1,7403,3,1,11411526,0,1,1,1,11411526,22/06/2007,QA3AA1AW03A0002,1,Desc S/E 2765 tercera Montaña,1
032,112025,11411533,12,7403,3,2,11411533,0,1,1,1,11411533,22/06/2007,QB3AM3AW03A0050,1,Protección BT Aérea,1
032,112025,11439231,12,7405,3,1,11439231,0,4,1,1,11439231,27/02/2007,QA3AH3AW03N0040,0,Compacto de Medida,1
032,112025,11443815,1,7403,3,1,11443815,0,1,1,1,11443815,20/09/2007,QA3AA1AW03A0003,0,32-4229,1
032,112025,11465269,1,8409,3,1,11465269,0,1,1,1,11465269,24/07/2007,QA2AA1AW02A0010,0,10-1007,0
032,112025,11482188,1,8409,3,1,11482188,0,4,1,1,11482188,17/12/2007,QA3AA1AW03A0010,0,32-4455,1
032,112025,11482214,12,8409,3,1,11482214,0,4,1,1,11482214,17/12/2007,QA3AH3AW03N0040,0,Compacto de Medida,1
032,112025,11486513,1,7405,3,1,11486513,0,1,1,1,11486513,19/10/2007,QA3AA1AW03A0005,0,32-4245,1
032,112025,11486541,12,7405,3,1,11486541,0,4,1,1,11486541,19/10/2007,QA3AH3AW03N0040,0,Compacto de Medida,1
032,112025,11615436,1,7404,3,1,11615436,0,1,1,1,11615436,07/10/2008,QA3AA1AW03A0003,0,32-4288,1
032,112025,11615542,1,7404,3,1,11615542,0,1,1,1,11615542,07/10/2008,QA3AA1AW03A0003,0,32-4287,1
032,112025,11641167,12,7404,3,2,11641167,0,1,1,1,11641167,21/10/2008,QB1AM1AW02A0050,1,Protección BT Aérea,1
032,112025,11654085,1,8409,3,1,11654085,0,1,1,1,11654085,02/10/2008,QA1AA1AW01A0002,0,32-4296,1
032,112025,11654119,1,8409,3,1,11654119,0,1,1,1,11654119,02/10/2008,QA1AA1AW01A0001,1,Desc S/E 2848 Maitenes,1
032,112025,11654126,12,8409,3,2,11654126,0,1,1,1,11654126,02/10/2008,QB1AM1AW02A0050,1,Protección BT Aérea,1
032,112025,11662860,1,7405,3,1,11662860,0,1,1,1,11662860,12/10/2008,QA3AA1AW03A0003,0,083076,1
032,112025,11748426,1,7404,3,1,11748426,0,1,1,1,11748426,29/10/2007,QA3AA1AW03A0005,0,32-4239,1
032,112025,11795656,12,7403,3,1,11795656,0,4,1,1,11795656,22/07/2008,QC3AH3AW03N0030,0,Compacto de Medida,1
032,112025,11812840,1,7405,3,1,11812840,0,4,1,1,11812840,25/01/2007,QA3AA1AW03A0002,0,32-4297,1
032,112025,11877221,1,8416,3,1,11877221,0,4,1,1,11877221,14/10/2008,QA3AA1AW03A0002,0,32-4291,1
032,112025,11885806,1,7403,3,1,11885806,0,1,1,1,11885806,31/03/2008,QA2AA1AW02A0001,1,Desc S/E 2835 los Huinganes,1
032,112025,11885813,12,7403,3,2,11885813,0,1,1,1,11885813,31/03/2008,QB1AM1AW02A0025,1,Protección BT Aérea,1
032,112025,11894580,1,7405,3,1,11894580,0,1,1,1,11894580,08/11/2008,QA3AA1AW03A0010,0,32-4290,1
032,112025,11894630,1,7405,3,1,11894630,0,1,1,1,11894630,08/11/2008,QA2AA1AW02A0001,1,Desc s/e 2852 san nicolas,1
032,112025,11894637,12,7405,3,2,11894637,0,1,1,1,11894637,08/11/2008,QB1AM1AW02A0025,1,Protección BT Aérea,1
032,112025,11898724,12,7404,3,2,11898724,0,1,1,1,11898724,05/11/2008,QB3AM3AW03A0050,1,Protección BT Aérea,1
032,112025,11988867,12,7403,3,1,11988867,0,4,1,1,11988867,20/09/2007,QA3AH3AW03N0040,0,Compacto de Medida,1
032,112025,11997478,1,8416,3,1,11997478,0,1,1,1,11997478,12/10/2007,QA3AA1AW03A0003,0,32-4219,1
032,112025,12001772,1,7405,3,1,12001772,0,4,1,1,12001772,09/10/2007,QA3AA1AW03A0002,0,32-4236,1
032,112025,12006040,12,7404,3,1,12006040,0,4,1,1,12006040,15/11/2007,QA3AH3AW03N0040,0,Compacto de Medida,1
032,112025,12006058,1,7404,3,1,12006058,0,4,1,1,12006058,15/11/2007,QA3AA1AW03A0015,0,32-4251,1
032,112025,12038699,4,7404,1,1,12038699,0,4,1,1,12038699,01/03/2003,QA3AD3CK03A0630,0,Rec. General Alim. Bullileo,1
032,112025,12117684,12,7405,3,2,12117684,0,1,1,1,12117684,05/12/2008,QB1AM1AW02A0110,1,Protección BT Aérea,1
032,112025,12117692,1,7405,3,1,12117692,0,1,1,1,12117692,05/12/2008,QA1AA1AW01A0001,1,Desc S/E 2869 CARMEN Oriente,1
032,112025,12312363,1,7404,3,1,12312363,0,1,1,1,12312363,13/02/2009,QA3AA1AW03A0040,0,32-4307,1
032,112025,12312389,1,7404,3,1,12312389,0,1,1,1,12312389,13/02/2009,QA3AA1AW03A0040,0,32-4309,1
032,112025,12312421,1,7404,3,1,12312421,0,1,1,1,12312421,13/02/2009,QA2AA1AW02A0001,1,Desc S/E 2818 Parral,1
032,112025,12312428,12,7404,3,2,12312428,0,1,1,1,12312428,13/02/2009,QB1AM1AW02A0025,1,Protección BT Aérea,1
032,112025,12312510,1,7404,3,1,12312510,0,1,1,1,12312510,13/02/2009,QA2AA1AW02A0001,1,Desc S/E 2894 Cruce Catillo,1
032,112025,12312517,12,7404,3,2,12312517,0,1,1,1,12312517,13/02/2009,QB1AM1AW02A0025,1,Protección BT Aérea,1
032,112025,12312652,1,7404,3,1,12312652,0,1,1,1,12312652,13/02/2009,QA3AA1AW03A0005,0,32-4333,1
032,112025,12312690,1,7404,3,1,12312690,0,1,1,1,12312690,13/02/2009,QA2AA1AW02A0002,0,32-4326,1
032,112025,12312720,1,7404,3,1,12312720,0,1,1,1,12312720,13/02/2009,QA2AA1AW02A0001,1,Desc S/E 2895 Cruce Catillo,1
032,112025,12312727,12,7404,3,2,12312727,0,1,1,1,12312727,13/02/2009,QB1AM1AW02A0025,1,Protección BT Aérea,1
032,112025,12312823,1,7404,3,1,12312823,0,1,1,1,12312823,13/02/2009,QA3AA1AW03A0040,0,08-2003,1
032,112025,12315285,1,7405,3,1,12315285,0,4,1,1,12315285,30/05/2009,QA3AA1AW03A0002,0,32-4330,1
032,112025,12315315,1,7405,3,1,12315315,0,1,1,1,12315315,30/05/2009,QA3AA1AW03A0002,1,32-4331,1
032,112025,12319531,1,7403,3,1,12319531,0,1,1,1,12319531,23/01/2009,QA2AA1AW02A0001,0,32-4321,1
032,112025,12323825,1,7405,3,1,12323825,0,4,1,1,12323825,23/04/2009,QA1AA1AW01A0002,0,32-4329,1
032,112025,12336718,12,7404,3,2,12336718,0,1,1,1,12336718,01/07/2009,QB3AM3AW03A0150,1,Protección BT Aérea,1
032,112025,12345271,1,7405,3,1,12345271,0,1,1,1,12345271,23/01/2009,QA3AA1AW03A0002,0,32-4320,1
032,112025,12353871,1,8416,3,1,12353871,0,1,1,1,12353871,12/04/2009,QA2AA1AW02A0001,0,32-4334,1
032,112025,12353901,12,8416,3,2,12353901,0,1,1,1,12353901,12/04/2009,QB1AM1AW02A0030,1,Protección BT Aérea,1
032,112025,12362586,1,7405,3,1,12362586,0,1,1,1,12362586,16/04/2009,QA3AA1AW03A0010,0,32-4316,1
032,112025,12362605,1,7404,3,1,12362605,0,1,1,1,12362605,16/04/2009,QA3AA1AW03A0005,0,32-4317,1
032,112025,12362633,1,7404,3,1,12362633,0,1,1,1,12362633,16/04/2009,QA3AA1AW03A0001,0,32-4318,1
032,112025,12362668,12,7404,3,2,12362668,0,1,1,1,12362668,16/04/2009,QB3AM3AW03A0025,1,Protección BT Aérea,1
032,112025,12366743,12,7405,3,1,12366743,0,4,1,1,12366743,07/05/2009,QC3AH3AW03N0030,0,Compacto de Medida,1
032,112025,12371495,1,7404,3,1,12371495,0,1,1,1,12371495,27/04/2009,QA3AA1AW03A0002,0,32-4336,1
032,112025,12379630,1,7404,3,1,12379630,0,4,1,1,12379630,13/03/2009,QA3AA1AW03A0002,0,32-4335,1
032,112025,12383931,12,7404,3,2,12383931,0,1,1,1,12383931,27/04/2009,QB1AM1AW02A0050,1,Protección BT Aérea,1
032,112025,12383938,1,7404,3,1,12383938,0,1,1,1,12383938,27/04/2009,QA1AA1AW01A0001,1,Desc S/E 2903 Curipeumo,1
032,112025,12397026,1,8416,3,1,12397026,0,1,1,1,12397026,18/01/2008,QA3AA1AW03A0040,0,32-4242,1
032,112025,12397043,1,8416,3,1,12397043,0,1,1,1,12397043,18/01/2008,QA3AA1AW03A0040,0,32-4220,1
032,112025,12397115,1,8416,3,1,12397115,0,4,1,1,12397115,18/01/2008,QA3AA1AW03A0002,0,Inver.Ongolmo de la Florida Ltda._2,1
032,112025,12405379,1,7404,3,1,12405379,0,1,1,1,12405379,23/06/2009,QA2AA1AW02A0001,0,32-4302,1
032,112025,12405414,12,7404,3,2,12405414,0,1,1,1,12405414,23/06/2009,QB1AM1AW02A0025,1,Protección BT Aérea,1
032,112025,12426848,12,7404,3,2,12426848,0,1,1,1,12426848,25/02/2009,QB1AM1AW02A0080,1,Protección BT Aérea,1
032,112025,12426855,1,7404,3,1,12426855,0,1,1,1,12426855,25/02/2009,QA2AA1AW02A0001,1,Desc S/E 2897 Catillo,1
032,112025,12435440,1,7404,3,1,12435440,0,1,1,1,12435440,23/01/2009,QA2AA1AW02A0002,1,Desc S/E 2874 san Alejo,1
032,112025,12435447,12,7404,3,2,12435447,0,1,1,1,12435447,23/01/2009,QB1AM1AW02A0070,1,Protección BT Aérea,1
032,112025,12577160,1,8409,3,1,12577160,0,1,1,1,12577160,08/02/2008,QA1AA1AW01A0001,0,32-4304,1
032,112025,12577183,12,8409,3,2,12577183,0,1,1,1,12577183,08/02/2008,QB1AM1AW02A0015,1,Protección BT Aérea,1
032,112025,12581433,1,7404,3,1,12581433,0,4,1,1,12581433,01/06/2009,QA3AA1AW03A0002,0,32-4332,1
032,112025,12585826,1,7405,3,1,12585826,0,4,1,1,12585826,09/10/2008,QA1AA1AW01A0001,0,32-4305,1
032,112025,12585858,1,7405,3,1,12585858,0,4,1,1,12585858,09/10/2008,QA1AA1AW01A0001,0,Desc s/e 2871 santa ines,1
032,112025,12590052,1,7404,3,1,12590052,0,1,1,1,12590052,01/08/2009,QA3AA1AW03A0003,0,08-3138,1
032,112025,12590122,1,7404,3,1,12590122,0,1,1,1,12590122,01/08/2009,QA3AA1AW03A0003,0,08-3139,1
032,112025,12603919,1,7404,3,1,12603919,0,1,1,1,12603919,01/08/2009,QA3AA1AW03A0005,0,32-4280,1
032,112025,12723390,1,7405,3,1,12723390,0,1,1,1,12723390,01/08/2009,QA3AA1AW03A0003,0,32-4342,1
032,112025,12723430,1,7405,3,1,12723430,0,1,1,1,12723430,01/08/2009,QA3AA1AW03A0003,1,Loteo Villa Los Nogales,1
032,112025,12723437,12,7405,3,2,12723437,0,1,1,1,12723437,01/08/2009,QB3AM3AW03A0150,1,Loteo Villa Los Nogales,1
032,112025,12723854,1,7405,3,1,12723854,0,1,1,1,12723854,01/08/2009,QA3AA1AW03A0003,0,09-3009,1
032,112025,12727456,1,7405,3,1,12727456,0,1,1,1,12727456,04/09/2009,QA2AA1AW02A0002,1,Desc S/E 2774 el Cerrillo,1
032,112025,12727464,12,7405,3,2,12727464,0,1,1,1,12727464,04/09/2009,QB1AM1AW02A0010,1,Protección BT Aérea,1
032,112025,12731774,1,7404,3,1,12731774,0,4,1,1,12731774,21/01/2009,QA3AA1AW03A0002,0,32-4322,1
032,112025,12749051,1,7405,3,1,12749051,0,1,1,1,12749051,04/02/2009,QA2AA1AW02A0001,1,Desc S/E 2889 el Oriente,1
032,112025,12749058,12,7405,3,2,12749058,0,1,1,1,12749058,04/02/2009,QB1AM1AW02A0030,1,Protección BT Aérea,1
032,112025,12757494,1,7405,3,1,12757494,0,1,1,1,12757494,04/02/2009,QA2AA1AW02A0001,1,Desc S/E 2891 santa Lucia,1
032,112025,12757501,12,7405,3,2,12757501,0,1,1,1,12757501,04/02/2009,QB1AM1AW02A0015,1,Protección BT Aérea,1
032,112025,12761863,1,7405,3,1,12761863,0,1,1,1,12761863,04/02/2009,QA2AA1AW02A0001,1,Desc S/E 2886 santa Lucia,1
032,112025,12761870,12,7405,3,2,12761870,0,1,1,1,12761870,04/02/2009,QB1AM1AW02A0025,1,Protección BT Aérea,1
032,112025,12766106,1,7405,3,1,12766106,0,1,1,1,12766106,04/02/2009,QA2AA1AW02A0001,1,Desc S/E 2888 santa Lucia,1
032,112025,12766113,12,7405,3,2,12766113,0,1,1,1,12766113,04/02/2009,QB1AM1AW02A0025,1,Protección BT Aérea,1
032,112025,12774819,1,7405,3,1,12774819,0,1,1,1,12774819,04/02/2009,QA2AA1AW02A0002,0,32-4323,1
032,112025,12774866,12,7405,3,2,12774866,0,1,1,1,12774866,04/02/2009,QB1AM1AW02A0110,1,Protección BT Aérea,1
032,112025,12774873,1,7405,3,1,12774873,0,1,1,1,12774873,04/02/2009,QA2AA1AW02A0001,1,Desc S/E 2892 el Bonito,1
032,112025,12787777,1,7405,3,1,12787777,0,1,1,1,12787777,04/02/2009,QA2AA1AW02A0002,0,32-4324,1
032,112025,12787824,1,7405,3,1,12787824,0,1,1,1,12787824,04/02/2009,QA2AA1AW02A0001,1,Desc S/E los Nabos,1
032,112025,12787831,12,7405,3,2,12787831,0,1,1,1,12787831,04/02/2009,QB1AM1AW02A0030,1,Protección BT Aérea,1
032,112025,12787903,1,7405,3,1,12787903,0,1,1,1,12787903,04/02/2009,QA2AA1AW02A0001,1,Desc S/E 2890 los Nabos,1
032,112025,12787910,12,7405,3,2,12787910,0,1,1,1,12787910,04/02/2009,QB1AM1AW02A0030,1,Protección BT Aérea,1
032,112025,12822194,1,7403,3,1,12822194,0,1,1,1,12822194,01/08/2009,QA3AA1AW03A0005,0,11-3027,1
032,112025,12822237,1,7403,3,1,12822237,0,1,1,1,12822237,01/08/2009,QA3AA1AW03A0003,0,32-4340,1
032,112025,12826199,1,7403,3,1,12826199,0,4,1,1,12826199,01/08/2009,QA3AA1AW03A0002,0,32-4319,1
032,112025,12830483,1,8409,3,1,12830483,0,4,1,1,12830483,01/08/2009,QA2AA1AW02A0002,0,32-4272,1
032,112025,12830507,12,8409,3,1,12830507,0,4,1,1,12830507,01/08/2009,QA3AH3AW03N0040,0,Compacto de Medida,1
032,112025,12835306,1,7404,3,1,12835306,0,1,1,1,12835306,01/08/2009,QA2AA1AW02A0002,0,32-4275,1
032,112025,12835354,1,7404,3,1,12835354,0,1,1,1,12835354,01/08/2009,QA3AA1AW03A0002,0,32-4274,1
032,112025,12835392,1,7404,3,1,12835392,0,1,1,1,12835392,01/08/2009,QA3AA1AW03A0002,1,Desc S/E 2842 Remulcao,1
032,112025,12835399,12,7404,3,2,12835399,0,1,1,1,12835399,01/08/2009,QB3AM3AW03A0040,1,Protección BT Aérea,1
032,112025,12835473,1,7404,3,1,12835473,0,1,1,1,12835473,01/08/2009,QA2AA1AW02A0001,1,Desc S/E 2843 Remulcao,1
032,112025,12835480,12,7404,3,2,12835480,0,1,1,1,12835480,01/08/2009,QB1AM1AW02A0080,1,Protección BT Aérea,1
032,112025,12894934,12,7405,3,2,12894934,0,1,1,1,12894934,04/09/2009,QB1AM1AW02A0063,1,Protección BT Aérea,1
032,112025,12903494,1,7405,3,1,12903494,0,4,1,1,12903494,07/02/2007,QA3AA1AW03A0002,0,Desc S/E 2659 los Robles,1
032,112025,12907806,1,7404,3,1,12907806,0,4,1,1,12907806,23/10/2007,QA3AA1AW03A0002,0,32-4241,1
032,112025,12912137,1,7406,3,1,12912137,0,4,1,1,12912137,23/11/2007,QA3AA1AW03A0002,0,32-4248,1
032,112025,12916402,1,7404,3,1,12916402,0,4,1,1,12916402,26/11/2007,QA3AA1AW03A0003,0,32-4252,1
032,112025,12920678,1,7405,3,1,12920678,0,4,1,1,12920678,18/12/2007,QA3AA1AW03A0002,0,32-4254,1
032,112025,13070954,1,7405,3,1,13070954,0,4,1,1,13070954,22/01/2008,QA3AA1AW03A0002,0,32-4263,1
032,112025,13075241,1,7404,3,1,13075241,0,4,1,1,13075241,21/02/2008,QA3AA1AW03A0003,0,32-4264,1
032,112025,13088130,12,7403,3,1,13088130,0,4,1,1,13088130,01/04/2008,QA3AH3AW03N0040,0,Compacto de Medida,1
032,112025,13096717,1,7405,3,1,13096717,0,4,1,1,13096717,19/07/2008,QA3AA1AW03A0002,0,32-4278,1
032,112025,13101031,1,7405,3,1,13101031,0,4,1,1,13101031,02/10/2008,QA3AA1AW03A0003,0,Desc S/E 2856 Romeral sur,1
032,112025,13105323,1,7404,3,1,13105323,0,4,1,1,13105323,04/10/2008,QA3AA1AW03A0005,0,32-4294,1
032,112025,13105330,12,7404,3,1,13105330,0,4,1,1,13105330,04/10/2008,QA3AH3AW03N0040,0,Compacto de Medida,1
032,112025,13109595,1,7404,3,1,13109595,0,4,1,1,13109595,09/10/2008,QA3AA1AW03A0002,0,32-4295,1
032,112025,13109602,12,7404,3,1,13109602,0,4,1,1,13109602,09/10/2008,QA3AH3AW03N0040,0,Compacto de Medida,1
032,112025,13131080,1,7405,3,1,13131080,0,4,1,1,13131080,22/10/2008,QA3AA1AW03A0003,0,32-4300,1
032,112025,13131112,1,7405,3,1,13131112,0,4,1,1,13131112,22/10/2008,QA3AA1AW03A0002,0,Desc S/E 2865 Ajial,1
032,112025,13165463,1,7403,3,1,13165463,0,4,1,1,13165463,12/11/2008,QA3AA1AW03A0005,0,32-4312,1
032,112025,13216985,12,7405,3,1,13216985,0,4,1,1,13216985,14/12/2007,QA3AH3AW03N0040,0,Compacto de Medida,1
032,112025,13217099,1,7405,3,1,13217099,0,4,1,1,13217099,14/12/2007,QA3AA1AW03A0003,0,32-4361,1
032,112025,13217131,1,7405,3,1,13217131,0,4,1,1,13217131,14/12/2007,QA3AA1AW03A0002,0,Desc s/e particular 2925 Emilio sarach,1
032,112025,13217160,1,7405,3,1,13217160,0,4,1,1,13217160,14/12/2007,QA3AA1AW03A0002,0,Desc s/e particular 2926 Emilio sarach,1
032,112025,13217230,1,7405,3,1,13217230,0,4,1,1,13217230,14/12/2007,QA3AA1AW03A0002,0,Desc s/e particular 1814 Emilio sarach,1
032,112025,13217288,1,7405,3,1,13217288,0,4,1,1,13217288,14/12/2007,QA3AA1AW03A0002,0,Desc s/e particular 1813 Emilio sarach,1
032,112025,13217334,1,7405,3,1,13217334,0,4,1,1,13217334,14/12/2007,QA3AA1AW03A0002,0,Desc s/e particular 2001 Emilio sarach,1
032,112025,13227924,1,7405,3,1,13227924,0,1,1,1,13227924,15/09/2009,QA2AA1AW02A0001,1,Desc S/E 2914 Romeral,1
032,112025,13227931,12,7405,3,2,13227931,0,1,1,1,13227931,15/09/2009,QB1AM1AW02A0063,1,Protección BT Aérea,1
032,112025,13228185,1,7405,3,1,13228185,0,1,1,1,13228185,15/09/2009,QA3AA1AW03A0002,1,Desc S/E 2912 Romeral,1
032,112025,13228192,12,7405,3,2,13228192,0,1,1,1,13228192,15/09/2009,QB3AM3AW03A0063,1,Protección BT Aérea,1
032,112025,13228345,1,7405,3,1,13228345,0,1,1,1,13228345,15/09/2009,QA3AA1AW03A0002,1,Desc S/E 2913 Romeral,1
032,112025,13228352,12,7405,3,2,13228352,0,1,1,1,13228352,15/09/2009,QB3AM3AW03A0050,1,Protección BT Aérea,1
032,112025,13228599,1,7405,3,1,13228599,0,1,1,1,13228599,15/09/2009,QA3AA1AW03A0002,0,32-4352,1
032,112025,13228658,1,7405,3,1,13228658,0,1,1,1,13228658,15/09/2009,QA3AA1AW03A0002,0,32-4351,1
032,112025,13229292,1,7405,3,1,13229292,0,1,1,1,13229292,15/09/2009,QA3AA1AW03A0002,1,32-4344,1
032,112025,13229320,1,7405,3,1,13229320,0,1,1,1,13229320,15/09/2009,QA3AA1AW03A0003,0,32-4345,1
032,112025,13229382,1,7405,3,1,13229382,0,1,1,1,13229382,15/09/2009,QA2AA1AW02A0002,0,32-4347,1
032,112025,13229416,1,7405,3,1,13229416,0,1,1,1,13229416,15/09/2009,QA3AA1AW03A0003,0,32-4348,1
032,112025,13229440,1,7405,3,1,13229440,0,1,1,1,13229440,15/09/2009,QA3AA1AW03A0002,0,32-4349,1
032,112025,13229462,1,7405,3,1,13229462,0,1,1,1,13229462,15/09/2009,QA3AA1AW03A0040,0,32-4350,1
032,112025,13229496,1,7405,3,1,13229496,0,1,1,1,13229496,15/09/2009,QA3AA1AW03A0002,0,Desc condensadores Romeral,1
032,112025,13229503,12,7405,3,1,13229503,0,1,1,1,13229503,15/09/2009,QA3AN3CK03R0300,0,32-4363,1
032,112025,13229534,1,7405,3,1,13229534,0,1,1,1,13229534,15/09/2009,QA3AA1AW03A0003,0,32-4364,1
032,112025,13229606,1,7405,3,1,13229606,0,1,1,1,13229606,15/09/2009,QA2AA1AW02A0001,1,Desc S/E 543 Romeral,1
032,112025,13229613,12,7405,3,2,13229613,0,1,1,1,13229613,15/09/2009,QB1AM1AW02A0063,1,Protección BT Aérea,1
032,112025,13229790,1,7405,3,1,13229790,0,1,1,1,13229790,15/09/2009,QA2AA1AW02A0002,1,Desc S/E 2911 Romeral,1
032,112025,13229797,12,7405,3,2,13229797,0,1,1,1,13229797,15/09/2009,QB1AM1AW02A0050,1,Protección BT Aérea,1
032,112025,13229810,12,7405,3,2,13229810,0,1,1,1,13229810,15/09/2009,QB1AM1AW02A0063,1,Protección BT Aérea,1
032,112025,13264283,1,7403,3,1,13264283,0,1,1,1,13264283,15/09/2009,QA3AA1AW03A0002,0,11-3006,1
032,112025,13268661,1,7405,3,1,13268661,0,1,1,1,13268661,15/09/2009,QA2AA1AW02A0001,1,Capellania II,1
032,112025,13268668,12,7405,3,2,13268668,0,1,1,1,13268668,15/09/2009,QB1AM1AW02A0025,1,Capellania II,1
032,112025,13268734,1,7405,3,1,13268734,0,1,1,1,13268734,15/09/2009,QA2AA1AW02A0002,0,32-4358,1
032,112025,13371549,1,7405,3,1,13371549,0,4,1,1,13371549,31/12/2014,QA3AA1AW03A0002,0,32-4289,1
032,112025,13474702,1,8416,3,1,13474702,0,4,1,1,13474702,04/09/2009,QA3AA1AW03A0002,0,Soc Inv Ongolmo,1
032,112025,13474744,1,8416,3,1,13474744,0,1,1,1,13474744,04/09/2009,QA2AA1AW02A0001,1,Casa Soc Inv Ongolmo De La Florida,1
032,112025,13474751,12,8416,3,2,13474751,0,1,1,1,13474751,04/09/2009,QB1AM1AW02A0025,1,Casa Soc Inv Ongolmo De La Florida,1
032,112025,13478921,1,7405,3,1,13478921,0,1,1,1,13478921,25/01/2009,QA3AA1AW03A0002,1,Quillaimo Norte,1
032,112025,13478928,12,7405,3,2,13478928,0,1,1,1,13478928,25/01/2009,QB3AM3AW03A0040,1,Quillaimo Norte,1
032,112025,13612213,1,8416,3,1,13612213,0,4,1,1,13612213,19/05/2009,QA3AA1AW03A0003,0,Agricola Panam Chile Ltda-2,1
032,112025,13612248,1,8416,3,1,13612248,0,4,1,1,13612248,19/05/2009,QA3AA1AW03A0002,0,Agricola Panam Chile Ltda-1,1
032,112025,13612278,1,8416,3,1,13612278,0,4,1,1,13612278,19/05/2009,QA3AA1AW03A0002,0,Agricola Panam Chile Ltda,1
032,112025,13612310,1,8416,3,1,13612310,0,4,1,1,13612310,19/05/2009,QA3AA1AW03A0010,0,32-4328,1
032,112025,13612331,12,8416,3,1,13612331,0,1,1,1,13612331,19/05/2009,QA3AH3AW03N0040,0,Compacto de Medida,1
032,112025,13616576,1,7405,3,1,13616576,0,4,1,1,13616576,22/06/2009,QA3AA1AW03A0002,0,Agricola Pienza III,1
032,112025,13616606,1,7405,3,1,13616606,0,4,1,1,13616606,22/06/2009,QA3AA1AW03A0002,0,32-4375,1
032,112025,13616639,1,7405,3,1,13616639,0,4,1,1,13616639,22/06/2009,QA3AA1AW03A0001,0,Agricola Pienza II,1
032,112025,13616778,1,7405,3,1,13616778,0,1,1,1,13616778,22/06/2009,QA3AA1AW03A0003,0,Agricola Pienza I,1
032,112025,13616826,1,7405,3,1,13616826,0,4,1,1,13616826,22/06/2009,QA3AA1AW03A0005,0,32-4374,1
032,112025,13616851,12,7405,3,1,13616851,0,1,1,1,13616851,22/06/2009,QA3AH3AW03N0040,0,Compacto de Medida,1
032,112025,13848445,1,7405,3,1,13848445,0,1,1,1,13848445,25/11/2009,QA1AA1AW01A0002,0,32-4383,1
032,112025,13848942,1,7405,3,1,13848942,0,1,1,1,13848942,25/11/2009,QA3AA1AW03A0040,0,32-4388,1
032,112025,13848975,1,7405,3,1,13848975,0,1,1,1,13848975,31/12/2014,QA3AA1AW03A0040,0,11-1016,1
032,112025,13849002,1,7405,3,1,13849002,0,1,1,1,13849002,25/11/2009,QA3AA1AW03A0003,0,32-4387,1
032,112025,13849233,1,7405,3,1,13849233,0,1,1,1,13849233,25/11/2009,QA1AA1AW01A0003,0,11-3106,1
032,112025,13849279,1,7405,3,1,13849279,0,1,1,1,13849279,25/11/2009,QA3AA1AW03A0010,0,32-4385,1
032,112025,13849370,1,7405,3,1,13849370,0,1,1,1,13849370,25/11/2009,QA3AA1AW03A0005,0,32-4384,1
032,112025,13938341,1,7405,3,1,13938341,0,1,1,1,13938341,01/10/2009,QA2AA1AW02A0001,1,Los Robles,1
032,112025,13938349,12,7405,3,2,13938349,0,1,1,1,13938349,01/10/2009,QB1AM1AW02A0050,1,Los Robles,1
032,112025,13942696,1,8416,3,1,13942696,0,1,1,1,13942696,06/11/2009,QA3AA1AW03A0005,0,10-3034,1
032,112025,13959848,1,7404,3,1,13959848,0,1,1,1,13959848,18/11/2009,QA2AA1AW02A0001,1,Agrosilos,1
032,112025,13959855,12,7404,3,2,13959855,0,1,1,1,13959855,18/11/2009,QB1AM1AW02A0110,1,Agrosilos,1
032,112025,14011366,1,7404,3,1,14011366,0,4,1,1,14011366,19/10/2009,QA3AA1AW03A0002,0,32-4372,1
032,112025,14015887,1,7405,3,1,14015887,0,1,1,1,14015887,10/10/2009,QA3AA1AW03A0003,1,Loteo Bicentenario,1
032,112025,14015894,12,7405,3,2,14015894,0,1,1,1,14015894,10/10/2009,QB3AM3AW03A0150,1,Loteo Bicentenario,1
032,112025,14045705,1,7405,3,1,14045705,0,1,1,1,14045705,01/10/2009,QA3AA1AW03A0002,1,El Peral,1
032,112025,14045712,12,7405,3,2,14045712,0,1,1,1,14045712,01/10/2009,QB3AM3AW03A0063,1,El Peral,1
032,112025,14054293,1,8409,3,1,14054293,0,1,1,1,14054293,01/10/2009,QA1AA1AW01A0001,1,Flor de Ñiquen,1
032,112025,14054300,12,8409,3,2,14054300,0,1,1,1,14054300,01/10/2009,QB1AM1AW02A0010,1,Flor de Ñiquen,1
032,112025,14088646,1,8409,3,1,14088646,0,4,1,1,14088646,02/10/2009,QA3AA1AW03A0002,0,Oscar Tobar Aqueveque,1
032,112025,14092940,1,7404,3,1,14092940,0,1,1,1,14092940,01/10/2009,QA2AA1AW02A0001,1,Unicaven,1
032,112025,14092947,12,7404,3,2,14092947,0,1,1,1,14092947,01/10/2009,QB1AM1AW02A0025,1,Unicaven,1
032,112025,14153053,1,8416,3,1,14153053,0,1,1,1,14153053,18/11/2009,QA2AA1AW02A0001,0,32-4243,1
032,112025,14153090,12,8416,3,2,14153090,0,1,1,1,14153090,18/11/2009,QB1AM1AW02A0050,1,San Luis de Arizona,1
032,112025,14200264,1,7403,3,1,14200264,0,1,1,1,14200264,01/10/2009,QA2AA1AW02A0001,1,Los Cristales,1
032,112025,14200271,12,7403,3,2,14200271,0,1,1,1,14200271,01/10/2009,QB1AM1AW02A0025,1,Los Cristales,1
032,112025,14204565,12,7406,3,2,14204565,0,1,1,1,14204565,01/10/2009,QB1AM1AW02A0050,1,Caliboro,1
032,112025,14204573,1,7406,3,1,14204573,0,1,1,1,14204573,01/10/2009,QA2AA1AW02A0001,1,Caliboro,1
032,112025,14230326,1,8409,3,1,14230326,0,1,1,1,14230326,01/10/2009,QA2AA1AW02A0001,1,La Rosas,1
032,112025,14230333,12,8409,3,2,14230333,0,1,1,1,14230333,01/10/2009,QB1AM1AW02A0030,1,Las Rosas,1
032,112025,14303318,12,8416,3,2,14303318,0,1,1,1,14303318,01/10/2009,QB1AM1AW02A0015,1,Pomuyeto,1
032,112025,14303339,1,8416,3,1,14303339,0,1,1,1,14303339,01/10/2009,QA2AA1AW02A0001,1,Pomuyeto,1
032,112025,14307618,12,8409,3,2,14307618,0,1,1,1,14307618,01/10/2009,QB1AM1AW02A0025,1,El Espinal,1
032,112025,14307627,1,8409,3,1,14307627,0,1,1,1,14307627,01/10/2009,QA2AA1AW02A0001,1,El Espinal,1
032,112025,14329082,12,8409,3,2,14329082,0,1,1,1,14329082,01/10/2009,QB1AM1AW02A0015,1,EQ_BT_SED1490,1
032,112025,14329102,1,8409,3,1,14329102,0,1,1,1,14329102,01/10/2009,QA2AA1AW02A0001,1,EQ_MT_SED1490,1
032,112025,14350548,12,7405,3,2,14350548,0,1,1,1,14350548,01/10/2009,QB1AM1AW02A0025,1,Hacienda Retiro,1
032,112025,14350556,1,7405,3,1,14350556,0,1,1,1,14350556,01/10/2009,QA2AA1AW02A0001,1,Hacienda Retiro,1
032,112025,14367733,1,8409,3,1,14367733,0,1,1,1,14367733,01/10/2009,QA1AA1AW01A0002,1,Otinhue,1
032,112025,14367757,12,8409,3,2,14367757,0,1,1,1,14367757,01/10/2009,QB1AM1AW02A0015,1,Otinhue,1
032,112025,14376313,1,8416,3,1,14376313,0,1,1,1,14376313,01/10/2009,QA2AA1AW02A0001,1,Hornitos Bulis,1
032,112025,14376320,12,8416,3,2,14376320,0,1,1,1,14376320,01/10/2009,QB1AM1AW02A0070,1,Hornitos Bulis,1
032,112025,14397853,1,7404,3,1,14397853,0,1,1,1,14397853,01/10/2009,QA2AA1AW02A0001,1,Villa Reina,1
032,112025,14397860,12,7404,3,2,14397860,0,1,1,1,14397860,01/10/2009,QB1AM1AW02A0015,1,Villa Reina,1
032,112025,14402092,1,7405,3,1,14402092,0,1,1,1,14402092,15/09/2009,QA2AA1AW02A0001,1,Capellania 1,1
032,112025,14402099,12,7405,3,2,14402099,0,1,1,1,14402099,15/09/2009,QB1AM1AW02A0030,1,Capellania 1,1
032,112025,18082198,1,7405,3,1,18082198,0,4,1,1,18082198,01/03/2010,QA3AA1AW03A0015,0,08-2012,1
032,112025,18082234,12,7405,3,1,18082234,0,4,1,1,18082234,01/03/2010,QA3AH3AW03N0040,0,Compacto de Medida,1
032,112025,18086501,1,7405,3,1,18086501,0,1,1,1,18086501,08/03/2010,QA1AA1AW01A0010,0,32-4405,1
032,112025,18086531,1,7405,3,1,18086531,0,4,1,1,18086531,08/03/2010,QA3AA1AW03A0003,0,Inversiones Camino Alto Ltda,1
032,112025,18086553,1,7405,3,1,18086553,0,1,1,1,18086553,08/03/2010,QC3AA1AW03A0003,0,32-4404,1
032,112025,18125212,1,7404,3,1,18125212,0,1,1,1,18125212,01/03/2010,QA3AA1AW03A0005,1,Pueblo de Catillo,1
032,112025,18125225,12,7404,3,2,18125225,0,1,1,1,18125225,01/03/2010,QB3AM3AW03A0150,1,Pueblo de Catillo,1
032,112025,18125335,1,7404,3,1,18125335,0,4,1,1,18125335,01/03/2010,QA3AA1AW03A0010,0,32-4399,1
032,112025,18125358,12,7404,3,1,18125358,0,4,1,1,18125358,01/03/2010,QA3AH3AW03N0040,0,Compacto de Medida,1
032,112025,18129304,1,8409,3,1,18129304,0,1,1,1,18129304,01/03/2010,QA2AA1AW02A0002,1,Otinhue,1
032,112025,18129311,12,8409,3,2,18129311,0,1,1,1,18129311,01/03/2010,QB1AM1AW02A0080,1,Otinhue,1
032,112025,18133587,1,7405,3,1,18133587,0,1,1,1,18133587,01/03/2010,QA2AA1AW02A0002,1,Maitenes,1
032,112025,18133607,12,7405,3,2,18133607,0,1,1,1,18133607,01/03/2010,QB1AM1AW02A0063,1,Maitenes,1
032,112025,18142523,12,7405,3,1,18142523,0,4,1,1,18142523,01/03/2010,QA3AH3AW03N0040,0,Compacto de Medida,1
032,112025,18142551,1,7405,3,1,18142551,0,4,1,1,18142551,01/03/2010,QA3AA1AW03A0002,0,Asesorias y Gestiones Tecnologica Ltda,1
032,112025,18142574,1,7406,3,1,18142574,0,4,1,1,18142574,01/03/2010,QA3AA1AW03A0003,0,32-4294,1
032,112025,18146498,12,7403,3,2,18146498,0,1,1,1,18146498,01/03/2010,QB1AM1AW02A0025,1,Hector Parada Arevalo,1
032,112025,18150756,1,7404,3,1,18150756,0,1,1,1,18150756,01/03/2010,QA2AA1AW02A0001,1,Catillo 2,1
032,112025,18150763,12,7404,3,2,18150763,0,1,1,1,18150763,01/03/2010,QB1AM1AW02A0025,1,Catillo 2,1
032,112025,18155194,1,7404,3,1,18155194,0,4,1,1,18155194,01/03/2010,QA3AA1AW03A0003,0,32-4357,1
032,112025,18155265,1,7404,3,1,18155265,0,4,1,1,18155265,01/03/2010,QA3AA1AW03A0002,0,Sociedad Agricola Guacolda Ltda,1
032,112025,18159388,1,7404,3,1,18159388,0,4,1,1,18159388,01/03/2010,QA3AA1AW03A0002,0,32-4401,1
032,112025,18159415,1,7404,3,1,18159415,0,4,1,1,18159415,01/03/2010,QA3AA1AW03A0003,0,Soc  Agricola San Alberto Ltda,1
032,112025,18167947,1,8409,3,1,18167947,0,1,1,1,18167947,01/03/2010,QA2AA1AW02A0002,1,Buli Caseria,1
032,112025,18167954,12,8409,3,2,18167954,0,1,1,1,18167954,01/03/2010,QB1AM1AW02A0100,1,Buli Caseria,1
032,112025,18172240,1,7405,3,1,18172240,0,1,1,1,18172240,01/03/2010,QA2AA1AW02A0002,1,Ajial I,1
032,112025,18172247,12,7405,3,2,18172247,0,1,1,1,18172247,01/03/2010,QB1AM1AW02A0050,1,Ajial I,1
032,112025,18180864,1,7404,3,1,18180864,0,1,1,1,18180864,01/03/2010,QA3AA1AW03A0002,1,Las Hortencias,1
032,112025,18180871,12,7404,3,2,18180871,0,1,1,1,18180871,01/03/2010,QB3AM3AW03A0063,1,Las Hortencias,1
032,112025,18185246,1,7405,3,1,18185246,0,4,1,1,18185246,01/03/2010,QA3AA1AW03A0003,0,32-4381,1
032,112025,18185276,1,7405,3,1,18185276,0,1,1,1,18185276,01/03/2010,QC3AA1AW03A0005,0,32-4338,1
032,112025,18198010,1,8416,3,1,18198010,0,4,1,1,18198010,01/03/2010,QA3AA1AW03A0002,0,32-4373,1
032,112025,18202416,1,7403,3,1,18202416,0,1,1,1,18202416,01/03/2010,QA3AA1AW03A0002,0,11-3172,1
032,112025,18206575,1,7405,3,1,18206575,0,1,1,1,18206575,01/03/2010,QA3AA1AW03A0005,0,32-4360,1
032,112025,18210870,1,7405,3,1,18210870,0,1,1,1,18210870,01/03/2010,QA3AA1AW03A0003,1,32-4359,1
032,112025,18215329,1,7405,3,1,18215329,0,1,1,1,18215329,01/03/2010,QA2AA1AW02A0002,0,32-4409,1
032,112025,18215361,1,7405,3,1,18215361,0,1,1,1,18215361,01/03/2010,QA2AA1AW02A0001,1,Sebastian Bustos Gonzalez,1
032,112025,18215374,12,7405,3,2,18215374,0,1,1,1,18215374,01/03/2010,QB1AM1AW02A0110,1,Sebastian Bustos Gonzalez,1
032,112025,18438475,1,7405,3,1,18438475,0,4,1,1,18438475,30/12/2009,QA3AA1AW03A0002,0,32-4190,1
032,112025,18438494,12,7405,3,1,18438494,0,4,1,1,18438494,30/12/2009,QA3AH3AW03N0040,0,Compacto de Medida,1
032,112025,18442788,12,7404,3,1,18442788,0,4,1,1,18442788,30/12/2006,QA3AH3AW03N0040,0,Compacto de Medida,1
032,112025,18515955,1,7405,3,1,18515955,0,1,1,1,18515955,30/12/2009,QA2AA1AW02A0001,1,Los Robles FNDR,1
032,112025,18515969,12,7405,3,2,18515969,0,1,1,1,18515969,30/12/2009,QB1AM1AW02A0025,1,Los Robles FNDR,1
032,112025,18541711,12,7201,3,1,18541711,0,4,1,1,18541711,30/12/2009,QA3AH3AW03N0040,0,Compacto de Medida,1
032,112025,18541730,1,7201,3,1,18541730,0,4,1,1,18541730,30/12/2009,QA3AA1AW03A0005,0,32-4380,1
032,112025,18541755,1,7201,3,1,18541755,0,4,1,1,18541755,30/12/2009,QA3AA1AW03A0005,0,EQ_MT_SED2980,1
032,112025,18541788,1,7201,3,1,18541788,0,4,1,1,18541788,30/12/2009,QA3AA1AW03A0001,0,Agricola Las Colinas de Pencahue # 2,1
032,112025,18675075,1,7405,3,1,18675075,0,1,1,1,18675075,01/04/2010,QA1AA1AW01A0001,1,S/E Rec Nova Retiro,1
032,112025,18675088,12,7405,3,2,18675088,0,1,1,1,18675088,01/04/2010,QB1AM1AW02A0010,1,S/E Rec Nova Retiro,1
032,112025,18687547,12,8409,3,1,18687547,0,4,1,1,18687547,01/04/2010,QA3AH3AW03N0040,0,Compacto de Medida,1
032,112025,18696104,1,7404,3,1,18696104,0,4,1,1,18696104,15/04/2010,QA3AA1AW03A0002,0,EQ_MT_SEP 859,1
032,112025,18696142,1,7404,3,1,18696142,0,1,1,1,18696142,15/04/2010,QA3AA1AW03A0002,0,32-4408,1
032,112025,18700529,1,7403,3,1,18700529,0,1,1,1,18700529,15/04/2010,QA3AA1AW03A0040,0,32-4216 Arranq. Callejón El Guindo,1
032,112025,18717562,1,8409,3,1,18717562,0,1,1,1,18717562,01/04/2010,QA3AA1AW03A0001,1,Agricola Perquilauquen Ltda.,1
032,112025,18717569,12,8409,3,2,18717569,0,1,1,1,18717569,01/04/2010,QB1AM1AW02A0025,1,Protección BT Aérea,1
032,112025,18721904,1,7405,3,1,18721904,0,4,1,1,18721904,01/04/2010,QA3AA1AW03A0003,0,32-4377,1
032,112025,18726190,1,7405,3,1,18726190,0,4,1,1,18726190,01/04/2010,QA3AA1AW03A0002,0,32-4400,1
032,112025,18730467,1,7404,3,1,18730467,0,1,1,1,18730467,15/04/2010,QA2AA1AW02A0001,1,EQ_MT_SED2966,1
032,112025,18730474,12,7404,3,2,18730474,0,1,1,1,18730474,15/04/2010,QB1AM1AW02A0050,1,EQ_BT_SED2966,1
032,112025,18734786,12,7404,3,1,18734786,0,4,1,1,18734786,15/04/2010,QA3AH3AW03N0040,0,Compacto de Medida,1
032,112025,18734812,1,7404,3,1,18734812,0,1,1,1,18734812,15/04/2010,QA3AA1AW03A0015,0,31-4410,1
032,112025,18739098,1,7404,3,1,18739098,0,4,1,1,18739098,01/04/2010,QA3AA1AW03A0002,0,Agricola Palomar S.A.,1
032,112025,18756202,1,7405,3,1,18756202,0,1,1,1,18756202,01/04/2010,QA3AA1AW03A0040,0,32-4411,0
032,112025,18760695,1,7404,3,1,18760695,0,1,1,1,18760695,09/04/2010,QA3AA1AW03A0040,0,32-4390,1
032,112025,18760730,1,7404,3,1,18760730,0,1,1,1,18760730,09/04/2010,QA2AA1AW02A0001,1,Remulcado_1,1
032,112025,18794940,1,7403,3,1,18794940,0,4,1,1,18794940,01/04/2010,QA3AA1AW03A0002,0,Jaime Barrientos Aguilar,1
032,112025,18794966,12,7403,3,1,18794966,0,4,1,1,18794966,01/04/2010,QA3AH3AW03N0040,0,Compacto de Medida,1
032,112025,18794984,1,7403,3,1,18794984,0,4,1,1,18794984,01/04/2010,QA3AA1AW03A0002,0,32-4397,1
032,112025,18799231,1,7404,3,1,18799231,0,4,1,1,18799231,01/04/2010,QA3AA1AW03A0002,0,32-4407,1
032,112025,18812033,12,7405,3,2,18812033,0,1,1,1,18812033,28/05/2010,QB3AM3AW03A0150,1,Prima Agrotrading S.A.,1
032,112025,18816321,12,7405,3,2,18816321,0,1,1,1,18816321,28/05/2010,QB1AM1AW02A0025,1,Cura Cura,1
032,112025,18816328,1,7405,3,1,18816328,0,1,1,1,18816328,28/05/2010,QA2AA1AW02A0002,1,Cura Cura,1
032,112025,18824917,12,7404,3,2,18824917,0,1,1,1,18824917,01/05/2010,QB1AM1AW02A0110,1,Palma Rosa,1
032,112025,18838529,1,7405,3,1,18838529,0,1,1,1,18838529,11/05/2010,QA3AA1AW03A0003,1,Villa Independencia 1,1
032,112025,18838536,12,7405,3,2,18838536,0,1,1,1,18838536,11/05/2010,QB3AM3AW03A0150,1,Villa Independencia 1,1
032,112025,18854983,4,8409,3,1,18854983,0,1,1,1,18854983,01/05/2010,QA3AD3CK03A0630,0,32-4427 Rec. Ñiquen,1
032,112025,18855018,1,8409,3,1,18855018,0,1,1,1,18855018,01/05/2010,QA2AA1AW02A0002,1,Subestacion Reconectador Ñiquen,1
032,112025,18855025,12,8409,3,2,18855025,0,1,1,1,18855025,01/05/2010,QB1AM1AW02A0010,1,Subestacion Reconectador Ñiquen,1
032,112025,18863588,1,8409,3,1,18863588,0,1,1,1,18863588,01/05/2010,QA3AA1AW03A0010,0,32-4420,1
032,112025,18872195,1,8409,3,1,18872195,0,1,1,1,18872195,01/05/2010,QA2AA1AW02A0002,1,Ñiquen 1,1
032,112025,18872208,12,8409,3,2,18872208,0,1,1,1,18872208,01/05/2010,QB1AM1AW02A0030,1,Ñiquen 1,1
032,112025,18876450,1,8409,3,1,18876450,0,1,1,1,18876450,18/07/2014,QA2AA1AW02A0002,0,32-4422,1
032,112025,18893617,1,8409,3,1,18893617,0,1,1,1,18893617,01/05/2010,QA2AA1AW02A0002,0,32-4424,1
032,112025,18897922,1,8409,3,1,18897922,0,1,1,1,18897922,01/05/2010,QA2AA1AW02A0002,1,Org. Usuarios Sist. Riego Digua,1
032,112025,18902198,1,8409,3,1,18902198,0,1,1,1,18902198,01/05/2010,QA3AA1AW03A0040,0,32-4426,0
032,112025,19074204,1,8409,3,1,19074204,0,1,1,1,19074204,30/06/2010,QA2AA1AW02A0002,0,32-4429,1
032,112025,19074238,1,8409,3,1,19074238,0,1,1,1,19074238,30/06/2010,QA2AA1AW02A0002,1,San Jose de Chacay,1
032,112025,19074245,12,8409,3,2,19074245,0,1,1,1,19074245,30/06/2010,QB1AM1AW02A0063,1,San Jose de Chacay,1
032,112025,19078340,12,7404,3,2,19078340,0,1,1,1,19078340,25/06/2010,QB1AM1AW02A0030,1,La Palta,1
032,112025,19078347,1,7404,3,1,19078347,0,1,1,1,19078347,25/06/2010,QA2AA1AW02A0002,1,La Palta,1
032,112025,19082578,1,7404,3,1,19082578,0,1,1,1,19082578,25/06/2010,QA3AA1AW03A0002,1,Digua,1
032,112025,19082597,12,7404,3,2,19082597,0,1,1,1,19082597,25/06/2010,QB1AM1AW02A0080,1,Digua,1
032,112025,19082610,12,7404,3,2,19082610,0,1,1,1,19082610,25/06/2010,QB1AM1AW02A0080,1,Digua,1
032,112025,19082623,12,7404,3,2,19082623,0,1,1,1,19082623,25/06/2010,QB1AM1AW02A0070,1,Digua,1
032,112025,19086957,12,7403,3,2,19086957,0,1,1,1,19086957,25/06/2010,QB1AM1AW02A0080,1,La Tercera Centro,1
032,112025,19086964,12,7403,3,2,19086964,0,1,1,1,19086964,25/06/2010,QB1AM1AW02A0080,1,La Tercera Centro,1
032,112025,19091136,12,7405,3,2,19091136,0,1,1,1,19091136,25/06/2010,QB1AM1AW02A0050,1,La Lloica,1
032,112025,19091143,1,7405,3,1,19091143,0,1,1,1,19091143,25/06/2010,QA2AA1AW02A0002,1,La Lloica,1
032,112025,19108315,1,7405,3,1,19108315,0,1,1,1,19108315,25/06/2010,QA3AA1AW03A0005,0,32-4398,1
032,112025,19112594,4,7403,3,1,19112594,0,1,1,1,19112594,01/06/2010,QA3AD3CK03A0400,0,32-4434 Villa Longavi,1
032,112025,19121187,4,7405,3,1,19121187,0,1,1,1,19121187,01/06/2010,QA3AD3CK03A0400,0,32-4415,1
032,112025,19134099,12,7405,3,2,19134099,0,1,1,1,19134099,15/06/2010,QB3AM3AW03A0050,1,Protección BT Aérea,1
032,112025,19134106,1,7405,3,1,19134106,0,1,1,1,19134106,15/06/2010,QA3AA1AW03A0002,1,Ajial 1,1
032,112025,19142678,1,7404,3,1,19142678,0,1,1,1,19142678,01/06/2010,QA3AA1AW03A0002,1,El Salto,1
032,112025,19142691,12,7404,3,2,19142691,0,1,1,1,19142691,01/06/2010,QB3AM3AW03A0025,1,Protección BT Aérea,1
032,112025,19147142,1,7405,3,1,19147142,0,1,1,1,19147142,15/06/2010,QA3AA1AW03A0015,0,32-4432,1
032,112025,19147167,1,7405,3,1,19147167,0,1,1,1,19147167,15/06/2010,QC3AA1AW03A0005,0,32-4431,1
032,112025,19147211,1,7405,3,1,19147211,0,1,1,1,19147211,15/06/2010,QA3AA1AW03A0002,1,Copec Arrocera Tucapel,1
032,112025,19147224,12,7405,3,2,19147224,0,1,1,1,19147224,15/06/2010,QB3AM3AW03A0040,1,Protección BT Aérea,1
032,112025,19155569,12,7405,3,2,19155569,0,1,1,1,19155569,25/06/2010,QB1AM1AW02A0070,1,El Oriente,1
032,112025,19155576,1,7405,3,1,19155576,0,1,1,1,19155576,25/06/2010,QA2AA1AW02A0002,1,El Oriente,1
032,112025,19159906,1,8409,3,1,19159906,0,1,1,1,19159906,30/06/2010,QA1AA1AW01A0003,1,EQ_MT_SED2973,1
032,112025,19159920,12,8409,3,2,19159920,0,1,1,1,19159920,30/06/2010,QB1AM1AW02A0063,1,EQ_BT_SED2973,1
032,112025,19164263,1,7404,3,1,19164263,0,1,1,1,19164263,25/06/2010,QA2AA1AW02A0002,1,Remulcado 1,1
032,112025,19164270,12,7404,3,2,19164270,0,1,1,1,19164270,25/06/2010,QB1AM1AW02A0030,1,Protección BT Aérea,1
032,112025,19301598,1,7405,3,1,19301598,0,1,1,1,19301598,01/07/2010,QA1AA1AW01A0002,1,Paso Hondo 1,1
032,112025,19301605,12,7405,3,2,19301605,0,1,1,1,19301605,01/07/2010,QB1AM1AW02A0025,1,Paso Hondo 1,1
032,112025,19305886,1,8409,3,1,19305886,0,1,1,1,19305886,23/07/2010,QA2AA1AW02A0002,0,32-4389,1
032,112025,19305931,1,8409,3,1,19305931,0,1,1,1,19305931,23/07/2010,QA2AA1AW02A0002,1,Hernel Navarrete Agricola Eirl,1
032,112025,19305944,12,8409,3,2,19305944,0,1,1,1,19305944,23/07/2010,QB1AM1AW02A0050,1,Hernel Navarrete Agricola Eirl,1
032,112025,19310146,1,7404,3,1,19310146,0,1,1,1,19310146,01/07/2010,QA2AA1AW02A0002,1,EQ_MT_SED1532,1
032,112025,19310159,12,7404,3,2,19310159,0,1,1,1,19310159,01/07/2010,QB1AM1AW02A0025,1,EQ_BT_SED1532,1
032,112025,19314663,1,7403,3,1,19314663,0,1,1,1,19314663,02/07/2010,QA2AA1AW02A0002,1,Callejon San Pedro,1
032,112025,19314676,12,7403,3,2,19314676,0,1,1,1,19314676,02/07/2010,QB1AM1AW02A0110,1,Callejon San Pedro,1
032,112025,19318736,12,7404,3,2,19318736,0,1,1,1,19318736,19/07/2010,QB1AM1AW02A0080,1,Protección BT Aérea,1
032,112025,19323026,1,7405,3,1,19323026,0,1,1,1,19323026,16/07/2010,QA3AA1AW03A0001,1,El Lucero,1
032,112025,19327333,1,7403,3,1,19327333,0,1,1,1,19327333,16/07/2010,QA1AA1AW01A0002,1,Callejos San Francisco,1
032,112025,19327346,12,7403,3,2,19327346,0,1,1,1,19327346,16/07/2010,QB1AM1AW02A0080,1,Callejos San Francisco,1
032,112025,19327359,12,7403,3,2,19327359,0,1,1,1,19327359,16/07/2010,QB1AM1AW02A0070,1,Callejos San Francisco,1
032,112025,19335914,1,7405,3,1,19335914,0,1,1,1,19335914,16/07/2010,QA1AA1AW01A0003,1,Huaso Chileno,1
032,112025,19335921,12,7405,3,2,19335921,0,1,1,1,19335921,16/07/2010,QB1AM1AW02A0070,1,Huaso Chileno,1
032,112025,19340261,1,7404,3,1,19340261,0,1,1,1,19340261,16/07/2010,QC1AA1AW01A0001,1,Lomas de San Alberto,1
032,112025,19340268,12,7404,3,2,19340268,0,1,1,1,19340268,16/07/2010,QB1AM1AW02A0050,1,Lomas de San Alberto,1
032,112025,19344502,1,7404,3,1,19344502,0,1,1,1,19344502,16/07/2010,QA1AA1AW01A0001,1,Cerro Castillo,1
032,112025,19344509,12,7404,3,2,19344509,0,1,1,1,19344509,16/07/2010,QB1AM1AW02A0025,1,Cerro Castillo,1
032,112025,19348796,1,7404,3,1,19348796,0,1,1,1,19348796,16/07/2010,QA1AA1AW01A0002,1,Remulcao 1,1
032,112025,19348803,12,7404,3,2,19348803,0,1,1,1,19348803,16/07/2010,QB1AM1AW02A0030,1,Protección BT Aérea,1
032,112025,19387422,1,7405,3,1,19387422,0,1,1,1,19387422,23/07/2010,QA3AA1AW03A0005,0,32-4438,1
032,112025,19391743,1,7405,3,1,19391743,0,1,1,1,19391743,19/07/2010,QA2AA1AW02A0002,1,Conejo 1,1
032,112025,19391750,12,7405,3,2,19391750,0,1,1,1,19391750,19/07/2010,QB1AM1AW02A0050,1,Conejo 1,1
032,112025,19396034,1,7404,3,1,19396034,0,1,1,1,19396034,02/07/2010,QA3AA1AW03A0001,0,32-4428,1
032,112025,19409034,1,7404,3,1,19409034,0,1,1,1,19409034,19/07/2010,QA3AA1AW03A0003,0,32-4437,1
032,112025,19409064,1,7404,3,1,19409064,0,1,1,1,19409064,19/07/2010,QA3AA1AW03A0003,1,Constructora Independencia,1
032,112025,19409071,12,7404,3,2,19409071,0,1,1,1,19409071,19/07/2010,QB3AM3AW03A0080,1,Constructora Independencia,1
032,112025,19417593,1,7404,3,1,19417593,0,1,1,1,19417593,05/07/2010,QA2AA1AW02A0002,0,32-4435,1
032,112025,19417623,1,7404,3,1,19417623,0,1,1,1,19417623,05/07/2010,QA2AA1AW02A0002,1,Urbanizacion San Alejo,1
032,112025,19417630,12,7404,3,2,19417630,0,1,1,1,19417630,05/07/2010,QB1AM1AW02A0110,1,Urbanizacion San Alejo,1
032,112025,19430409,1,7405,3,1,19430409,0,1,1,1,19430409,19/07/2010,QA3AA1AW03A0002,0,32-4433,1
032,112025,19434698,1,7403,3,1,19434698,0,1,1,1,19434698,02/07/2010,QA1AA1AW01A0010,0,32-4440,1
032,112025,19434761,1,7403,3,1,19434761,0,1,1,1,19434761,02/07/2010,QA3AA1AW03A0010,0,32-4436,0
032,112025,19447808,1,8416,3,1,19447808,0,1,1,1,19447808,22/07/2010,QA2AA1AW02A0002,0,32-4392,1
032,112025,19447836,1,8409,3,1,19447836,0,1,1,1,19447836,22/07/2010,QA2AA1AW02A0002,1,Tiuquilemo,1
032,112025,19447849,12,8409,3,2,19447849,0,1,1,1,19447849,22/07/2010,QB1AM1AW02A0080,1,Tiuquilemo,1
032,112025,19456146,1,7405,3,1,19456146,0,1,1,1,19456146,16/07/2010,QA1AA1AW01A0002,1,Paso 3,1
032,112025,19456153,12,7405,3,2,19456153,0,1,1,1,19456153,16/07/2010,QB1AM1AW02A0050,1,Paso 3,1
032,112025,19460428,1,7404,3,1,19460428,0,1,1,1,19460428,23/07/2010,QA2AA1AW02A0002,1,San Alejo 1,1
032,112025,19460435,12,7404,3,2,19460435,0,1,1,1,19460435,23/07/2010,QB1AM1AW02A0050,1,San Alejo 1,1
032,112025,19559197,1,8409,3,1,19559197,0,1,1,1,19559197,30/08/2010,QA2AA1AW02A0002,1,Comillaun,1
032,112025,19559210,12,8409,3,2,19559210,0,1,1,1,19559210,30/08/2010,QB1AM1AW02A0015,1,Comillaun,1
032,112025,19567773,1,7405,3,1,19567773,0,1,1,1,19567773,24/08/2010,QA3AA1AW03A0002,0,32-4442,1
032,112025,19584956,1,7404,3,1,19584956,0,4,1,1,19584956,12/08/2010,QA2AA1AW02A0002,0,32-4452,1
032,112025,19589265,1,7405,3,1,19589265,0,4,1,1,19589265,24/08/2010,QA2AA1AW02A0002,0,Entel PCS Maitenes,1
032,112025,19593565,1,7403,3,1,19593565,0,1,1,1,19593565,27/08/2010,QA3AA1AW03A0005,0,32-4443,1
032,112025,19619775,1,7405,3,1,19619775,0,1,1,1,19619775,13/08/2010,QA3AA1AW03A0040,0,11-3139,1
032,112025,19619854,1,7405,3,1,19619854,0,1,1,1,19619854,13/08/2010,QA3AA1AW03A0040,0,11-402,1
032,112025,19620426,1,7405,3,1,19620426,0,4,1,1,19620426,13/08/2010,QA3AA1AW03A0040,0,32-4439,1
032,112025,19620444,12,7405,3,1,19620444,0,4,1,1,19620444,13/08/2010,QA3AH3AW03N0040,0,Compacto de Medida,1
032,112025,19620500,1,7405,3,1,19620500,0,4,1,1,19620500,13/08/2010,QA3AA1AW03A0040,0,32-4460,1
032,112025,19620744,1,7201,3,1,19620744,0,4,1,1,19620744,13/08/2010,QA3AA1AW03A0020,0,32-4461,1
032,112025,19620768,1,7405,3,1,19620768,0,1,1,1,19620768,31/12/2014,QA3AA1AW03A0040,0,32-4149,1
032,112025,19761042,1,7404,3,1,19761042,0,4,1,1,19761042,23/09/2010,QA3AA1AW03A0002,0,32-4441,1
032,112025,19773921,1,7403,3,1,19773921,0,4,1,1,19773921,14/09/2010,QA3AA1AW03A0002,0,32-4444,1
032,112025,19773942,12,7403,3,1,19773942,0,4,1,1,19773942,14/09/2010,QA3AH3AW03N0040,0,Compacto de Medida,1
032,112025,19773967,1,7403,3,1,19773967,0,4,1,1,19773967,14/09/2010,QA3AA1AW03A0002,0,Distribuidora Agricola Merex Ltda.,1
032,112025,19778284,12,7404,3,1,19778284,0,4,1,1,19778284,03/09/2010,QA3AH3AW03N0040,0,Compacto de Medida,1
032,112025,19778302,1,7404,3,1,19778302,0,4,1,1,19778302,03/09/2010,QA3AA1AW03A0003,0,32-4467,1
032,112025,19778442,1,7404,3,1,19778442,0,4,1,1,19778442,03/09/2010,QA3AA1AW03A0003,0,Agricola Fatima Ltda.,1
032,112025,19786990,1,7404,3,1,19786990,0,4,1,1,19786990,07/09/2010,QA3AA1AW03A0002,0,32-4447,1
032,112025,19787016,1,7404,3,1,19787016,0,1,1,1,19787016,07/09/2010,QA3AA1AW03A0005,0,32-4446,1
032,112025,19907216,1,7404,3,1,19907216,0,1,1,1,19907216,20/10/2010,QA3AA1AW03A0040,0,32-4458,1
032,112025,19907553,1,7404,3,1,19907553,0,1,1,1,19907553,20/10/2010,QA3AA1AW03A0040,0,32-4462,1
032,112025,19907593,1,7404,3,1,19907593,0,1,1,1,19907593,20/10/2010,QA3AA1AW03A0020,0,32-4453,1
032,112025,19907733,1,7404,3,1,19907733,0,1,1,1,19907733,20/10/2010,QA3AA1AW03A0002,0,32-4454,1
032,112025,19908048,1,7404,3,1,19908048,0,1,1,1,19908048,20/10/2010,QC3AA1AW03A0005,0,32-4457,1
032,112025,19908100,1,7404,3,1,19908100,0,1,1,1,19908100,20/10/2010,QA3AA1AW03A0040,0,32-4468,1
032,112025,19908175,1,7404,3,1,19908175,0,1,1,1,19908175,20/10/2010,QA3AA1AW03A0010,0,32-4456,1
032,112025,19908203,1,7404,3,1,19908203,0,1,1,1,19908203,20/10/2010,QA3AA1AW03A0040,0,32-4455,1
032,112025,19908237,1,7404,3,1,19908237,0,1,1,1,19908237,20/10/2010,QA1AA1AW01A0002,1,La Camila,1
032,112025,19908250,12,7404,3,2,19908250,0,1,1,1,19908250,20/10/2010,QB1AM1AW02A0063,1,La Camila,1
032,112025,19908335,1,7404,3,1,19908335,0,1,1,1,19908335,20/10/2010,QA1AA1AW01A0002,1,Don Rene,1
032,112025,19908342,12,7404,3,2,19908342,0,1,1,1,19908342,20/10/2010,QB1AM1AW02A0070,1,Don Rene,1
032,112025,19998904,1,7404,3,1,19998904,0,4,1,1,19998904,01/10/2010,QA2AA1AW02A0002,0,Entel PCS San Pablo,1
032,112025,20022976,1,7405,3,1,20022976,0,1,1,1,20022976,20/10/2010,QA3AA1AW03A0002,0,32-4464,1
032,112025,20022983,1,7405,3,1,20022983,0,1,1,1,20022983,20/10/2010,QA3AA1AW03A0020,0,32-4463,1
032,112025,20044614,1,7404,3,1,20044614,0,1,1,1,20044614,27/10/2010,QA2AA1AW02A0002,0,08-3442,1
032,112025,20058981,1,7405,3,1,20058981,0,1,1,1,20058981,27/10/2010,QA2AA1AW02A0002,1,Capellania_1,1
032,112025,20058988,12,7405,3,2,20058988,0,1,1,1,20058988,27/10/2010,QB1AM1AW02A0030,1,Capellania_1,1
032,112025,20059167,1,7405,3,1,20059167,0,1,1,1,20059167,27/10/2010,QA2AA1AW02A0002,1,Capellania_2,1
032,112025,20059174,12,7405,3,2,20059174,0,1,1,1,20059174,27/10/2010,QB1AM1AW02A0050,1,Capellania_2,1
032,112025,20059314,1,7405,3,1,20059314,0,1,1,1,20059314,27/10/2010,QA2AA1AW02A0002,1,Capellania_3,1
032,112025,20059327,12,7405,3,2,20059327,0,1,1,1,20059327,27/10/2010,QB1AM1AW02A0063,1,Capellania_3,1
032,112025,20198987,1,7404,3,1,20198987,0,1,1,1,20198987,30/12/2009,QA2AA1AW02A0002,1,Talquita,1
032,112025,20203289,1,7405,3,1,20203289,0,1,1,1,20203289,30/12/2009,QA2AA1AW02A0002,1,Copihue,1
032,112025,20207574,1,7403,3,1,20207574,0,1,1,1,20207574,30/12/2009,QA1AA1AW01A0002,1,EQ_MT_SED355,1
032,112025,20211868,1,7404,3,1,20211868,0,1,1,1,20211868,30/12/2009,QA1AA1AW01A0002,1,San Pablo,1
032,112025,20216162,1,7405,3,1,20216162,0,1,1,1,20216162,30/12/2009,QA2AA1AW02A0002,1,El Carmen Oriente,1
032,112025,20229066,1,7405,3,1,20229066,0,4,1,1,20229066,30/12/2009,QA3AA1AW03A0005,1,Comercial Popeta S.A,1
032,112025,20237632,1,7404,3,1,20237632,0,4,1,1,20237632,30/12/2009,QA3AA1AW03A0005,1,Empresa Carozzi S.A.,1
032,112025,20246226,1,7404,3,1,20246226,0,1,1,1,20246226,30/12/2009,QA2AA1AW02A0002,1,San Pablo,1
032,112025,20250514,1,7405,3,1,20250514,0,1,1,1,20250514,30/12/2009,QA3AA1AW03A0002,1,La Union,1
032,112025,20259105,1,7404,3,1,20259105,0,1,1,1,20259105,30/12/2009,QA3AA1AW03A0002,1,Luis Landeros Aravena,1
032,112025,20263396,1,7405,3,1,20263396,0,1,1,1,20263396,30/12/2009,QA3AA1AW03A0002,1,Santa Isabel,1
032,112025,20267726,1,7403,3,1,20267726,0,1,1,1,20267726,30/12/2009,QA2AA1AW02A0002,1,Agricola Los Socios,1
032,112025,20272027,1,7404,3,1,20272027,0,1,1,1,20272027,30/12/2009,QA3AA1AW03A0002,1,Sr. Urrutia,1
032,112025,20276278,1,7405,3,1,20276278,0,1,1,1,20276278,30/12/2009,QA3AA1AW03A0002,1,Los Marcos,1
032,112025,21182858,4,7403,3,1,21182858,0,1,1,1,21182858,17/11/2010,QA3AD3CK03A0630,0,32-4486 Rec. Los Cristales,1
032,112025,21182885,1,7403,3,1,21182885,0,1,1,1,21182885,17/11/2010,QA2AA1AW02A0002,1,Reconectador Salida Longavi,1
032,112025,21182898,12,7403,3,2,21182898,0,1,1,1,21182898,17/11/2010,QB1AM1AW02A0010,1,Reconectador Salida Longavi,1
032,112025,21251278,1,8416,3,1,21251278,0,4,1,1,21251278,16/11/2010,QA3AA1AW03A0010,0,32-4465,1
032,112025,21251304,12,8416,3,1,21251304,0,4,1,1,21251304,16/11/2010,QA3AH3AW03N0040,0,Compacto de Medida,1
032,112025,21251542,1,8416,3,1,21251542,0,4,1,1,21251542,16/11/2010,QA3AA1AW03A0005,0,Rolando Varela Sagredo,1
032,112025,21251567,1,8416,3,1,21251567,0,4,1,1,21251567,16/11/2010,QA3AA1AW03A0005,0,Rolando Varela Sagredo 1,1
032,112025,21276844,1,7405,3,1,21276844,0,1,1,1,21276844,12/11/2010,QA1AA1AW01A0001,1,San Ramon 1,1
032,112025,21276857,12,7405,3,2,21276857,0,1,1,1,21276857,12/11/2010,QB1AM1AW02A0063,1,Protección BT Aérea,1
032,112025,21319821,1,7403,3,1,21319821,0,1,1,1,21319821,19/11/2010,QA2AA1AW02A0002,1,La Amalia,1
032,112025,21319829,12,7403,3,2,21319829,0,1,1,1,21319829,19/11/2010,QB1AM1AW02A0050,1,La Amalia,1
032,112025,21448796,1,7403,3,1,21448796,0,4,1,1,21448796,01/11/2010,QA3AA1AW03A0005,0,32-4367,1
032,112025,21448813,1,7403,3,1,21448813,0,4,1,1,21448813,01/11/2010,QA2AA1AW02A0002,0,32-4487,1
032,112025,21448830,12,7403,3,1,21448830,0,4,1,1,21448830,01/11/2010,QA3AH3AW03N0040,0,Compacto de Medida,1
032,112025,21448868,1,7403,3,1,21448868,0,4,1,1,21448868,01/11/2010,QA3AA1AW03A0010,0,Agri.Forestal Los Manantiales Ltda.1,1
032,112025,21474315,1,7404,3,1,21474315,0,4,1,1,21474315,23/11/2010,QA2AA1AW02A0002,0,32-2-4475,1
032,112025,21478626,1,7404,3,1,21478626,0,4,1,1,21478626,29/11/2010,QA2AA1AW02A0002,0,Inter.Telecomunicacion S.A.,1
032,112025,22595696,1,7405,3,1,22595696,0,1,1,1,22595696,21/12/2010,QA2AA1AW02A0002,0,32-4491,1
032,112025,22595918,1,7405,3,1,22595918,0,1,1,1,22595918,31/12/2014,QA3AA1AW03A0005,0,32-4492,1
032,112025,23617012,1,7405,3,1,23617012,0,1,1,1,23617012,01/01/2011,QA3AA1AW03A0002,0,32-4490,1
032,112025,23621371,1,7403,3,1,23621371,0,1,1,1,23621371,11/01/2011,QA3AA1AW03A0002,0,11-3078,1
032,112025,23642902,1,7404,3,1,23642902,0,1,1,1,23642902,01/01/2011,QA2AA1AW02A0002,0,32-4474,1
032,112025,23642933,1,7404,3,1,23642933,0,1,1,1,23642933,01/01/2011,QA2AA1AW02A0002,1,Curipeumo,1
032,112025,23642940,12,7404,3,2,23642940,0,1,1,1,23642940,01/01/2011,QB1AM1AW02A0050,1,Curipeumo,1
032,112025,23672857,4,7405,3,1,23672857,0,1,1,1,23672857,01/01/2011,QA3AD3CK03A0400,0,32-4471 Rec. Los Robles,1
032,112025,23672878,4,7405,3,1,23672878,0,1,1,1,23672878,01/01/2011,QA3AD3CK03A0630,0,32-4472 Rec. El Carmen Oriente,1
032,112025,23672918,1,7405,3,1,23672918,0,1,1,1,23672918,01/01/2011,QA2AA1AW02A0002,1,S/E Reconectador Ajial,1
032,112025,23672925,12,7405,3,2,23672925,0,1,1,1,23672925,01/01/2011,QB1AM1AW02A0010,1,S/E Reconectador Ajial,1
032,112025,23673025,1,7405,3,1,23673025,0,1,1,1,23673025,01/01/2011,QA3AA1AW03A0010,0,08-106,1
032,112025,23673087,1,7405,3,1,23673087,0,1,1,1,23673087,01/01/2011,QA2AA1AW02A0002,0,08-3029,1
032,112025,23681428,1,7405,3,1,23681428,0,1,1,1,23681428,01/01/2011,QA2AA1AW02A0002,0,32-4495,1
032,112025,23848898,1,8409,3,1,23848898,0,4,1,1,23848898,01/02/2011,QA2AA1AW02A0002,0,32-4488,1
032,112025,23853184,1,8409,3,1,23853184,0,4,1,1,23853184,10/02/2011,QA3AA1AW03A0003,0,32-4497,1
032,112025,23857633,1,7403,3,1,23857633,0,1,1,1,23857633,01/02/2011,QA2AA1AW02A0002,0,32-4493,1
032,112025,23857668,1,7403,3,1,23857668,0,1,1,1,23857668,01/02/2011,QA2AA1AW02A0002,1,Paine,1
032,112025,23857675,12,7403,3,2,23857675,0,1,1,1,23857675,01/02/2011,QB1AM1AW02A0030,1,Paine,1
032,112025,23866073,1,7404,3,1,23866073,0,4,1,1,23866073,01/02/2011,QA3AA1AW03A0002,0,32-4470,1
032,112025,24119420,1,7404,3,1,24119420,0,4,1,1,24119420,01/03/2011,QA2AA1AW02A0002,0,32-4504,1
032,112025,24119455,1,7404,3,1,24119455,0,4,1,1,24119455,01/03/2011,QA2AA1AW02A0002,0,Claro Chile Ruta 5,1
032,112025,24153772,1,7403,3,1,24153772,0,4,1,1,24153772,16/03/2011,QA3AA1AW03A0002,0,32-4506,1
032,112025,24209937,1,7403,3,1,24209937,0,4,1,1,24209937,01/04/2011,QA3AA1AW03A0003,0,Soc. Agricola El Porvenir S.A 1,1
032,112025,24209967,1,7403,3,1,24209967,0,4,1,1,24209967,01/04/2011,QA3AA1AW03A0002,0,Soc. Agricola El Porvenir S.A,1
032,112025,24210033,12,7403,3,1,24210033,0,4,1,1,24210033,01/04/2011,QA3AH3AW03N0040,0,Compacto de Medida,1
032,112025,24210055,1,7403,3,1,24210055,0,4,1,1,24210055,01/04/2011,QA3AA1AW03A0015,0,32-4494,1
032,112025,24214541,1,7403,3,1,24214541,0,4,1,1,24214541,31/12/2010,QC3AA1AW03A0005,0,Soc. Agricola El Porvenir 2,1
032,112025,24214585,1,7403,3,1,24214585,0,4,1,1,24214585,31/12/2010,QA2AA1AW02A0002,0,Soc. Agricola El Porvenir 3,1
032,112025,24214615,1,7403,3,1,24214615,0,4,1,1,24214615,31/12/2010,QA3AA1AW03A0005,0,32-4511,1
032,112025,24214640,1,7403,3,1,24214640,0,4,1,1,24214640,31/12/2010,QA3AA1AW03A0003,0,32-4512,1
032,112025,24214678,1,7403,3,1,24214678,0,4,1,1,24214678,31/12/2010,QA3AA1AW03A0002,0,Soc. Agricola El Porvenir 4,1
032,112025,24214712,1,7403,3,1,24214712,0,4,1,1,24214712,31/12/2010,QA3AA1AW03A0002,0,Soc. Agricola El Porvenir 5,1
032,112025,24214767,1,7403,3,1,24214767,0,4,1,1,24214767,31/12/2010,QA3AA1AW03A0002,0,32-4513,1
032,112025,24214818,1,7403,3,1,24214818,0,4,1,1,24214818,31/12/2010,QA3AA1AW03A0002,0,Soc. Agricola El Porvenir 6,1
032,112025,24214850,1,7403,3,1,24214850,0,4,1,1,24214850,31/12/2010,QA3AA1AW03A0003,0,Soc. Agricola El Porvenir 7,1
032,112025,24214893,1,7403,3,1,24214893,0,4,1,1,24214893,31/12/2010,QA3AA1AW03A0003,0,32-4514,1
032,112025,24214955,1,7403,3,1,24214955,0,4,1,1,24214955,31/12/2010,QA3AA1AW03A0003,0,32-4515,1
032,112025,24215034,1,7403,3,1,24215034,0,4,1,1,24215034,31/12/2010,QA3AA1AW03A0003,0,Soc. Agricola El Porvenir 10,1
032,112025,24291439,1,8416,3,1,24291439,0,1,1,1,24291439,27/03/2011,QA2AA1AW02A0002,1,Santa Amalia FNDR 2011,1
032,112025,24291452,12,8416,3,2,24291452,0,1,1,1,24291452,27/03/2011,QB1AM1AW02A0030,1,Santa Amalia FNDR 2011,1
032,112025,24291584,1,8416,3,1,24291584,0,1,1,1,24291584,27/03/2011,QA2AA1AW02A0002,0,32-4499,1
032,112025,24295577,1,8416,3,1,24295577,0,1,1,1,24295577,27/03/2011,QA2AA1AW02A0002,0,32-4496,1
032,112025,24295617,1,8416,3,1,24295617,0,1,1,1,24295617,27/03/2011,QA2AA1AW02A0002,1,Buli Poniente FNDR 2011,1
032,112025,24295624,12,8416,3,2,24295624,0,1,1,1,24295624,27/03/2011,QB1AM1AW02A0025,1,Buli Poniente FNDR 2011,1
032,112025,24377057,1,8416,3,1,24377057,0,1,1,1,24377057,28/03/2011,QA2AA1AW02A0002,1,Buli FNDR San Carlos 2011,1
032,112025,24377064,12,8416,3,2,24377064,0,1,1,1,24377064,28/03/2011,QB1AM1AW02A0030,1,Buli FNDR San Carlos 2011,1
032,112025,24389992,1,8416,3,1,24389992,0,1,1,1,24389992,28/03/2011,QA1AA1AW01A0002,0,32-4500,1
032,112025,24390018,1,8416,3,1,24390018,0,1,1,1,24390018,28/03/2011,QA1AA1AW01A0002,1,Huaipemo FNDR 2011,1
032,112025,24390031,12,8416,3,2,24390031,0,1,1,1,24390031,28/03/2011,QB1AM1AW02A0030,1,Huaipemo FNDR 2011,1
032,112025,24394281,1,8416,3,1,24394281,0,1,1,1,24394281,28/03/2011,QA1AA1AW01A0001,1,Huaipemo_FNDR 2011,1
032,112025,24394294,12,8416,3,2,24394294,0,1,1,1,24394294,28/03/2011,QB1AM1AW02A0030,1,Huaipemo_FNDR 2011,1
032,112025,24398558,1,8416,3,1,24398558,0,1,1,1,24398558,28/03/2011,QA2AA1AW02A0002,1,Millauquen FNDR 2011,1
032,112025,24398565,12,8416,3,2,24398565,0,1,1,1,24398565,28/03/2011,QB1AM1AW02A0025,1,Millauquen FNDR 2011,1
032,112025,24402830,1,8416,3,1,24402830,0,1,1,1,24402830,28/03/2011,QA2AA1AW02A0002,1,Millauquen Bajo FNDR 2011,1
032,112025,24402837,12,8416,3,2,24402837,0,1,1,1,24402837,28/03/2011,QB1AM1AW02A0030,1,Millauquen Bajo FNDR 2011,1
032,112025,24432907,1,8416,3,1,24432907,0,1,1,1,24432907,28/03/2011,QA2AA1AW02A0002,1,Buli Poniente FDR 2011,1
032,112025,24432920,12,8416,3,2,24432920,0,1,1,1,24432920,28/03/2011,QB1AM1AW02A0025,1,Buli Poniente FDR 2011,1
032,112025,24441500,1,8416,3,1,24441500,0,1,1,1,24441500,28/03/2011,QA2AA1AW02A0002,1,Santa Amalia FNDR 2011,1
032,112025,24441513,12,8416,3,2,24441513,0,1,1,1,24441513,28/03/2011,QB1AM1AW02A0030,1,Santa Amalia FNDR 2011,1
032,112025,24445803,1,8416,3,1,24445803,0,1,1,1,24445803,28/03/2011,QA2AA1AW02A0002,1,Millauquen FNDR_2011,1
032,112025,24445810,12,8416,3,2,24445810,0,1,1,1,24445810,28/03/2011,QB1AM1AW02A0025,1,Millauquen FNDR_2011,1
032,112025,24505893,1,8409,3,1,24505893,0,1,1,1,24505893,30/04/2011,QA1AA1AW01A0002,0,32-4510,1
032,112025,24505918,12,8409,3,2,24505918,0,1,1,1,24505918,30/04/2011,QB1AM1AW02A0030,1,Tuiquilemo,1
032,112025,24514765,1,8409,3,1,24514765,0,1,1,1,24514765,25/04/2011,QA2AA1AW02A0002,0,32-4448,1
032,112025,24514796,1,8409,3,1,24514796,0,1,1,1,24514796,25/04/2011,QA2AA1AW02A0002,1,Las Rosas Entrada 1,1
032,112025,24514803,12,8409,3,2,24514803,0,1,1,1,24514803,25/04/2011,QB1AM1AW02A0080,1,Las Rosas Entrada 1,1
032,112025,24518947,12,8409,3,2,24518947,0,1,1,1,24518947,25/04/2011,QB1AM1AW02A0100,1,Las Rosas Entrada,1
032,112025,24518954,1,8409,3,1,24518954,0,1,1,1,24518954,25/04/2011,QA2AA1AW02A0002,1,Las Rosas Entrada,1
032,112025,24527474,1,7405,3,1,24527474,0,1,1,1,24527474,12/04/2011,QA2AA1AW02A0002,0,32-4476,1
032,112025,24527710,1,7405,3,1,24527710,0,1,1,1,24527710,12/04/2011,QA2AA1AW02A0002,0,08-3314,1
032,112025,24527727,1,7405,3,1,24527727,0,1,1,1,24527727,12/04/2011,QA1AA1AW01A0003,0,32-4477,1
032,112025,24527994,1,7405,3,1,24527994,0,1,1,1,24527994,12/04/2011,QA2AA1AW02A0010,0,32-4478,1
032,112025,24528498,1,7405,3,1,24528498,0,1,1,1,24528498,31/12/2014,QA2AA1AW02A0002,0,32-4479,1
032,112025,24528569,1,7405,3,1,24528569,0,1,1,1,24528569,12/04/2011,QA2AA1AW02A0002,0,32-4480,1
032,112025,24529251,1,7405,3,1,24529251,0,1,1,1,24529251,12/04/2011,QA2AA1AW02A0002,0,32-4481,1
032,112025,24536270,12,7405,3,2,24536270,0,1,1,1,24536270,18/04/2011,QB1AM1AW02A0100,1,Ruta 5 Sur Lado de Prima,1
032,112025,24544549,1,7404,3,1,24544549,0,1,1,1,24544549,12/04/2011,QA3AA1AW03A0002,1,Camino Viejo Retiro,1
032,112025,24609000,1,7404,3,1,24609000,0,4,1,1,24609000,01/05/2011,QA3AA1AW03A0005,0,32-4503,1
032,112025,24613226,1,7405,3,1,24613226,0,4,1,1,24613226,08/04/2011,QA2AA1AW02A0002,0,32-4518,1
032,112025,24617524,12,7405,3,2,24617524,0,1,1,1,24617524,20/04/2011,QB1AM1AW02A0063,1,Paso Hondo_1,1
032,112025,24626107,1,7404,3,1,24626107,0,1,1,1,24626107,14/04/2011,QA3AA1AW03A0002,1,Javier Pinilla Piffaut,1
032,112025,24626114,12,7404,3,2,24626114,0,1,1,1,24626114,14/04/2011,QB3AM3AW03A0070,1,Javier Pinilla Piffaut,1
032,112025,24643303,1,7403,3,1,24643303,0,4,1,1,24643303,13/05/2011,QA3AA1AW03A0005,0,32-4524,1
032,112025,24656409,1,7404,3,1,24656409,0,4,1,1,24656409,03/05/2011,QA1AA1AW01A0003,0,32-4528,1
032,112025,24669052,12,7404,3,2,24669052,0,1,1,1,24669052,20/04/2011,QB1AM1AW02A0100,1,Remulcao_2,1
032,112025,24677648,12,7404,3,2,24677648,0,1,1,1,24677648,20/04/2011,QB3AM3AW03A0125,1,Frente a Carabinero,1
032,112025,24686230,12,7405,3,2,24686230,0,1,1,1,24686230,14/04/2011,QB1AM1AW02A0050,1,El Temblador,1
032,112025,24694809,1,8409,3,1,24694809,0,1,1,1,24694809,18/05/2011,QA3AA1AW03A0040,0,10-103,0
032,112025,24707700,12,7404,3,2,24707700,0,1,1,1,24707700,14/04/2011,QB1AM1AW02A0050,1,Talquita,1
032,112025,24711993,12,7404,3,2,24711993,0,1,1,1,24711993,14/04/2011,QB1AM1AW02A0063,1,Las Hortencias,1
032,112025,24716369,1,7403,3,1,24716369,0,1,1,1,24716369,08/04/2011,QA3AA1AW03A0020,0,32-4469,1
032,112025,24793573,12,8416,3,2,24793573,0,1,1,1,24793573,30/05/2011,QB1AM1AW02A0070,1,Daniel Coria Ricotti,1
032,112025,24797972,1,7404,3,1,24797972,0,4,1,1,24797972,09/05/2011,QA3AA1AW03A0003,0,32-4521,1
032,112025,24806512,1,7403,3,1,24806512,0,4,1,1,24806512,08/04/2011,QA3AA1AW03A0002,0,32-4507,1
032,112025,24806539,1,7403,3,1,24806539,0,1,1,1,24806539,08/04/2011,QA1AA1AW01A0003,0,32-4529,1
032,112025,24823639,1,7403,3,1,24823639,0,1,1,1,24823639,12/04/2011,QA3AA1AW03A0002,1,La Sexta Lada de Escuela,1
032,112025,24823652,12,7403,3,2,24823652,0,1,1,1,24823652,12/04/2011,QB3AM3AW03A0040,1,La Sexta Lada de Escuela,1
032,112025,24827996,1,7404,3,1,24827996,0,1,1,1,24827996,18/04/2011,QA3AA1AW03A0010,0,32-4509,1
032,112025,24828023,1,7404,3,1,24828023,0,1,1,1,24828023,18/04/2011,QA3AA1AW03A0005,1,Fernando Muñoz Rivero,1
032,112025,24828036,12,7404,3,2,24828036,0,1,1,1,24828036,18/04/2011,QB3AM3AW03A0125,1,Fernando Muñoz Rivero,1
032,112025,24840914,1,7405,3,1,24840914,0,4,1,1,24840914,01/06/2011,QA3AA1AW03A0002,0,32-5206,1
032,112025,24845114,1,7405,3,1,24845114,0,1,1,1,24845114,12/10/2012,QA3AA1AW03A0002,1,Soc. Agric.Los Castaños Ltda.,1
032,112025,24845127,12,7405,3,2,24845127,0,1,1,1,24845127,12/10/2012,QB3AM3AW03A0040,1,Soc. Agric.Los Castaños Ltda.,1
032,112025,24849413,1,7404,3,1,24849413,0,4,1,1,24849413,01/06/2011,QC3AA1AW03A0005,0,32-4378,1
032,112025,25042691,12,7405,3,2,25042691,0,1,1,1,25042691,07/07/2011,QB1AM1AW02A0025,1,Coihue_1,1
032,112025,25051217,12,8416,3,2,25051217,0,1,1,1,25051217,30/06/2011,QB1AM1AW02A0080,1,Buli Estacion,1
032,112025,25055512,12,8416,3,2,25055512,0,1,1,1,25055512,30/06/2011,QB1AM1AW02A0063,1,Santa Juana,1
032,112025,25069100,1,8409,3,1,25069100,0,1,1,1,25069100,30/06/2011,QA2AA1AW02A0002,1,Colvindo,1
032,112025,25069113,12,8409,3,2,25069113,0,1,1,1,25069113,30/06/2011,QB1AM1AW02A0050,1,Colvindo,1
032,112025,25069120,12,8409,3,2,25069120,0,1,1,1,25069120,30/06/2011,QB1AM1AW02A0063,1,Colvindo,1
032,112025,25090064,1,7405,3,1,25090064,0,4,1,1,25090064,03/06/2011,QA3AA1AW03A0002,0,32-4519,1
032,112025,25090081,1,7405,3,1,25090081,0,1,1,1,25090081,03/06/2011,QA3AA1AW03A0005,0,08-3378,1
032,112025,25098447,1,7403,3,1,25098447,0,1,1,1,25098447,07/07/2011,QA2AA1AW02A0002,1,La Conquista_1,1
032,112025,25098454,12,7403,3,2,25098454,0,1,1,1,25098454,07/07/2011,QB1AM1AW02A0030,1,La Conquista_1,1
032,112025,25102753,1,7404,3,1,25102753,0,1,1,1,25102753,07/07/2011,QA1AA1AW01A0002,0,32-4530,1
032,112025,25102798,1,7404,3,1,25102798,0,1,1,1,25102798,07/07/2011,QA2AA1AW02A0002,1,Fernando Urrutia,1
032,112025,25102805,12,7404,3,2,25102805,0,1,1,1,25102805,07/07/2011,QB1AM1AW02A0050,1,Fernando Urrutia,1
032,112025,25132805,12,7404,3,2,25132805,0,1,1,1,25132805,10/06/2011,QB3AM3AW03A0100,1,Villa Rosa,1
032,112025,25141393,12,7404,3,2,25141393,0,1,1,1,25141393,10/06/2011,QB1AM1AW02A0030,1,Protección BT Aérea,1
032,112025,25158565,1,7405,3,1,25158565,0,1,1,1,25158565,15/06/2011,QA3AA1AW03A0002,0,32-4526,1
032,112025,25158588,1,7405,3,1,25158588,0,1,1,1,25158588,15/06/2011,QA3AA1AW03A0002,1,Santa Adriana Escuela,1
032,112025,25158601,12,7405,3,2,25158601,0,1,1,1,25158601,15/06/2011,QB3AM3AW03A0025,1,Santa Adriana Escuela,1
032,112025,25167172,1,7405,3,1,25167172,0,1,1,1,25167172,03/06/2011,QA3AA1AW03A0002,0,32-4522,1
032,112025,25167209,12,7405,3,2,25167209,0,1,1,1,25167209,03/06/2011,QB1AM1AW02A0110,1,Escuela San Nicolas,1
032,112025,25184327,12,7405,3,2,25184327,0,1,1,1,25184327,10/06/2011,QB1AM1AW02A0080,1,Protección BT Aérea,1
032,112025,25227287,4,8409,3,1,25227287,0,1,1,1,25227287,30/06/2011,QA3AD3CK03A0630,0,32-4520 Rec. San Gregorio Sur,1
032,112025,25227320,1,8409,3,1,25227320,0,1,1,1,25227320,30/06/2011,QA2AA1AW02A0002,1,S/E Reco Entrada San Gregorio,1
032,112025,25227327,12,8409,3,2,25227327,0,1,1,1,25227327,30/06/2011,QB1AM1AW02A0010,1,S/E Reco Entrada San Gregorio,1
032,112025,25231544,1,8409,3,1,25231544,0,1,1,1,25231544,30/06/2011,QA3AA1AW03A0040,0,32-4534,1
032,112025,25244597,1,8409,3,1,25244597,0,1,1,1,25244597,30/06/2011,QA3AA1AW03A0040,0,32-4517,1
032,112025,25639767,1,7403,3,1,25639767,0,4,1,1,25639767,01/07/2011,QA3AA1AW03A0040,0,32-4537,1
032,112025,25639784,1,7403,3,1,25639784,0,4,1,1,25639784,01/07/2011,QA3AA1AW03A0003,0,32-4276,1
032,112025,25639801,1,7403,3,1,25639801,0,4,1,1,25639801,01/07/2011,QA3AA1AW03A0003,0,32-4538,1
032,112025,25639860,12,7403,3,1,25639860,0,4,1,1,25639860,01/07/2011,QA3AH3AW03N0040,0,Compacto de Medida,1
032,112025,25639895,1,7403,3,1,25639895,0,1,1,1,25639895,01/07/2011,QA2AA1AW02A0002,1,Forestal Santa Blanca Ltda,1
032,112025,25639902,12,7403,3,2,25639902,0,1,1,1,25639902,01/07/2011,QB1AM1AW02A0063,1,Forestal Santa Blanca Ltda,1
032,112025,25643879,1,7403,3,1,25643879,0,4,1,1,25643879,31/12/2010,QA3AA1AW03A0003,0,32-4450,1
032,112025,25643902,1,7403,3,1,25643902,0,4,1,1,25643902,31/12/2010,QA3AA1AW03A0003,0,Soc. Agricola Cultiva Copihue Ltda,1
032,112025,25652401,1,7405,3,1,25652401,0,4,1,1,25652401,31/12/2010,QA3AA1AW03A0003,0,32-4355,1
032,112025,25733942,1,7403,3,1,25733942,0,1,1,1,25733942,31/12/2014,QA1AA1AW01A0010,0,32-4544,1
032,112025,25742800,12,7403,3,1,25742800,0,1,1,1,25742800,01/09/2011,QA3AH3AW03N0040,0,Compacto de Medida,1
032,112025,25742819,1,7403,3,1,25742819,0,4,1,1,25742819,01/09/2011,QA3AA1AW03A0003,0,32-4391,1
032,112025,25755471,1,7405,3,1,25755471,0,1,1,1,25755471,31/12/2010,QA2AA1AW02A0002,0,32-4337,1
032,112025,25755502,12,7405,3,2,25755502,0,1,1,1,25755502,31/12/2010,QB1AM1AW02A0030,1,Marisol Castillo Rivero,1
032,112025,25764128,12,7405,3,2,25764128,0,1,1,1,25764128,14/09/2011,QB1AM1AW02A0015,1,Protección BT Aérea,1
032,112025,25777052,1,7403,3,1,25777052,0,1,1,1,25777052,11/08/2011,QA3AA1AW03A0003,0,32-4536,1
032,112025,25802664,1,7403,3,1,25802664,0,1,1,1,25802664,11/08/2011,QA3AA1AW03A0002,1,Agricola Cuñao Ltda.,1
032,112025,25802671,12,7403,3,2,25802671,0,1,1,1,25802671,11/08/2011,QB3AM3AW03A0070,1,Agricola Cuñao Ltda.,1
032,112025,25974503,12,7405,3,1,25974503,0,4,1,1,25974503,21/10/2011,QA3AH3AW03N0040,0,Compacto de Medida,1
032,112025,25974526,1,7405,3,1,25974526,0,4,1,1,25974526,21/10/2011,QA3AA1AW03A0010,0,32-4556,1
032,112025,25983073,1,7403,3,1,25983073,0,4,1,1,25983073,02/09/2011,QA3AA1AW03A0005,0,32-4541,1
032,112025,25983097,1,7403,3,1,25983097,0,4,1,1,25983097,02/09/2011,QA3AA1AW03A0003,0,Soc.Exportadora Imp. Hortisem Ltda.,1
032,112025,25995931,1,7403,3,1,25995931,0,4,1,1,25995931,13/10/2011,QA3AA1AW03A0003,0,32-4547,1
032,112025,25995956,1,7403,3,1,25995956,0,4,1,1,25995956,13/10/2011,QA3AA1AW03A0002,0,Soc. Agricola El Porvenir S.A. Mercedes,1
032,112025,26004550,12,7405,3,1,26004550,0,1,1,1,26004550,12/10/2011,QA3AH3AW03N0040,0,Compacto de Medida,1
032,112025,26004585,1,7405,3,1,26004585,0,4,1,1,26004585,12/10/2011,QA3AA1AW03A0010,0,32-4552,1
032,112025,26004619,1,7405,3,1,26004619,0,4,1,1,26004619,12/10/2011,QA3AA1AW03A0010,0,Palena S.A. Izquierdo Menendez,1
032,112025,26008880,12,7404,3,1,26008880,0,4,1,1,26008880,04/10/2011,QA3AH3AW03N0040,0,Compacto de Medida,1
032,112025,26008898,1,7404,3,1,26008898,0,4,1,1,26008898,04/10/2011,QA3AA1AW03A0003,0,32-4558,1
032,112025,26008927,1,7404,3,1,26008927,0,4,1,1,26008927,04/10/2011,QA3AA1AW03A0003,0,Erasmo Benavente Meza,1
032,112025,26214892,1,7403,3,1,26214892,0,1,1,1,26214892,04/11/2011,QA3AA1AW03A0010,0,32-4553,1
032,112025,26223541,1,8409,3,1,26223541,0,4,1,1,26223541,12/07/2011,QA3AA1AW03A0003,0,32-4554,1
032,112025,26223558,12,8409,3,1,26223558,0,1,1,1,26223558,12/07/2011,QA3AH3AW03N0040,0,Compacto de Medida,1
032,112025,26223599,1,8409,3,1,26223599,0,4,1,1,26223599,12/07/2011,QA3AA1AW03A0002,0,Sinecio Castaño Rodriguez,1
032,112025,26227979,1,7404,3,1,26227979,0,1,1,1,26227979,27/10/2011,QA1AA1AW01A0003,1,EQ_MT_SED3090,1
032,112025,26227986,12,7404,3,2,26227986,0,1,1,1,26227986,27/10/2011,QB1AM1AW02A0080,1,EQ_BT_SED3090,1
032,112025,26227993,12,7404,3,2,26227993,0,1,1,1,26227993,27/10/2011,QB1AM1AW02A0070,1,EQ_BT_SED3090,1
032,112025,26270725,1,7404,3,1,26270725,0,4,1,1,26270725,31/12/2010,QA1AA1AW01A0002,0,Agricola y Fruticola Bosque Alto Ltda.,1
032,112025,26279410,1,7403,3,1,26279410,0,4,1,1,26279410,31/12/2010,QA3AA1AW03A0020,0,31-4567,1
032,112025,26279462,1,7403,3,1,26279462,0,4,1,1,26279462,31/12/2010,QA3AA1AW03A0015,0,Soc Agricola El Porvenir,1
032,112025,26464007,12,7404,3,1,26464007,0,4,1,1,26464007,31/12/2010,QA3AH3AW03N0040,0,Compacto de Medida,1
032,112025,26464035,1,7404,3,1,26464035,0,4,1,1,26464035,31/12/2010,QA3AA1AW03A0010,0,Fruticola Higuera,1
032,112025,26464059,1,7404,3,1,26464059,0,4,1,1,26464059,31/12/2010,QA3AA1AW03A0010,0,Fruticola Higuera 1,1
032,112025,26464089,1,7404,3,1,26464089,0,4,1,1,26464089,31/12/2010,QA3AA1AW03A0015,0,32-4571,1
032,112025,26528393,1,7405,3,1,26528393,0,4,1,1,26528393,22/12/2011,QA3AA1AW03A0015,0,09-3111,1
032,112025,26528410,12,7405,3,1,26528410,0,4,1,1,26528410,22/12/2011,QA3AH3AW03N0040,0,Compacto de Medida,1
032,112025,26528473,1,7405,3,1,26528473,0,4,1,1,26528473,22/12/2011,QA3AA1AW03A0002,0,Inversiones Tapihue Ltda.,1
032,112025,26528486,1,7405,3,1,26528486,0,4,1,1,26528486,22/12/2011,QA3AA1AW03A0002,0,Inversiones Tapihue Ltda. 2,1
032,112025,26528499,1,7405,3,1,26528499,0,4,1,1,26528499,22/12/2011,QA3AA1AW03A0002,0,Inversiones Tapihue Ltda. 3,1
032,112025,26532930,1,7403,3,1,26532930,0,4,1,1,26532930,21/10/2011,QA3AA1AW03A0003,0,32-4551,1
032,112025,26811865,1,7404,3,1,26811865,0,4,1,1,26811865,20/01/2012,QA3AA1AW03A0002,0,32-4583,1
032,112025,26811882,12,7404,3,1,26811882,0,4,1,1,26811882,20/01/2012,QC3AH3AW03N0030,0,Compacto de Medida,1
032,112025,26811906,1,7404,3,1,26811906,0,4,1,1,26811906,20/01/2012,QA3AA1AW03A0002,0,Comercial y Asesorias Los Cipreses Ltda,1
032,112025,26820376,1,7404,3,1,26820376,0,1,1,1,26820376,02/02/2012,QA2AA1AW02A0002,1,Valeria Pacheco Guajardo,1
032,112025,26820389,12,7404,3,2,26820389,0,1,1,1,26820389,02/02/2012,QB1AM1AW02A0025,1,Valeria Pacheco Guajardo,1
032,112025,26825056,1,7405,3,1,26825056,0,4,1,1,26825056,05/01/2012,QA3AA1AW03A0005,0,32-4570,1
032,112025,26825073,12,7405,3,1,26825073,0,1,1,1,26825073,05/01/2012,QA3AH3AW03N0040,0,Compacto de Medida,1
032,112025,26825107,1,7405,3,1,26825107,0,4,1,1,26825107,05/01/2012,QA3AA1AW03A0005,0,Agropecuaria San Gregorio Ltda,1
032,112025,26825132,1,7405,3,1,26825132,0,1,1,1,26825132,05/01/2012,QA3AA1AW03A0005,1,32-4569,1
032,112025,26863336,1,7405,3,1,26863336,0,4,1,1,26863336,28/09/2011,QA3AA1AW03A0002,0,32-4577,1
032,112025,26867588,1,7403,3,1,26867588,0,4,1,1,26867588,18/10/2011,QA2AA1AW02A0002,0,32-4560,1
032,112025,26871883,1,7405,3,1,26871883,0,4,1,1,26871883,16/05/2011,QA3AA1AW03A0001,0,Gloria Pedreros Hurtado,1
032,112025,26876189,12,7404,3,1,26876189,0,4,1,1,26876189,23/11/2011,QA3AH3AW03N0040,0,Compacto de Medida,1
032,112025,26876252,1,7404,3,1,26876252,0,4,1,1,26876252,23/11/2011,QA3AA1AW03A0003,0,Agricola Terrandes S.A. Villa Rosa,1
032,112025,26884756,1,7405,3,1,26884756,0,4,1,1,26884756,06/12/2011,QA3AA1AW03A0001,0,Claudio Cancino Soto,1
032,112025,26889066,1,7403,3,1,26889066,0,1,1,1,26889066,05/01/2012,QA2AA1AW02A0002,1,El Carmen Apicola,1
032,112025,26889073,12,7403,3,2,26889073,0,1,1,1,26889073,05/01/2012,QB1AM1AW02A0030,1,El Carmen Apicola,1
032,112025,26902667,1,8409,3,1,26902667,0,1,1,1,26902667,01/02/2012,QA3AA1AW03A0002,1,San Fernando Zemita 1,1
032,112025,26902674,12,8409,3,2,26902674,0,1,1,1,26902674,01/02/2012,QB1AM1AW02A0063,1,San Fernando Zemita 1,1
032,112025,26902687,12,8409,3,2,26902687,0,1,1,1,26902687,01/02/2012,QB1AM1AW02A0063,1,San Fernando Zemita 1,1
032,112025,26902956,1,8409,3,1,26902956,0,1,1,1,26902956,01/02/2012,QA2AA1AW02A0002,1,San Fernando Zemita,1
032,112025,26902963,12,8409,3,2,26902963,0,1,1,1,26902963,01/02/2012,QB1AM1AW02A0100,1,San Fernando Zemita,1
032,112025,26906677,1,7405,3,1,26906677,0,1,1,1,26906677,01/02/2012,QA2AA1AW02A0002,1,Los Robles,1
032,112025,26906690,12,7405,3,2,26906690,0,1,1,1,26906690,01/02/2012,QB1AM1AW02A0080,1,Los Robles,1
032,112025,26906697,12,7405,3,2,26906697,0,1,1,1,26906697,01/02/2012,QB1AM1AW02A0080,1,Los Robles,1
032,112025,26906787,1,7405,3,1,26906787,0,1,1,1,26906787,01/02/2012,QA2AA1AW02A0002,1,Los Robles 1,1
032,112025,26906794,12,7405,3,2,26906794,0,1,1,1,26906794,01/02/2012,QB1AM1AW02A0080,1,Los Robles 1,1
032,112025,26906807,12,7405,3,2,26906807,0,1,1,1,26906807,01/02/2012,QB1AM1AW02A0100,1,Los Robles 1,1
032,112025,26940934,1,7405,3,1,26940934,0,1,1,1,26940934,29/02/2012,QA2AA1AW02A0002,0,32-4588,1
032,112025,26941007,1,7405,3,1,26941007,0,1,1,1,26941007,29/02/2012,QA2AA1AW02A0002,1,Mantul,1
032,112025,26941020,12,7405,3,2,26941020,0,1,1,1,26941020,29/02/2012,QB1AM1AW02A0080,1,Mantul,1
032,112025,26951212,1,7404,3,1,26951212,0,4,1,1,26951212,17/02/2012,QA3AA1AW03A0005,0,32-4293,1
032,112025,26951231,1,7404,3,1,26951231,0,1,1,1,26951231,17/02/2012,QA3AA1AW03A0040,0,08-2029,1
032,112025,26951267,1,7404,3,1,26951267,0,1,1,1,26951267,17/02/2012,QA2AA1AW02A0002,1,Enlace Talquita,1
032,112025,26951274,12,7404,3,2,26951274,0,1,1,1,26951274,17/02/2012,QB1AM1AW02A0080,1,Enlace Talquita,1
032,112025,26951359,4,7404,3,1,26951359,0,1,1,1,26951359,17/02/2012,QA3AD3CK03A0630,0,32-4585 Rec. Las Tinajas,1
032,112025,26951394,1,7404,3,1,26951394,0,1,1,1,26951394,17/02/2012,QA2AA1AW02A0002,1,S/E Reconectador Las Tinajas,1
032,112025,26951401,12,7404,3,2,26951401,0,1,1,1,26951401,17/02/2012,QB1AM1AW02A0010,1,S/E Reconectador Las Tinajas,1
032,112025,26951492,1,7404,3,1,26951492,0,1,1,1,26951492,17/02/2012,QA2AA1AW02A0002,1,Montemanzo,1
032,112025,26951499,12,7404,3,2,26951499,0,1,1,1,26951499,17/02/2012,QB1AM1AW02A0025,1,Montemanzo,1
032,112025,26951624,12,7404,3,2,26951624,0,1,1,1,26951624,17/02/2012,QB1AM1AW02A0025,1,Montemanzo 1,1
032,112025,26951631,1,7404,3,1,26951631,0,1,1,1,26951631,17/02/2012,QA2AA1AW02A0002,1,Montemanzo 1,1
032,112025,26951744,12,7404,3,2,26951744,0,1,1,1,26951744,17/02/2012,QB1AM1AW02A0050,1,Loteo San Marcos,1
032,112025,26951751,1,7404,3,1,26951751,0,1,1,1,26951751,17/02/2012,QA1AA1AW01A0002,1,Loteo San Marcos,1
032,112025,26951893,1,7404,3,1,26951893,0,1,1,1,26951893,17/02/2012,QA1AA1AW01A0003,0,32-4593,0
032,112025,26951951,12,7404,3,2,26951951,0,1,1,1,26951951,17/02/2012,QB1AM1AW02A0025,1,Montemanzo 2,1
032,112025,26951958,1,7404,3,1,26951958,0,1,1,1,26951958,17/02/2012,QA1AA1AW01A0002,1,Montemanzo 2,1
032,112025,26952041,1,7404,3,1,26952041,0,1,1,1,26952041,17/02/2012,QA3AA1AW03A0040,0,32-4580,1
032,112025,26952125,1,7404,3,1,26952125,0,1,1,1,26952125,17/02/2012,QA1AA1AW01A0002,0,32-4587,1
032,112025,26952174,1,7404,3,1,26952174,0,1,1,1,26952174,17/02/2012,QA3AA1AW03A0002,0,32-4584,1
032,112025,26952225,1,7404,3,1,26952225,0,1,1,1,26952225,17/02/2012,QA2AA1AW02A0002,1,Villa Rosa Sur,1
032,112025,26952232,12,7404,3,2,26952232,0,1,1,1,26952232,17/02/2012,QB1AM1AW02A0080,1,Villa Rosa Sur,1
032,112025,26975049,1,7405,3,1,26975049,0,4,1,1,26975049,26/01/2012,QA3AA1AW03A0002,0,Orlando Flores Retamal,1
032,112025,26975073,1,7405,3,1,26975073,0,1,1,1,26975073,26/01/2012,QA3AA1AW03A0002,0,32-4346,1
032,112025,26979252,1,7403,3,1,26979252,0,4,1,1,26979252,29/02/2012,QA3AA1AW03A0003,0,32-4574,1
032,112025,26987828,1,7403,3,1,26987828,0,1,1,1,26987828,07/03/2012,QA3AA1AW03A0005,1,Chalet Quemado,1
032,112025,26987835,12,7403,3,2,26987835,0,1,1,1,26987835,07/03/2012,QB3AM3AW03A0150,1,Chalet Quemado,1
032,112025,27889558,1,7405,3,1,27889558,0,4,1,1,27889558,31/12/2011,QA3AA1AW03A0002,0,Soc.Agricola Campo Florido ltda,1
032,112025,28061300,1,8416,3,1,28061300,0,1,1,1,28061300,01/05/2012,QA3AA1AW03A0040,0,10-102,1
032,112025,28065643,1,7404,3,1,28065643,0,4,1,1,28065643,02/02/2012,QA3AA1AW03A0003,0,32-4582,1
032,112025,28074253,1,7405,3,1,28074253,0,1,1,1,28074253,27/04/2012,QA2AA1AW02A0002,1,Ajial Valdivieso,1
032,112025,28074260,12,7405,3,2,28074260,0,1,1,1,28074260,27/04/2012,QB1AM1AW02A0050,1,Ajial Valdivieso,1
032,112025,28649621,1,7403,3,1,28649621,0,1,1,1,28649621,29/06/2012,QA1AA1AW01A0002,1,El Guindo,1
032,112025,28649634,12,7403,3,2,28649634,0,1,1,1,28649634,29/06/2012,QB1AM1AW02A0080,1,El Guindo,1
032,112025,28692671,1,7403,3,1,28692671,0,1,1,1,28692671,08/06/2012,QA3AA1AW03A0040,0,32-4516,0
032,112025,28701367,1,7404,3,1,28701367,0,1,1,1,28701367,08/06/2012,QA3AA1AW03A0010,0,32-4591,1
032,112025,28701390,1,7404,3,1,28701390,0,1,1,1,28701390,08/06/2012,QA3AA1AW03A0002,1,Las Hortencia,1
032,112025,28701404,12,7404,3,2,28701404,0,1,1,1,28701404,08/06/2012,QB1AM1AW02A0110,1,Las Hortencia,1
032,112025,28710460,1,7404,3,1,28710460,0,1,1,1,28710460,23/05/2012,QA1AA1AW01A0002,0,32-4601,1
032,112025,28710487,1,7404,3,1,28710487,0,1,1,1,28710487,23/05/2012,QA1AA1AW01A0002,0,32-4602,1
032,112025,28710507,1,7404,3,1,28710507,0,1,1,1,28710507,23/05/2012,QA1AA1AW01A0003,0,32-4603,1
032,112025,28710543,1,7404,3,1,28710543,0,1,1,1,28710543,23/05/2012,QA2AA1AW02A0002,1,Porvenir Mendez,1
032,112025,28710550,12,7404,3,2,28710550,0,1,1,1,28710550,23/05/2012,QB1AM1AW02A0080,1,Porvenir Mendez,1
032,112025,28710668,1,7404,3,1,28710668,0,1,1,1,28710668,23/05/2012,QA2AA1AW02A0002,1,EQ_MT_SED3140,1
032,112025,28710675,12,7404,3,2,28710675,0,1,1,1,28710675,23/05/2012,QB1AM1AW02A0080,1,EQ_BT_SED3140,1
032,112025,28710787,12,7404,3,2,28710787,0,1,1,1,28710787,23/05/2012,QB1AM1AW02A0050,1,Porvenir Mendez_1,1
032,112025,28710794,1,7404,3,1,28710794,0,1,1,1,28710794,23/05/2012,QA2AA1AW02A0002,1,Porvenir Mendez_1,1
032,112025,28731226,12,7403,3,1,28731226,0,1,1,1,28731226,11/01/2012,QA3AH3AW03N0040,0,Compacto de Medida,1
032,112025,28731244,1,7403,3,1,28731244,0,4,1,1,28731244,11/01/2012,QA3AA1AW03A0015,0,32-4561,1
032,112025,28926927,1,7403,3,1,28926927,0,1,1,1,28926927,31/07/2012,QA3AA1AW03A0040,0,11-2002,1
032,112025,28927557,1,7403,3,1,28927557,0,1,1,1,28927557,31/12/2014,QA2AA1AW02A0002,0,32-4522,1
032,112025,28927643,1,7403,3,1,28927643,0,1,1,1,28927643,31/12/2014,QA3AA1AW03A0005,0,32-4608,1
032,112025,28927779,1,7403,3,1,28927779,0,1,1,1,28927779,31/07/2012,QA2AA1AW02A0002,1,Paine,1
032,112025,28927798,12,7403,3,2,28927798,0,1,1,1,28927798,31/07/2012,QB1AM1AW02A0080,1,Paine,1
032,112025,28927805,12,7403,3,2,28927805,0,1,1,1,28927805,31/07/2012,QB1AM1AW02A0080,1,Paine,1
032,112025,28928016,1,7403,3,1,28928016,0,1,1,1,28928016,31/07/2012,QA2AA1AW02A0002,1,Paine 1,1
032,112025,28928023,12,7403,3,2,28928023,0,1,1,1,28928023,31/07/2012,QB1AM1AW02A0100,1,Paine 1,1
032,112025,28928196,1,7403,3,1,28928196,0,1,1,1,28928196,31/07/2012,QA3AA1AW03A0002,1,Paine 2,1
032,112025,28928203,12,7403,3,2,28928203,0,1,1,1,28928203,31/07/2012,QB3AM3AW03A0063,1,Paine 2,1
032,112025,28928329,1,7403,3,1,28928329,0,1,1,1,28928329,31/07/2012,QA2AA1AW02A0002,1,Paine 3,1
032,112025,28928336,12,7403,3,2,28928336,0,1,1,1,28928336,31/07/2012,QB1AM1AW02A0030,1,Paine 3,1
032,112025,28933256,1,7403,3,1,28933256,0,1,1,1,28933256,31/07/2012,QA3AA1AW03A0040,0,32-4540,1
032,112025,28945944,12,8409,3,1,28945944,0,4,1,1,28945944,31/12/2011,QA3AN3CK03R0300,0,32-4578,1
032,112025,28945957,1,8409,3,1,28945957,0,4,1,1,28945957,31/12/2011,QA3AA1AW03A0020,0,Desc condensadores Frigorifico Ñiquen,1
032,112025,28945980,1,8409,3,1,28945980,0,4,1,1,28945980,31/12/2011,QA3AA1AW03A0020,0,Virginia Muñoz Lopez,1
032,112025,28946003,1,8409,3,1,28946003,0,4,1,1,28946003,31/12/2011,QA3AA1AW03A0020,0,Virginia Muñoz Lopez 1,1
032,112025,28946035,1,8409,3,1,28946035,0,4,1,1,28946035,31/12/2011,QA3AA1AW03A0020,0,Virginia Muñoz Lopez 2,1
032,112025,28950268,1,7405,3,1,28950268,0,4,1,1,28950268,31/12/2011,QA3AA1AW03A0020,0,Empresa Tucapel S.A. 5,1
032,112025,28950311,1,7405,3,1,28950311,0,4,1,1,28950311,31/12/2011,QA3AA1AW03A0020,0,Empresa Tucapel S.A. 2,1
032,112025,28950342,1,7405,3,1,28950342,0,4,1,1,28950342,31/12/2011,QA3AA1AW03A0020,0,Empresa Tucapel S.A. 3,1
032,112025,28950365,1,7405,3,1,28950365,0,4,1,1,28950365,31/12/2011,QA3AA1AW03A0020,0,Empresa Tucapel S.A. 1,1
032,112025,28950404,1,7405,3,1,28950404,0,4,1,1,28950404,31/12/2011,QA3AA1AW03A0020,0,Empresa Tucapel S.A.,1
032,112025,28954505,1,7405,3,1,28954505,0,4,1,1,28954505,31/12/2011,QA3AA1AW03A0040,0,David del Curto S.A.,1
032,112025,28954518,1,7405,3,1,28954518,0,4,1,1,28954518,31/12/2011,QA3AA1AW03A0040,0,David del Curto S.A. 1,1
032,112025,29091856,1,7405,3,1,29091856,0,1,1,1,29091856,20/06/2012,QA2AA1AW02A0002,1,Los Robles 2,1
032,112025,29091875,12,7405,3,2,29091875,0,1,1,1,29091875,20/06/2012,QB1AM1AW02A0080,1,Los Robles 2,1
032,112025,29091882,12,7405,3,2,29091882,0,1,1,1,29091882,20/06/2012,QB1AM1AW02A0080,1,Los Robles 2,1
032,112025,29224994,12,7404,3,2,29224994,0,1,1,1,29224994,29/06/2012,QB1AM1AW02A0100,1,La Orilla,1
032,112025,29229283,12,7405,3,2,29229283,0,1,1,1,29229283,29/06/2012,QB3AM3AW03A0100,1,Aristides Muñoz Muñoz,1
032,112025,29383858,1,7404,3,1,29383858,0,4,1,1,29383858,11/07/2012,QA3AA1AW03A0002,0,32-4621,1
032,112025,29512932,4,7403,3,1,29512932,0,1,1,1,29512932,22/08/2012,QA3AD3CK03A0630,0,Rec. Alim. Longavi Poniente,1
032,112025,29512941,4,7403,3,1,29512941,0,1,1,1,29512941,22/08/2012,QA3AD3CK03A0630,0,Rec. Alim. Longavi Oriente,1
032,112025,29521504,4,8409,1,1,29521504,0,1,1,1,29521504,24/08/2012,QA3AD3CK03A0630,0,Rec. General Alim. San Carlos,1
032,112025,29521522,4,8409,1,1,29521522,0,1,1,1,29521522,24/08/2012,QA3AD3CK03A0630,0,Rec. General Alim. Ñiquen,1
032,112025,29521563,1,8409,3,1,29521563,0,1,1,1,29521563,24/08/2012,QA3AA1AW03A0040,0,32-4599,1
032,112025,29521584,12,8409,3,1,29521584,0,1,1,1,29521584,24/08/2012,QA3AG3CK03A0200,0,Banco Regulador de Tensión,1
032,112025,29525596,12,7405,3,1,29525596,0,1,1,1,29525596,01/08/2012,QA3AG3CK03A0100,0,Banco Regulador de Tensión,1
032,112025,29525650,1,7405,3,1,29525650,0,1,1,1,29525650,11/04/2014,QA3AA1AW03A0040,0,32-4406,1
032,112025,29529891,4,8409,3,1,29529891,0,1,1,1,29529891,01/08/2012,QA3AD3CK03A0630,0,32-4572 Rec. San Gregorio Norte,1
032,112025,29529918,1,8409,3,1,29529918,0,1,1,1,29529918,01/08/2012,QA2AA1AW02A0002,1,S/E Reco. San Gregorio Norte,1
032,112025,29529931,12,8409,3,2,29529931,0,1,1,1,29529931,01/08/2012,QB1AM1AW02A0010,1,S/E Reco. San Gregorio Norte,1
032,112025,29538504,1,8409,3,1,29538504,0,1,1,1,29538504,01/08/2012,QA2AA1AW02A0002,0,32-4418,1
032,112025,29538558,1,8409,3,1,29538558,0,1,1,1,29538558,01/08/2012,QA2AA1AW02A0002,1,Maria Lizama Corvalan,1
032,112025,29538565,12,8409,3,2,29538565,0,1,1,1,29538565,01/08/2012,QB1AM1AW02A0063,1,Maria Lizama Corvalan,1
032,112025,29589967,12,7405,3,2,29589967,0,1,1,1,29589967,31/12/2011,QB1AM1AW02A0110,1,Arnoldo Contreras,1
032,112025,29589974,1,7405,3,1,29589974,0,1,1,1,29589974,31/12/2011,QA2AA1AW02A0002,1,Arnoldo Contreras,1
032,112025,29624424,1,7403,3,1,29624424,0,4,1,1,29624424,19/07/2012,QA3AA1AW03A0005,0,32-4627,1
032,112025,29624441,12,7403,3,1,29624441,0,4,1,1,29624441,19/07/2012,QA3AH3AW03N0040,0,Compacto de Medida,1
032,112025,29667320,12,7404,3,1,29667320,0,4,1,1,29667320,11/09/2012,QA3AH3AW03N0040,0,Compacto de Medida,1
032,112025,29667403,1,7404,3,1,29667403,0,4,1,1,29667403,11/09/2012,QA3AA1AW03A0010,0,Agricola Don Emeterio Ltda._1,1
032,112025,29667427,1,7404,3,1,29667427,0,4,1,1,29667427,11/09/2012,QA3AA1AW03A0010,0,32-4527,1
032,112025,29671569,1,7405,3,1,29671569,0,4,1,1,29671569,05/09/2012,QA3AA1AW03A0005,0,32-4629,1
032,112025,29671586,12,7405,3,1,29671586,0,1,1,1,29671586,05/09/2012,QA3AH3AW03N0040,0,Compacto de Medida,1
032,112025,29675905,1,7404,3,1,29675905,0,1,1,1,29675905,05/09/2012,QA3AA1AW03A0002,1,Dirk Collen Gert,1
032,112025,29675918,12,7404,3,2,29675918,0,1,1,1,29675918,05/09/2012,QB3AM3AW03A0070,1,Dirk Collen Gert,1
032,112025,29688756,1,7405,3,1,29688756,0,1,1,1,29688756,12/10/2012,QA3AA1AW03A0003,0,32-4613,1
032,112025,29702302,1,8409,3,1,29702302,0,1,1,1,29702302,16/10/2012,QA2AA1AW02A0010,0,10-3146,1
032,112025,29702385,1,8409,3,1,29702385,0,1,1,1,29702385,16/10/2012,QA2AA1AW02A0002,0,32-4596,1
032,112025,29702396,1,8409,3,1,29702396,0,1,1,1,29702396,16/10/2012,QA1AA1AW01A0001,0,32-4597,1
032,112025,29702465,1,8409,3,1,29702465,0,1,1,1,29702465,16/10/2012,QA2AA1AW02A0002,0,10-1013,1
032,112025,29702664,1,8409,3,1,29702664,0,1,1,1,29702664,16/10/2012,QA1AA1AW01A0003,0,32-4595,1
032,112025,29703061,1,8409,3,1,29703061,0,1,1,1,29703061,16/10/2012,QA2AA1AW02A0002,0,32-4594,1
032,112025,29703115,1,8409,3,1,29703115,0,1,1,1,29703115,16/10/2012,QA2AA1AW02A0002,0,10-3148,1
032,112025,29703171,1,8409,3,1,29703171,0,1,1,1,29703171,16/10/2012,QA2AA1AW02A0002,1,Criadero Nueva Suiza Ltda.,1
032,112025,29703184,12,8409,3,2,29703184,0,1,1,1,29703184,16/10/2012,QB1AM1AW02A0100,1,Criadero Nueva Suiza Ltda.,1
032,112025,29703252,1,8409,3,1,29703252,0,1,1,1,29703252,16/10/2012,QA2AA1AW02A0002,0,32-4598,1
032,112025,29703285,1,8409,3,1,29703285,0,1,1,1,29703285,16/10/2012,QA1AA1AW01A0002,1,EQ_MT_SED594,1
032,112025,29703298,12,8409,3,2,29703298,0,1,1,1,29703298,16/10/2012,QB1AM1AW02A0030,1,EQ_BT_SED594,1
032,112025,29705953,1,7404,3,1,29705953,0,1,1,1,29705953,19/10/2012,QA3AA1AW03A0015,0,08-104,1
032,112025,29705970,1,7404,3,1,29705970,0,1,1,1,29705970,19/10/2012,QA3AA1AW03A0040,0,32-4615,1
032,112025,29705997,4,7404,3,1,29705997,0,1,1,1,29705997,19/10/2012,QA3AD3CK03A0400,0,32-4618,1
032,112025,29706150,1,7404,3,1,29706150,0,1,1,1,29706150,19/10/2012,QA3AA1AW03A0003,0,32-4617,1
032,112025,29710193,1,7404,3,1,29710193,0,1,1,1,29710193,19/10/2012,QA2AA1AW02A0010,0,32-4505,1
032,112025,29787478,1,7405,3,1,29787478,0,1,1,1,29787478,01/09/2012,QA3AA1AW03A0040,0,32-4623,1
032,112025,29843425,1,7405,3,1,29843425,0,1,1,1,29843425,18/11/2011,QA3AA1AW03A0005,0,32-4559,1
032,112025,29843446,12,7405,3,1,29843446,0,4,1,1,29843446,18/11/2011,QA3AH3AW03N0040,0,Compacto de Medida,1
032,112025,29847691,1,7405,3,1,29847691,0,1,1,1,29847691,26/10/2012,QA3AA1AW03A0005,0,09-3086,1
032,112025,29847731,1,7405,3,1,29847731,0,1,1,1,29847731,26/10/2012,QA2AA1AW02A0002,1,Patricio Maureira F,1
032,112025,29847744,12,7405,3,2,29847744,0,1,1,1,29847744,26/10/2012,QB1AM1AW02A0015,1,Patricio Maureira F,1
032,112025,29852333,1,7404,3,1,29852333,0,1,1,1,29852333,26/10/2012,QA3AA1AW03A0005,0,08-3222,1
032,112025,29860515,1,7405,3,1,29860515,0,1,1,1,29860515,18/08/2012,QA1AA1AW01A0001,0,32-4642,1
032,112025,29860542,12,7405,3,2,29860542,0,1,1,1,29860542,18/08/2012,QB1AM1AW02A0030,1,Domingo Valdés Valdés,1
032,112025,29886297,1,7404,3,1,29886297,0,4,1,1,29886297,19/10/2012,QA3AA1AW03A0005,0,32-4645,1
032,112025,29886314,12,7404,3,1,29886314,0,4,1,1,29886314,19/10/2012,QA3AH3AW03N0040,0,Compacto de Medida,1
032,112025,29917402,1,8409,3,1,29917402,0,1,1,1,29917402,09/11/2012,QA2AA1AW02A0002,1,Viriguin,1
032,112025,29917435,12,8409,3,2,29917435,0,1,1,1,29917435,09/11/2012,QB1AM1AW02A0050,1,Viriguin,1
032,112025,29917442,12,8409,3,2,29917442,0,1,1,1,29917442,09/11/2012,QB1AM1AW02A0025,1,Viriguin,1
032,112025,29917449,12,8409,3,2,29917449,0,1,1,1,29917449,09/11/2012,QB1AM1AW02A0110,1,Viriguin,1
032,112025,29917613,1,8409,3,1,29917613,0,1,1,1,29917613,09/11/2012,QA2AA1AW02A0002,1,Viriguin 1,1
032,112025,29917626,12,8409,3,2,29917626,0,1,1,1,29917626,09/11/2012,QB1AM1AW02A0080,1,Viriguin 1,1
032,112025,29917719,1,8409,3,1,29917719,0,1,1,1,29917719,09/11/2012,QA2AA1AW02A0002,1,VIriguin 2,1
032,112025,29917736,12,8409,3,2,29917736,0,1,1,1,29917736,09/11/2012,QB1AM1AW02A0063,1,VIriguin 2,1
032,112025,29917827,1,8409,3,1,29917827,0,1,1,1,29917827,09/11/2012,QA2AA1AW02A0002,1,VIriguin 3,1
032,112025,29917840,12,8409,3,2,29917840,0,1,1,1,29917840,09/11/2012,QB1AM1AW02A0100,1,VIriguin 3,1
032,112025,29917914,1,8409,3,1,29917914,0,1,1,1,29917914,09/11/2012,QA2AA1AW02A0002,1,VIriguin 4,1
032,112025,29917928,12,8409,3,2,29917928,0,1,1,1,29917928,09/11/2012,QB1AM1AW02A0050,1,VIriguin 4,1
032,112025,29917941,12,8409,3,2,29917941,0,1,1,1,29917941,09/11/2012,QB1AM1AW02A0050,1,VIriguin 4,1
032,112025,29918054,1,8409,3,1,29918054,0,1,1,1,29918054,09/11/2012,QA2AA1AW02A0002,0,10-1017,1
032,112025,29918201,1,8409,3,1,29918201,0,1,1,1,29918201,09/11/2012,QA2AA1AW02A0002,0,32-4636,1
032,112025,29918226,1,8409,3,1,29918226,0,1,1,1,29918226,09/11/2012,QA2AA1AW02A0002,0,32-4573,1
032,112025,30002914,1,7404,3,1,30002914,0,1,1,1,30002914,14/11/2012,QA3AA1AW03A0020,0,32-4632,1
032,112025,30002959,1,7404,3,1,30002959,0,1,1,1,30002959,14/11/2012,QA3AA1AW03A0020,0,32-4647,1
032,112025,30002990,1,7404,3,1,30002990,0,1,1,1,30002990,14/11/2012,QA3AA1AW03A0020,0,32-4633,1
032,112025,30003007,1,7404,3,1,30003007,0,1,1,1,30003007,14/11/2012,QA3AA1AW03A0020,0,32-4634,1
032,112025,30003487,1,7404,3,1,30003487,0,1,1,1,30003487,14/11/2012,QA3AA1AW03A0015,0,32-4648,1
032,112025,30036588,1,7404,3,1,30036588,0,1,1,1,30036588,14/11/2012,QA3AA1AW03A0020,0,32 -4651,0
032,112025,30045193,1,7404,3,1,30045193,0,4,1,1,30045193,08/10/2012,QA3AA1AW03A0010,0,32-4651,1
032,112025,30045262,12,7404,3,1,30045262,0,4,1,1,30045262,08/10/2012,QA3AH3AW03N0040,0,Compacto de Medida,1
032,112025,30045321,1,7404,3,1,30045321,0,4,1,1,30045321,08/10/2012,QA3AA1AW03A0005,0,Sociedad Agricola CF  1 Ltda.,1
032,112025,30058431,1,7405,3,1,30058431,0,1,1,1,30058431,20/11/2012,QA2AA1AW02A0002,1,El Peral Guillermo  Marin Forestal,1
032,112025,30058444,12,7405,3,2,30058444,0,1,1,1,30058444,20/11/2012,QB1AM1AW02A0030,1,El Peral Guillermo  Marin Forestal,1
032,112025,30062372,1,7405,3,1,30062372,0,4,1,1,30062372,08/10/2012,QA3AA1AW03A0002,0,32-4609,1
032,112025,30062399,1,7405,3,1,30062399,0,4,1,1,30062399,08/10/2012,QA3AA1AW03A0002,0,Forestal el Alamo Ltda,1
032,112025,30066912,1,8409,3,1,30066912,0,1,1,1,30066912,22/11/2012,QA2AA1AW02A0002,0,32-4641,1
032,112025,30066936,12,8409,3,2,30066936,0,1,1,1,30066936,22/11/2012,QB1AM1AW02A0015,1,San Vicente de Chacay,1
032,112025,30067021,1,8409,3,1,30067021,0,1,1,1,30067021,22/11/2012,QA3AA1AW03A0005,0,32-4639,1
032,112025,30067060,1,8409,3,1,30067060,0,1,1,1,30067060,22/11/2012,QA2AA1AW02A0002,0,32-4638,1
032,112025,30071011,1,7405,3,1,30071011,0,4,1,1,30071011,07/11/2012,QA3AA1AW03A0003,0,32-4635,1
032,112025,30127046,1,7405,3,1,30127046,0,4,1,1,30127046,04/12/2012,QA3AA1AW03A0002,0,32-4650,1
032,112025,30127073,1,7405,3,1,30127073,0,1,1,1,30127073,04/12/2012,QA2AA1AW02A0002,1,Carmen Oriente,1
032,112025,30127087,12,7405,3,2,30127087,0,1,1,1,30127087,04/12/2012,QB1AM1AW02A0015,1,Carmen Oriente,1
032,112025,30127173,12,7405,3,1,30127173,0,4,1,1,30127173,04/12/2012,QA3AH3AW03N0040,0,Compacto de Medida,1
032,112025,30127206,1,7405,3,1,30127206,0,4,1,1,30127206,04/12/2012,QA3AA1AW03A0002,0,Agricola Caspana Ltda.,1
032,112025,30169873,1,7403,3,1,30169873,0,1,1,1,30169873,30/11/2012,QA3AA1AW03A0002,0,11-3029,1
032,112025,30169901,1,7403,3,1,30169901,0,4,1,1,30169901,30/11/2012,QA3AA1AW03A0002,0,32-4630,1
032,112025,30169925,12,7403,3,1,30169925,0,4,1,1,30169925,30/11/2012,QA3AH3AW03N0040,0,Compacto de Medida,1
032,112025,30169956,1,7403,3,1,30169956,0,4,1,1,30169956,30/11/2012,QA3AA1AW03A0002,0,Exportadora Agromar S.A.,1
032,112025,30178259,1,8409,3,1,30178259,0,1,1,1,30178259,22/11/2012,QA3AA1AW03A0001,1,Hosteria Blue Moon,1
032,112025,30178273,12,8409,3,2,30178273,0,1,1,1,30178273,22/11/2012,QB3AM3AW03A0063,1,Hosteria Blue Moon,1
032,112025,30200572,1,7405,3,1,30200572,0,1,1,1,30200572,01/12/2012,QA3AA1AW03A0003,0,32-4657,1
032,112025,30227393,2,7404,3,1,30227393,0,1,1,1,30227393,01/12/2012,QA3AB1AW03A0600,0,32-4308,1
032,112025,30227419,2,7404,3,1,30227419,0,1,1,1,30227419,01/12/2012,QA3AB1AW03A0600,0,32-4682,1
032,112025,30227451,2,7405,3,1,30227451,0,1,1,1,30227451,01/12/2012,QA3AB1AW03A0600,0,32-4661,1
032,112025,30227479,1,7405,3,1,30227479,0,1,1,1,30227479,01/12/2012,QA2AA1AW02A0002,0,32-4660,1
032,112025,30227531,1,7404,3,1,30227531,0,1,1,1,30227531,01/12/2012,QA3AA1AW03A0005,0,08-3010,1
032,112025,30227555,1,7404,3,1,30227555,0,4,1,1,30227555,01/12/2012,QA3AA1AW03A0003,0,08-3467,1
032,112025,30227600,1,7404,3,1,30227600,0,1,1,1,30227600,01/12/2012,QA3AA1AW03A0002,0,08-3009,1
032,112025,30227721,1,7404,3,1,30227721,0,1,1,1,30227721,01/12/2012,QA2AA1AW02A0002,0,08-3008,1
032,112025,30227778,2,7404,3,1,30227778,0,1,1,1,30227778,01/12/2012,QA3AB1AW03A0600,0,32-4658,1
032,112025,30227830,1,7404,3,1,30227830,0,1,1,1,30227830,01/12/2012,QA2AA1AW02A0002,0,32-4247,1
032,112025,30227914,1,7404,3,1,30227914,0,1,1,1,30227914,01/12/2012,QA3AA1AW03A0005,0,08-3004,1
032,112025,30228043,1,7404,3,1,30228043,0,1,1,1,30228043,01/12/2012,QA3AA1AW03A0002,0,32-4659,1
032,112025,30228146,1,7404,3,1,30228146,0,1,1,1,30228146,01/12/2012,QA2AA1AW02A0002,1,San Pablo,1
032,112025,30228161,12,7404,3,2,30228161,0,1,1,1,30228161,01/12/2012,QB1AM1AW02A0025,1,San Pablo,1
032,112025,30228259,1,7405,3,1,30228259,0,1,1,1,30228259,01/12/2012,QA3AA1AW03A0002,1,Ajail,1
032,112025,30228280,12,7405,3,2,30228280,0,1,1,1,30228280,01/12/2012,QB1AM1AW02A0110,1,Ajail,1
032,112025,30285599,1,7404,3,1,30285599,0,1,1,1,30285599,01/12/2012,QA3AA1AW03A0003,0,08-3001,1
032,112025,30294971,1,7405,3,1,30294971,0,1,1,1,30294971,19/12/2012,QA2AA1AW02A0002,0,32-4652,1
032,112025,30294994,1,7405,3,1,30294994,0,1,1,1,30294994,19/12/2012,QA2AA1AW02A0002,1,Romeral Sur,1
032,112025,30295007,12,7405,3,2,30295007,0,1,1,1,30295007,19/12/2012,QB1AM1AW02A0063,1,Romeral Sur,1
032,112025,30302774,1,8409,3,1,30302774,0,1,1,1,30302774,02/01/2013,QA2AA1AW02A0002,1,EQ_MT_SED3182,1
032,112025,30302787,12,8409,3,2,30302787,0,1,1,1,30302787,02/01/2013,QB1AM1AW02A0015,1,EQ_BT_SED3182,1
032,112025,30307069,1,7403,3,1,30307069,0,4,1,1,30307069,14/12/2012,QA3AA1AW03A0003,0,32-4605,1
032,112025,30315657,1,7403,3,1,30315657,0,1,1,1,30315657,14/12/2012,QA2AA1AW02A0002,1,AP Los Cristales,1
032,112025,30315675,12,7403,3,2,30315675,0,1,1,1,30315675,14/12/2012,QB1AM1AW02A0110,1,AP Los Cristales,1
032,112025,30319983,1,7405,3,1,30319983,0,4,1,1,30319983,28/11/2012,QA3AA1AW03A0003,0,32-4624,1
032,112025,30328610,1,7405,3,1,30328610,0,4,1,1,30328610,07/09/2012,QA3AA1AW03A0003,0,32-4610,1
032,112025,30328634,1,7405,3,1,30328634,0,4,1,1,30328634,07/09/2012,QA3AA1AW03A0002,0,EQ_MT_SEP3146,1
032,112025,30337129,1,7405,3,1,30337129,0,1,1,1,30337129,14/12/2012,QA3AA1AW03A0020,0,32-4653,1
032,112025,30792291,12,7403,3,2,30792291,0,1,1,1,30792291,01/03/2013,QB1AM1AW02A0063,1,EQ_BT_SED121,1
032,112025,30801588,1,8409,3,1,30801588,0,4,1,1,30801588,22/01/2013,QA3AA1AW03A0003,0,32-4662,1
032,112025,30801625,1,8409,3,1,30801625,0,1,1,1,30801625,22/01/2013,QA1AA1AW01A0001,1,Galvarino Gajardo Molina,1
032,112025,30801639,12,8409,3,2,30801639,0,1,1,1,30801639,22/01/2013,QB1AM1AW02A0025,1,Galvarino Gajardo Molina,1
032,112025,30801756,1,8409,3,1,30801756,0,1,1,1,30801756,22/01/2013,QA1AA1AW01A0003,0,32-4679,1
032,112025,30809684,1,8416,3,1,30809684,0,1,1,1,30809684,24/01/2013,QA2AA1AW02A0010,0,32-4663,1
032,112025,30813749,1,8416,3,1,30813749,0,1,1,1,30813749,24/01/2013,QA2AA1AW02A0010,0,32-4664,1
032,112025,30818101,12,8416,3,2,30818101,0,1,1,1,30818101,24/01/2013,QB1AM1AW02A0025,1,Esquina Santa Amalia,1
032,112025,30818114,1,8416,3,1,30818114,0,1,1,1,30818114,24/01/2013,QA2AA1AW02A0002,1,Esquina Santa Amalia,1
032,112025,30822451,1,7405,3,1,30822451,0,4,1,1,30822451,01/03/2013,QA2AA1AW02A0010,1,32-4678,1
032,112025,30822472,12,7405,3,1,30822472,0,4,1,1,30822472,01/03/2013,QA3AH3AW03N0040,0,Compacto de Medida,1
032,112025,30822636,1,7405,3,1,30822636,0,4,1,1,30822636,01/03/2013,QA2AA1AW02A0002,0,Comercial Popeta S.A,1
032,112025,30822659,1,7405,3,1,30822659,0,4,1,1,30822659,01/03/2013,QA2AA1AW02A0002,0,Comercial Popeta S.A _1,1
032,112025,30822682,1,7405,3,1,30822682,0,4,1,1,30822682,01/03/2013,QA2AA1AW02A0002,0,Comercial Popeta S.A _2,1
032,112025,30827354,1,7405,3,1,30827354,0,4,1,1,30827354,12/03/2013,QA3AA1AW03A0002,0,32-4681,1
032,112025,30827444,1,7405,3,1,30827444,0,4,1,1,30827444,12/03/2013,QA3AA1AW03A0002,0,32-4680,1
032,112025,30827507,1,7405,3,1,30827507,0,1,1,1,30827507,12/03/2013,QA3AA1AW03A0003,0,09-3070,1
032,112025,30827524,1,7405,3,1,30827524,0,1,1,1,30827524,12/03/2013,QA3AA1AW03A0003,0,09-3067,1
032,112025,30827541,1,7405,3,1,30827541,0,1,1,1,30827541,12/03/2013,QA1AA1AW01A0002,0,32-5200,1
032,112025,30835376,1,7405,3,1,30835376,0,1,1,1,30835376,20/03/2013,QA3AA1AW03A0002,0,32-4667,0
032,112025,30839519,1,7405,3,1,30839519,0,1,1,1,30839519,01/03/2013,QA2AA1AW02A0002,1,Soc Agricola El Guindo Ltda,1
032,112025,30839536,12,7405,3,2,30839536,0,1,1,1,30839536,01/03/2013,QB1AM1AW02A0025,1,Soc Agricola El Guindo Ltda,1
032,112025,30843988,1,8416,3,1,30843988,0,1,1,1,30843988,01/03/2013,QA3AA1AW03A0003,0,32-5261,1
032,112025,30856697,1,7405,3,1,30856697,0,4,1,1,30856697,01/03/2013,QA2AA1AW02A0002,0,32-4227,1
032,112025,30861040,1,7405,3,1,30861040,0,4,1,1,30861040,01/03/2013,QA3AA1AW03A0002,0,32-4213,1
032,112025,30861057,12,7405,3,1,30861057,0,4,1,1,30861057,01/03/2013,QA3AH3AW03N0040,0,Compacto de Medida,1
032,112025,30861089,1,7405,3,1,30861089,0,4,1,1,30861089,01/03/2013,QA3AA1AW03A0002,0,Catalina Godoy Roman,1
032,112025,30865296,1,7404,3,1,30865296,0,1,1,1,30865296,03/12/2012,QC2AA1AW02A0001,0,32-4676,1
032,112025,30865323,12,7404,3,2,30865323,0,1,1,1,30865323,03/12/2012,QB1AM1AW02A0110,1,Miguel Cardonne Rebolledo,1
032,112025,30874142,1,8409,3,1,30874142,0,1,1,1,30874142,24/01/2013,QA3AA1AW03A0002,1,Desc S/E 3185 la Pitrilla,1
032,112025,30874149,12,8409,3,2,30874149,0,1,1,1,30874149,24/01/2013,QB3AM3AW03A0040,1,Protección BT Aérea,1
032,112025,30882543,1,7405,3,1,30882543,0,1,1,1,30882543,18/01/2013,QA2AA1AW02A0002,1,Desc S/E 3186 Ajial,1
032,112025,30882560,12,7405,3,2,30882560,0,1,1,1,30882560,18/01/2013,QB1AM1AW02A0030,1,Protección BT Aérea,1
032,112025,30955728,1,7405,3,1,30955728,0,4,1,1,30955728,01/03/2013,QA3AA1AW03A0002,0,32-4686,1
032,112025,30959765,1,7404,3,1,30959765,0,4,1,1,30959765,01/03/2013,QA3AA1AW03A0015,0,Soc Maderas Bravo Ltda.,1
032,112025,30964244,1,7405,3,1,30964244,0,4,1,1,30964244,22/02/2013,QA3AA1AW03A0002,0,32-4548,1
032,112025,30964259,12,7405,3,1,30964259,0,4,1,1,30964259,22/02/2013,QA3AH3AW03N0040,0,Compacto de Medida,1
032,112025,30964296,1,7405,3,1,30964296,0,4,1,1,30964296,24/02/2014,QA3AA1AW03A0001,0,Forestal El Alamo 1,1
032,112025,30964328,1,7405,3,1,30964328,0,4,1,1,30964328,22/02/2013,QA3AA1AW03A0001,0,Forestal El Alamo,1
032,112025,30972656,1,7403,3,1,30972656,0,4,1,1,30972656,08/03/2013,QA3AA1AW03A0002,0,32-4671,1
032,112025,30972663,12,7403,3,1,30972663,0,4,1,1,30972663,08/03/2013,QA3AH3AW03N0040,0,Compacto de Medida,1
032,112025,30976935,1,7405,3,1,30976935,0,1,1,1,30976935,31/12/2014,QA2AA1AW02A0010,0,32-1670,1
032,112025,31080485,1,7403,3,1,31080485,0,1,1,1,31080485,11/04/2013,QA3AA1AW03A0003,0,32-4683,1
032,112025,31080542,1,7403,3,1,31080542,0,1,1,1,31080542,11/04/2013,QA3AA1AW03A0003,1,Loteo Los Conquistadores,1
032,112025,31080555,12,7403,3,2,31080555,0,1,1,1,31080555,11/04/2013,QB3AM3AW03A0125,1,Loteo Los Conquistadores,1
032,112025,31080713,1,7403,3,1,31080713,0,1,1,1,31080713,11/04/2013,QA3AA1AW03A0003,1,Loteo Los Conquistadores_1,1
032,112025,31080726,12,7403,3,2,31080726,0,1,1,1,31080726,11/04/2013,QB3AM3AW03A0125,1,Loteo Los Conquistadores_1,1
032,112025,31088632,1,8416,3,1,31088632,0,1,1,1,31088632,01/04/2013,QC2AA1AW02A0001,1,Buli Ruta 5 Sur,1
032,112025,31088645,12,8416,3,2,31088645,0,1,1,1,31088645,01/04/2013,QB1AM1AW02A0010,1,Buli Ruta 5 Sur,1
032,112025,31436385,1,7403,3,1,31436385,0,1,1,1,31436385,25/06/2010,QA2AA1AW02A0002,1,La Tercera Centro,1
032,112025,31444962,1,7405,3,1,31444962,0,1,1,1,31444962,27/10/2010,QA3AA1AW03A0010,0,08-3059,0
032,112025,31702624,1,7405,3,1,31702624,0,4,1,1,31702624,01/03/2005,QA3AA1AW03A0002,1,EQMT_SSEE_31702661,1
032,112025,31702644,12,7405,3,2,31702644,0,4,1,1,31702644,01/03/2005,QB3AM3AW03A0150,1,EQBT_SSEE_31702661,1
032,112025,31835736,12,7405,3,2,31835736,0,1,1,1,31835736,08/08/2013,QB1AM1AW02A0010,1,Protección BT Aérea,1
032,112025,31835839,1,7405,3,1,31835839,0,1,1,1,31835839,08/08/2013,QA2AA1AW02A0002,1,EQMT_SSEE_31835732,1
032,112025,31861627,1,7405,3,1,31861627,0,1,1,1,31861627,08/08/2013,QA2AA1AW02A0001,1,EQMT_31861619,1
032,112025,31861634,12,7405,3,2,31861634,0,1,1,1,31861634,08/08/2013,QB1AM1AW02A0010,1,EQBT_31861619,1
032,112025,31878670,12,7405,3,2,31878670,0,1,1,1,31878670,10/07/2013,QB1AM1AW02A0015,1,EQBT_SSEE_31878666,1
032,112025,32110558,1,7404,3,1,32110558,0,1,1,1,32110558,31/05/2013,QA3AA1AW03A0001,1,Desconectador Fusible Aéreo MT,1
032,112025,32110565,12,7404,3,2,32110565,0,1,1,1,32110565,31/05/2013,QB1AM1AW02A0080,1,Protección BT Aérea,1
032,112025,32110791,1,7404,3,1,32110791,0,1,1,1,32110791,31/05/2013,QA3AA1AW03A0020,0,32-4694,1
032,112025,32110889,1,7404,3,1,32110889,0,1,1,1,32110889,31/05/2013,QA3AA1AW03A0020,0,32-4693,1
032,112025,32140667,1,7404,3,1,32140667,0,1,1,1,32140667,28/05/2013,QA2AA1AW02A0010,0,32-4886,1
032,112025,32179495,1,7403,3,1,32179495,0,1,1,1,32179495,24/05/2013,QA3AA1AW03A0010,0,11-3185,1
032,112025,32180235,1,7403,3,1,32180235,0,1,1,1,32180235,24/05/2013,QA3AA1AW03A0001,0,Desconectador Fusible Aéreo MT,1
032,112025,32192237,1,7404,3,1,32192237,0,1,1,1,32192237,27/09/2013,QA3AA1AW03A0002,0,32-4717,1
032,112025,32316693,1,7405,3,1,32316693,0,1,1,1,32316693,11/09/2013,QA3AA1AW03A0002,0,09-3045,1
032,112025,32411304,1,7404,3,1,32411304,0,1,1,1,32411304,28/08/2013,QA2AA1AW02A0001,1,Desconectador Fusible Aéreo MT,1
032,112025,32411311,12,7404,3,2,32411311,0,1,1,1,32411311,28/08/2013,QB1AM1AW02A0063,1,Protección BT Aérea,1
032,112025,32449986,1,7405,3,1,32449986,0,1,1,1,32449986,01/05/2013,QA2AA1AW02A0002,0,Desconectador Fusible Aéreo MT,1
032,112025,32450007,1,7405,3,1,32450007,0,1,1,1,32450007,01/05/2013,QA2AA1AW02A0002,1,Desconectador Fusible Aéreo MT,1
032,112025,32450014,12,7405,3,2,32450014,0,1,1,1,32450014,01/05/2013,QB1AM1AW02A0025,1,Protección BT Aérea,1
032,112025,32450359,1,7405,3,1,32450359,0,1,1,1,32450359,01/05/2013,QA2AA1AW02A0002,0,Desconectador Fusible Aéreo MT,1
032,112025,32450378,1,7405,3,1,32450378,0,1,1,1,32450378,01/05/2013,QA2AA1AW02A0002,1,Desconectador Fusible Aéreo MT,1
032,112025,32450385,12,7405,3,2,32450385,0,1,1,1,32450385,01/05/2013,QB1AM1AW02A0025,1,Protección BT Aérea,1
032,112025,32450798,1,7405,3,1,32450798,0,1,1,1,32450798,01/05/2013,QA2AA1AW02A0002,0,Desconectador Fusible Aéreo MT,1
032,112025,32450836,1,7405,3,1,32450836,0,1,1,1,32450836,01/05/2013,QA2AA1AW02A0002,1,Desconectador Fusible Aéreo MT,1
032,112025,32450843,12,7405,3,2,32450843,0,1,1,1,32450843,01/05/2013,QB1AM1AW02A0025,1,Protección BT Aérea,1
032,112025,32451471,1,7405,3,1,32451471,0,1,1,1,32451471,01/05/2013,QA2AA1AW02A0002,0,Desconectador Fusible Aéreo MT,1
032,112025,32451537,1,7405,3,1,32451537,0,1,1,1,32451537,01/05/2013,QA2AA1AW02A0002,1,Desconectador Fusible Aéreo MT,1
032,112025,32451544,12,7405,3,2,32451544,0,1,1,1,32451544,01/05/2013,QB1AM1AW02A0025,1,Protección BT Aérea,1
032,112025,32452228,1,7405,3,1,32452228,0,1,1,1,32452228,01/05/2013,QA2AA1AW02A0002,0,Desconectador Fusible Aéreo MT,1
032,112025,32452276,1,7405,3,1,32452276,0,1,1,1,32452276,01/05/2013,QA2AA1AW02A0002,1,Desconectador Fusible Aéreo MT,1
032,112025,32452283,12,7405,3,2,32452283,0,1,1,1,32452283,01/05/2013,QB1AM1AW02A0050,1,Protección BT Aérea,1
032,112025,32462692,1,7404,3,1,32462692,0,1,1,1,32462692,27/09/2013,QA2AA1AW02A0001,1,Desconectador Fusible Aéreo MT,1
032,112025,32462712,12,7404,3,2,32462712,0,1,1,1,32462712,27/09/2013,QB1AM1AW02A0050,1,Protección BT Aérea,1
032,112025,32471308,12,7403,3,2,32471308,0,1,1,1,32471308,19/09/2013,QB1AM1AW02A0110,1,Protección BT Aérea,1
032,112025,32471327,1,7403,3,1,32471327,0,1,1,1,32471327,19/09/2013,QA2AA1AW02A0001,1,Desconectador Fusible Aéreo MT,1
032,112025,32505641,1,7404,3,1,32505641,0,4,1,1,32505641,21/10/2013,QA3AA1AW03A0005,0,32-4734,1
032,112025,32505660,12,7404,3,1,32505660,0,4,1,1,32505660,21/10/2013,QA3AH3AW03N0040,0,Compacto de Medida,1
032,112025,32505732,1,7404,3,1,32505732,0,4,1,1,32505732,21/10/2013,QA3AA1AW03A0003,0,Desconectador Fusible Aéreo MT,1
032,112025,32600061,1,8416,3,1,32600061,0,1,1,1,32600061,26/04/2013,QA2AA1AW02A0002,1,Desconectador Fusible Aéreo MT,1
032,112025,32600068,12,8416,3,2,32600068,0,1,1,1,32600068,26/04/2013,QB1AM1AW02A0100,1,Protección BT Aérea,1
032,112025,32600454,1,8409,3,1,32600454,0,1,1,1,32600454,26/04/2013,QA2AA1AW02A0002,1,Desconectador Fusible Aéreo MT,1
032,112025,32600461,12,8409,3,2,32600461,0,1,1,1,32600461,26/04/2013,QB1AM1AW02A0100,1,Protección BT Aérea,1
032,112025,32612988,1,7405,3,1,32612988,0,1,1,1,32612988,18/01/2013,QA3AA1AW03A0002,1,Desconectador Fusible Aéreo MT,1
032,112025,32612995,12,7405,3,2,32612995,0,1,1,1,32612995,18/01/2013,QB3AM3AW03A0080,1,Protección BT Aérea,1
032,112025,32625821,1,7404,3,1,32625821,0,1,1,1,32625821,17/04/2013,QA2AA1AW02A0002,0,Desconectador Fusible Aéreo MT,1
032,112025,32625889,1,7404,3,1,32625889,0,1,1,1,32625889,17/04/2013,QA1AA1AW01A0001,1,Desconectador Fusible Aéreo MT,1
032,112025,32625896,12,7404,3,2,32625896,0,1,1,1,32625896,17/04/2013,QB1AM1AW02A0010,1,Protección BT Aérea,1
032,112025,32630129,1,7405,3,1,32630129,0,1,1,1,32630129,28/06/2013,QA1AA1AW01A0001,1,Desconectador Fusible Aéreo MT,1
032,112025,32630136,12,7405,3,2,32630136,0,1,1,1,32630136,28/06/2013,QB1AM1AW02A0050,1,Protección BT Aérea,1
032,112025,32630240,1,7405,3,1,32630240,0,1,1,1,32630240,28/06/2013,QA1AA1AW01A0001,1,Desconectador Fusible Aéreo MT,1
032,112025,32630247,12,7405,3,2,32630247,0,1,1,1,32630247,28/06/2013,QB1AM1AW02A0050,1,Protección BT Aérea,1
032,112025,32630340,1,7405,3,1,32630340,0,1,1,1,32630340,28/06/2013,QA1AA1AW01A0001,1,Desconectador Fusible Aéreo MT,1
032,112025,32630347,12,7405,3,2,32630347,0,1,1,1,32630347,28/06/2013,QB1AM1AW02A0040,1,Protección BT Aérea,1
032,112025,32638696,1,7405,3,1,32638696,0,1,1,1,32638696,31/05/2013,QA2AA1AW02A0010,0,32-4695,1
032,112025,32638707,1,7405,3,1,32638707,0,1,1,1,32638707,31/12/2014,QA3AA1AW03A0003,0,32-4696,1
032,112025,32638755,1,7405,3,1,32638755,0,1,1,1,32638755,31/05/2013,QA3AA1AW03A0002,1,Desconectador Fusible Aéreo MT,1
032,112025,32638762,12,7405,3,2,32638762,0,1,1,1,32638762,31/05/2013,QB3AM3AW03A0050,1,Protección BT Aérea,1
032,112025,32651627,1,8409,3,1,32651627,0,1,1,1,32651627,13/06/2013,QA2AA1AW02A0002,1,Desconectador Fusible Aéreo MT,1
032,112025,32651634,12,8409,3,2,32651634,0,1,1,1,32651634,13/06/2013,QB1AM1AW02A0090,1,Protección BT Aérea,1
032,112025,32664530,1,7404,3,1,32664530,0,1,1,1,32664530,28/06/2013,QA3AA1AW03A0010,0,Desconectador Fusible Aéreo MT,1
032,112025,32664559,1,7404,3,1,32664559,0,1,1,1,32664559,28/06/2013,QA3AA1AW03A0001,1,Desconectador Fusible Aéreo MT,1
032,112025,32664566,12,7404,3,2,32664566,0,1,1,1,32664566,28/06/2013,QB3AM3AW03A0063,1,Protección BT Aérea,1
032,112025,32738410,1,7403,3,1,32738410,0,1,1,1,32738410,31/12/2014,QA3AA1AW03A0005,0,11-3088,1
032,112025,32738466,1,7403,3,1,32738466,0,1,1,1,32738466,31/12/2014,QA3AA1AW03A0005,0,32-4756,1
032,112025,32754719,1,7405,3,1,32754719,0,1,1,1,32754719,12/06/2013,QA2AA1AW02A0010,0,32-4700,1
032,112025,32754820,1,7405,3,1,32754820,0,1,1,1,32754820,12/06/2013,QA1AA1AW01A0001,1,Desconectador Fusible Aéreo MT,1
032,112025,32754830,12,7405,3,2,32754830,0,1,1,1,32754830,12/06/2013,QB1AM1AW02A0015,1,Protección BT Aérea,1
032,112025,32754901,1,7405,3,1,32754901,0,1,1,1,32754901,12/06/2013,QA2AA1AW02A0002,1,Desconectador Fusible Aéreo MT,1
032,112025,32754911,12,7405,3,2,32754911,0,1,1,1,32754911,12/06/2013,QB1AM1AW02A0063,1,Romeral Sur 3226,1
032,112025,32789595,1,7405,3,1,32789595,0,1,1,1,32789595,27/09/2013,QA2AA1AW02A0001,1,EQ_MT_SED 3246,1
032,112025,32789622,12,7405,3,2,32789622,0,1,1,1,32789622,27/09/2013,QB1AM1AW02A0063,1,EQ_BT_SED 3246,1
032,112025,32802072,1,7405,3,1,32802072,0,1,1,1,32802072,28/08/2013,QA1AA1AW01A0001,1,Desconectador Fusible Aéreo MT,1
032,112025,32802079,12,7405,3,2,32802079,0,1,1,1,32802079,28/08/2013,QB1AM1AW02A0030,1,Protección BT Aérea,1
032,112025,32802222,1,7405,3,1,32802222,0,1,1,1,32802222,28/08/2013,QA2AA1AW02A0001,0,32-4704,1
032,112025,32836278,1,7405,3,1,32836278,0,4,1,1,32836278,30/09/2013,QA3AA1AW03A0003,0,Desconectador Fusible Aéreo MT,1
032,112025,32836328,12,7405,3,1,32836328,0,4,1,1,32836328,30/09/2013,QA3AH3AW03N0040,0,Compacto de Medida,1
032,112025,32836360,1,7405,3,1,32836360,0,4,1,1,32836360,30/09/2013,QA3AA1AW03A0003,0,32-4747,1
032,112025,32840681,12,7405,3,1,32840681,0,4,1,1,32840681,28/10/2013,QA3AH3AW03N0040,0,Compacto de Medida,1
032,112025,32840900,1,7405,3,1,32840900,0,4,1,1,32840900,28/10/2013,QA3AA1AW03A0003,0,32-4751,1
032,112025,32841008,1,7405,3,1,32841008,0,4,1,1,32841008,28/10/2013,QA3AA1AW03A0005,0,32-4750,1
032,112025,32841146,1,7405,3,1,32841146,0,4,1,1,32841146,28/10/2013,QA3AA1AW03A0010,0,32-4701,1
032,112025,32844824,1,7404,3,1,32844824,0,4,1,1,32844824,17/10/2013,QA3AA1AW03A0005,0,32-4748,1
032,112025,32844843,12,7404,3,1,32844843,0,4,1,1,32844843,17/10/2013,QA3AH3AW03N0040,0,Compacto de Medida,1
032,112025,32844876,1,7404,3,1,32844876,0,4,1,1,32844876,17/10/2013,QA3AA1AW03A0003,0,Desconectador Fusible Aéreo MT,1
032,112025,32849109,1,7403,3,1,32849109,0,4,1,1,32849109,19/09/2013,QA3AA1AW03A0002,0,32-4749,1
032,112025,32853417,1,8409,3,1,32853417,0,4,1,1,32853417,01/10/2013,QA3AA1AW03A0003,0,32-4752,1
032,112025,32853440,12,8409,3,1,32853440,0,4,1,1,32853440,01/10/2013,QA3AH3AW03N0040,0,Compacto de Medida,1
032,112025,32857775,1,7404,3,1,32857775,0,1,1,1,32857775,22/10/2013,QA3AA1AW03A0003,0,32-4705,1
032,112025,32857798,12,7404,3,1,32857798,0,4,1,1,32857798,22/10/2013,QA3AH3AW03N0040,0,Compacto de Medida,1
032,112025,32857827,1,7404,3,1,32857827,0,4,1,1,32857827,22/10/2013,QA3AA1AW03A0003,0,EQ_MT_SEP3233,1
032,112025,32917833,1,7404,3,1,32917833,0,1,1,1,32917833,20/11/2013,QA3AA1AW03A0020,0,32-4729,1
032,112025,32918444,1,7404,3,1,32918444,0,1,1,1,32918444,20/11/2013,QA3AA1AW03A0020,0,32-4730,1
032,112025,32930790,1,7405,3,1,32930790,0,1,1,1,32930790,01/05/2013,QA2AA1AW02A0002,1,SED 1061,1
032,112025,32930797,12,7405,3,2,32930797,0,1,1,1,32930797,01/05/2013,QB1AM1AW02A0050,1,Protección BT Aérea,1
032,112025,32930891,1,7405,3,1,32930891,0,1,1,1,32930891,01/05/2013,QA2AA1AW02A0002,1,SED 3213,1
032,112025,32930898,12,7405,3,2,32930898,0,1,1,1,32930898,01/05/2013,QB1AM1AW02A0025,1,Protección BT Aérea,1
032,112025,32943585,1,8409,3,1,32943585,0,1,1,1,32943585,08/07/2013,QA2AA1AW02A0002,1,Desconectador Fusible Aéreo MT,1
032,112025,32943592,12,8409,3,2,32943592,0,1,1,1,32943592,08/07/2013,QB1AM1AW02A0025,1,Protección BT Aérea,1
032,112025,32956481,1,7405,3,1,32956481,0,1,1,1,32956481,05/12/2013,QA3AA1AW03A0001,0,32-4723,1
032,112025,32956513,1,7405,3,1,32956513,0,1,1,1,32956513,05/12/2013,QA3AA1AW03A0001,1,Desconectador Fusible Aéreo MT,1
032,112025,32956520,12,7405,3,2,32956520,0,1,1,1,32956520,05/12/2013,QB3AM3AW03A0032,1,Protección BT Aérea,1
032,112025,33009160,1,7404,3,1,33009160,0,1,1,1,33009160,27/11/2013,QA3AA1AW03A0005,0,32-4722,0
032,112025,33009200,1,7404,3,1,33009200,0,1,1,1,33009200,27/11/2013,QA3AA1AW03A0010,0,08-1019,1
032,112025,33009326,1,7404,3,1,33009326,0,1,1,1,33009326,27/11/2013,QA3AA1AW03A0010,0,32-4721,1
032,112025,33021167,1,7404,3,1,33021167,0,1,1,1,33021167,25/12/2013,QA3AA1AW03A0001,1,EQ_MT_SE2701,1
032,112025,33021174,12,7404,3,2,33021174,0,1,1,1,33021174,25/12/2013,QB3AM3AW03A0090,1,EQ_BT_SE2701,1
032,112025,33025285,2,7405,2,1,33025285,0,1,1,1,33025285,01/01/2014,QA3AB1AW03A0600,0,32-4807 Anillo Longavi-Retiro Luis Iriba,0
032,112025,33025319,2,7405,3,1,33025319,0,1,1,1,33025319,01/01/2014,QA3AB1AW03A0600,0,32-4873,1
032,112025,33025346,2,7405,3,1,33025346,0,1,1,1,33025346,01/01/2014,QA3AB1AW03A0600,0,Seccionamiento Piguchen,1
032,112025,33025581,1,7405,3,1,33025581,0,1,1,1,33025581,17/04/2014,QA1AA1AW01A0002,1,EQ_MT_SED1631,1
032,112025,33025692,2,7405,3,1,33025692,0,1,1,1,33025692,31/12/2014,QA3AB1AW03A0600,0,08-1011 Linea Prop. Carrandi,1
032,112025,33051132,1,7405,3,1,33051132,0,4,1,1,33051132,06/09/2013,QA3AA1AW03A0001,0,32-4709,1
032,112025,33059539,1,7403,3,1,33059539,0,4,1,1,33059539,22/10/2013,QA3AA1AW03A0002,0,32-4604,1
032,112025,33098337,1,7405,3,1,33098337,0,1,1,1,33098337,24/05/2013,QA2AA1AW02A0002,0,32-4697,1
032,112025,33098587,1,7405,3,1,33098587,0,1,1,1,33098587,24/05/2013,QA2AA1AW02A0002,1,EQ_MT_SED3223,1
032,112025,33098594,12,7405,3,2,33098594,0,1,1,1,33098594,24/05/2013,QB1AM1AW02A0080,1,EQ_BT_SED3223,1
032,112025,33098989,1,7405,3,1,33098989,0,1,1,1,33098989,24/05/2013,QA2AA1AW02A0002,0,32-4698,1
032,112025,33123937,1,7403,3,1,33123937,0,4,1,1,33123937,11/09/2013,QA3AA1AW03A0003,0,32-1111,1
032,112025,33124046,1,7403,3,1,33124046,0,4,1,1,33124046,11/09/2013,QA3AA1AW03A0002,0,Desconectador Fusible Aéreo MT,1
032,112025,33124075,1,7403,3,1,33124075,0,4,1,1,33124075,11/09/2013,QA3AA1AW03A0002,0,Desconectador Fusible Aéreo MT,1
032,112025,33141133,1,7403,3,1,33141133,0,4,1,1,33141133,23/09/2013,QA3AA1AW03A0002,0,32-4769,1
032,112025,33141155,12,7403,3,1,33141155,0,4,1,1,33141155,23/09/2013,QA3AH3AW03N0040,0,Compacto de Medida,1
032,112025,33141227,1,7403,3,1,33141227,0,4,1,1,33141227,23/09/2013,QA3AA1AW03A0003,0,EQ_MT_SEP 3262,1
032,112025,33205593,12,7403,3,1,33205593,0,4,1,1,33205593,18/09/2013,QA3AH3AW03N0040,0,Compacto de Medida,1
032,112025,33205607,1,7403,3,1,33205607,0,4,1,1,33205607,18/09/2013,QA3AA1AW03A0003,0,32-4714,1
032,112025,33209908,1,7404,3,1,33209908,0,4,1,1,33209908,01/11/2013,QA3AA1AW03A0002,0,32-4712,1
032,112025,33248453,1,8409,3,1,33248453,0,1,1,1,33248453,01/01/2014,QA1AA1AW01A0003,0,32-4772,1
032,112025,33343025,2,7404,3,1,33343025,0,1,1,1,33343025,20/02/2014,QA3AB1AW03A0600,0,32-4755,1
032,112025,33343064,2,7404,3,1,33343064,0,1,1,1,33343064,20/02/2014,QA3AB1AW03A0600,0,32-4753,1
032,112025,33343109,2,7404,3,1,33343109,0,1,1,1,33343109,20/02/2014,QA3AB1AW03A0600,0,32-4754,0
032,112025,33356194,1,8416,3,1,33356194,0,1,1,1,33356194,07/02/2014,QA3AA1AW03A0005,0,10-3001,1
032,112025,33356324,1,8416,3,1,33356324,0,1,1,1,33356324,07/02/2014,QA2AA1AW02A0002,1,EQ_MT_SED603,1
032,112025,33364448,12,8416,3,2,33364448,0,1,1,1,33364448,07/02/2014,QB1AM1AW02A0110,1,EQ_BT_SED603,1
032,112025,33424955,1,7404,3,1,33424955,0,1,1,1,33424955,10/01/2014,QA3AA1AW03A0002,1,EQ_MT_SED3244,1
032,112025,33424962,12,7404,3,2,33424962,0,1,1,1,33424962,10/01/2014,QB3AM3AW03A0070,1,EQ_BT_SED3244,1
032,112025,33425003,12,7404,3,2,33425003,0,1,1,1,33425003,10/01/2014,QB3AM3AW03A0070,1,EQ_BT_SED3245,1
032,112025,33425010,1,7404,3,1,33425010,0,1,1,1,33425010,10/01/2014,QA3AA1AW03A0002,1,EQ_MT_SED3245,1
032,112025,33425910,1,7404,3,1,33425910,0,1,1,1,33425910,10/01/2014,QA3AA1AW03A0005,0,08-3266,1
032,112025,33428802,1,8409,3,1,33428802,0,1,1,1,33428802,19/08/2013,QA2AA1AW02A0001,1,EQ_MT_SED3237,1
032,112025,33428810,12,8409,3,2,33428810,0,1,1,1,33428810,19/08/2013,QB1AM1AW02A0025,1,EQ_BT_SED3237,1
032,112025,33441753,1,7404,3,1,33441753,0,1,1,1,33441753,27/11/2013,QA1AA1AW01A0001,1,EQ_MT_SED1378,1
032,112025,33441760,12,7404,3,2,33441760,0,1,1,1,33441760,27/11/2013,QB1AM1AW02A0080,1,EQ_BT_SED1378,1
032,112025,33446028,1,7403,3,1,33446028,0,1,1,1,33446028,29/11/2013,QA2AA1AW02A0001,1,EQ_MT_SED 3269,1
032,112025,33446035,12,7403,3,2,33446035,0,1,1,1,33446035,29/11/2013,QB1AM1AW02A0025,1,EQ_BT_SED3269,1
032,112025,33450337,1,8409,3,1,33450337,0,1,1,1,33450337,11/12/2013,QA2AA1AW02A0002,1,EQ_MT_SED2224,1
032,112025,33454565,12,8409,3,2,33454565,0,1,1,1,33454565,11/12/2013,QB1AM1AW02A0080,1,EQ_BT_SED2224,1
032,112025,33454652,12,8416,3,1,33454652,0,4,1,1,33454652,20/03/2014,QA3AH3AW03N0040,0,Compacto de Medida,1
032,112025,33454666,1,8416,3,1,33454666,0,4,1,1,33454666,20/03/2014,QA3AA1AW03A0003,0,32-4764,1
032,112025,33476056,4,7403,3,1,33476056,0,1,1,1,33476056,23/05/2014,QA3AD3CK03A0630,0,32-4575 Rec.Villa Longavi-Paso Cuñao,1
032,112025,33476088,1,7403,3,1,33476088,0,1,1,1,33476088,23/05/2014,QA2AA1AW02A0001,1,EQ_MT_SED3118,1
032,112025,33476095,12,7403,3,2,33476095,0,1,1,1,33476095,23/05/2014,QB1AM1AW02A0015,1,EQ_BT_SED3118,1
032,112025,33501821,12,7405,3,2,33501821,0,1,1,1,33501821,24/01/2014,QB1AM1AW02A0080,1,EQ_BT_SED740,1
032,112025,33501829,1,7405,3,1,33501829,0,1,1,1,33501829,24/01/2014,QA1AA1AW01A0002,1,EQ_MT_SED740,1
032,112025,33531951,1,7403,3,1,33531951,0,1,1,1,33531951,04/04/2014,QA2AA1AW02A0002,0,32-4758,1
032,112025,33532036,1,7403,3,1,33532036,0,1,1,1,33532036,04/04/2014,QA2AA1AW02A0002,1,EQ_BT_SED3286,1
032,112025,33532049,12,7403,3,2,33532049,0,1,1,1,33532049,04/04/2014,QB1AM1AW02A0070,1,EQ_BT_SED3286,1
032,112025,33536338,1,7403,3,1,33536338,0,1,1,1,33536338,04/04/2014,QA2AA1AW02A0001,1,EQ_MT_SED3288,1
032,112025,33536345,12,7403,3,2,33536345,0,1,1,1,33536345,04/04/2014,QB1AM1AW02A0110,1,EQ_BT_SED3288,1
032,112025,33536693,1,7403,3,1,33536693,0,1,1,1,33536693,04/04/2014,QA2AA1AW02A0002,0,32-4774,1
032,112025,33561949,12,8409,3,2,33561949,0,1,1,1,33561949,14/04/2014,QB1AM1AW02A0080,1,EQ_BT_SED472,1
032,112025,33561956,1,8409,3,1,33561956,0,1,1,1,33561956,14/04/2014,QA2AA1AW02A0001,1,EQ_MT_SED472,1
032,112025,33587823,1,7405,2,1,33587823,0,1,1,1,33587823,07/06/2013,QA3AA1AW03A0010,0,32-4625,0
032,112025,33588391,1,7405,3,1,33588391,0,1,1,1,33588391,07/06/2013,QA1AA1AW01A0001,0,32-4115,1
032,112025,33588554,1,7405,3,1,33588554,0,1,1,1,33588554,07/06/2013,QA3AA1AW03A0010,0,32-4115,1
032,112025,33592110,1,7403,3,1,33592110,0,1,1,1,33592110,04/04/2014,QA2AA1AW02A0001,1,EQ_MT_SED 3287,1
032,112025,33592117,12,7403,3,2,33592117,0,1,1,1,33592117,04/04/2014,QB1AM1AW02A0110,1,EQ_BT_SED3287,1
032,112025,33592170,1,7403,3,1,33592170,0,1,1,1,33592170,04/04/2014,QA2AA1AW02A0002,0,32-4773,1
032,112025,33596485,1,7404,3,1,33596485,0,1,1,1,33596485,17/12/2013,QA2AA1AW02A0010,0,32-4742,1
032,112025,33596528,1,7404,3,1,33596528,0,1,1,1,33596528,17/12/2013,QA1AA1AW01A0001,1,EQ_MT_SED3272,1
032,112025,33596535,12,7404,3,2,33596535,0,1,1,1,33596535,17/12/2013,QB1AM1AW02A0025,1,EQ_BT_SED3272,1
032,112025,33604919,1,7404,3,1,33604919,0,1,1,1,33604919,20/12/2013,QA2AA1AW02A0002,0,32-5205,1
032,112025,33604968,1,7404,3,1,33604968,0,1,1,1,33604968,20/12/2013,QA2AA1AW02A0001,1,EQ_MT_SED3270,1
032,112025,33604975,12,7404,3,2,33604975,0,1,1,1,33604975,20/12/2013,QB1AM1AW02A0010,1,EQ_BT_SED3270,1
032,112025,33669325,1,7403,3,1,33669325,0,4,1,1,33669325,01/01/2014,QA3AA1AW03A0010,0,32-4789,1
032,112025,33669557,4,7403,3,1,33669557,0,1,1,1,33669557,01/01/2014,QA3AD3CK03A0400,0,32-4788,1
032,112025,33699758,1,7405,3,1,33699758,0,1,1,1,33699758,01/01/2014,QA3AA1AW03A0015,0,08-3042,1
032,112025,33729443,12,7405,3,1,33729443,0,4,1,1,33729443,25/02/2014,QA3AH3AW03N0040,0,Compacto de Medida,1
032,112025,33729457,1,7405,3,1,33729457,0,4,1,1,33729457,25/02/2014,QA3AA1AW03A0020,0,32-4705,1
032,112025,33742361,1,7405,3,1,33742361,0,1,1,1,33742361,17/04/2014,QA2AA1AW02A0002,0,32-4777,1
032,112025,33742410,12,7405,3,2,33742410,0,1,1,1,33742410,17/04/2014,QB1AM1AW02A0080,1,EQ_BT_SED3293,1
032,112025,33742417,1,7405,3,1,33742417,0,1,1,1,33742417,17/04/2014,QA2AA1AW02A0001,1,EQ_MT_SED3293,1
032,112025,33750904,1,7405,3,1,33750904,0,1,1,1,33750904,11/04/2014,QA3AA1AW03A0010,0,32-4768,1
032,112025,33751138,1,7405,3,1,33751138,0,1,1,1,33751138,11/04/2014,QA2AA1AW02A0002,0,32-4767,1
032,112025,33751569,1,7405,3,1,33751569,0,1,1,1,33751569,11/04/2014,QA2AA1AW02A0002,0,32-4765,1
032,112025,33751594,2,7405,3,1,33751594,0,1,1,1,33751594,11/04/2014,QA3AB1AW03A0600,0,32-4766,1
032,112025,33798747,1,7403,3,1,33798747,0,1,1,1,33798747,24/05/2013,QA3AA1AW03A0003,0,11-2023,1
032,112025,33799628,1,7405,3,1,33799628,0,1,1,1,33799628,11/04/2014,QA1AA1AW01A0002,0,32-4757,1
032,112025,33799719,1,7405,3,1,33799719,0,1,1,1,33799719,11/04/2014,QA2AA1AW02A0001,0,32-4759,1
032,112025,33799757,1,7405,3,1,33799757,0,1,1,1,33799757,11/04/2014,QA3AA1AW03A0010,0,32-4760,1
032,112025,33828170,1,7405,3,1,33828170,0,1,1,1,33828170,17/04/2014,QA2AA1AW02A0001,1,EQ_MT_SED3295,1
032,112025,33828184,12,7405,3,2,33828184,0,1,1,1,33828184,17/04/2014,QB1AM1AW02A0063,1,EQ_BT_SED3295,1
032,112025,33849643,12,7405,3,2,33849643,0,1,1,1,33849643,17/04/2014,QB3AM3AW03A0080,1,EQ_BT_SED3292,1
032,112025,33849650,1,7405,3,1,33849650,0,1,1,1,33849650,17/04/2014,QA3AA1AW03A0002,1,EQ_MT_SED3292,1
032,112025,33853943,12,7405,3,2,33853943,0,1,1,1,33853943,17/04/2014,QB1AM1AW02A0063,1,EQ_BT_SED1631,1
032,112025,33858245,1,7404,3,1,33858245,0,1,1,1,33858245,11/04/2014,QA2AA1AW02A0001,1,EQ_MT_SED3292,1
032,112025,33858252,12,7404,3,2,33858252,0,1,1,1,33858252,11/04/2014,QB1AM1AW02A0110,1,EQ_BT_SED3292,1
032,112025,33868229,4,7404,2,1,33868229,0,1,1,1,33868229,30/04/2016,QA3AD3CK03A0630,0,32-4779 Rec.El Salto,0
032,112025,33868255,1,7404,3,1,33868255,0,1,1,1,33868255,23/05/2014,QA2AA1AW02A0001,1,EQ_MT_SED3296,1
032,112025,33868262,12,7404,3,2,33868262,0,1,1,1,33868262,23/05/2014,QB1AM1AW02A0025,1,EQ_BT_SED3296,1
032,112025,33871145,4,7404,3,1,33871145,0,1,1,1,33871145,12/06/2014,QA3AD3CK03A0400,0,32-4793 Rec. Valle Hermoso,1
032,112025,33871173,1,7404,3,1,33871173,0,1,1,1,33871173,12/06/2014,QA2AA1AW02A0001,1,EQ_MT_SED3299,1
032,112025,33871180,12,7404,3,2,33871180,0,1,1,1,33871180,12/06/2014,QB1AM1AW02A0015,1,EQ_BT_SED3299,1
032,112025,33875490,1,7404,3,1,33875490,0,1,1,1,33875490,16/04/2014,QA2AA1AW02A0001,1,EQ_MT_SED3178,1
032,112025,33875497,12,7404,3,2,33875497,0,1,1,1,33875497,16/04/2014,QB1AM1AW02A0025,1,EQ_BT_SED3178,1
032,112025,33880125,1,7405,3,1,33880125,0,1,1,1,33880125,11/04/2014,QA2AA1AW02A0002,0,32-4770,1
032,112025,33880259,1,7405,3,1,33880259,0,1,1,1,33880259,11/04/2014,QA3AA1AW03A0010,0,32-4771,1
032,112025,33883969,4,7403,3,1,33883969,0,1,1,1,33883969,23/06/2014,QA3AD3CK03A0630,0,32-4656 Rec.Chalet Quemado,1
032,112025,33884039,12,7403,3,2,33884039,0,1,1,1,33884039,23/06/2014,QB1AM1AW02A0025,1,EQ_BT_SED3184,1
032,112025,33884047,1,7403,3,1,33884047,0,1,1,1,33884047,23/06/2014,QA2AA1AW02A0001,1,EQ_MT_SED3184,1
032,112025,33884119,4,7403,3,1,33884119,0,1,1,1,33884119,23/06/2014,QA3AD3CK03A0630,0,32-4780 Rec. La Cuarta,1
032,112025,33884161,1,7403,3,1,33884161,0,1,1,1,33884161,23/06/2014,QA2AA1AW02A0001,1,EQ_MT_SED3297,1
032,112025,33884168,12,7403,3,2,33884168,0,1,1,1,33884168,23/06/2014,QB1AM1AW02A0025,1,EQ_BT_SED3297,1
032,112025,33888335,1,7404,3,1,33888335,0,1,1,1,33888335,30/06/2014,QA1AA1AW01A0001,1,EQ_MT_SED3300,1
032,112025,33888360,12,7404,3,2,33888360,0,1,1,1,33888360,30/06/2014,QB1AM1AW02A0025,1,EQ_BT_SED3300,1
032,112025,33901163,1,7405,3,1,33901163,0,1,1,1,33901163,03/06/2014,QA2AA1AW02A0001,1,EQ_MT_SED3298,1
032,112025,33901170,12,7405,3,2,33901170,0,1,1,1,33901170,03/06/2014,QB1AM1AW02A0050,1,EQ_BT_SED3298,1
032,112025,33909918,1,7403,3,1,33909918,0,1,1,1,33909918,12/06/2014,QA3AA1AW03A0015,0,32-4784,1
032,112025,33909990,1,7403,3,1,33909990,0,1,1,1,33909990,12/06/2014,QA3AA1AW03A0015,0,32-4783,1
032,112025,33914473,1,7404,3,1,33914473,0,1,1,1,33914473,30/05/2014,QA2AA1AW02A0002,0,32-4778,1
032,112025,33931198,2,7403,3,1,33931198,0,1,1,1,33931198,31/12/2014,QA3AB1AW03A0600,0,32-4781,1
032,112025,33931227,2,7403,3,1,33931227,0,1,1,1,33931227,27/05/2014,QA3AB1AW03A0600,0,32-4782,1
032,112025,33952677,1,7403,3,1,33952677,0,4,1,1,33952677,04/07/2014,QA2AA1AW02A0001,0,32-4785,1
032,112025,33987045,1,7404,3,1,33987045,0,1,1,1,33987045,04/07/2014,QA2AA1AW02A0001,1,EQ_MT_SED1046,1
032,112025,33987054,12,7404,3,2,33987054,0,1,1,1,33987054,04/07/2014,QB1AM1AW02A0050,1,EQ_BT_SED1046,1
032,112025,34004265,1,7404,3,1,34004265,0,4,1,1,34004265,02/10/2013,QA3AA1AW03A0003,0,32-4794,1
032,112025,34021401,1,8416,3,1,34021401,0,4,1,1,34021401,11/05/2014,QA3AA1AW03A0002,0,32-4776,1
032,112025,34060069,1,8409,3,1,34060069,0,1,1,1,34060069,11/06/2014,QA1AA1AW01A0001,1,EQ_MT_SED894,1
032,112025,34060076,12,8409,3,2,34060076,0,1,1,1,34060076,11/06/2014,QB1AM1AW02A0080,1,EQ_BT_SED894,1
032,112025,34064352,1,7404,3,1,34064352,0,1,1,1,34064352,04/07/2014,QA1AA1AW01A0001,1,EQ_MT_SED530,1
032,112025,34064360,12,7404,3,2,34064360,0,1,1,1,34064360,04/07/2014,QB1AM1AW02A0063,1,EQ_MT_SED530,1
032,112025,34073032,1,7403,3,1,34073032,0,1,1,1,34073032,29/07/2014,QA1AA1AW01A0002,1,EQ_MT_SED3309,1
032,112025,34073039,12,7403,3,2,34073039,0,1,1,1,34073039,29/07/2014,QB1AM1AW02A0050,1,EQ_BT_SED3309,1
032,112025,34073162,1,7403,3,1,34073162,0,1,1,1,34073162,29/07/2014,QA1AA1AW01A0002,0,32-4792,1
032,112025,34077232,1,7405,3,1,34077232,0,4,1,1,34077232,11/12/2013,QA3AA1AW03A0002,0,32-4795,1
032,112025,34081496,1,7405,3,1,34081496,0,4,1,1,34081496,11/12/2013,QA3AA1AW03A0002,0,32-4796,1
032,112025,34081531,12,7405,3,1,34081531,0,4,1,1,34081531,11/12/2013,QA3AH3AW03N0040,0,Compacto de Medida,1
032,112025,34090116,1,7405,3,1,34090116,0,4,1,1,34090116,11/12/2013,QA3AA1AW03A0002,0,32-4797,1
032,112025,34090133,12,7405,3,1,34090133,0,4,1,1,34090133,11/12/2013,QA3AH3AW03N0040,0,Compacto de Medida,1
032,112025,34094394,1,7404,3,1,34094394,0,1,1,1,34094394,04/07/2014,QA1AA1AW01A0001,1,EQ_MT_SED749,1
032,112025,34094403,12,7404,3,2,34094403,0,1,1,1,34094403,04/07/2014,QB1AM1AW02A0040,1,EQ_BT_SED749,1
032,112025,34098696,1,7404,3,1,34098696,0,1,1,1,34098696,04/07/2014,QA2AA1AW02A0001,1,EQ_MT_SED1069,1
032,112025,34098703,12,7404,3,2,34098703,0,1,1,1,34098703,04/07/2014,QB1AM1AW02A0025,1,EQ_BT_SED1069,1
032,112025,34102957,1,7405,3,1,34102957,0,1,1,1,34102957,25/07/2014,QA3AA1AW03A0010,0,08-3083,1
032,112025,34103002,1,7405,3,1,34103002,0,1,1,1,34103002,25/07/2014,QA3AA1AW03A0005,0,32-4801,1
032,112025,34133042,12,7405,3,1,34133042,0,4,1,1,34133042,21/04/2014,QA3AH3AW03N0040,0,Compacto de Medida,1
032,112025,34133060,1,7405,3,1,34133060,0,4,1,1,34133060,21/04/2014,QA3AA1AW03A0005,0,32-4802,1
032,112025,34137322,1,7405,3,1,34137322,0,4,1,1,34137322,14/01/2014,QA3AA1AW03A0002,0,32-4791,1
032,112025,34141632,1,7403,3,1,34141632,0,4,1,1,34141632,19/06/2013,QA3AA1AW03A0002,0,32-4674,1
032,112025,34150204,1,7403,3,1,34150204,0,4,1,1,34150204,29/11/2013,QA3AA1AW03A0002,0,32-4800,1
032,112025,34158889,1,7404,3,1,34158889,0,4,1,1,34158889,16/10/2013,QA3AA1AW03A0003,0,32-4799,1
032,112025,34158902,12,7404,3,1,34158902,0,4,1,1,34158902,16/10/2013,QA3AH3AW03N0040,0,Compacto de Medida,1
032,112025,34167582,12,7405,3,1,34167582,0,4,1,1,34167582,29/11/2013,QA3AH3AW03N0040,0,Compacto de Medida,1
032,112025,34167590,1,7405,3,1,34167590,0,4,1,1,34167590,29/11/2013,QA3AA1AW03A0005,0,32-4725,1
032,112025,34167793,1,7405,3,1,34167793,0,1,1,1,34167793,29/11/2013,QA2AA1AW02A0001,1,EQ_MT_SED1536,1
032,112025,34167800,12,7405,3,2,34167800,0,1,1,1,34167800,29/11/2013,QB1AM1AW02A0025,1,EQ_BT_SED1536,1
032,112025,34167878,1,7405,3,1,34167878,0,4,1,1,34167878,29/11/2013,QA3AA1AW03A0002,0,32-4726,1
032,112025,34168230,1,7405,3,1,34168230,0,1,1,1,34168230,29/11/2013,QA3AA1AW03A0010,0,32-4724,1
032,112025,34168307,1,7405,3,1,34168307,0,4,1,1,34168307,29/11/2013,QA3AA1AW03A0005,0,32-4798,1
032,112025,34168326,12,7405,3,1,34168326,0,4,1,1,34168326,29/11/2013,QA3AH3AW03N0040,0,Compacto de Medida,1
032,112025,34168362,1,7405,3,1,34168362,0,1,1,1,34168362,29/11/2013,QA2AA1AW02A0001,1,EQ_MT_SED3259,1
032,112025,34168375,12,7405,3,2,34168375,0,1,1,1,34168375,29/11/2013,QB1AM1AW02A0050,1,EQ_BT_SED3259,1
032,112025,34168422,1,7405,3,1,34168422,0,4,1,1,34168422,29/11/2013,QA3AA1AW03A0005,0,EQ_MT-SEP3264,1
032,112025,34175956,1,7404,3,1,34175956,0,1,1,1,34175956,01/01/2014,QA2AA1AW02A0002,0,32-4805,1
032,112025,34211056,1,7405,3,1,34211056,0,1,1,1,34211056,01/02/2012,QA2AA1AW02A0002,0,32-4806,1
032,112025,34211081,1,7405,3,1,34211081,0,1,1,1,34211081,01/02/2012,QA2AA1AW02A0010,0,08-3054,1
032,112025,34240475,1,8409,3,1,34240475,0,4,1,1,34240475,18/07/2014,QA3AA1AW03A0002,0,32-4787,1
032,112025,34240546,1,8409,3,1,34240546,0,1,1,1,34240546,18/07/2014,QA2AA1AW02A0002,1,EQ_MT_SED2983,1
032,112025,34240553,12,8409,3,2,34240553,0,1,1,1,34240553,18/07/2014,QB1AM1AW02A0025,1,EQ_BT_SED2983,1
032,112025,34279195,1,7405,3,1,34279195,0,1,1,1,34279195,21/08/2014,QA3AA1AW03A0010,0,08-3358,1
032,112025,34279250,1,7405,3,1,34279250,0,4,1,1,34279250,21/08/2014,QA3AA1AW03A0003,0,32-4804,1
032,112025,34291928,1,7403,3,1,34291928,0,1,1,1,34291928,25/08/2014,QA3AA1AW03A0002,1,EQ_MT_SED3327,1
032,112025,34291935,12,7403,3,2,34291935,0,1,1,1,34291935,25/08/2014,QB3AM3AW03A0050,1,EQ_BT_SED3327,1
032,112025,34296197,4,7405,3,1,34296197,0,1,1,1,34296197,31/12/2014,QA3AD3CK03A0630,0,09-105 Rec. Hacienda Retiro,1
032,112025,34296247,1,7405,3,1,34296247,0,1,1,1,34296247,31/12/2014,QA3AA1AW03A0010,0,32-4809,1
032,112025,34296277,1,7405,3,1,34296277,0,1,1,1,34296277,26/08/2014,QA2AA1AW02A0002,1,EQ_MT_SED3322,1
032,112025,34296284,12,7405,3,2,34296284,0,1,1,1,34296284,26/08/2014,QB1AM1AW02A0010,1,EQ_BT_SED3322,1
032,112025,34313541,1,7403,3,1,34313541,0,4,1,1,34313541,25/02/2014,QA3AA1AW03A0005,0,32-4812,1
032,112025,34313554,12,7403,3,1,34313554,0,4,1,1,34313554,25/02/2014,QA3AH3AW03N0040,0,Compacto de Medida,1
032,112025,34313721,1,7403,3,1,34313721,0,4,1,1,34313721,25/02/2014,QA3AA1AW03A0005,0,EQ_MT_SEP3330,1
032,112025,34339172,1,7406,3,1,34339172,0,4,1,1,34339172,29/08/2014,QA3AA1AW03A0005,0,32-4820,1
032,112025,34343481,1,7404,3,1,34343481,0,1,1,1,34343481,12/09/2014,QA2AA1AW02A0001,1,32-4741,1
032,112025,34343514,12,7404,3,2,34343514,0,1,1,1,34343514,12/09/2014,QB1AM1AW02A0030,1,EQ_BT_SED3271,1
032,112025,34347876,1,7405,3,1,34347876,0,4,1,1,34347876,12/12/2013,QA3AA1AW03A0005,0,32-4793,1
032,112025,34347903,12,7405,3,1,34347903,0,4,1,1,34347903,12/12/2013,QA3AH3AW03N0040,0,Compacto de Medida,1
032,112025,34356443,1,7403,3,1,34356443,0,1,1,1,34356443,04/09/2014,QA1AA1AW01A0010,0,32-4745,1
032,112025,34386579,1,7405,3,1,34386579,0,1,1,1,34386579,16/09/2014,QA3AA1AW03A0005,0,32-4822,1
032,112025,34403990,1,7404,3,1,34403990,0,1,1,1,34403990,19/09/2014,QA3AA1AW03A0003,1,EQ_MT_SED3323,1
032,112025,34403997,12,7404,3,2,34403997,0,1,1,1,34403997,19/09/2014,QB3AM3AW03A0070,1,EQ_BT_SED3323,1
032,112025,34404004,12,7404,3,2,34404004,0,1,1,1,34404004,19/09/2014,QB3AM3AW03A0070,1,EQ_BT_SED3323,1
032,112025,34404254,1,7404,3,1,34404254,0,1,1,1,34404254,19/09/2014,QA3AA1AW03A0005,0,32-4810,1
032,112025,34407890,1,7405,3,1,34407890,0,4,1,1,34407890,08/09/2014,QA3AA1AW03A0003,0,32-4824,1
032,112025,34407946,12,7405,3,1,34407946,0,4,1,1,34407946,08/09/2014,QA3AH3AW03N0040,0,Compacto de Medida,1
032,112025,34437896,1,7405,3,1,34437896,0,4,1,1,34437896,05/09/2014,QA3AA1AW03A0005,0,32-4823,1
032,112025,34437923,12,7405,3,1,34437923,0,4,1,1,34437923,05/09/2014,QA3AH3AW03N0040,0,Compacto de Medida,1
032,112025,34442208,1,7405,3,1,34442208,0,4,1,1,34442208,15/07/2014,QA3AA1AW03A0002,0,EQ_MT_SEP3320,1
032,112025,34442246,1,7405,3,1,34442246,0,4,1,1,34442246,15/07/2014,QA3AA1AW03A0002,0,32-4808,1
032,112025,34472272,1,7405,3,1,34472272,0,4,1,1,34472272,25/09/2014,QA3AA1AW03A0002,0,32-4821,1
032,112025,34502691,1,7404,3,1,34502691,0,1,1,1,34502691,07/10/2014,QA3AA1AW03A0010,0,32-4818,1
032,112025,34502801,2,7404,3,1,34502801,0,1,1,1,34502801,07/10/2014,QA3AB1AW03A0600,0,32-4819,1
032,112025,34502839,1,7404,3,1,34502839,0,1,1,1,34502839,07/10/2014,QA3AA1AW03A0003,0,32-4816,1
032,112025,34502856,4,7404,3,1,34502856,0,1,1,1,34502856,07/10/2014,QA3AD3CK03A0630,0,32-4832 Rec. Canal Fiscal,1
032,112025,34502881,1,7404,3,1,34502881,0,1,1,1,34502881,07/10/2014,QA2AA1AW02A0001,1,EQ_MT_SED3329,1
032,112025,34502894,12,7404,3,2,34502894,0,1,1,1,34502894,07/10/2014,QB1AM1AW02A0015,1,EQ_BT_SED3329,1
032,112025,34502976,1,7404,3,1,34502976,0,4,1,1,34502976,07/10/2014,QA3AA1AW03A0010,0,32-4814,1
032,112025,34503128,1,7404,3,1,34503128,0,4,1,1,34503128,07/10/2014,QA3AA1AW03A0003,0,EQ_MT_SE1547,1
032,112025,34503157,2,7404,3,1,34503157,0,1,1,1,34503157,07/10/2014,QA3AB1AW03A0600,0,32-4815,1
032,112025,34503291,2,7404,3,1,34503291,0,1,1,1,34503291,07/10/2014,QA3AB1AW03A0600,0,32-4813,1
032,112025,34503320,1,7404,3,1,34503320,0,1,1,1,34503320,07/10/2014,QA3AA1AW03A0010,0,08-2011,1
032,112025,34515173,1,7403,3,1,34515173,0,1,1,1,34515173,06/10/2014,QA3AA1AW03A0020,0,32-4835,1
032,112025,34523792,1,7405,3,1,34523792,0,1,1,1,34523792,24/10/2014,QA2AA1AW02A0001,1,EQ_MT_SE3337,1
032,112025,34523799,12,7405,3,2,34523799,0,1,1,1,34523799,24/10/2014,QB1AM1AW02A0110,1,EQ_BT_SE3337,1
032,112025,34571124,1,7404,3,1,34571124,0,4,1,1,34571124,26/09/2014,QA3AA1AW03A0003,0,32-4826,1
032,112025,34622739,2,7403,3,1,34622739,0,1,1,1,34622739,31/12/2013,QA3AB1AW03A0600,0,32-4837,0
032,112025,34622765,2,7403,3,1,34622765,0,1,1,1,34622765,31/12/2013,QA3AB1AW03A0600,0,32-4142 Lado Barraca Forestal Snt.Blanca,1
032,112025,34656957,1,8416,3,1,34656957,0,4,1,1,34656957,10/10/2014,QA3AA1AW03A0003,0,32-4839,1
032,112025,34661221,1,7403,3,1,34661221,0,4,1,1,34661221,10/10/2014,QA3AA1AW03A0005,0,32-4841,1
032,112025,34661238,12,7403,3,1,34661238,0,4,1,1,34661238,10/10/2014,QA3AH3AW03N0040,0,Compacto de Medida,1
032,112025,34674062,1,7405,3,1,34674062,0,4,1,1,34674062,30/10/2014,QA3AA1AW03A0002,0,32-4838,1
032,112025,34682649,1,7405,3,1,34682649,0,4,1,1,34682649,07/11/2014,QA3AA1AW03A0002,0,32-4840,1
032,112025,34686977,1,7405,3,1,34686977,0,4,1,1,34686977,26/09/2014,QA3AA1AW03A0005,0,32-4834,1
032,112025,34730377,1,7405,3,1,34730377,0,1,1,1,34730377,11/11/2014,QA3AA1AW03A0003,0,32-4482,1
032,112025,34742816,12,7404,3,1,34742816,0,4,1,1,34742816,01/10/2014,QA3AH3AW03N0040,0,Compacto de Medida,1
032,112025,34742830,1,7404,3,1,34742830,0,4,1,1,34742830,01/10/2014,QA3AA1AW03A0005,0,32-4828,1
032,112025,34747078,1,7405,3,1,34747078,0,4,1,1,34747078,01/09/2014,QA3AA1AW03A0005,0,32-4827,1
032,112025,34747103,12,7405,3,1,34747103,0,4,1,1,34747103,01/09/2014,QA3AH3AW03N0040,0,Compacto de Medida,1
032,112025,34772957,1,7403,3,1,34772957,0,4,1,1,34772957,21/11/2014,QA3AA1AW03A0003,0,32-4837,1
032,112025,34773033,12,7403,3,1,34773033,0,4,1,1,34773033,21/11/2014,QA3AH3AW03N0040,0,Compacto de Medida,1
032,112025,34773090,1,7403,3,1,34773090,0,4,1,1,34773090,21/11/2014,QA3AA1AW03A0003,0,EQ_MT_SEP3349,1
032,112025,34983332,2,7403,3,1,34983332,0,1,1,1,34983332,11/12/2014,QA3AB1AW03A0600,0,32-4843,1
032,112025,34983340,2,7403,3,1,34983340,0,1,1,1,34983340,11/12/2014,QA3AB1AW03A0600,0,32-4844,1
032,112025,34983364,12,7403,3,1,34983364,0,1,1,1,34983364,11/12/2014,QA3AG3CK03A0200,0,32-4845,1
032,112025,34983475,2,7403,3,1,34983475,0,1,1,1,34983475,11/12/2014,QA3AB1AW03A0600,0,32-4841,1
032,112025,34983503,2,7403,3,1,34983503,0,1,1,1,34983503,11/12/2014,QA3AB1AW03A0600,0,32-4842,1
032,112025,35236576,2,7403,3,1,35236576,0,1,1,1,35236576,31/12/2014,QA3AB1AW03A0600,0,32-4199 Lado Oriente entrando a Paine,1
032,112025,35236664,4,7405,3,1,35236664,0,1,1,1,35236664,31/12/2014,QA3AD3CK03A0630,0,32-4869 Rec. El Lucero,1
032,112025,35236710,2,7405,3,1,35236710,0,1,1,1,35236710,31/12/2014,QA3AB1AW03A0600,0,11-1015,1
032,112025,35236738,2,7405,2,1,35236738,0,1,1,1,35236738,31/12/2014,QA3AB1AW03A0600,0,32-4140 Cuchilla Gallo de Oro,0
032,112025,35236779,2,7405,3,1,35236779,0,1,1,1,35236779,31/12/2014,QA3AB1AW03A0600,0,32-4762,1
032,112025,35236804,1,7405,3,1,35236804,0,1,1,1,35236804,31/12/2014,QA3AA1AW03A0003,0,32-4370,1
032,112025,35236849,2,7404,3,1,35236849,0,1,1,1,35236849,31/12/2014,QA3AB1AW03A0600,0,09-502,1
032,112025,35236882,2,7405,3,1,35236882,0,1,1,1,35236882,31/12/2014,QA3AB1AW03A0600,0,32-4111 Feria Regional,1
032,112025,35236938,2,7405,3,1,35236938,0,1,1,1,35236938,31/12/2014,QA3AB1AW03A0600,0,32-4870,1
032,112025,35236981,2,7405,3,1,35236981,0,1,1,1,35236981,31/12/2014,QA3AB1AW03A0600,0,09-1003 Cruce Carretera la2 sur pasarela,1
032,112025,35237007,2,7405,3,1,35237007,0,1,1,1,35237007,31/12/2014,QA3AB1AW03A0600,0,09-2012 Pasado Rec. -Camino Viejo Retiro,1
032,112025,35237038,2,7405,3,1,35237038,0,1,1,1,35237038,31/12/2014,QA3AB1AW03A0600,0,09-1010 Antes del Rec. Hacienda Retiro,1
032,112025,35237102,2,7405,3,1,35237102,0,1,1,1,35237102,31/12/2014,QA3AB1AW03A0600,0,32-4181,1
032,112025,35237151,2,7405,3,1,35237151,0,1,1,1,35237151,31/12/2014,QA3AB1AW03A0600,0,32-4127 Bandejón central Retiro,1
032,112025,35249446,2,7403,3,1,35249446,0,1,1,1,35249446,31/12/2014,QA3AB1AW03A0600,0,32-4874 Cuentas Claras,1
032,112025,35249478,1,7403,3,1,35249478,0,1,1,1,35249478,31/12/2014,QA3AA1AW03A0003,0,32-4875,1
032,112025,35249515,2,7403,3,1,35249515,0,1,1,1,35249515,31/12/2014,QA3AB1AW03A0600,0,32-4153 Entrada Los Cristales,1
032,112025,35249560,2,7403,3,1,35249560,0,1,1,1,35249560,31/12/2014,QA3AB1AW03A0600,0,32-4143 Lado Linea 154kv,1
032,112025,35249585,2,7403,3,1,35249585,0,1,1,1,35249585,31/12/2014,QA3AB1AW03A0600,0,32-4876 Cruce río Longavi Paso cuñao,1
032,112025,35249641,2,7403,3,1,35249641,0,1,1,1,35249641,31/12/2014,QA3AB1AW03A0600,0,11-1016 Cuchillas Los Cristales,1
032,112025,35249688,2,7403,3,1,35249688,0,1,1,1,35249688,31/12/2014,QA3AB1AW03A0600,0,11-513 Arranq. La Tercera,1
032,112025,35249758,2,7403,3,1,35249758,0,1,1,1,35249758,31/12/2014,QA3AB1AW03A0600,0,32-4162 Reguladores La Tercera,1
032,112025,35249794,1,7405,3,1,35249794,0,1,1,1,35249794,31/12/2014,QA3AA1AW03A0002,0,32-4878,1
032,112025,35249829,1,7403,3,1,35249829,0,1,1,1,35249829,31/12/2014,QA3AA1AW03A0002,0,32-4879,1
032,112025,35249854,1,7403,3,1,35249854,0,1,1,1,35249854,31/12/2014,QA3AA1AW03A0002,0,32-4710,1
032,112025,35249867,1,7405,3,1,35249867,0,1,1,1,35249867,31/12/2014,QA3AA1AW03A0002,0,32-4414,1
032,112025,35262345,2,8409,3,1,35262345,0,1,1,1,35262345,31/12/2014,QA3AB1AW03A0600,0,10-2021 Arranq. Ñiquen Enlace,1
032,112025,35262386,2,8409,3,1,35262386,0,1,1,1,35262386,31/12/2014,QA3AB1AW03A0600,0,32-4019 Lado Antena Enlace Ñiquen,1
032,112025,35262433,2,8409,3,1,35262433,0,1,1,1,35262433,31/12/2014,QA3AB1AW03A0600,0,32-4018 Doble Circuito,0
032,112025,35262447,3,8409,3,1,35262447,0,1,1,1,35262447,31/12/2014,QA3AC3BW03A0600,0,32-4880 Lado Sur SSEE San Gregorio,1
032,112025,35262485,1,8416,3,1,35262485,0,1,1,1,35262485,31/12/2014,QA3AA1AW03A0003,0,32-4881,1
032,112025,35262510,1,8416,3,1,35262510,0,1,1,1,35262510,31/12/2014,QA3AA1AW03A0003,0,32-4882,1
032,112025,35262534,1,8416,3,1,35262534,0,1,1,1,35262534,31/12/2014,QA3AA1AW03A0003,0,32-4883,1
032,112025,35262566,1,8416,3,1,35262566,0,1,1,1,35262566,31/12/2014,QA2AA1AW02A0002,0,32-4607,1
032,112025,35262595,2,8409,3,1,35262595,0,1,1,1,35262595,31/12/2014,QA3AB1AW03A0600,0,32-4417,1
032,112025,35262642,2,8409,3,1,35262642,0,1,1,1,35262642,31/12/2014,QA3AB1AW03A0600,0,32-4421,1
032,112025,35262665,2,8409,3,1,35262665,0,1,1,1,35262665,31/12/2014,QA3AB1AW03A0600,0,32-4425,1
032,112025,35262700,12,8409,3,1,35262700,0,1,1,1,35262700,31/12/2014,QA3AH3AW03N0040,0,Compacto de Medida,1
032,112025,35262709,1,8409,3,1,35262709,0,1,1,1,35262709,31/12/2014,QA3AA1AW03A0003,0,32-4884,1
032,112025,35262739,1,8409,3,1,35262739,0,1,1,1,35262739,31/12/2014,QA3AA1AW03A0003,0,32-4885,1
032,112025,35361093,12,7403,3,1,35361093,0,1,1,1,35361093,23/01/2015,QA3AG3CK03A0100,0,32-4162,1
032,112025,35378994,1,7405,3,1,35378994,0,1,1,1,35378994,05/01/2015,QA3AA1AW03A0003,1,EQ_MTSED3298,1
032,112025,35379002,12,7405,3,2,35379002,0,1,1,1,35379002,05/01/2015,QB3AM3AW03A0100,1,EQ_BTSED3298,1
032,112025,35399945,1,8416,3,1,35399945,0,1,1,1,35399945,01/01/2015,QA3AA1AW03A0003,0,32-4857,1
032,112025,35400566,1,8416,3,1,35400566,0,1,1,1,35400566,01/01/2015,QA3AA1AW03A0002,1,EQ_MT_SED3356,1
032,112025,35400573,12,8416,3,2,35400573,0,1,1,1,35400573,01/01/2015,QB3AM3AW03A0040,1,EQ_BT_SED3356,1
032,112025,35416946,1,7404,3,1,35416946,0,1,1,1,35416946,11/12/2014,QA2AA1AW02A0002,1,EQ_MT_SED3335,1
032,112025,35416953,12,7404,3,2,35416953,0,1,1,1,35416953,11/12/2014,QB1AM1AW02A0100,1,EQ_BT_SED3335,1
032,112025,35429805,1,7405,3,1,35429805,0,1,1,1,35429805,31/12/2014,QA1AA1AW01A0010,0,32-4892,1
032,112025,35519968,2,7404,3,1,35519968,0,1,1,1,35519968,31/12/2014,QA3AB1AW03A0600,0,32-4896,1
032,112025,35751876,12,7405,3,1,35751876,0,1,1,1,35751876,23/03/2015,QA3AG3CK03A0200,0,32-4867,1
032,112025,35751955,2,7405,2,1,35751955,0,1,1,1,35751955,23/03/2015,QA3AB1AW03A0600,0,32-4866,0
032,112025,35764773,1,7405,3,1,35764773,0,1,1,1,35764773,23/03/2015,QA2AA1AW02A0002,1,EQ_MT_SED3373,1
032,112025,35764796,12,7405,3,2,35764796,0,1,1,1,35764796,23/03/2015,QB1AM1AW02A0050,1,EQ_BT_SED3373,1
032,112025,35786311,1,7404,3,1,35786311,0,1,1,1,35786311,03/02/2015,QA3AA1AW03A0005,0,32-4865,1
032,112025,35786692,1,7404,3,1,35786692,0,1,1,1,35786692,03/02/2015,QA3AA1AW03A0003,1,EQ_MT_SED3348,1
032,112025,35786759,12,7404,3,2,35786759,0,1,1,1,35786759,03/02/2015,QB3AM3AW03A0100,1,EQ_BT_SED3348,1
032,112025,35791663,1,7404,3,1,35791663,0,1,1,1,35791663,13/04/2015,QA3AA1AW03A0005,0,32-4888,1
032,112025,35791903,1,7404,3,1,35791903,0,1,1,1,35791903,13/04/2015,QA3AA1AW03A0003,1,EQ_MT_SED3365,1
032,112025,35791910,12,7404,3,2,35791910,0,1,1,1,35791910,13/04/2015,QB3AM3AW03A0100,1,EQ_BT_SED3365 Norte,1
032,112025,35791917,12,7404,3,2,35791917,0,1,1,1,35791917,13/04/2015,QB3AM3AW03A0100,1,EQ_BT_SED3365 Sur,1
032,112025,35807710,1,7403,3,1,35807710,0,1,1,1,35807710,26/03/2015,QA3AA1AW03A0003,1,32-4876,1
032,112025,35807759,1,7403,3,1,35807759,0,1,1,1,35807759,26/03/2015,QA2AA1AW02A0002,1,EQ_MT_SED3371,1
032,112025,35807766,12,7403,3,2,35807766,0,1,1,1,35807766,26/03/2015,QB1AM1AW02A0100,1,EQ_BT_SED3371,1
032,112025,35812250,1,7404,3,1,35812250,0,1,1,1,35812250,10/04/2015,QA3AA1AW03A0003,1,EQ_MT_SED3375,1
032,112025,35813010,1,7404,3,1,35813010,0,1,1,1,35813010,10/04/2015,QA3AA1AW03A0003,1,EQ_MT_SED3376,1
032,112025,35813017,12,7404,3,2,35813017,0,1,1,1,35813017,10/04/2015,QB3AM3AW03A0125,1,EQ_BT_SED3376,1
032,112025,35813024,12,7404,3,2,35813024,0,1,1,1,35813024,10/04/2015,QB3AM3AW03A0125,1,EQ_BT_SED3376,1
032,112025,35813227,12,7404,3,2,35813227,0,1,1,1,35813227,10/04/2015,QB3AM3AW03A0125,1,EQ_BT_SED3375,1
032,112025,35813248,12,7404,3,2,35813248,0,1,1,1,35813248,10/04/2015,QB3AM3AW03A0125,1,EQ_BT_SED3375,1
032,112025,35814648,1,7404,3,1,35814648,0,1,1,1,35814648,10/04/2015,QA3AA1AW03A0005,0,32-4890,1
032,112025,35814679,1,7404,3,1,35814679,0,1,1,1,35814679,10/04/2015,QA3AA1AW03A0005,0,32-4889,1
032,112025,35820560,1,8409,3,1,35820560,0,1,1,1,35820560,21/03/2015,QA2AA1AW02A0002,1,EQ_MT_SED3366,1
032,112025,35820567,12,8409,3,2,35820567,0,1,1,1,35820567,21/03/2015,QB1AM1AW02A0080,1,EQ_BT_SED3366,1
032,112025,35824976,1,7404,3,1,35824976,0,1,1,1,35824976,25/05/2015,QA3AA1AW03A0010,0,32-4708,1
032,112025,35825018,1,7404,3,1,35825018,0,1,1,1,35825018,25/05/2015,QA3AA1AW03A0005,0,32-4707,1
032,112025,35992333,1,7404,3,1,35992333,0,1,1,1,35992333,01/07/2015,QA2AA1AW02A0002,1,EQ_BT_SED3383,1
032,112025,35992340,12,7404,3,2,35992340,0,1,1,1,35992340,01/07/2015,QB1AM1AW02A0030,1,EQ_BT_SED3383,1
032,112025,35996646,1,7405,3,1,35996646,0,4,1,1,35996646,18/07/2015,QA3AA1AW03A0003,0,32-4897,1
032,112025,36000994,1,7405,3,1,36000994,0,1,1,1,36000994,28/05/2015,QA2AA1AW02A0002,1,EQ_MT_SED3381,1
032,112025,36001001,12,7405,3,2,36001001,0,1,1,1,36001001,28/05/2015,QB1AM1AW02A0015,1,EQ_MT_SED3381,1
032,112025,36013790,1,7404,3,1,36013790,0,1,1,1,36013790,28/07/2015,QA2AA1AW02A0002,1,EQ_MT_SED3387,1
032,112025,36013797,12,7404,3,2,36013797,0,1,1,1,36013797,28/07/2015,QB1AM1AW02A0025,1,EQ_BT_SED3387,1
032,112025,36018293,1,7404,3,1,36018293,0,1,1,1,36018293,26/03/2015,QA3AA1AW03A0005,0,Por Normalizar Red Desconectada,1
032,112025,36022445,1,8409,3,1,36022445,0,1,1,1,36022445,05/06/2015,QA2AA1AW02A0002,0,32-4489,1
032,112025,36022812,1,8409,3,1,36022812,0,1,1,1,36022812,05/06/2015,QA2AA1AW02A0002,1,EQ_MT_SED3029,1
032,112025,36022819,12,8409,3,2,36022819,0,1,1,1,36022819,05/06/2015,QB1AM1AW02A0080,1,EQ_BT_SED3029,1
032,112025,36031600,1,7404,3,1,36031600,0,1,1,1,36031600,09/07/2015,QA3AA1AW03A0001,0,32-4711,1
032,112025,36039673,12,7404,3,1,36039673,0,1,1,1,36039673,31/12/2014,QA3AG3CK03A0300,0,32-4905,1
032,112025,36039752,2,7404,3,1,36039752,0,1,1,1,36039752,31/12/2014,QA3AB1AW03A0600,0,32-4904,1
032,112025,36039849,2,7404,3,1,36039849,0,1,1,1,36039849,31/12/2014,QA3AB1AW03A0600,0,32-4903,0
032,112025,36039884,2,7404,3,1,36039884,0,1,1,1,36039884,31/12/2014,QA3AB1AW03A0600,0,32-4902,1
032,112025,36043849,1,7404,3,1,36043849,0,1,1,1,36043849,28/07/2015,QA3AA1AW03A0003,1,EQ_MT_SED3234,1
032,112025,36043856,12,7404,3,2,36043856,0,1,1,1,36043856,28/07/2015,QB3AM3AW03A0070,1,EQ_BT_SED3234,1
032,112025,36044033,1,7404,3,1,36044033,0,1,1,1,36044033,28/07/2015,QA3AA1AW03A0003,1,EQ_MT_SED3235,1
032,112025,36044040,12,7404,3,2,36044040,0,1,1,1,36044040,28/07/2015,QB3AM3AW03A0100,1,EQ_BT_SED3235,1
032,112025,36044092,1,7404,3,1,36044092,0,1,1,1,36044092,28/07/2015,QA3AA1AW03A0003,1,EQ_MT_SED3236,1
032,112025,36044099,12,7404,3,2,36044099,0,1,1,1,36044099,28/07/2015,QB3AM3AW03A0100,1,EQ_BT_SED3236,1
032,112025,36146916,1,7405,3,1,36146916,0,1,1,1,36146916,18/08/2015,QA3AA1AW03A0003,0,32-4922,1
032,112025,36164082,1,8409,3,1,36164082,0,1,1,1,36164082,06/08/2015,QA2AA1AW02A0002,1,EQ_MTSED3385,1
032,112025,36172810,2,8409,3,1,36172810,0,1,1,1,36172810,06/08/2015,QA3AB1AW03A0600,0,32-4900,1
032,112025,36241392,1,7405,3,1,36241392,0,1,1,1,36241392,23/09/2015,QA2AA1AW02A0002,1,EQ_MT_SED3391,1
032,112025,36241399,12,7405,3,2,36241399,0,1,1,1,36241399,23/09/2015,QB1AM1AW02A0050,1,EQ_MT_SED3391,1
032,112025,36245699,12,7404,3,2,36245699,0,1,1,1,36245699,14/09/2015,QB1AM1AW02A0030,1,EQ_BT_SED3390,1
032,112025,36245706,1,7404,3,1,36245706,0,1,1,1,36245706,14/09/2015,QA2AA1AW02A0002,1,EQ_MT_SED3390,1
032,112025,36250353,1,7404,3,1,36250353,0,1,1,1,36250353,24/08/2015,QA2AA1AW02A0002,1,EQ_MT_SED3388,1
032,112025,36250360,12,7404,3,2,36250360,0,1,1,1,36250360,24/08/2015,QB1AM1AW02A0080,1,EQ_BT_SED3388,1
032,112025,36250418,1,7404,3,1,36250418,0,1,1,1,36250418,24/08/2015,QA2AA1AW02A0002,0,32-4920,1
032,112025,36318700,1,7405,3,1,36318700,0,4,1,1,36318700,31/12/2014,QA3AA1AW03A0003,0,EQ_MT_SEP2529,1
032,112025,36335837,1,8409,3,1,36335837,0,4,1,1,36335837,20/07/2015,QA2AA1AW02A0002,0,32-4927,1
032,112025,36335859,1,8409,3,1,36335859,0,4,1,1,36335859,20/07/2015,QA2AA1AW02A0002,0,EQ_MT_SEP3392,1
032,112025,36340230,12,8409,3,1,36340230,0,4,1,1,36340230,21/08/2015,QA3AH3AW03N0040,0,Compacto de Medida,1
032,112025,36340269,1,8409,3,1,36340269,0,4,1,1,36340269,21/08/2015,QA3AA1AW03A0003,0,32-4926,1
032,112025,36365982,12,7405,3,1,36365982,0,4,1,1,36365982,18/06/2015,QA3AH3AW03N0040,0,Compacto de Medida,1
032,112025,36366033,1,7405,3,1,36366033,0,4,1,1,36366033,18/06/2015,QA3AA1AW03A0002,0,31-4933,1
032,112025,36370609,1,7405,3,1,36370609,0,4,1,1,36370609,04/05/2015,QA3AA1AW03A0002,0,32-4924,1
032,112025,36370656,12,7405,3,1,36370656,0,4,1,1,36370656,04/05/2015,QA3AH3AW03N0040,0,Compacto de Medida,1
032,112025,36370718,1,7405,3,1,36370718,0,4,1,1,36370718,04/05/2015,QA3AA1AW03A0003,0,32-4925,1
032,112025,36370846,1,7405,3,1,36370846,0,4,1,1,36370846,04/05/2015,QA3AA1AW03A0002,0,EQ_MT_SEP3404,1
032,112025,36370881,1,7405,3,1,36370881,0,4,1,1,36370881,04/05/2015,QA3AA1AW03A0002,0,EQ_MT_SEP3394,1
032,112025,36400273,12,7405,3,1,36400273,0,4,1,1,36400273,15/07/2015,QA3AH3AW03N0040,0,Compacto de Medida,1
032,112025,36400291,1,7405,3,1,36400291,0,4,1,1,36400291,15/07/2015,QA3AA1AW03A0002,0,32-4928,1
032,112025,36464682,2,7405,3,1,36464682,0,1,1,1,36464682,31/12/2014,QA3AB1AW03A0600,0,09-1003,1
032,112025,36464739,4,7405,3,1,36464739,0,1,1,1,36464739,31/12/2014,QA3AD3CK03A0630,0,32-4412,1
032,112025,36464788,1,7405,3,1,36464788,0,1,1,1,36464788,31/12/2014,QA3AA1AW03A0040,0,32-4113,1
032,112025,36473237,1,8416,3,1,36473237,0,1,1,1,36473237,31/12/2014,QA1AA1AW01A0002,0,10-1003,1
032,112025,36494781,1,7405,3,1,36494781,0,4,1,1,36494781,05/10/2015,QA3AA1AW03A0003,0,EQ_MT_SEP3194,1
032,112025,36494811,1,7405,3,1,36494811,0,4,1,1,36494811,05/10/2015,QA3AA1AW03A0003,0,32-4672,1
032,112025,36494858,12,7405,3,1,36494858,0,4,1,1,36494858,05/10/2015,QA3AH3AW03N0040,0,Compacto de Medida,1
032,112025,36499032,1,8416,3,1,36499032,0,4,1,1,36499032,20/10/2015,QA3AA1AW03A0003,0,32-4868,1
032,112025,36503307,1,7404,3,1,36503307,0,4,1,1,36503307,28/04/2015,QA3AA1AW03A0003,0,32-4736,1
032,112025,36516201,1,7405,3,1,36516201,0,4,1,1,36516201,01/01/2015,QA3AA1AW03A0003,0,32-4672,1
032,112025,36559273,1,7405,3,1,36559273,0,4,1,1,36559273,12/11/2015,QA3AA1AW03A0003,0,32-4937,1
032,112025,36584963,1,7405,3,1,36584963,0,1,1,1,36584963,29/09/2015,QA3AA1AW03A0005,0,32-4919,1
032,112025,36597872,1,8409,3,1,36597872,0,1,1,1,36597872,08/07/2015,QA3AA1AW03A0005,0,32-4872,1
032,112025,36632330,12,8409,3,1,36632330,0,4,1,1,36632330,28/10/2015,QA3AH3AW03N0040,0,Compacto de Medida,1
032,112025,36632360,1,8409,3,1,36632360,0,1,1,1,36632360,28/10/2015,QA3AA1AW03A0003,0,Desconectador Fusible Aéreo MT,1
032,112025,36632656,1,8409,3,1,36632656,0,1,1,1,36632656,28/10/2015,QA3AA1AW03A0005,0,32-4938,1
032,112025,36632748,1,8409,3,1,36632748,0,4,1,1,36632748,28/10/2015,QA3AA1AW03A0003,0,EQ_MT_SEP3368,1
032,112025,36632783,1,8409,3,1,36632783,0,1,1,1,36632783,28/10/2015,QA3AA1AW03A0003,0,EQ_MT_SEP3368,1
032,112025,39065972,12,7405,3,1,39065972,0,4,1,1,39065972,04/11/2015,QA3AH3AW03N0040,0,Compacto de Medida,1
032,112025,39065981,1,7405,3,1,39065981,0,4,1,1,39065981,04/11/2015,QA3AA1AW03A0003,0,32-4956,1
032,112025,39075203,1,7405,3,1,39075203,0,4,1,1,39075203,07/01/2015,QA3AA1AW03A0003,0,32-4940,1
032,112025,39075245,12,7405,3,1,39075245,0,4,1,1,39075245,07/01/2015,QA3AH3AW03N0040,0,Compacto de Medida,1
032,112025,39084430,1,8409,3,1,39084430,0,4,1,1,39084430,05/05/2015,QA3AA1AW03A0003,0,32-4735,1
032,112025,39089050,1,7403,3,1,39089050,0,4,1,1,39089050,23/06/2015,QA3AA1AW03A0003,0,32-4936,1
032,112025,39093702,1,7405,3,1,39093702,0,4,1,1,39093702,15/10/2014,QA3AA1AW03A0003,0,EQ_MT_SEP3358,1
032,112025,39093756,1,7405,3,1,39093756,0,4,1,1,39093756,15/10/2014,QA3AA1AW03A0003,0,32-4853,1
032,112025,39093764,12,7405,3,1,39093764,0,4,1,1,39093764,15/10/2014,QA3AH3AW03N0040,0,Compacto de Medida,1
032,112025,39103105,12,7403,3,1,39103105,0,4,1,1,39103105,29/09/2014,QA3AH3AW03N0040,0,Compacto de Medida,1
032,112025,39103119,1,7403,3,1,39103119,0,4,1,1,39103119,29/09/2014,QA3AA1AW03A0003,0,32-4841,1
032,112025,39107563,1,7404,3,1,39107563,0,4,1,1,39107563,10/11/2014,QA3AA1AW03A0003,0,32-4858,1
032,112025,39107598,12,7404,3,1,39107598,0,4,1,1,39107598,10/11/2014,QA3AH3AW03N0040,0,Compacto de Medida,1
032,112025,39107636,1,7404,3,1,39107636,0,4,1,1,39107636,10/11/2014,QA3AA1AW03A0002,0,32-4932,1
032,112025,39112280,12,7405,3,1,39112280,0,4,1,1,39112280,13/10/2014,QA3AH3AW03N0040,0,Compacto de Medida,1
032,112025,39112373,1,7405,3,1,39112373,0,4,1,1,39112373,13/10/2014,QA3AA1AW03A0002,0,EQ_MT_SEP3350,1
032,112025,39116908,1,8409,3,1,39116908,0,4,1,1,39116908,02/11/2015,QA3AA1AW03A0003,0,32-4955,1
032,112025,39116916,12,8409,3,1,39116916,0,4,1,1,39116916,02/11/2015,QA3AH3AW03N0040,0,Compacto de Medida,1
032,112025,39116991,1,8409,3,1,39116991,0,4,1,1,39116991,02/11/2015,QA3AA1AW03A0003,0,EQ_MT_SEP3427,1
032,112025,39139904,1,7405,3,1,39139904,0,1,1,1,39139904,23/09/2015,QA2AA1AW02A0002,1,EQ_MT_SED1686,1
032,112025,39139911,12,7405,3,2,39139911,0,1,1,1,39139911,23/09/2015,QB1AM1AW02A0110,1,EQ_BT_SED1686,1
032,112025,39144586,12,7404,3,2,39144586,0,1,1,1,39144586,14/09/2015,QB1AM1AW02A0025,1,EQ_BT_SED773,1
032,112025,39144620,1,7404,3,1,39144620,0,1,1,1,39144620,14/09/2015,QA2AA1AW02A0002,1,EQ_MT_SED773,1
032,112025,39186578,2,7403,3,1,39186578,0,1,1,1,39186578,06/01/2016,QA3AB1AW03A0600,0,32-4144,1
032,112025,39190907,1,7404,3,1,39190907,0,1,1,1,39190907,16/12/2015,QA3AA1AW03A0002,1,EQ_MT_SED3428,1
032,112025,39190914,12,7404,3,2,39190914,0,1,1,1,39190914,16/12/2015,QB3AM3AW03A0063,1,EQ_BT_SED3428,1
032,112025,39214384,2,7404,3,1,39214384,0,1,1,1,39214384,17/07/2015,QA3AB1AW03A0600,0,32-4831,1
032,112025,39214433,1,7404,3,1,39214433,0,1,1,1,39214433,17/07/2015,QA2AA1AW02A0002,1,EQ_MT_SED2557,1
032,112025,39214443,1,7404,3,1,39214443,0,1,1,1,39214443,17/07/2015,QA3AA1AW03A0003,0,32-4830,1
032,112025,39214491,1,7404,3,1,39214491,0,1,1,1,39214491,17/07/2015,QA2AA1AW02A0001,1,EQ_MT_SED1704,1
032,112025,39214498,12,7404,3,2,39214498,0,1,1,1,39214498,17/07/2015,QB1AM1AW02A0100,1,EQ_BT_SED1704,1
032,112025,39214586,1,7404,3,1,39214586,0,1,1,1,39214586,17/07/2015,QA3AA1AW03A0002,0,32-4829,1
032,112025,39228068,12,7405,3,1,39228068,0,4,1,1,39228068,06/11/2015,QA3AH3AW03N0040,0,Compacto de Medida,1
032,112025,39228290,1,7405,3,1,39228290,0,1,1,1,39228290,31/12/2015,QA2AA1AW02A0001,1,EQ_MT_SED3174,1
032,112025,39228297,12,7405,3,2,39228297,0,1,1,1,39228297,31/12/2015,QB1AM1AW02A0010,1,EQ_BT_SED3174,1
032,112025,39232467,1,7404,3,1,39232467,0,4,1,1,39232467,15/12/2015,QA3AA1AW03A0003,0,32-4967,1
032,112025,39301653,12,7405,3,1,39301653,0,4,1,1,39301653,10/09/2015,QA3AH3AW03N0040,0,Compacto de Medida,1
032,112025,39301675,1,7405,3,1,39301675,0,4,1,1,39301675,10/09/2015,QA3AA1AW03A0002,0,EQ_MT_SEP3408,1
032,112025,39301709,1,7405,3,1,39301709,0,4,1,1,39301709,10/09/2015,QA3AA1AW03A0003,0,32-4939,1
032,112025,39306238,1,7405,3,1,39306238,0,4,1,1,39306238,24/08/2015,QA3AA1AW03A0002,0,32-4962,1
032,112025,39310882,1,7405,3,1,39310882,0,4,1,1,39310882,06/11/2015,QA3AA1AW03A0005,0,32-4964,1
032,112025,39315559,1,7403,3,1,39315559,0,4,1,1,39315559,21/10/2015,QA3AA1AW03A0001,0,32-4980,1
032,112025,39320102,1,7404,3,1,39320102,0,4,1,1,39320102,26/11/2015,QA3AA1AW03A0002,0,32-4963,1
032,112025,39324771,1,8409,3,1,39324771,0,4,1,1,39324771,24/07/2015,QA3AA1AW03A0005,0,32-4968,1
032,112025,39324779,12,8409,3,1,39324779,0,4,1,1,39324779,24/07/2015,QA3AH3AW03N0040,0,Compacto de Medida,1
032,112025,39389440,1,7404,3,1,39389440,0,4,1,1,39389440,19/11/2015,QA3AA1AW03A0002,0,32-4981,1
032,112025,39389471,12,7404,3,1,39389471,0,4,1,1,39389471,19/11/2015,QA3AH3AW03N0040,0,Compacto de Medida,1
032,112025,39394052,1,7405,3,1,39394052,0,4,1,1,39394052,02/12/2015,QA3AA1AW03A0001,0,32-4989,1
032,112025,39398716,1,7403,3,1,39398716,0,4,1,1,39398716,11/11/2015,QA3AA1AW03A0001,0,32-4982,1
032,112025,39398766,12,7403,3,1,39398766,0,4,1,1,39398766,11/11/2015,QA3AH3AW03N0040,0,Compacto de Medida,1
032,112025,39407923,1,7405,3,1,39407923,0,4,1,1,39407923,01/12/2015,QA3AA1AW03A0002,0,32-4986,1
032,112025,39426438,12,7405,3,1,39426438,0,4,1,1,39426438,13/01/2016,QA3AH3AW03N0040,0,Compacto de Medida,1
032,112025,39426485,1,7405,3,1,39426485,0,4,1,1,39426485,13/01/2016,QA3AA1AW03A0002,0,EQ_MT_SEP3361,1
032,112025,39441272,2,7405,3,1,39441272,0,1,1,1,39441272,31/12/2015,QA3AB1AW03A0600,0,32-5011,1
032,112025,39445581,2,7405,3,1,39445581,0,1,1,1,39445581,31/12/2015,QA3AB1AW03A0600,0,32-4946,1
032,112025,39445851,1,7405,3,1,39445851,0,1,1,1,39445851,31/12/2015,QA3AA1AW03A0001,0,32-4950,1
032,112025,39446121,2,7405,3,1,39446121,0,1,1,1,39446121,31/12/2015,QA3AB1AW03A0600,0,08-3352,1
032,112025,39446591,2,7405,3,1,39446591,0,1,1,1,39446591,31/12/2015,QA3AB1AW03A0600,0,32-4953,1
032,112025,39446620,2,7405,3,1,39446620,0,1,1,1,39446620,31/12/2015,QA3AB1AW03A0600,0,32-4952,1
032,112025,39446652,2,7405,3,1,39446652,0,1,1,1,39446652,31/12/2015,QA3AB1AW03A0600,0,32-4954,1
032,112025,39486445,4,7404,3,1,39486445,0,1,1,1,39486445,31/12/2015,QA3AD3CK03A0630,0,32-4943 Rec. El Cairo,1
032,112025,39486474,1,7404,3,1,39486474,0,1,1,1,39486474,31/12/2015,QA2AA1AW02A0001,1,EQ_MT_SED3414,1
032,112025,39486500,12,7404,3,2,39486500,0,1,1,1,39486500,31/12/2015,QB1AM1AW02A0010,1,EQ_BT_SED3414,1
032,112025,39486566,2,7404,3,1,39486566,0,1,1,1,39486566,31/12/2015,QA3AB1AW03A0600,0,32-4960,1
032,112025,39486574,2,7404,3,1,39486574,0,1,1,1,39486574,31/12/2015,QA3AB1AW03A0600,0,32-4961,1
032,112025,39486644,1,7405,3,1,39486644,0,1,1,1,39486644,31/12/2015,QA2AA1AW02A0002,0,32-5012,1
032,112025,39486694,1,7405,3,1,39486694,0,1,1,1,39486694,31/12/2015,QA2AA1AW02A0002,1,EQ_MT_SED,1
032,112025,39486702,12,7405,3,2,39486702,0,1,1,1,39486702,31/12/2015,QB1AM1AW02A0030,1,EQBT_SSEE_3223650,1
032,112025,39486821,1,7405,3,1,39486821,0,1,1,1,39486821,31/12/2015,QA2AA1AW02A0001,1,EQ_MT_SED3417,1
032,112025,39486828,12,7405,3,2,39486828,0,1,1,1,39486828,31/12/2015,QB1AM1AW02A0010,1,EQ_BT_SED3417,1
032,112025,39487162,1,7405,3,1,39487162,0,1,1,1,39487162,31/12/2015,QA2AA1AW02A0001,1,Cardo Verde,1
032,112025,39487226,12,7405,3,2,39487226,0,1,1,1,39487226,31/12/2015,QB1AM1AW02A0025,1,Cardo Verde,1
032,112025,39487386,1,7405,3,1,39487386,0,1,1,1,39487386,31/12/2015,QA2AA1AW02A0002,1,EQ_MT_SED3419,1
032,112025,39487393,12,7405,3,2,39487393,0,1,1,1,39487393,31/12/2015,QB1AM1AW02A0010,1,EQ_MT_SED3419,1
032,112025,39487503,1,7405,3,1,39487503,0,1,1,1,39487503,31/12/2015,QA2AA1AW02A0001,1,EQMT_SSEE_3219338,1
032,112025,39487511,12,7405,3,2,39487511,0,1,1,1,39487511,31/12/2015,QB1AM1AW02A0025,1,EQ_BT_SED3415,1
032,112025,39495900,1,7405,3,1,39495900,0,1,1,1,39495900,31/12/2015,QA2AA1AW02A0002,1,EQ_MT_SED3420,1
032,112025,39495909,12,7405,3,2,39495909,0,1,1,1,39495909,31/12/2015,QB1AM1AW02A0010,1,EQ_BT_SED3420,1
032,112025,39496041,1,7405,3,1,39496041,0,1,1,1,39496041,31/12/2015,QA2AA1AW02A0001,1,EQ_MT_SED3422,1
032,112025,39496048,12,7405,3,2,39496048,0,1,1,1,39496048,31/12/2015,QB1AM1AW02A0010,1,EQ_BT_SED3422,1
032,112025,39496172,1,7405,3,1,39496172,0,1,1,1,39496172,31/12/2015,QA1AA1AW01A0002,0,32-4508,1
032,112025,39496252,1,7405,3,1,39496252,0,1,1,1,39496252,31/12/2015,QA2AA1AW02A0001,1,EQ_MT_SED3467,1
032,112025,39496260,12,7405,3,2,39496260,0,1,1,1,39496260,31/12/2015,QB1AM1AW02A0025,1,EQ_BT_SED3467,1
032,112025,39496500,1,7405,3,1,39496500,0,1,1,1,39496500,31/12/2015,QA2AA1AW02A0001,1,EQMT_SSEE_3219374,1
032,112025,39496507,12,7405,3,2,39496507,0,1,1,1,39496507,31/12/2015,QB1AM1AW02A0025,1,EQBT_SSEE_3219374,1
032,112025,39497074,1,7405,3,1,39497074,0,1,1,1,39497074,31/12/2015,QA2AA1AW02A0001,0,32-4951,1
032,112025,39518814,4,7404,2,1,39518814,0,1,1,1,39518814,31/12/2015,QA3AD3CK03A0630,0,32-4894 Rec. Aparicio,0
032,112025,39518838,1,7404,3,1,39518838,0,1,1,1,39518838,31/12/2015,QA2AA1AW02A0001,1,EQ_MT_SED3380,1
032,112025,39518845,12,7404,3,2,39518845,0,1,1,1,39518845,31/12/2015,QB1AM1AW02A0010,1,EQ_BT_SED3380,1
032,112025,39518927,2,7404,3,1,39518927,0,1,1,1,39518927,31/12/2015,QA3AB1AW03A0600,0,08-2008,1
032,112025,39528036,1,7405,3,1,39528036,0,1,1,1,39528036,02/03/2016,QA3AA1AW03A0001,1,EQ_MT_SED3466,1
032,112025,39528043,12,7405,3,2,39528043,0,1,1,1,39528043,02/03/2016,QB3AM3AW03A0010,1,EQ_BT_SED3466,1
032,112025,39532655,1,7404,3,1,39532655,0,1,1,1,39532655,02/03/2016,QA3AA1AW03A0001,1,EQ_MT_SED3465,1
032,112025,39532662,12,7404,3,2,39532662,0,1,1,1,39532662,02/03/2016,QB3AM3AW03A0010,1,EQ_BT_SED3465,1
032,112025,39597514,1,8409,3,1,39597514,0,1,1,1,39597514,24/02/2016,QA1AA1AW01A0002,0,32-5001,1
032,112025,39828450,1,7404,3,1,39828450,0,4,1,1,39828450,27/11/2015,QA3AA1AW03A0003,0,32-5000,1
032,112025,39828498,1,7404,3,1,39828498,0,4,1,1,39828498,27/11/2015,QA3AA1AW03A0005,0,EQ_MT_SEP3447,1
032,112025,39828555,12,7404,3,1,39828555,0,4,1,1,39828555,27/11/2015,QA3AH3AW03N0040,0,Compacto de Medida,1
032,112025,39846891,12,7403,3,1,39846891,0,4,1,1,39846891,31/12/2015,QA3AH3AW03N0040,0,Compacto de Medida,1
032,112025,39847111,1,7403,3,1,39847111,0,4,1,1,39847111,31/12/2015,QA3AA1AW03A0002,0,32-5035,1
032,112025,39847232,1,7403,3,1,39847232,0,4,1,1,39847232,31/12/2015,QA3AA1AW03A0005,0,32-5036,1
032,112025,39856146,1,8409,3,1,39856146,0,1,1,1,39856146,31/12/2015,QA3AA1AW03A0040,0,32-5034,1
032,112025,39879235,1,7404,3,1,39879235,0,1,1,1,39879235,06/05/2016,QA2AA1AW02A0002,1,EQ_BT_SED3473,1
032,112025,39879242,12,7404,3,2,39879242,0,1,1,1,39879242,06/05/2016,QB1AM1AW02A0080,1,EQ_BT_SED3473,1
032,112025,39879250,12,7404,3,2,39879250,0,1,1,1,39879250,06/05/2016,QB1AM1AW02A0080,1,EQ_BT_SED3473,1
032,112025,39930118,2,7404,3,1,39930118,0,1,1,1,39930118,31/12/2015,QA3AB1AW03A0600,0,32-4646,1
032,112025,39948555,1,8409,3,1,39948555,0,1,1,1,39948555,31/12/2015,QA1AA1AW01A0003,0,32-5037,1
032,112025,39971892,1,7404,3,1,39971892,0,1,1,1,39971892,18/03/2016,QA3AA1AW03A0002,0,32-5005,1
032,112025,39972015,1,7404,3,1,39972015,0,1,1,1,39972015,18/03/2016,QA2AA1AW02A0002,0,32-5007,1
032,112025,39995211,1,7404,3,1,39995211,0,1,1,1,39995211,25/03/2016,QA3AA1AW03A0015,0,32-5008,1
032,112025,39995380,1,7404,3,1,39995380,0,1,1,1,39995380,25/03/2016,QA2AA1AW02A0002,0,32-4084,1
032,112025,39995413,1,7404,3,1,39995413,0,1,1,1,39995413,25/03/2016,QA3AA1AW03A0010,0,32-5009,1
032,112025,40004489,2,7404,3,1,40004489,0,1,1,1,40004489,21/04/2016,QA3AB1AW03A0600,0,32-4975,1
032,112025,40004560,1,7404,3,1,40004560,0,1,1,1,40004560,21/04/2016,QA1AA1AW01A0002,0,32-4976,1
032,112025,40004640,1,7404,3,1,40004640,0,1,1,1,40004640,21/04/2016,QA3AA1AW03A0005,0,32-5046,1
032,112025,40005193,2,7404,3,1,40005193,0,1,1,1,40005193,21/04/2016,QA3AB1AW03A0600,0,32-4973,1
032,112025,40005207,2,7404,3,1,40005207,0,1,1,1,40005207,21/04/2016,QA3AB1AW03A0600,0,32-4972,1
032,112025,40005290,1,7404,3,1,40005290,0,1,1,1,40005290,21/04/2016,QA3AA1AW03A0003,0,32-4974,1
032,112025,40005515,1,7404,3,1,40005515,0,1,1,1,40005515,21/04/2016,QA2AA1AW02A0010,0,32-4977,1
032,112025,40005627,2,7404,3,1,40005627,0,1,1,1,40005627,21/04/2016,QA3AB1AW03A0600,0,32-4979,1
032,112025,40018363,1,7404,3,1,40018363,0,4,1,1,40018363,15/01/2015,QA3AA1AW03A0003,0,32-4848,1
032,112025,40018374,12,7404,3,1,40018374,0,4,1,1,40018374,15/01/2015,QA3AH3AW03N0040,0,Compacto de Medida,1
032,112025,40018471,1,7404,3,1,40018471,0,4,1,1,40018471,15/01/2015,QA3AA1AW03A0003,0,32-4923,1
032,112025,40018570,1,7404,3,1,40018570,0,4,1,1,40018570,15/01/2015,QA3AA1AW03A0002,0,EQ_MT_SEP3396,1
032,112025,40018631,1,7404,3,1,40018631,0,4,1,1,40018631,15/01/2015,QA3AA1AW03A0002,0,EQ_MT_SEP3397,1
032,112025,40018664,1,7404,3,1,40018664,0,4,1,1,40018664,15/01/2015,QA3AA1AW03A0002,0,EQ_MT_SEP3398,1
032,112025,40022677,1,8409,3,1,40022677,0,4,1,1,40022677,24/07/2015,QA3AA1AW03A0003,0,32-5025,1
032,112025,40022706,12,8409,3,1,40022706,0,4,1,1,40022706,24/07/2015,QA3AH3AW03N0040,0,Compacto de Medida,1
032,112025,40027114,1,7404,3,1,40027114,0,4,1,1,40027114,15/02/2016,QA2AA1AW02A0001,0,32-5003,1
032,112025,40027129,1,7404,3,1,40027129,0,4,1,1,40027129,15/02/2016,QA2AA1AW02A0001,0,EQ_MT_SEP3464,1
032,112025,40604732,1,7403,3,1,40604732,0,1,1,1,40604732,01/08/2016,QA1AA1AW01A0003,0,32-5047,1
032,112025,40641776,1,7405,3,1,40641776,0,1,1,1,40641776,20/05/2016,QA2AA1AW02A0001,1,EQ_MT_SED3472,1
032,112025,40641783,12,7405,3,2,40641783,0,1,1,1,40641783,20/05/2016,QB1AM1AW02A0025,1,EQ_BT_SED3472,1
032,112025,40872760,4,8416,3,1,40872760,0,1,1,1,40872760,31/12/2015,QA3AD3CK03A0630,0,32-4999 Rec. Agua Buena,1
032,112025,40872795,1,8416,3,1,40872795,0,1,1,1,40872795,31/12/2015,QA2AA1AW02A0001,1,EQ_MT_SED3451,1
032,112025,40872802,12,8416,3,2,40872802,0,1,1,1,40872802,31/12/2015,QB1AM1AW02A0010,1,EQ_BT_SED3451,1
032,112025,40877787,1,7405,3,1,40877787,0,1,1,1,40877787,31/12/2015,QA3AA1AW03A0003,0,32-5050,0
032,112025,40877794,1,7405,3,1,40877794,0,1,1,1,40877794,31/12/2015,QA3AA1AW03A0005,0,32-5051,1
032,112025,40877902,1,7405,3,1,40877902,0,1,1,1,40877902,31/12/2015,QA3AA1AW03A0005,0,32-5052,1
032,112025,40878043,1,7405,3,1,40878043,0,1,1,1,40878043,31/12/2015,QA2AA1AW02A0002,1,EQ_MT_SED,1
032,112025,40878050,12,7405,3,2,40878050,0,1,1,1,40878050,31/12/2015,QB1AM1AW02A0050,1,EQ_BT_SED3294,1
032,112025,40895856,2,7405,3,1,40895856,0,1,1,1,40895856,31/12/2015,QA3AB1AW03A0600,0,32-5053,1
032,112025,40895870,1,7405,3,1,40895870,0,1,1,1,40895870,31/12/2015,QA3AA1AW03A0003,0,32-5054,1
032,112025,40928289,4,7405,3,1,40928289,0,1,1,1,40928289,31/12/2015,QA3AD3CK03A0630,0,32-4971 Rec. Santa Teresa,1
032,112025,40928324,1,7405,3,1,40928324,0,1,1,1,40928324,31/12/2015,QA2AA1AW02A0001,1,EQ_MT_SED3452,1
032,112025,40928331,12,7405,3,2,40928331,0,1,1,1,40928331,31/12/2015,QB1AM1AW02A0010,1,EQ_BT_SED,1
032,112025,40928411,2,7405,3,1,40928411,0,1,1,1,40928411,31/12/2015,QA3AB1AW03A0600,0,32-4970,1
032,112025,40928457,2,7405,3,1,40928457,0,1,1,1,40928457,31/12/2015,QA3AB1AW03A0600,0,32-4525,1
032,112025,40928506,2,7405,3,1,40928506,0,1,1,1,40928506,31/12/2015,QA3AB1AW03A0600,0,32-4244,1
032,112025,40979036,1,7403,3,1,40979036,0,1,1,1,40979036,18/08/2016,QA3AA1AW03A0002,0,32-5048,1
032,112025,40997512,4,7405,3,1,40997512,0,1,1,1,40997512,26/08/2016,QA3AD3CK03A0630,0,32-5044 Rec. Copihue,1
032,112025,40997520,1,7405,3,1,40997520,0,1,1,1,40997520,26/08/2016,QA2AA1AW02A0001,1,EQ_MT_SED,1
032,112025,40997527,12,7405,3,2,40997527,0,1,1,1,40997527,26/08/2016,QB1AM1AW02A0010,1,EQ_BT_SED3492,1
032,112025,41066827,2,7405,3,1,41066827,0,1,1,1,41066827,31/12/2015,QA3AB1AW03A0600,0,32-5060,1
032,112025,41066854,1,7405,3,1,41066854,0,1,1,1,41066854,31/12/2015,QA3AA1AW03A0003,0,32-4949,1
032,112025,41122374,1,7404,3,1,41122374,0,1,1,1,41122374,08/07/2016,QA2AA1AW02A0002,1,EQ_MT_SED3475,1
032,112025,41122381,12,7404,3,2,41122381,0,1,1,1,41122381,08/07/2016,QB1AM1AW02A0110,1,EQ_BT_SED3475,1
032,112025,41302502,1,7404,3,1,41302502,0,1,1,1,41302502,31/12/2015,QA1AA1AW01A0001,0,32-5062,1
032,112025,41510644,1,7404,3,1,41510644,0,4,1,1,41510644,23/09/2016,QA3AA1AW03A0002,0,EQ_MT_SEP,1
032,112025,41510677,12,7404,3,1,41510677,0,4,1,1,41510677,23/09/2016,QA3AH3AW03N0040,0,Compacto de Medida,1
032,112025,41510689,1,7404,3,1,41510689,0,1,1,1,41510689,23/09/2016,QA3AA1AW03A0010,0,32-5065,1
032,112025,41510741,1,7404,3,1,41510741,0,4,1,1,41510741,23/09/2016,QA3AA1AW03A0002,0,EQ_MT_SEP,1
032,112025,41630626,1,7404,3,1,41630626,0,1,1,1,41630626,29/09/2016,QA3AA1AW03A0003,0,32-5058,1
032,112025,41658318,1,7405,3,1,41658318,0,1,1,1,41658318,26/09/2016,QA2AA1AW02A0001,1,EQ_MT_SED3503,1
032,112025,41658325,12,7405,3,2,41658325,0,1,1,1,41658325,26/09/2016,QB1AM1AW02A0025,1,EQ_BT_SED3503,1
032,112025,41690806,1,7405,3,1,41690806,0,1,1,1,41690806,01/08/2016,QA2AA1AW02A0001,1,EQ_MT_SED348,1
032,112025,41690814,12,7405,3,2,41690814,0,1,1,1,41690814,01/08/2016,QB1AM1AW02A0030,1,EQ_BT_SED348,1
032,112025,41709174,4,7404,3,1,41709174,0,1,1,1,41709174,23/07/2016,QA3AD3CK03A0630,0,32-5040 Rec. Campanacura,1
032,112025,41709204,1,7404,3,1,41709204,0,1,1,1,41709204,23/07/2016,QA2AA1AW02A0001,1,EQ_MT_SED3490,1
032,112025,41709211,12,7404,3,2,41709211,0,1,1,1,41709211,23/07/2016,QB1AM1AW02A0010,1,EQ_BT_SED3490,1
032,112025,41709292,2,7404,3,1,41709292,0,1,1,1,41709292,23/07/2016,QA3AB1AW03A0600,0,32-5049,1
032,112025,41741502,1,7403,3,1,41741502,0,1,1,1,41741502,21/09/2016,QA1AA1AW01A0001,0,32-5059,1
032,112025,41741525,1,7403,3,1,41741525,0,1,1,1,41741525,21/09/2016,QA1AA1AW01A0001,1,EQ_MT_SED3500,1
032,112025,41741532,12,7403,3,2,41741532,0,1,1,1,41741532,21/09/2016,QB1AM1AW02A0110,1,EQ_BT_SED3500,1
032,112025,42241288,4,7405,1,1,42241288,0,1,1,1,42241288,06/01/2017,QA3AD3CK03A0630,0,Rec. General Paso Hondo,1
032,112025,42309890,1,7404,3,1,42309890,0,4,1,1,42309890,17/11/2016,QA2AA1AW02A0002,0,32-5084,1
032,112025,42319129,1,7405,3,1,42319129,0,1,1,1,42319129,04/11/2016,QA2AA1AW02A0001,1,EQ_MT_SED3510,1
032,112025,42319136,12,7405,3,2,42319136,0,1,1,1,42319136,04/11/2016,QB1AM1AW02A0050,1,EQ_BT_SED3510,1
032,112025,42416159,1,7404,3,1,42416159,0,1,1,1,42416159,11/10/2016,QA3AA1AW03A0002,1,EQ_MT_SED3505,1
032,112025,42416166,12,7404,3,2,42416166,0,1,1,1,42416166,11/10/2016,QB3AM3AW03A0025,1,EQ_BT_SED3505,1
032,112025,42420809,1,7405,3,1,42420809,0,4,1,1,42420809,30/11/2016,QA3AA1AW03A0001,0,32-5093,1
032,112025,42443894,1,7404,3,1,42443894,0,4,1,1,42443894,11/11/2016,QA3AA1AW03A0002,0,32-5085,1
032,112025,42457953,1,7403,3,1,42457953,0,1,1,1,42457953,14/10/2016,QA3AA1AW03A0001,1,32-5067,1
032,112025,42458690,12,7403,3,1,42458690,0,4,1,1,42458690,14/10/2016,QA3AH3AW03N0040,0,Compacto de Medida,1
032,112025,42458719,1,7403,3,1,42458719,0,4,1,1,42458719,14/10/2016,QA3AA1AW03A0002,0,32-5068,1
032,112025,42503958,1,7405,3,1,42503958,0,1,1,1,42503958,29/11/2016,QA2AA1AW02A0001,1,EQ_MT_SED5323,1
032,112025,42503966,12,7405,3,2,42503966,0,1,1,1,42503966,29/11/2016,QB1AM1AW02A0080,1,EQ_BT_SED5323,1
032,112025,42508783,1,7404,3,1,42508783,0,1,1,1,42508783,23/09/2016,QA3AA1AW03A0003,0,32-4706,1
032,112025,42527075,1,7404,3,1,42527075,0,4,1,1,42527075,23/09/2016,QA3AA1AW03A0002,0,32-5061,1
032,112025,42536481,12,7403,3,1,42536481,0,4,1,1,42536481,18/10/2016,QA3AH3AW03N0040,0,Compacto de Medida,1
032,112025,42536510,1,7403,3,1,42536510,0,4,1,1,42536510,18/10/2016,QA3AA1AW03A0002,0,32-5114,1
032,112025,42540970,1,7404,2,1,42540970,0,4,1,1,42540970,25/11/2016,QA3AA1AW03A0001,0,32-5115,0
032,112025,42545564,1,7403,3,1,42545564,0,1,1,1,42545564,14/10/2016,QA3AA1AW03A0001,0,32-5064,1
032,112025,42545571,1,7403,3,1,42545571,0,1,1,1,42545571,14/10/2016,QA3AA1AW03A0001,0,32-5063,1
032,112025,42619583,1,8416,3,1,42619583,0,1,1,1,42619583,31/12/2015,QA1AA1AW01A0001,1,32-5125,1
032,112025,42620837,2,7404,3,1,42620837,0,1,1,1,42620837,14/12/2016,QA3AB1AW03A0600,0,32-5112,1
032,112025,42623847,1,7403,3,1,42623847,0,4,1,1,42623847,03/02/2017,QA3AA1AW03A0002,0,32-5136,1
032,112025,42624137,1,7405,3,1,42624137,0,4,1,1,42624137,16/12/2016,QA3AA1AW03A0002,0,32-5113,1
032,112025,42661091,1,8416,3,1,42661091,0,1,1,1,42661091,31/12/2015,QA3AA1AW03A0001,0,32-5122,1
032,112025,42661117,1,8416,3,1,42661117,0,1,1,1,42661117,31/12/2015,QA2AA1AW02A0001,1,EQ_MT_SED177,1
032,112025,42661124,12,8416,3,2,42661124,0,1,1,1,42661124,31/12/2015,QB1AM1AW02A0080,1,EQ_BT_SED177,1
032,112025,42661217,1,8416,3,1,42661217,0,1,1,1,42661217,31/12/2015,QA1AA1AW01A0001,0,32-5123,1
032,112025,42661240,1,8416,3,1,42661240,0,1,1,1,42661240,31/12/2015,QA1AA1AW01A0001,0,32-5124,1
032,112025,42721377,1,7201,3,1,42721377,0,1,1,1,42721377,25/10/2016,QA3AA1AW03A0001,0,32-5089,1
032,112025,42721403,1,7201,3,1,42721403,0,1,1,1,42721403,25/10/2016,QA3AA1AW03A0001,0,32-5088,1
032,112025,42721466,1,7201,3,1,42721466,0,1,1,1,42721466,25/10/2016,QA3AA1AW03A0001,0,32-5087,1
032,112025,42721493,1,7201,3,1,42721493,0,1,1,1,42721493,25/10/2016,QA3AA1AW03A0001,0,32-5086,1
032,112025,42809004,1,7404,3,1,42809004,0,1,1,1,42809004,01/12/2016,QA1AA1AW01A0001,1,EQ_MT_SED3515,1
032,112025,42809011,12,7404,3,2,42809011,0,1,1,1,42809011,01/12/2016,QB1AM1AW02A0025,1,EQ_BT_SED3515,1
032,112025,42855191,1,7404,3,1,42855191,0,1,1,1,42855191,29/12/2016,QA3AA1AW03A0001,0,32-5120,1
032,112025,42855213,12,7404,3,2,42855213,0,1,1,1,42855213,29/12/2016,QB3AM3AW03A0100,1,EQ_BT_SED3545,1
032,112025,42860458,1,7404,3,1,42860458,0,1,1,1,42860458,14/12/2016,QA3AA1AW03A0001,0,32-5110,1
032,112025,42864545,2,7405,3,1,42864545,0,1,1,1,42864545,06/01/2017,QA3AB1AW03A0600,0,32-5116,1
032,112025,42864553,2,7405,3,1,42864553,0,1,1,1,42864553,06/01/2017,QA3AB1AW03A0600,0,32-5118,1
032,112025,42864609,2,7405,3,1,42864609,0,1,1,1,42864609,06/01/2017,QA3AB1AW03A0600,0,32-5117,0
032,112025,42864671,4,7405,1,1,42864671,0,1,1,1,42864671,06/01/2017,QA3AD3CK03A0630,0,Rec. Cardo  Verde,1
032,112025,42864682,4,7405,1,1,42864682,0,1,1,1,42864682,06/01/2017,QA3AD3CK03A0630,0,Rec. Unicaven,1
032,112025,42887508,2,7405,3,1,42887508,0,1,1,1,42887508,12/01/2017,QA3AB1AW03A0600,0,32-5119,1
032,112025,42892129,2,7404,3,1,42892129,0,1,1,1,42892129,12/01/2017,QA3AB1AW03A0600,0,32-5111,1
032,112025,42901368,1,7404,3,1,42901368,0,1,1,1,42901368,14/12/2016,QA2AA1AW02A0001,1,EQ_MT_SED,1
032,112025,42901375,12,7404,3,2,42901375,0,1,1,1,42901375,14/12/2016,QB1AM1AW02A0030,1,EQ_MT_SED,1
032,112025,42906118,1,7405,3,1,42906118,0,4,1,1,42906118,01/11/2016,QA2AA1AW02A0001,0,32-5073,1
032,112025,42906155,1,7405,3,1,42906155,0,4,1,1,42906155,01/11/2016,QA2AA1AW02A0001,0,EQ_MT_SEP3542,1
032,112025,42915305,1,7405,3,1,42915305,0,1,1,1,42915305,04/11/2016,QA3AA1AW03A0001,0,32-5071,1
032,112025,42919882,1,7405,3,1,42919882,0,4,1,1,42919882,04/11/2016,QA3AA1AW03A0001,0,32-5121,1
032,112025,42924772,1,7405,3,1,42924772,0,1,1,1,42924772,21/11/2016,QA3AA1AW03A0001,0,32-5069,1
032,112025,42924814,1,7405,3,1,42924814,0,1,1,1,42924814,21/11/2016,QA2AA1AW02A0001,1,EQ_MT_SED3508,1
032,112025,42924821,12,7405,3,2,42924821,0,1,1,1,42924821,21/11/2016,QB1AM1AW02A0080,1,EQ_BT_SED3508,1
032,112025,42938333,1,7404,3,1,42938333,0,1,1,1,42938333,25/11/2016,QA2AA1AW02A0001,1,EQ_MT_SED3516,1
032,112025,42938340,12,7404,3,2,42938340,0,1,1,1,42938340,25/11/2016,QB1AM1AW02A0010,1,EQ_BT_SED3516,1
032,112025,42938496,1,7404,3,1,42938496,0,1,1,1,42938496,25/11/2016,QA2AA1AW02A0001,1,EQ_MT_SED3514,1
032,112025,42938503,12,7404,3,2,42938503,0,1,1,1,42938503,25/11/2016,QB1AM1AW02A0025,1,EQ_BT_SED3514,1
032,112025,42947600,1,7403,3,1,42947600,0,1,1,1,42947600,12/01/2017,QA3AA1AW03A0002,1,EQ_MT_SED3543,1
032,112025,42947607,12,7403,3,2,42947607,0,1,1,1,42947607,12/01/2017,QB3AM3AW03A0063,1,EQ_BT_SED3543,1
032,112025,42947634,1,7403,3,1,42947634,0,1,1,1,42947634,12/01/2017,QA3AA1AW03A0002,1,EQ_MT_SED2696,1
032,112025,42952681,1,7405,3,1,42952681,0,1,1,1,42952681,12/01/2017,QA3AA1AW03A0001,0,32-5126,1
032,112025,42952794,1,7405,3,1,42952794,0,1,1,1,42952794,12/01/2017,QA1AA1AW01A0002,0,32-5127,1
032,112025,42952801,1,7405,3,1,42952801,0,4,1,1,42952801,12/01/2017,QA3AA1AW03A0002,0,32-5139,1
032,112025,42952888,1,7405,3,1,42952888,0,4,1,1,42952888,12/01/2017,QA3AA1AW03A0002,0,EQ_BT_SEP3549,1
032,112025,42966141,1,7404,3,1,42966141,0,1,1,1,42966141,04/11/2016,QA3AA1AW03A0001,0,32-5094,1
032,112025,43063602,2,7405,3,1,43063602,0,1,1,1,43063602,20/01/2017,QA3AB1AW03A0600,0,32-5106,1
032,112025,43063827,2,7405,3,1,43063827,0,1,1,1,43063827,20/01/2017,QA3AB1AW03A0600,0,32-5107,1
032,112025,43063861,1,7405,3,1,43063861,0,1,1,1,43063861,20/01/2017,QA3AA1AW03A0002,0,32-5108,1
032,112025,43063981,2,7405,3,1,43063981,0,1,1,1,43063981,20/01/2017,QA3AB1AW03A0600,0,32-5109,1
032,112025,43284972,12,7403,3,1,43284972,0,4,1,1,43284972,03/02/2017,QA3AH3AW03N0040,0,Compacto de Medida,1
032,112025,43285068,1,7403,3,1,43285068,0,4,1,1,43285068,03/02/2017,QA3AA1AW03A0001,0,EQ_MT_SEP3551,1
032,112025,43285161,1,7403,3,1,43285161,0,4,1,1,43285161,03/02/2017,QA3AA1AW03A0001,0,EQ_MT_SEP3551,1
032,112025,43289555,1,7405,3,1,43289555,0,1,1,1,43289555,31/01/2017,QA3AA1AW03A0001,0,32-5132,1
032,112025,43289562,12,7405,3,1,43289562,0,1,1,1,43289562,31/01/2017,QA3AN3CK03R0300,0,Banco de Condensadores,1
032,112025,43289573,1,7405,3,1,43289573,0,1,1,1,43289573,31/01/2017,QA3AA1AW03A0001,0,32-5133,1
032,112025,43289580,12,7405,3,1,43289580,0,1,1,1,43289580,31/01/2017,QA3AN3CK03R0300,0,Banco de Condensadores,1
032,112025,43317342,12,7403,3,1,43317342,0,4,1,1,43317342,03/02/2017,QA3AH3AW03N0040,0,Compacto de Medida,1
032,112025,43317357,1,7403,3,1,43317357,0,4,1,1,43317357,03/02/2017,QA3AA1AW03A0002,0,32-5130,1
032,112025,43317536,1,7403,3,1,43317536,0,4,1,1,43317536,03/02/2017,QA3AA1AW03A0002,0,EQ_MT_SEP3546,1
032,112025,43331194,1,7403,3,1,43331194,0,4,1,1,43331194,06/02/2017,QA3AA1AW03A0002,0,32-5131,1
032,112025,43331242,12,7403,3,1,43331242,0,4,1,1,43331242,06/02/2017,QA3AH3AW03N0040,0,Compacto de Medida,1
032,112025,43331277,1,7403,3,1,43331277,0,4,1,1,43331277,06/02/2017,QA3AA1AW03A0002,0,EQ_MT_SEP3547,1
032,112025,43386652,1,7404,3,1,43386652,0,1,1,1,43386652,15/02/2017,QA3AA1AW03A0010,0,32-4914,1
032,112025,43747090,1,7404,3,1,43747090,0,1,1,1,43747090,11/04/2017,QA2AA1AW02A0001,1,EQ_MT_SED3560,1
032,112025,43747097,12,7404,3,2,43747097,0,1,1,1,43747097,11/04/2017,QB1AM1AW02A0050,1,EQ_MT_SED3560,1
032,112025,44135430,1,7403,3,1,44135430,0,1,1,1,44135430,31/12/2014,QA3AA1AW03A0005,0,Desconectador Fusible Aéreo MT,1
032,112025,44135453,4,7405,3,1,44135453,0,1,1,1,44135453,30/06/2017,QA3AD3CK03A0630,0,32-5173,1
032,112025,44135503,4,7404,3,1,44135503,0,1,1,1,44135503,18/07/2017,QA3AD3CK03A0630,0,32-5169,1
032,112025,44135578,4,7405,3,1,44135578,0,1,1,1,44135578,07/08/2017,QA3AD3CK03A0630,0,32-5172,1
032,112025,44135594,4,7403,2,1,44135594,0,1,1,1,44135594,07/08/2017,QA3AD3CK03A0630,0,31-5216,0
032,112025,44135741,4,7404,3,1,44135741,0,1,1,1,44135741,30/06/2017,QA3AD3CK03A0630,0,32-5166,1
032,112025,44135805,1,8409,3,1,44135805,0,1,1,1,44135805,31/12/2016,QA3AA1AW03A0001,0,32-5198,1
032,112025,44135837,1,7404,3,1,44135837,0,1,1,1,44135837,31/12/2016,QA1AA1AW01A0001,0,32-5204,1
032,112025,44135864,1,8409,3,1,44135864,0,1,1,1,44135864,31/12/2016,QA2AA1AW02A0001,0,32-5199,1
032,112025,44135924,2,7405,3,1,44135924,0,1,1,1,44135924,31/12/2016,QA3AB1AW03A0600,0,32-5066,1
032,112025,44135952,1,7404,3,1,44135952,0,1,1,1,44135952,31/12/2016,QC1AA1AW01A0001,0,32-5202,1
032,112025,44135982,1,8409,3,1,44135982,0,1,1,1,44135982,31/12/2016,QA1AA1AW01A0001,0,32-5201,1
032,112025,44136698,1,7405,3,1,44136698,0,1,1,1,44136698,28/06/2017,QA3AA1AW03A0005,0,32-5208,1
032,112025,44136722,2,7405,3,1,44136722,0,1,1,1,44136722,28/06/2017,QA3AB1AW03A0600,0,32-5209,1
032,112025,44399244,1,7405,3,1,44399244,0,1,1,1,44399244,14/03/2017,QA2AA1AW02A0010,0,11-3120,1
032,112025,44399332,1,7405,3,1,44399332,0,1,1,1,44399332,14/03/2017,QA3AA1AW03A0001,0,32-5224,1
032,112025,44399357,2,7405,3,1,44399357,0,1,1,1,44399357,14/03/2017,QA3AB1AW03A0600,0,32-5223,1
032,112025,44399386,2,7405,3,1,44399386,0,1,1,1,44399386,14/03/2017,QA3AB1AW03A0600,0,32-5222,1
032,112025,44399416,4,7405,3,1,44399416,0,1,1,1,44399416,14/03/2017,QA3AD3CK03A0630,0,32-5038 Rec. Villa Seca,1
032,112025,44399434,2,7405,3,1,44399434,0,1,1,1,44399434,14/03/2017,QA3AB1AW03A0600,0,32-5140,1
032,112025,44399588,1,7405,3,1,44399588,0,1,1,1,44399588,14/03/2017,QA2AA1AW02A0001,1,EQ_MT_SED3535,1
032,112025,44399595,12,7405,3,2,44399595,0,1,1,1,44399595,14/03/2017,QB1AM1AW02A0010,1,EQ_MT_SED3535,1
032,112025,44403251,2,7405,3,1,44403251,0,1,1,1,44403251,14/03/2017,QA3AB1AW03A0600,0,32-5227,1
032,112025,44412441,2,7405,3,1,44412441,0,1,1,1,44412441,14/03/2017,QA3AB1AW03A0600,0,32-5226,1
032,112025,44417070,2,7405,3,1,44417070,0,1,1,1,44417070,14/03/2017,QA3AB1AW03A0600,0,32-5225,1
032,112025,44445024,1,7404,3,1,44445024,0,1,1,1,44445024,02/05/2017,QA3AA1AW03A0003,1,EQ_MT_SED1046,1
032,112025,44445031,12,7404,3,2,44445031,0,1,1,1,44445031,02/05/2017,QB3AM3AW03A0125,1,EQ_BT_SED1046,1
032,112025,44481756,1,7404,3,1,44481756,0,1,1,1,44481756,31/12/2016,QA3AA1AW03A0001,0,32-5228,1
032,112025,44528528,2,7404,3,1,44528528,0,1,1,1,44528528,30/04/2016,QA3AB1AW03A0600,0,32-4490,1
032,112025,44528796,2,7404,3,1,44528796,0,1,1,1,44528796,30/04/2016,QA3AB1AW03A0600,0,32-5032,1
032,112025,44528947,1,7404,3,1,44528947,0,1,1,1,44528947,30/04/2016,QA3AA1AW03A0002,0,32-5031,1
032,112025,44529019,2,7404,3,1,44529019,0,1,1,1,44529019,30/04/2016,QA3AB1AW03A0600,0,32-5030,1
032,112025,44529126,2,7404,3,1,44529126,0,1,1,1,44529126,30/04/2016,QA3AB1AW03A0600,0,32-5028,1
032,112025,44529681,2,7404,3,1,44529681,0,1,1,1,44529681,30/04/2016,QA3AB1AW03A0600,0,32-5028,1
032,112025,44529838,1,7404,3,1,44529838,0,1,1,1,44529838,30/04/2016,QA2AA1AW02A0010,0,32-5026,1
032,112025,44529902,1,7404,3,1,44529902,0,1,1,1,44529902,30/04/2016,QA3AA1AW03A0003,0,32-5025,1
032,112025,44530018,1,7404,3,1,44530018,0,1,1,1,44530018,30/04/2016,QA3AA1AW03A0010,0,08-3397,1
032,112025,44530084,2,7404,3,1,44530084,0,1,1,1,44530084,30/04/2016,QA3AB1AW03A0600,0,32-0000,1
032,112025,44530663,1,7404,3,1,44530663,0,1,1,1,44530663,30/04/2016,QA1AA1AW01A0001,0,31-5020,1
032,112025,44530849,2,7404,3,1,44530849,0,1,1,1,44530849,30/04/2016,QA3AB1AW03A0600,0,32-5019,1
032,112025,44530893,1,7404,3,1,44530893,0,1,1,1,44530893,30/04/2016,QA2AA1AW02A0010,0,32-3028,1
032,112025,44530934,2,7404,3,1,44530934,0,1,1,1,44530934,30/04/2016,QA3AB1AW03A0600,0,32-5018,1
032,112025,44694324,2,7405,3,1,44694324,0,1,1,1,44694324,28/08/2017,QA3AB1AW03A0600,0,32-5235,1
032,112025,44698943,2,7405,3,1,44698943,0,1,1,1,44698943,28/08/2017,QA3AB1AW03A0600,0,32-5229,1
032,112025,44703567,2,7405,3,1,44703567,0,1,1,1,44703567,28/08/2017,QA3AB1AW03A0600,0,32-5230,1
032,112025,44712808,2,7404,3,1,44712808,0,1,1,1,44712808,28/08/2017,QA3AB1AW03A0600,0,32-5234,1
032,112025,44717433,2,7405,3,1,44717433,0,1,1,1,44717433,28/08/2017,QA3AB1AW03A0600,0,32-5232,1
032,112025,44726671,2,7405,3,1,44726671,0,1,1,1,44726671,28/08/2017,QA3AB1AW03A0600,0,32-5231,1
032,112025,44731290,2,7405,3,1,44731290,0,1,1,1,44731290,28/08/2017,QA3AB1AW03A0600,0,32-5233,1
032,112025,44755542,1,7404,3,1,44755542,0,1,1,1,44755542,04/09/2017,QA3AA1AW03A0001,1,EQ_MT_SED3580,1
032,112025,44755549,12,7404,3,2,44755549,0,1,1,1,44755549,04/09/2017,QB3AM3AW03A0100,1,EQ_BT_SED3580,1
032,112025,44755624,1,7404,3,1,44755624,0,1,1,1,44755624,04/09/2017,QA3AA1AW03A0001,1,EQ_MT_SED3581,1
032,112025,44755632,12,7404,3,2,44755632,0,1,1,1,44755632,04/09/2017,QB3AM3AW03A0100,1,EQ_BT_SED3581,1
032,112025,44774050,1,7404,3,1,44774050,0,1,1,1,44774050,02/06/2017,QA3AA1AW03A0002,1,EQ_MT_SED3561,1
032,112025,44774057,12,7404,3,2,44774057,0,1,1,1,44774057,02/06/2017,QB3AM3AW03A0150,1,EQ_BT_SED3561,1
032,112025,44888404,2,7404,3,1,44888404,0,1,1,1,44888404,20/09/2017,QA3AB1AW03A0600,0,32-5241,1
032,112025,44893044,1,7405,3,1,44893044,0,1,1,1,44893044,31/12/2016,QA3AA1AW03A0002,1,EQMT_SSEE_3129,1
032,112025,44893052,12,7405,3,2,44893052,0,1,1,1,44893052,31/12/2016,QB3AM3AW03A0080,1,EQBT_SSEE_3129,1
032,112025,44893307,1,7405,3,1,44893307,0,1,1,1,44893307,31/12/2016,QA3AA1AW03A0002,1,EQMT_SSEE_3128,1
032,112025,44893315,12,7405,3,2,44893315,0,1,1,1,44893315,31/12/2016,QB3AM3AW03A0080,1,EQBT_SSEE_3128,1
032,112025,44897642,1,7405,3,1,44897642,0,1,1,1,44897642,30/06/2017,QA2AA1AW02A0002,1,EQ_MT_SED3574,1
032,112025,44897649,12,7405,3,2,44897649,0,1,1,1,44897649,30/06/2017,QB1AM1AW02A0010,1,EQ_BT_SED3574,1
032,112025,44897730,2,7405,3,1,44897730,0,1,1,1,44897730,30/06/2017,QA3AB1AW03A0600,0,32-5174,1
032,112025,44902266,2,7404,3,1,44902266,0,1,1,1,44902266,30/06/2017,QA3AB1AW03A0600,0,32-5167,1
032,112025,44902284,2,7404,3,1,44902284,0,1,1,1,44902284,30/06/2017,QA3AB1AW03A0600,0,32-5168,1
032,112025,44902332,1,7404,3,1,44902332,0,1,1,1,44902332,30/06/2017,QA2AA1AW02A0001,1,EQ_MT_SED3570,1
032,112025,44902339,12,7404,3,2,44902339,0,1,1,1,44902339,30/06/2017,QB1AM1AW02A0010,1,EQ_BT_SED3570,1
032,112025,44925640,4,7403,3,1,44925640,0,1,1,1,44925640,07/08/2017,QA3AD3CK03A0630,0,32-5192,1
032,112025,44925659,1,7403,3,1,44925659,0,1,1,1,44925659,07/08/2017,QA2AA1AW02A0001,1,EQ_MT_SED3579,1
032,112025,44925666,12,7403,3,2,44925666,0,1,1,1,44925666,07/08/2017,QB1AM1AW02A0010,1,EQ_BT_SED3579,1
032,112025,44925753,2,7403,3,1,44925753,0,1,1,1,44925753,07/08/2017,QA3AB1AW03A0600,0,32-5194,1
032,112025,44925778,2,7403,3,1,44925778,0,1,1,1,44925778,07/08/2017,QA3AB1AW03A0600,0,32-5193,1
032,112025,44962360,2,7404,3,1,44962360,0,1,1,1,44962360,31/12/2016,QA3AB1AW03A0600,0,32-5155,1
032,112025,44980825,1,7404,3,1,44980825,0,4,1,1,44980825,06/10/2017,QA3AA1AW03A0002,0,32-5254,1
032,112025,44980857,1,7404,3,1,44980857,0,4,1,1,44980857,06/10/2017,QA3AA1AW03A0002,0,EQ_MT_SEP3604,1
032,112025,44990088,1,7405,3,1,44990088,0,1,1,1,44990088,06/10/2017,QA3AA1AW03A0003,0,32-5253,1
032,112025,44990116,1,7405,3,1,44990116,0,4,1,1,44990116,06/10/2017,QA3AA1AW03A0002,0,EQ_MT_SED3603,1
032,112025,44990148,12,7405,3,1,44990148,0,4,1,1,44990148,06/10/2017,QA3AH3AW03N0040,0,Compacto de Medida,1
032,112025,44994745,1,7404,3,1,44994745,0,1,1,1,44994745,06/06/2017,QA3AA1AW03A0003,0,32-5220,1
032,112025,45018281,1,7404,3,1,45018281,0,1,1,1,45018281,07/05/2017,QA3AA1AW03A0003,0,32-5176,1
032,112025,45018308,1,7404,3,1,45018308,0,1,1,1,45018308,07/05/2017,QA3AA1AW03A0003,0,32-5175,1
032,112025,45064018,1,7403,3,1,45064018,0,1,1,1,45064018,07/08/2017,QA2AA1AW02A0001,1,EQ_MT_SED3582,1
032,112025,45064025,12,7403,3,2,45064025,0,1,1,1,45064025,07/08/2017,QB1AM1AW02A0010,1,EQ_BT_SED3582,1
032,112025,45082555,1,8416,3,1,45082555,0,1,1,1,45082555,06/10/2017,QA3AA1AW03A0003,0,32-5242,1
032,112025,45082587,2,8416,3,1,45082587,0,1,1,1,45082587,06/10/2017,QA3AB1AW03A0600,0,32-5255,1
032,112025,45082619,2,8416,3,1,45082619,0,1,1,1,45082619,06/10/2017,QA3AB1AW03A0600,0,32-5656,1
032,112025,45082685,1,8416,3,1,45082685,0,4,1,1,45082685,06/10/2017,QA3AA1AW03A0002,0,EQ_MT_SEP3606,1
032,112025,45087692,1,7405,3,1,45087692,0,1,1,1,45087692,25/10/2017,QA3AA1AW03A0003,1,EQ_MT_SED3586,1
032,112025,45087699,12,7405,3,2,45087699,0,1,1,1,45087699,25/10/2017,QB3AM3AW03A0100,1,EQ_BT_SED3586,1
032,112025,45087744,1,7405,3,1,45087744,0,1,1,1,45087744,25/10/2017,QA3AA1AW03A0003,1,EQ_MT_SED3585,1
032,112025,45087751,12,7405,3,2,45087751,0,1,1,1,45087751,25/10/2017,QB3AM3AW03A0100,1,EQ_BT_SED3585,1
032,112025,45088324,1,7405,3,1,45088324,0,1,1,1,45088324,25/10/2017,QA3AA1AW03A0003,0,32-5221,1
032,112025,45096379,1,7405,3,1,45096379,0,1,1,1,45096379,07/08/2017,QA2AA1AW02A0002,1,EQ_MT_SED3573,1
032,112025,45096408,12,7405,3,2,45096408,0,1,1,1,45096408,07/08/2017,QB1AM1AW02A0010,1,EQ_BT_SED3573,1
032,112025,45119470,1,7405,3,1,45119470,0,1,1,1,45119470,25/10/2017,QA3AA1AW03A0002,0,EQ_MT_SEP3608,1
032,112025,45119498,1,7405,3,1,45119498,0,4,1,1,45119498,25/10/2017,QA3AA1AW03A0002,0,32-5259,1
032,112025,45161477,1,7403,3,1,45161477,0,1,1,1,45161477,17/11/2017,QA3AA1AW03A0003,1,EQ_MT_SED,1
032,112025,45161497,12,7403,3,2,45161497,0,1,1,1,45161497,17/11/2017,QB3AM3AW03A0150,1,EQ_BT_SED3575Poniente,1
032,112025,45161504,12,7403,3,2,45161504,0,1,1,1,45161504,17/11/2017,QB3AM3AW03A0150,1,EQ_BT_SED3575Oriente,1
032,112025,45161738,1,7403,3,1,45161738,0,1,1,1,45161738,17/11/2017,QA3AA1AW03A0003,0,32-5258,1
032,112025,45221134,4,7404,3,1,45221134,0,1,1,1,45221134,07/09/2017,QA3AD3CK03A0630,0,32-5187 Seccionalizador Digua,1
032,112025,45221148,1,7404,3,1,45221148,0,1,1,1,45221148,07/09/2017,QA2AA1AW02A0001,1,EQ_MT_SED3577,1
032,112025,45221155,12,7404,3,2,45221155,0,1,1,1,45221155,07/09/2017,QB1AM1AW02A0010,1,EQ_BT_SED3577,1
032,112025,45230364,1,7404,3,1,45230364,0,1,1,1,45230364,31/12/2016,QA3AA1AW03A0003,0,32-5247,1
032,112025,45230382,1,7404,3,1,45230382,0,1,1,1,45230382,31/12/2016,QA3AA1AW03A0020,0,32-3402,0
032,112025,45230391,2,7404,3,1,45230391,0,1,1,1,45230391,31/12/2016,QA3AB1AW03A0600,0,32-3402,1
032,112025,45235015,12,7403,3,1,45235015,0,4,1,1,45235015,10/11/2017,QA3AH3AW03N0040,0,Compacto de Medida,1
032,112025,45235043,1,7403,3,1,45235043,0,4,1,1,45235043,10/11/2017,QA3AA1AW03A0003,0,32-5270,1
032,112025,45253580,1,7403,3,1,45253580,0,4,1,1,45253580,15/11/2017,QA3AA1AW03A0002,0,32-5271,1
032,112025,45253609,12,7403,3,1,45253609,0,4,1,1,45253609,15/11/2017,QA3AH3AW03N0040,0,Compacto de Medida,1
032,112025,45267327,1,8409,3,1,45267327,0,1,1,1,45267327,01/11/2017,QA2AA1AW02A0002,0,32-5273,1
032,112025,45271980,1,8409,3,1,45271980,0,1,1,1,45271980,17/11/2017,QA2AA1AW02A0002,0,32-5272,1
032,112025,45271987,2,8409,3,1,45271987,0,1,1,1,45271987,17/11/2017,QA3AB1AW03A0600,0,32-5272 Mellizo,1
032,112025,45285815,1,7405,3,1,45285815,0,1,1,1,45285815,31/12/2016,QA3AA1AW03A0003,0,09-3001,1
032,112025,45308936,1,7403,3,1,45308936,0,1,1,1,45308936,23/11/2017,QA1AA1AW01A0002,1,EQ_MT_SED3618,1
032,112025,45308961,12,7403,3,2,45308961,0,1,1,1,45308961,23/11/2017,QB1AM1AW02A0010,1,EQ_BT_SED3618,1
032,112025,45359765,1,7404,3,1,45359765,0,1,1,1,45359765,30/11/2017,QA2AA1AW02A0002,1,EQ_MT_SED3605,1
032,112025,45359772,12,7404,3,2,45359772,0,1,1,1,45359772,30/11/2017,QB1AM1AW02A0025,1,EQ_BT_SED3605,1
032,112025,45364373,1,7404,3,1,45364373,0,1,1,1,45364373,22/02/2017,QA2AA1AW02A0002,1,EQ_MT_SED3517,1
032,112025,45364380,12,7404,3,2,45364380,0,1,1,1,45364380,22/02/2017,QB1AM1AW02A0025,1,EQ_BT_SED3517,1
032,112025,45433691,1,8409,3,1,45433691,0,1,1,1,45433691,30/01/2018,QA2AA1AW02A0001,1,EQ_MT_SED3624,1
032,112025,45433699,12,8409,3,2,45433699,0,1,1,1,45433699,30/01/2018,QB1AM1AW02A0025,1,EQ_BT_SED3624,1
032,112025,45442979,12,7405,3,1,45442979,0,4,1,1,45442979,14/12/2017,QA3AH3AW03N0040,0,Compacto de Medida,1
032,112025,45443028,1,7405,3,1,45443028,0,4,1,1,45443028,14/12/2017,QA3AA1AW03A0002,0,32-5282,1
032,112025,45456949,1,7405,3,1,45456949,0,1,1,1,45456949,11/04/2017,QA2AA1AW02A0001,1,EQ_MT_SED3557,1
032,112025,45456956,12,7405,3,2,45456956,0,1,1,1,45456956,11/04/2017,QB1AM1AW02A0050,1,EQ_BT_SED3557,1
032,112025,45461424,1,8409,3,1,45461424,0,1,1,1,45461424,01/03/2017,QA2AA1AW02A0002,1,EQ_MT_SED3550,1
032,112025,45461431,12,8409,3,2,45461431,0,1,1,1,45461431,01/03/2017,QB1AM1AW02A0070,1,EQ_BT_SED3550,1
032,112025,45466121,1,7404,3,1,45466121,0,1,1,1,45466121,09/03/2017,QC2AA1AW02A0001,1,EQ_MT_SED3556,1
032,112025,45466128,12,7404,3,2,45466128,0,1,1,1,45466128,09/03/2017,QB1AM1AW02A0050,1,EQ_BT_SED3556,1
032,112025,45484559,1,7404,3,1,45484559,0,1,1,1,45484559,21/04/2017,QA2AA1AW02A0002,1,EQ_MT_SED3562,1
032,112025,45484566,12,7404,3,2,45484566,0,1,1,1,45484566,21/04/2017,QB1AM1AW02A0050,1,EQ_BT_SED3562,1
032,112025,45484620,1,7404,3,1,45484620,0,1,1,1,45484620,21/04/2017,QA2AA1AW02A0002,1,32-5159,1
032,112025,45493793,1,7404,3,1,45493793,0,1,1,1,45493793,01/06/2017,QA2AA1AW02A0001,1,EQ_MT_SED5359,1
032,112025,45493800,12,7404,3,2,45493800,0,1,1,1,45493800,01/06/2017,QB1AM1AW02A0050,1,EQ_BT_SED5359,1
032,112025,45512252,2,7404,3,1,45512252,0,1,1,1,45512252,07/09/2017,QA3AB1AW03A0600,0,32-5186,1
032,112025,45512270,4,7404,2,1,45512270,0,1,1,1,45512270,07/09/2017,QA3AD3CK03A0630,0,32-5185 Rec. Villa Rosa,0
032,112025,45512308,1,7404,3,1,45512308,0,1,1,1,45512308,07/09/2017,QA2AA1AW02A0001,1,EQ_MT_SED3576,1
032,112025,45512315,12,7404,3,2,45512315,0,1,1,1,45512315,07/09/2017,QB1AM1AW02A0010,1,EQ_BT_SED3576,1
032,112025,45512373,2,7404,3,1,45512373,0,1,1,1,45512373,07/09/2017,QA3AB1AW03A0600,0,08-3153,1
032,112025,45516869,1,7404,3,1,45516869,0,1,1,1,45516869,15/09/2017,QA3AA1AW03A0005,0,32-5211,1
032,112025,45521500,1,7404,3,1,45521500,0,1,1,1,45521500,15/09/2017,QA3AA1AW03A0005,0,32-5210,1
032,112025,45530787,2,7404,3,1,45530787,0,1,1,1,45530787,18/07/2017,QA3AB1AW03A0600,0,32-5170,1
032,112025,45530855,1,7404,3,1,45530855,0,1,1,1,45530855,18/07/2017,QA2AA1AW02A0001,1,EQ_MT_SED5371,1
032,112025,45530862,12,7404,3,2,45530862,0,1,1,1,45530862,18/07/2017,QB1AM1AW02A0010,1,EQ_BT_SED5371,1
032,112025,45539960,1,7404,3,1,45539960,0,1,1,1,45539960,18/07/2017,QA3AA1AW03A0001,1,EQ_MT_SED3572,1
032,112025,45539968,12,7404,3,2,45539968,0,1,1,1,45539968,18/07/2017,QB3AM3AW03A0025,1,EQ_BT_SED3572,1
032,112025,45540075,2,7404,3,1,45540075,0,1,1,1,45540075,18/07/2017,QA3AB1AW03A0600,0,32-5170,1
032,112025,45558698,1,7404,3,1,45558698,0,1,1,1,45558698,05/05/2017,QA2AA1AW02A0001,1,EQ_MT_SED3564,1
032,112025,45558705,12,7404,3,2,45558705,0,1,1,1,45558705,05/05/2017,QB1AM1AW02A0050,1,EQ_BT_SED3564,1
032,112025,45558795,1,7404,3,1,45558795,0,1,1,1,45558795,05/05/2017,QA2AA1AW02A0001,0,32-5158,1
032,112025,45674422,1,7403,3,1,45674422,0,1,1,1,45674422,25/12/2017,QA3AA1AW03A0003,1,EQ_MT_SED3621,1
032,112025,45674429,12,7403,3,2,45674429,0,1,1,1,45674429,25/12/2017,QB3AM3AW03A0100,1,EQ_BT_SED3621,1
032,112025,45674630,1,7403,3,1,45674630,0,1,1,1,45674630,25/12/2017,QA3AA1AW03A0003,1,EQ_MT_SED3623,1
032,112025,45674637,12,7403,3,2,45674637,0,1,1,1,45674637,25/12/2017,QB3AM3AW03A0100,1,EQ_BT_SED3623,1
032,112025,45675025,1,7403,3,1,45675025,0,1,1,1,45675025,25/12/2017,QA3AA1AW03A0003,1,EQ_MT_SED3621,1
032,112025,45675032,12,7403,3,2,45675032,0,1,1,1,45675032,25/12/2017,QB3AM3AW03A0100,1,EQ_BT_SED3621,1
032,112025,45675511,1,7403,3,1,45675511,0,1,1,1,45675511,25/12/2017,QA3AA1AW03A0002,0,32-5281,1
032,112025,45734053,1,8416,3,1,45734053,0,4,1,1,45734053,22/12/2017,QA3AA1AW03A0002,0,32-5283,1
032,112025,45761814,12,7405,3,1,45761814,0,4,1,1,45761814,28/12/2017,QA3AH3AW03N0040,0,Compacto de Medida,1
032,112025,45761839,1,7405,3,1,45761839,0,1,1,1,45761839,28/12/2017,QA3AA1AW03A0002,0,32-5288,1
032,112025,45771039,1,7404,3,1,45771039,0,4,1,1,45771039,03/01/2018,QA3AA1AW03A0002,0,32-5287,1
032,112025,45775814,2,7405,3,1,45775814,0,1,1,1,45775814,29/11/2017,QA3AB1AW03A0600,0,32-5103,0
032,112025,45775853,2,7405,3,1,45775853,0,1,1,1,45775853,29/11/2017,QA3AB1AW03A0600,0,32-5102,0
032,112025,45775934,2,7405,3,1,45775934,0,1,1,1,45775934,29/11/2017,QA3AB1AW03A0600,0,32-5101,0
032,112025,45775942,1,7405,3,1,45775942,0,1,1,1,45775942,29/11/2017,QA3AA1AW03A0003,0,32-5101,0
032,112025,45776011,2,7405,3,1,45776011,0,1,1,1,45776011,29/11/2017,QA3AB1AW03A0600,0,32-5100,1
032,112025,45789710,1,7404,3,1,45789710,0,1,1,1,45789710,04/01/2018,QA3AA1AW03A0005,0,32-5284,1
032,112025,45790006,12,7404,3,1,45790006,0,4,1,1,45790006,04/01/2018,QA3AH3AW03N0040,0,Compacto de Medida,1
032,112025,45790041,1,7404,3,1,45790041,0,1,1,1,45790041,04/01/2018,QA3AA1AW03A0003,0,32-5289,1
032,112025,45790094,1,7404,3,1,45790094,0,1,1,1,45790094,04/01/2018,QA3AA1AW03A0003,0,32-5291,1
032,112025,45790151,1,7404,3,1,45790151,0,4,1,1,45790151,04/01/2018,QA3AA1AW03A0002,0,EQ_MT_SEP,1
032,112025,45790176,1,7404,3,1,45790176,0,4,1,1,45790176,04/01/2018,QA3AA1AW03A0002,0,EQ_MT_SEP,1
032,112025,45831107,2,7405,3,1,45831107,0,1,1,1,45831107,31/10/2017,QA3AB1AW03A0600,0,32-5165,1
032,112025,45849585,12,7405,3,1,45849585,0,4,1,1,45849585,07/01/2018,QA3AH3AW03N0040,0,Compacto de Medida,1
032,112025,45872822,1,8409,3,1,45872822,0,1,1,1,45872822,10/01/2018,QA3AA1AW03A0010,0,32-5286,1
032,112025,45886556,1,8409,3,1,45886556,0,4,1,1,45886556,04/01/2018,QA3AA1AW03A0002,0,APR Ñiquen,1
032,112025,45891189,1,7404,3,1,45891189,0,1,1,1,45891189,13/02/2018,QA3AA1AW03A0002,1,EQ_BT_SED,1
032,112025,45891202,12,7404,3,2,45891202,0,1,1,1,45891202,13/02/2018,QB3AM3AW03A0040,1,EQ_BT_SED,1
032,112025,45905092,1,7404,3,1,45905092,0,1,1,1,45905092,16/01/2018,QA3AA1AW03A0005,0,32-5293,1
032,112025,45905160,1,7404,3,1,45905160,0,1,1,1,45905160,16/01/2018,QA3AA1AW03A0005,1,Desconectador Fusible Aéreo MT,1
032,112025,45905185,12,7404,3,2,45905185,0,1,1,1,45905185,16/01/2018,QB3AM3AW03A0125,1,Protección BT Aérea,1
032,112025,46029813,1,7405,3,1,46029813,0,1,1,1,46029813,13/02/2018,QA3AA1AW03A0002,1,EQ_MT_SED3635,1
032,112025,46029820,12,7405,3,2,46029820,0,1,1,1,46029820,13/02/2018,QB3AM3AW03A0030,1,EQ_BT_SED3635,1
032,112025,46034463,1,7403,3,1,46034463,0,4,1,1,46034463,07/02/2018,QA3AA1AW03A0003,0,32-5307,1
032,112025,46034488,12,7403,3,1,46034488,0,4,1,1,46034488,07/02/2018,QA3AH3AW03N0040,0,Compacto de Medida,1
032,112025,46034571,1,7403,3,1,46034571,0,4,1,1,46034571,07/02/2018,QA3AA1AW03A0002,0,EQ_MT_SEP3654,1
032,112025,46034611,1,7403,3,1,46034611,0,1,1,1,46034611,07/02/2018,QA3AA1AW03A0002,0,EQ_MT_SED3653,1
032,112025,46052953,12,7405,3,2,46052953,0,1,1,1,46052953,13/02/2018,QB1AM1AW02A0025,1,EQ_BT_SED3652,1
032,112025,46052960,1,7405,3,1,46052960,0,1,1,1,46052960,13/02/2018,QA2AA1AW02A0002,1,EQ_MT_SED3652,1
032,112025,46057830,1,7404,3,1,46057830,0,1,1,1,46057830,13/02/2018,QA2AA1AW02A0002,1,EQ_MT_SED3646,1
032,112025,46057837,12,7404,3,2,46057837,0,1,1,1,46057837,13/02/2018,QB1AM1AW02A0025,1,EQ_BT_SED3646,1
032,112025,46058051,1,7404,3,1,46058051,0,1,1,1,46058051,13/02/2018,QA2AA1AW02A0002,0,32-5300,1
032,112025,46205397,1,7405,3,1,46205397,0,4,1,1,46205397,30/01/2018,QA3AA1AW03A0002,0,32-5300,1
032,112025,46205422,1,7405,3,1,46205422,0,1,1,1,46205422,30/01/2018,QA3AA1AW03A0002,0,EQ_MT_SEP3651,1
032,112025,46210017,1,7405,3,1,46210017,0,4,1,1,46210017,30/01/2018,QA3AA1AW03A0001,0,32-5294,1
032,112025,46252637,1,7403,3,1,46252637,0,1,1,1,46252637,20/03/2018,QA1AA1AW01A0003,0,Red MT Por Conectar.,0
032,112025,46256315,1,7405,3,1,46256315,0,1,1,1,46256315,26/03/2018,QA2AA1AW02A0001,0,32-0000,0
