032,112025,924,0
032,112025,936,0
032,112025,2860991,0
032,112025,2861357,0
032,112025,2861393,0
032,112025,2861447,0
032,112025,2861460,0
032,112025,2861567,0
032,112025,2861603,0
032,112025,2861657,0
032,112025,2861765,0
032,112025,2862174,0
032,112025,2862270,0
032,112025,2862426,0
032,112025,2862587,0
032,112025,2862833,0
032,112025,2862840,0
032,112025,2863067,0
032,112025,2863518,0
032,112025,2864070,0
032,112025,2864585,0
032,112025,2864729,0
032,112025,2864783,0
032,112025,2864927,0
032,112025,2865005,0
032,112025,2865510,0
032,112025,2865551,0
032,112025,2865695,0
032,112025,2865719,0
032,112025,2865749,0
032,112025,2865804,0
032,112025,2865809,0
032,112025,2865869,0
032,112025,2867562,0
032,112025,2867736,0
032,112025,2867856,0
032,112025,2867898,0
032,112025,2867903,0
032,112025,2868311,0
032,112025,2868347,0
032,112025,2869271,0
032,112025,2869439,0
032,112025,2869727,0
032,112025,2869908,0
032,112025,2870441,0
032,112025,2870591,0
032,112025,2870700,0
032,112025,2871276,0
032,112025,2871365,0
032,112025,2871647,0
032,112025,2871828,0
032,112025,2872199,0
032,112025,2873214,0
032,112025,2874143,0
032,112025,2874701,0
032,112025,2874821,0
032,112025,2874882,0
032,112025,2874888,0
032,112025,2875164,0
032,112025,2875295,0
032,112025,2875319,0
032,112025,2875710,0
032,112025,2876064,0
032,112025,2876231,0
032,112025,2876358,0
032,112025,2876741,0
032,112025,2876885,0
032,112025,2877305,0
032,112025,2877809,0
032,112025,2878055,0
032,112025,2878086,0
032,112025,2878391,0
032,112025,2878500,0
032,112025,2878620,0
032,112025,2878997,0
032,112025,2879639,0
032,112025,2879736,0
032,112025,2880341,0
032,112025,2880869,0
032,112025,2880996,0
032,112025,2881578,0
032,112025,2881722,0
032,112025,2881943,0
032,112025,2881950,0
032,112025,2882297,0
032,112025,2882453,0
032,112025,2882459,0
032,112025,2883432,0
032,112025,2883875,0
032,112025,2883953,0
032,112025,2883960,0
032,112025,2884086,0
032,112025,2884751,0
032,112025,2885297,0
032,112025,2885364,0
032,112025,2885969,0
032,112025,2886012,0
032,112025,2886054,0
032,112025,2886186,0
032,112025,2886894,0
032,112025,2887265,0
032,112025,2887686,0
032,112025,2888285,0
032,112025,2889011,0
032,112025,2889084,0
032,112025,2889090,0
032,112025,2889234,0
032,112025,2889599,0
032,112025,2889677,0
032,112025,2889863,0
032,112025,2889978,0
032,112025,2890338,0
032,112025,2890662,0
032,112025,2890985,0
032,112025,2891142,0
032,112025,2891225,0
032,112025,2891556,0
032,112025,2891879,0
032,112025,2891886,0
032,112025,2891928,0
032,112025,2892372,0
032,112025,2892594,0
032,112025,2892851,0
032,112025,2893008,0
032,112025,2893152,0
032,112025,2893176,0
032,112025,2893860,0
032,112025,2894076,0
032,112025,2894159,0
032,112025,2894526,0
032,112025,2894580,0
032,112025,2895042,0
032,112025,2895191,0
032,112025,2895407,0
032,112025,2895540,0
032,112025,2895821,0
032,112025,2896020,0
032,112025,2896170,0
032,112025,2896271,0
032,112025,2896314,0
032,112025,2896350,0
032,112025,2896602,0
032,112025,2896871,0
032,112025,2897352,0
032,112025,2897507,0
032,112025,2897880,0
032,112025,2897976,0
032,112025,2898023,0
032,112025,2898102,0
032,112025,2898456,0
032,112025,2898737,0
032,112025,2898857,0
032,112025,2899037,0
032,112025,2899086,0
032,112025,2899254,0
032,112025,2899374,0
032,112025,2899619,0
032,112025,2899644,0
032,112025,2899668,0
032,112025,2900171,0
032,112025,2900340,0
032,112025,2900519,0
032,112025,2900628,0
032,112025,2901480,0
032,112025,2902103,0
032,112025,2903453,0
032,112025,2903460,0
032,112025,2903525,0
032,112025,2903526,0
032,112025,2904245,0
032,112025,2904612,0
032,112025,2904689,0
032,112025,2904864,0
032,112025,2905164,0
032,112025,2905949,0
032,112025,2905968,0
032,112025,2906147,0
032,112025,2906189,0
032,112025,2907648,0
032,112025,2907684,0
032,112025,2907689,0
032,112025,2907726,0
032,112025,2907881,0
032,112025,2908253,0
032,112025,2908607,0
032,112025,2908758,0
032,112025,2908799,0
032,112025,2909963,0
032,112025,2910630,0
032,112025,2911272,0
032,112025,2911350,0
032,112025,2911356,0
032,112025,2911409,0
032,112025,2911428,0
032,112025,2911823,0
032,112025,2912292,0
032,112025,2912723,0
032,112025,2912825,0
032,112025,2913000,0
032,112025,2913209,0
032,112025,2913221,0
032,112025,2913480,0
032,112025,2913575,0
032,112025,2913599,0
032,112025,2913678,0
032,112025,2914032,0
032,112025,2914098,0
032,112025,2914349,0
032,112025,2914380,0
032,112025,2914661,0
032,112025,2915351,0
032,112025,2915411,0
032,112025,2915694,0
032,112025,2916215,0
032,112025,2916293,0
032,112025,2916312,0
032,112025,2916665,0
032,112025,2917439,0
032,112025,2918195,0
032,112025,2918207,0
032,112025,2918507,0
032,112025,2918802,0
032,112025,2919222,0
032,112025,2919360,0
032,112025,2920691,0
032,112025,2920997,0
032,112025,2922713,0
032,112025,2923332,0
032,112025,2923625,0
032,112025,2924262,0
032,112025,2924778,0
032,112025,2925365,0
032,112025,2925719,0
032,112025,2925833,0
032,112025,2926266,0
032,112025,2926469,0
032,112025,2926512,0
032,112025,2926847,0
032,112025,2926997,0
032,112025,2927022,0
032,112025,2928342,0
032,112025,2928390,0
032,112025,2928479,0
032,112025,2928893,0
032,112025,2930814,0
032,112025,2931510,0
032,112025,2932146,0
032,112025,2933033,0
032,112025,2933153,0
032,112025,2933550,0
032,112025,2933574,0
032,112025,2933699,0
032,112025,2934269,0
032,112025,2935080,0
032,112025,2935103,0
032,112025,2935104,0
032,112025,2935122,0
032,112025,2935434,0
032,112025,2935620,0
032,112025,2936358,0
032,112025,2936592,0
032,112025,2936597,0
032,112025,2936622,0
032,112025,2936651,0
032,112025,2936670,0
032,112025,2936681,0
032,112025,2936682,0
032,112025,2937059,0
032,112025,2937072,0
032,112025,2937114,0
032,112025,2937137,0
032,112025,2937144,0
032,112025,2937389,0
032,112025,2937468,0
032,112025,2937479,0
032,112025,2937719,0
032,112025,2937809,0
032,112025,2938217,0
032,112025,2938307,0
032,112025,2939063,0
032,112025,2939111,0
032,112025,2939490,0
032,112025,2939910,0
032,112025,2939999,0
032,112025,2940330,0
032,112025,2940648,0
032,112025,2940720,0
032,112025,2940809,0
032,112025,2940827,0
032,112025,2940918,0
032,112025,2941145,0
032,112025,2941494,0
032,112025,2941505,0
032,112025,2941596,0
032,112025,2941661,0
032,112025,2941806,0
032,112025,2942178,0
032,112025,2942207,0
032,112025,2942586,0
032,112025,2942610,0
032,112025,2942634,0
032,112025,2942664,0
032,112025,2942694,0
032,112025,2942891,0
032,112025,2943522,0
032,112025,2943575,0
032,112025,2943605,0
032,112025,2943780,0
032,112025,2943785,0
032,112025,2943834,0
032,112025,2943870,0
032,112025,2944595,0
032,112025,2944877,0
032,112025,2944986,0
032,112025,2945076,0
032,112025,2945561,0
032,112025,2945832,0
032,112025,2945838,0
032,112025,2946035,0
032,112025,2946078,0
032,112025,2946156,0
032,112025,2946714,0
032,112025,2946785,0
032,112025,2947463,0
032,112025,2947704,0
032,112025,2947890,0
032,112025,2948399,0
032,112025,2948699,0
032,112025,2948700,0
032,112025,2948892,0
032,112025,2949047,0
032,112025,2949107,0
032,112025,2949114,0
032,112025,2949834,0
032,112025,2949995,0
032,112025,2950013,0
032,112025,2950175,0
032,112025,2950319,0
032,112025,2950967,0
032,112025,2951100,0
032,112025,2951309,0
032,112025,2951333,0
032,112025,2952456,0
032,112025,2953146,0
032,112025,2953218,0
032,112025,2953974,0
032,112025,2954004,0
032,112025,2954628,0
032,112025,2954646,0
032,112025,2954910,0
032,112025,2955294,0
032,112025,2955810,0
032,112025,2956001,0
032,112025,2957291,0
032,112025,2957442,0
032,112025,2957453,0
032,112025,2957994,0
032,112025,2958084,0
032,112025,2958888,0
032,112025,2959055,0
032,112025,2959068,0
032,112025,2959080,0
032,112025,2959086,0
032,112025,2959223,0
032,112025,2959326,0
032,112025,2959403,0
032,112025,2959439,0
032,112025,2959704,0
032,112025,2959925,0
032,112025,2959949,0
032,112025,2960496,0
032,112025,2961084,0
032,112025,2961510,0
032,112025,2961743,0
032,112025,2961768,0
032,112025,2962092,0
032,112025,2962097,0
032,112025,2963273,0
032,112025,2963447,0
032,112025,2963670,0
032,112025,2963682,0
032,112025,2963712,0
032,112025,2964654,0
032,112025,2964678,0
032,112025,2965050,0
032,112025,2965668,0
032,112025,2965673,0
032,112025,2965787,0
032,112025,2966345,0
032,112025,2966585,0
032,112025,2967312,0
032,112025,2967462,0
032,112025,2967575,0
032,112025,2967660,0
032,112025,2967695,0
032,112025,2967815,0
032,112025,2968295,0
032,112025,2968379,0
032,112025,2968536,0
032,112025,2968734,0
032,112025,2968764,0
032,112025,2968913,0
032,112025,2969592,0
032,112025,2969657,0
032,112025,2969795,0
032,112025,2970180,0
032,112025,2970263,0
032,112025,2970269,0
032,112025,2970306,0
032,112025,2970444,0
032,112025,2970575,0
032,112025,2970582,0
032,112025,2970587,0
032,112025,2971422,0
032,112025,2971901,0
032,112025,2972111,0
032,112025,2973227,0
032,112025,2973479,0
032,112025,2973672,0
032,112025,2974571,0
032,112025,2975537,0
032,112025,2975639,0
032,112025,2975658,0
032,112025,2976203,0
032,112025,2976305,0
032,112025,2976348,0
032,112025,2976893,0
032,112025,2977919,0
032,112025,2977938,0
032,112025,2977944,0
032,112025,2978237,0
032,112025,2978250,0
032,112025,2978736,0
032,112025,2978855,0
032,112025,2979257,0
032,112025,2979438,0
032,112025,2979486,0
032,112025,2979497,0
032,112025,2979707,0
032,112025,2979947,0
032,112025,2980512,0
032,112025,2980679,0
032,112025,2980733,0
032,112025,2980739,0
032,112025,2980788,0
032,112025,2981435,0
032,112025,2981813,0
032,112025,2981951,0
032,112025,2982695,0
032,112025,2983920,0
032,112025,2984387,0
032,112025,2985221,0
032,112025,2986151,0
032,112025,2988269,0
032,112025,2988563,0
032,112025,2988654,0
032,112025,2988798,0
032,112025,2988839,0
032,112025,2988893,0
032,112025,2988953,0
032,112025,2988972,0
032,112025,2989001,0
032,112025,2989128,0
032,112025,2990525,0
032,112025,2991083,0
032,112025,2991125,0
032,112025,2991491,0
032,112025,2991498,0
032,112025,2991552,0
032,112025,2991557,0
032,112025,2991558,0
032,112025,2991630,0
032,112025,2991684,0
032,112025,2991744,0
032,112025,2991779,0
032,112025,2991827,0
032,112025,2991845,0
032,112025,2991923,0
032,112025,2992031,0
032,112025,2992049,0
032,112025,2992067,0
032,112025,2992158,0
032,112025,2992182,0
032,112025,2992206,0
032,112025,2992212,0
032,112025,2992314,0
032,112025,2992325,0
032,112025,2992373,0
032,112025,2992607,0
032,112025,2992668,0
032,112025,2992782,0
032,112025,2992890,0
032,112025,2992896,0
032,112025,2992991,0
032,112025,2993190,0
032,112025,2993208,0
032,112025,2993322,0
032,112025,2993411,0
032,112025,2993418,0
032,112025,2993484,0
032,112025,2993507,0
032,112025,2993543,0
032,112025,2993567,0
032,112025,2993580,0
032,112025,2993663,0
032,112025,2993682,0
032,112025,2993705,0
032,112025,2993712,0
032,112025,2993729,0
032,112025,2993730,0
032,112025,2993735,0
032,112025,2993760,0
032,112025,2993783,0
032,112025,2993903,0
032,112025,2994000,0
032,112025,2994005,0
032,112025,2994041,0
032,112025,2994042,0
032,112025,2994083,0
032,112025,2994108,0
032,112025,2994132,0
032,112025,2994233,0
032,112025,2994239,0
032,112025,2994240,0
032,112025,2994473,0
032,112025,2994539,0
032,112025,2994600,0
032,112025,2994635,0
032,112025,2994719,0
032,112025,2994762,0
032,112025,2994942,0
032,112025,2994965,0
032,112025,2994966,0
032,112025,2994972,0
032,112025,2995026,0
032,112025,2995050,0
032,112025,2995074,0
032,112025,2995122,0
032,112025,2995158,0
032,112025,2995260,0
032,112025,2995283,0
032,112025,2995284,0
032,112025,2995332,0
032,112025,2995355,0
032,112025,2995457,0
032,112025,2995608,0
032,112025,2995710,0
032,112025,2995733,0
032,112025,2995739,0
032,112025,2995758,0
032,112025,2995812,0
032,112025,2995847,0
032,112025,2995866,0
032,112025,2996081,0
032,112025,2996087,0
032,112025,2996214,0
032,112025,2996220,0
032,112025,2996435,0
032,112025,2996442,0
032,112025,2996490,0
032,112025,2996538,0
032,112025,2996616,0
032,112025,2996621,0
032,112025,2996622,0
032,112025,2996627,0
032,112025,2996628,0
032,112025,2996670,0
032,112025,2996694,0
032,112025,2996699,0
032,112025,2996730,0
032,112025,2996784,0
032,112025,2996790,0
032,112025,2996849,0
032,112025,2996856,0
032,112025,2996975,0
032,112025,2997072,0
032,112025,2997095,0
032,112025,2997132,0
032,112025,2997161,0
032,112025,2997191,0
032,112025,2997305,0
032,112025,2997312,0
032,112025,2997341,0
032,112025,2997576,0
032,112025,2997666,0
032,112025,2997786,0
032,112025,2997815,0
032,112025,2997852,0
032,112025,2997864,0
032,112025,2997876,0
032,112025,2997893,0
032,112025,2997894,0
032,112025,2997960,0
032,112025,2998008,0
032,112025,2998091,0
032,112025,2998103,0
032,112025,2998134,0
032,112025,2998206,0
032,112025,2998283,0
032,112025,2998308,0
032,112025,2998391,0
032,112025,2998409,0
032,112025,2998493,0
032,112025,2998530,0
032,112025,2998536,0
032,112025,2998565,0
032,112025,2998673,0
032,112025,2998710,0
032,112025,2998733,0
032,112025,2998739,0
032,112025,2998949,0
032,112025,2999033,0
032,112025,2999045,0
032,112025,2999069,0
032,112025,2999159,0
032,112025,2999490,0
032,112025,2999507,0
032,112025,2999520,0
032,112025,2999651,0
032,112025,2999658,0
032,112025,2999688,0
032,112025,2999765,0
032,112025,2999783,0
032,112025,2999790,0
032,112025,2999879,0
032,112025,2999886,0
032,112025,2999897,0
032,112025,3000234,0
032,112025,3000426,0
032,112025,3000485,0
032,112025,3000510,0
032,112025,3000515,0
032,112025,3000539,0
032,112025,3000552,0
032,112025,3000858,0
032,112025,3001097,0
032,112025,3001151,0
032,112025,3001193,0
032,112025,3001218,0
032,112025,3001229,0
032,112025,3001289,0
032,112025,3001307,0
032,112025,3001332,0
032,112025,3001427,0
032,112025,3001457,0
032,112025,3001866,0
032,112025,3001938,0
032,112025,3001992,0
032,112025,3002039,0
032,112025,3002094,0
032,112025,3002148,0
032,112025,3002166,0
032,112025,3002357,0
032,112025,3002387,0
032,112025,3002592,0
032,112025,3002604,0
032,112025,3002610,0
032,112025,3002723,0
032,112025,3002765,0
032,112025,3002783,0
032,112025,3002789,0
032,112025,3002837,0
032,112025,3002862,0
032,112025,3002868,0
032,112025,3002886,0
032,112025,3002939,0
032,112025,3002999,0
032,112025,3003066,0
032,112025,3003131,0
032,112025,3003185,0
032,112025,3003305,0
032,112025,3003312,0
032,112025,3003407,0
032,112025,3003413,0
032,112025,3003414,0
032,112025,3003444,0
032,112025,3003468,0
032,112025,3003503,0
032,112025,3003534,0
032,112025,3003539,0
032,112025,3003540,0
032,112025,3003678,0
032,112025,3003702,0
032,112025,3003996,0
032,112025,3004109,0
032,112025,3004115,0
032,112025,3004146,0
032,112025,3004235,0
032,112025,3004398,0
032,112025,3004403,0
032,112025,3004415,0
032,112025,3004476,0
032,112025,3004553,0
032,112025,3004560,0
032,112025,3004602,0
032,112025,3004608,0
032,112025,3004674,0
032,112025,3004692,0
032,112025,3004698,0
032,112025,3004800,0
032,112025,3004817,0
032,112025,3004872,0
032,112025,3004920,0
032,112025,3004967,0
032,112025,3005004,0
032,112025,3005039,0
032,112025,3005051,0
032,112025,3005082,0
032,112025,3005088,0
032,112025,3005129,0
032,112025,3005351,0
032,112025,3005363,0
032,112025,3005550,0
032,112025,3005705,0
032,112025,3005963,0
032,112025,3006006,0
032,112025,3006221,0
032,112025,3006276,0
032,112025,3006360,0
032,112025,3006431,0
032,112025,3006468,0
032,112025,3006479,0
032,112025,3006503,0
032,112025,3006606,0
032,112025,3006635,0
032,112025,3007098,0
032,112025,3007428,0
032,112025,3007434,0
032,112025,3007446,0
032,112025,3007464,0
032,112025,3007517,0
032,112025,3007650,0
032,112025,3007656,0
032,112025,3007728,0
032,112025,3007739,0
032,112025,3007740,0
032,112025,3007763,0
032,112025,3007799,0
032,112025,3007962,0
032,112025,3007973,0
032,112025,3007974,0
032,112025,3008010,0
032,112025,3008016,0
032,112025,3008141,0
032,112025,3008153,0
032,112025,3008160,0
032,112025,3008201,0
032,112025,3008225,0
032,112025,3008328,0
032,112025,3008411,0
032,112025,3008729,0
032,112025,3008807,0
032,112025,3009113,0
032,112025,3009161,0
032,112025,3009186,0
032,112025,3009221,0
032,112025,3009366,0
032,112025,3009618,0
032,112025,3009726,0
032,112025,3009738,0
032,112025,3010014,0
032,112025,3010050,0
032,112025,3010062,0
032,112025,3010230,0
032,112025,3010242,0
032,112025,3010433,0
032,112025,3010434,0
032,112025,3010524,0
032,112025,3010818,0
032,112025,3010847,0
032,112025,3010854,0
032,112025,3010913,0
032,112025,3011093,0
032,112025,3011142,0
032,112025,3011184,0
032,112025,3011238,0
032,112025,3011286,0
032,112025,3011310,0
032,112025,3011411,0
032,112025,3011483,0
032,112025,3011585,0
032,112025,3011664,0
032,112025,3011735,0
032,112025,3011759,0
032,112025,3011862,0
032,112025,3012186,0
032,112025,3012198,0
032,112025,3012222,0
032,112025,3012443,0
032,112025,3012467,0
032,112025,3012522,0
032,112025,3012702,0
032,112025,3012779,0
032,112025,3012869,0
032,112025,3012894,0
032,112025,3012960,0
032,112025,3013020,0
032,112025,3013109,0
032,112025,3013139,0
032,112025,3013199,0
032,112025,3013211,0
032,112025,3013416,0
032,112025,3013433,0
032,112025,3013458,0
032,112025,3013470,0
032,112025,3013488,0
032,112025,3013512,0
032,112025,3013554,0
032,112025,3013565,0
032,112025,3013578,0
032,112025,3013655,0
032,112025,3013662,0
032,112025,3013679,0
032,112025,3013734,0
032,112025,3013745,0
032,112025,3013757,0
032,112025,3013769,0
032,112025,3013829,0
032,112025,3013836,0
032,112025,3013854,0
032,112025,3013884,0
032,112025,3013920,0
032,112025,3013932,0
032,112025,3013991,0
032,112025,3014034,0
032,112025,3014039,0
032,112025,3014070,0
032,112025,3014153,0
032,112025,3014184,0
032,112025,3014238,0
032,112025,3014285,0
032,112025,3014292,0
032,112025,3014357,0
032,112025,3014358,0
032,112025,3014388,0
032,112025,3014393,0
032,112025,3014399,0
032,112025,3014405,0
032,112025,3014411,0
032,112025,3014418,0
032,112025,3014430,0
032,112025,3014460,0
032,112025,3014495,0
032,112025,3014502,0
032,112025,3014615,0
032,112025,3014831,0
032,112025,3014892,0
032,112025,3014927,0
032,112025,3015029,0
032,112025,3015035,0
032,112025,3015101,0
032,112025,3015198,0
032,112025,3015257,0
032,112025,3015348,0
032,112025,3015359,0
032,112025,3015377,0
032,112025,3015467,0
032,112025,3015468,0
032,112025,3015534,0
032,112025,3015563,0
032,112025,3015683,0
032,112025,3015713,0
032,112025,3015719,0
032,112025,3015737,0
032,112025,3015749,0
032,112025,3015797,0
032,112025,3015821,0
032,112025,3015863,0
032,112025,3015870,0
032,112025,3015875,0
032,112025,3015930,0
032,112025,3015965,0
032,112025,3015971,0
032,112025,3016079,0
032,112025,3016140,0
032,112025,3016200,0
032,112025,3016260,0
032,112025,3016499,0
032,112025,3016512,0
032,112025,3016553,0
032,112025,3016650,0
032,112025,3016685,0
032,112025,3016698,0
032,112025,3016727,0
032,112025,3016751,0
032,112025,3016769,0
032,112025,3016770,0
032,112025,3016991,0
032,112025,3016997,0
032,112025,3016998,0
032,112025,3017118,0
032,112025,3017160,0
032,112025,3017369,0
032,112025,3017393,0
032,112025,3017394,0
032,112025,3017448,0
032,112025,3017609,0
032,112025,3017664,0
032,112025,3017736,0
032,112025,3017796,0
032,112025,3018035,0
032,112025,3018036,0
032,112025,3018108,0
032,112025,3018203,0
032,112025,3018317,0
032,112025,3018378,0
032,112025,3018702,0
032,112025,3018707,0
032,112025,3018761,0
032,112025,3018863,0
032,112025,3018893,0
032,112025,3018947,0
032,112025,3019002,0
032,112025,3019038,0
032,112025,3019086,0
032,112025,3019140,0
032,112025,3019254,0
032,112025,3019440,0
032,112025,3019793,0
032,112025,3019799,0
032,112025,3019811,0
032,112025,3019860,0
032,112025,3019866,0
032,112025,3020046,0
032,112025,3020052,0
032,112025,3020064,0
032,112025,3020111,0
032,112025,3020130,0
032,112025,3020250,0
032,112025,3020256,0
032,112025,3020274,0
032,112025,3020435,0
032,112025,3020453,0
032,112025,3020531,0
032,112025,3020543,0
032,112025,3020561,0
032,112025,3020573,0
032,112025,3020579,0
032,112025,3020645,0
032,112025,3020754,0
032,112025,3020813,0
032,112025,3020945,0
032,112025,3020981,0
032,112025,3021053,0
032,112025,3021065,0
032,112025,3021096,0
032,112025,3021174,0
032,112025,3021209,0
032,112025,3021420,0
032,112025,3021450,0
032,112025,3021480,0
032,112025,3021677,0
032,112025,3021756,0
032,112025,3021786,0
032,112025,3021816,0
032,112025,3021845,0
032,112025,3021863,0
032,112025,3021941,0
032,112025,3022085,0
032,112025,3022127,0
032,112025,3022205,0
032,112025,3022290,0
032,112025,3022350,0
032,112025,3022392,0
032,112025,3022409,0
032,112025,3022499,0
032,112025,3022518,0
032,112025,3022524,0
032,112025,3022535,0
032,112025,3022559,0
032,112025,3022577,0
032,112025,3022625,0
032,112025,3022649,0
032,112025,3022668,0
032,112025,3022709,0
032,112025,3022722,0
032,112025,3022752,0
032,112025,3022770,0
032,112025,3022776,0
032,112025,3022806,0
032,112025,3022896,0
032,112025,3022908,0
032,112025,3022914,0
032,112025,3022973,0
032,112025,3023021,0
032,112025,3023033,0
032,112025,3023082,0
032,112025,3023100,0
032,112025,3023117,0
032,112025,3023183,0
032,112025,3023202,0
032,112025,3023274,0
032,112025,3023346,0
032,112025,3023610,0
032,112025,3023687,0
032,112025,3023711,0
032,112025,3023862,0
032,112025,3023873,0
032,112025,3023879,0
032,112025,3023958,0
032,112025,3024161,0
032,112025,3024276,0
032,112025,3024287,0
032,112025,3024353,0
032,112025,3024408,0
032,112025,3024456,0
032,112025,3024491,0
032,112025,3024510,0
032,112025,3024521,0
032,112025,3024527,0
032,112025,3024534,0
032,112025,3024623,0
032,112025,3024689,0
032,112025,3024695,0
032,112025,3024720,0
032,112025,3024732,0
032,112025,3024743,0
032,112025,3024785,0
032,112025,3024840,0
032,112025,3024912,0
032,112025,3025038,0
032,112025,3025146,0
032,112025,3025200,0
032,112025,3025242,0
032,112025,3025332,0
032,112025,3025367,0
032,112025,3025379,0
032,112025,3025434,0
032,112025,3025445,0
032,112025,3025559,0
032,112025,3025614,0
032,112025,3025679,0
032,112025,3025691,0
032,112025,3025703,0
032,112025,3025848,0
032,112025,3025992,0
032,112025,3026010,0
032,112025,3026022,0
032,112025,3026106,0
032,112025,3026292,0
032,112025,3026327,0
032,112025,3026333,0
032,112025,3026388,0
032,112025,3026682,0
032,112025,3026723,0
032,112025,3026838,0
032,112025,3026909,0
032,112025,3026927,0
032,112025,3026952,0
032,112025,3026969,0
032,112025,3026982,0
032,112025,3027065,0
032,112025,3027185,0
032,112025,3027288,0
032,112025,3027311,0
032,112025,3027312,0
032,112025,3027444,0
032,112025,3027474,0
032,112025,3027503,0
032,112025,3027576,0
032,112025,3027605,0
032,112025,3027630,0
032,112025,3027816,0
032,112025,3028008,0
032,112025,3028014,0
032,112025,3028019,0
032,112025,3028032,0
032,112025,3028086,0
032,112025,3028103,0
032,112025,3028169,0
032,112025,3028170,0
032,112025,3028182,0
032,112025,3028236,0
032,112025,3028301,0
032,112025,3028469,0
032,112025,3028487,0
032,112025,3028512,0
032,112025,3028541,0
032,112025,3028775,0
032,112025,3028806,0
032,112025,3028811,0
032,112025,3028895,0
032,112025,3028901,0
032,112025,3028949,0
032,112025,3028955,0
032,112025,3029124,0
032,112025,3029238,0
032,112025,3029310,0
032,112025,3029430,0
032,112025,3029436,0
032,112025,3029537,0
032,112025,3029550,0
032,112025,3029598,0
032,112025,3029729,0
032,112025,3029862,0
032,112025,3029898,0
032,112025,3030360,0
032,112025,3030468,0
032,112025,3030743,0
032,112025,3030756,0
032,112025,3030893,0
032,112025,3031008,0
032,112025,3031050,0
032,112025,3031068,0
032,112025,3031074,0
032,112025,3031140,0
032,112025,3031157,0
032,112025,3031158,0
032,112025,3031205,0
032,112025,3031211,0
032,112025,3031290,0
032,112025,3031499,0
032,112025,3031686,0
032,112025,3031715,0
032,112025,3031877,0
032,112025,3032058,0
032,112025,3032063,0
032,112025,3032195,0
032,112025,3032249,0
032,112025,3032321,0
032,112025,3032387,0
032,112025,3032418,0
032,112025,3032447,0
032,112025,3032489,0
032,112025,3032550,0
032,112025,3033138,0
032,112025,3033162,0
032,112025,3033168,0
032,112025,3033323,0
032,112025,3033348,0
032,112025,3033359,0
032,112025,3033366,0
032,112025,3033372,0
032,112025,3033431,0
032,112025,3033509,0
032,112025,3033510,0
032,112025,3033611,0
032,112025,3033630,0
032,112025,3033809,0
032,112025,3033822,0
032,112025,3033954,0
032,112025,3034002,0
032,112025,3034463,0
032,112025,3034619,0
032,112025,3034680,0
032,112025,3034757,0
032,112025,3034806,0
032,112025,3034919,0
032,112025,3034986,0
032,112025,3034992,0
032,112025,3035129,0
032,112025,3035243,0
032,112025,3035249,0
032,112025,3035274,0
032,112025,3035310,0
032,112025,3035345,0
032,112025,3035525,0
032,112025,3035543,0
032,112025,3035621,0
032,112025,3035628,0
032,112025,3035729,0
032,112025,3035850,0
032,112025,3035903,0
032,112025,3035940,0
032,112025,3036252,0
032,112025,3036437,0
032,112025,3036522,0
032,112025,3036653,0
032,112025,3036678,0
032,112025,3036719,0
032,112025,3036779,0
032,112025,3036786,0
032,112025,3036792,0
032,112025,3036833,0
032,112025,3037026,0
032,112025,3037158,0
032,112025,3037211,0
032,112025,3037284,0
032,112025,3037296,0
032,112025,3037373,0
032,112025,3037596,0
032,112025,3037661,0
032,112025,3037775,0
032,112025,3037830,0
032,112025,3037961,0
032,112025,3038046,0
032,112025,3038093,0
032,112025,3038207,0
032,112025,3038232,0
032,112025,3038754,0
032,112025,3038802,0
032,112025,3038994,0
032,112025,3039089,0
032,112025,3039096,0
032,112025,3039287,0
032,112025,3039383,0
032,112025,3039390,0
032,112025,3039707,0
032,112025,3040007,0
032,112025,3040121,0
032,112025,3040128,0
032,112025,3040152,0
032,112025,3040206,0
032,112025,3040284,0
032,112025,3040308,0
032,112025,3040320,0
032,112025,3040337,0
032,112025,3040349,0
032,112025,3040487,0
032,112025,3040584,0
032,112025,3040919,0
032,112025,3040968,0
032,112025,3040998,0
032,112025,3041003,0
032,112025,3041039,0
032,112025,3041057,0
032,112025,3041123,0
032,112025,3041165,0
032,112025,3041166,0
032,112025,3041327,0
032,112025,3041358,0
032,112025,3041525,0
032,112025,3041531,0
032,112025,3041579,0
032,112025,3041640,0
032,112025,3041669,0
032,112025,3041682,0
032,112025,3041699,0
032,112025,3041940,0
032,112025,3041993,0
032,112025,3042006,0
032,112025,3042083,0
032,112025,3042192,0
032,112025,3042233,0
032,112025,3042354,0
032,112025,3042371,0
032,112025,3042473,0
032,112025,3042527,0
032,112025,3042576,0
032,112025,3042654,0
032,112025,3042695,0
032,112025,3042725,0
032,112025,3042845,0
032,112025,3042876,0
032,112025,3042978,0
032,112025,3043128,0
032,112025,3043133,0
032,112025,3043193,0
032,112025,3043404,0
032,112025,3043571,0
032,112025,3043578,0
032,112025,3043649,0
032,112025,3043770,0
032,112025,3043824,0
032,112025,3043896,0
032,112025,3044021,0
032,112025,3044075,0
032,112025,3044135,0
032,112025,3044297,0
032,112025,3044304,0
032,112025,3044363,0
032,112025,3044412,0
032,112025,3044435,0
032,112025,3044532,0
032,112025,3044556,0
032,112025,3044573,0
032,112025,3044603,0
032,112025,3044802,0
032,112025,3044832,0
032,112025,3044951,0
032,112025,3044993,0
032,112025,3045101,0
032,112025,3045342,0
032,112025,3045384,0
032,112025,3045407,0
032,112025,3045545,0
032,112025,3045570,0
032,112025,3045612,0
032,112025,3045755,0
032,112025,3045912,0
032,112025,3045924,0
032,112025,3046091,0
032,112025,3046164,0
032,112025,3046200,0
032,112025,3046230,0
032,112025,3046260,0
032,112025,3046295,0
032,112025,3046379,0
032,112025,3046415,0
032,112025,3046422,0
032,112025,3046470,0
032,112025,3046494,0
032,112025,3046553,0
032,112025,3046614,0
032,112025,3046655,0
032,112025,3046656,0
032,112025,3046727,0
032,112025,3046746,0
032,112025,3047082,0
032,112025,3047154,0
032,112025,3047172,0
032,112025,3047358,0
032,112025,3047520,0
032,112025,3047645,0
032,112025,3047705,0
032,112025,3047879,0
032,112025,3047886,0
032,112025,3047898,0
032,112025,3047903,0
032,112025,3047993,0
032,112025,3048012,0
032,112025,3048077,0
032,112025,3048101,0
032,112025,3048114,0
032,112025,3048125,0
032,112025,3048137,0
032,112025,3048209,0
032,112025,3048234,0
032,112025,3048258,0
032,112025,3048263,0
032,112025,3048264,0
032,112025,3048287,0
032,112025,3048299,0
032,112025,3048311,0
032,112025,3048323,0
032,112025,3048330,0
032,112025,3048347,0
032,112025,3048365,0
032,112025,3048383,0
032,112025,3048426,0
032,112025,3048431,0
032,112025,3048456,0
032,112025,3048515,0
032,112025,3048708,0
032,112025,3048756,0
032,112025,3048797,0
032,112025,3048822,0
032,112025,3048899,0
032,112025,3048930,0
032,112025,3048942,0
032,112025,3049020,0
032,112025,3049026,0
032,112025,3049199,0
032,112025,3049211,0
032,112025,3049295,0
032,112025,3049313,0
032,112025,3049356,0
032,112025,3049896,0
032,112025,3049925,0
032,112025,3049956,0
032,112025,3049991,0
032,112025,3050093,0
032,112025,3050111,0
032,112025,3050154,0
032,112025,3050195,0
032,112025,3050304,0
032,112025,3050351,0
032,112025,3050568,0
032,112025,3050682,0
032,112025,3050723,0
032,112025,3050766,0
032,112025,3050802,0
032,112025,3050910,0
032,112025,3050951,0
032,112025,3050957,0
032,112025,3051006,0
032,112025,3051137,0
032,112025,3051150,0
032,112025,3051198,0
032,112025,3051257,0
032,112025,3051275,0
032,112025,3051300,0
032,112025,3051383,0
032,112025,3051395,0
032,112025,3051401,0
032,112025,3051413,0
032,112025,3051479,0
032,112025,3051623,0
032,112025,3051660,0
032,112025,3051905,0
032,112025,3051935,0
032,112025,3051978,0
032,112025,3052001,0
032,112025,3052133,0
032,112025,3052235,0
032,112025,3052259,0
032,112025,3052265,0
032,112025,3052392,0
032,112025,3052398,0
032,112025,3052614,0
032,112025,3052680,0
032,112025,3052739,0
032,112025,3052830,0
032,112025,3053045,0
032,112025,3053394,0
032,112025,3053472,0
032,112025,3053490,0
032,112025,3053556,0
032,112025,3053604,0
032,112025,3053657,0
032,112025,3053699,0
032,112025,3053718,0
032,112025,3053777,0
032,112025,3053790,0
032,112025,3053861,0
032,112025,3053886,0
032,112025,3053891,0
032,112025,3053933,0
032,112025,3054029,0
032,112025,3054053,0
032,112025,3054228,0
032,112025,3054240,0
032,112025,3054246,0
032,112025,3054365,0
032,112025,3054420,0
032,112025,3054491,0
032,112025,3054497,0
032,112025,3054545,0
032,112025,3054551,0
032,112025,3054558,0
032,112025,3054599,0
032,112025,3054636,0
032,112025,3054708,0
032,112025,3055025,0
032,112025,3055134,0
032,112025,3055140,0
032,112025,3055152,0
032,112025,3055793,0
032,112025,3055823,0
032,112025,3055890,0
032,112025,3056009,0
032,112025,3056033,0
032,112025,3056051,0
032,112025,3056315,0
032,112025,3056441,0
032,112025,3056525,0
032,112025,3056610,0
032,112025,3056730,0
032,112025,3056790,0
032,112025,3057324,0
032,112025,3057509,0
032,112025,3057582,0
032,112025,3057618,0
032,112025,3057737,0
032,112025,3057869,0
032,112025,3057887,0
032,112025,3057983,0
032,112025,3057984,0
032,112025,3058289,0
032,112025,3058470,0
032,112025,3058536,0
032,112025,3058571,0
032,112025,3058836,0
032,112025,3058884,0
032,112025,3058926,0
032,112025,3058938,0
032,112025,3059112,0
032,112025,3059238,0
032,112025,3059255,0
032,112025,3059465,0
032,112025,3059471,0
032,112025,3059579,0
032,112025,3059645,0
032,112025,3059706,0
032,112025,3059796,0
032,112025,3059802,0
032,112025,3059892,0
032,112025,3059958,0
032,112025,3059988,0
032,112025,3060035,0
032,112025,3060042,0
032,112025,3060054,0
032,112025,3060096,0
032,112025,3060114,0
032,112025,3060126,0
032,112025,3060144,0
032,112025,3060371,0
032,112025,3060378,0
032,112025,3060396,0
032,112025,3060492,0
032,112025,3060539,0
032,112025,3060576,0
032,112025,3060660,0
032,112025,3060701,0
032,112025,3060941,0
032,112025,3060995,0
032,112025,3061272,0
032,112025,3061367,0
032,112025,3061649,0
032,112025,3061710,0
032,112025,3061847,0
032,112025,3062093,0
032,112025,3062165,0
032,112025,3062303,0
032,112025,3062310,0
032,112025,3062339,0
032,112025,3062346,0
032,112025,3062537,0
032,112025,3062555,0
032,112025,3062580,0
032,112025,3062651,0
032,112025,3062706,0
032,112025,3062718,0
032,112025,3062772,0
032,112025,3062783,0
032,112025,3062808,0
032,112025,3062819,0
032,112025,3062873,0
032,112025,3062898,0
032,112025,3062993,0
032,112025,3063030,0
032,112025,3063072,0
032,112025,3063090,0
032,112025,3063113,0
032,112025,3063216,0
032,112025,3063294,0
032,112025,3063306,0
032,112025,3063342,0
032,112025,3063360,0
032,112025,3063659,0
032,112025,3063672,0
032,112025,3063677,0
032,112025,3063678,0
032,112025,3063683,0
032,112025,3063749,0
032,112025,3063815,0
032,112025,3063821,0
032,112025,3063834,0
032,112025,3063954,0
032,112025,3063960,0
032,112025,3064050,0
032,112025,3064073,0
032,112025,3064140,0
032,112025,3064151,0
032,112025,3064187,0
032,112025,3064265,0
032,112025,3064271,0
032,112025,3064337,0
032,112025,3064440,0
032,112025,3064523,0
032,112025,3064836,0
032,112025,3064871,0
032,112025,3065148,0
032,112025,3065178,0
032,112025,3065340,0
032,112025,3065411,0
032,112025,3065645,0
032,112025,3065729,0
032,112025,3065928,0
032,112025,3065975,0
032,112025,3066101,0
032,112025,3066102,0
032,112025,3066126,0
032,112025,3066264,0
032,112025,3066354,0
032,112025,3066468,0
032,112025,3066492,0
032,112025,3066497,0
032,112025,3066540,0
032,112025,3066593,0
032,112025,3066737,0
032,112025,3066792,0
032,112025,3066864,0
032,112025,3066870,0
032,112025,3066876,0
032,112025,3066905,0
032,112025,3067014,0
032,112025,3067032,0
032,112025,3067080,0
032,112025,3067116,0
032,112025,3067295,0
032,112025,3067301,0
032,112025,3067307,0
032,112025,3067380,0
032,112025,3067392,0
032,112025,3067428,0
032,112025,3067434,0
032,112025,3067446,0
032,112025,3067463,0
032,112025,3067470,0
032,112025,3067512,0
032,112025,3067566,0
032,112025,3067583,0
032,112025,3067625,0
032,112025,3067734,0
032,112025,3067751,0
032,112025,3067770,0
032,112025,3067817,0
032,112025,3067829,0
032,112025,3068423,0
032,112025,3068472,0
032,112025,3068664,0
032,112025,3068759,0
032,112025,3068765,0
032,112025,3068813,0
032,112025,3068886,0
032,112025,3068898,0
032,112025,3069000,0
032,112025,3069239,0
032,112025,3069264,0
032,112025,3069269,0
032,112025,3069276,0
032,112025,3069281,0
032,112025,3069299,0
032,112025,3069341,0
032,112025,3069348,0
032,112025,3069389,0
032,112025,3069456,0
032,112025,3069618,0
032,112025,3069701,0
032,112025,3069755,0
032,112025,3069768,0
032,112025,3069780,0
032,112025,3069809,0
032,112025,3069822,0
032,112025,3069857,0
032,112025,3069870,0
032,112025,3069942,0
032,112025,3069959,0
032,112025,3070277,0
032,112025,3070284,0
032,112025,3070355,0
032,112025,3070373,0
032,112025,3070391,0
032,112025,3070446,0
032,112025,3070541,0
032,112025,3070632,0
032,112025,3070661,0
032,112025,3070710,0
032,112025,3070740,0
032,112025,3070746,0
032,112025,3070800,0
032,112025,3070907,0
032,112025,3070932,0
032,112025,3070938,0
032,112025,3071028,0
032,112025,3071219,0
032,112025,3071261,0
032,112025,3071370,0
032,112025,3071442,0
032,112025,3071466,0
032,112025,3071759,0
032,112025,3071771,0
032,112025,3071801,0
032,112025,3071873,0
032,112025,3071879,0
032,112025,3071915,0
032,112025,3071952,0
032,112025,3072203,0
032,112025,3072204,0
032,112025,3072258,0
032,112025,3072354,0
032,112025,3072396,0
032,112025,3072431,0
032,112025,3072443,0
032,112025,3072516,0
032,112025,3072521,0
032,112025,3072557,0
032,112025,3072618,0
032,112025,3072647,0
032,112025,3072906,0
032,112025,3072941,0
032,112025,3072978,0
032,112025,3073031,0
032,112025,3073080,0
032,112025,3073164,0
032,112025,3073170,0
032,112025,3073277,0
032,112025,3073284,0
032,112025,3073289,0
032,112025,3073319,0
032,112025,3073355,0
032,112025,3073362,0
032,112025,3073368,0
032,112025,3073391,0
032,112025,3073433,0
032,112025,3073469,0
032,112025,3073487,0
032,112025,3073488,0
032,112025,3073499,0
032,112025,3073542,0
032,112025,3073553,0
032,112025,3073673,0
032,112025,3073685,0
032,112025,3073776,0
032,112025,3073908,0
032,112025,3073913,0
032,112025,3073961,0
032,112025,3073986,0
032,112025,3074063,0
032,112025,3074142,0
032,112025,3074208,0
032,112025,3074213,0
032,112025,3074249,0
032,112025,3074274,0
032,112025,3074370,0
032,112025,3074478,0
032,112025,3074490,0
032,112025,3074586,0
032,112025,3074609,0
032,112025,3074610,0
032,112025,3074693,0
032,112025,3074699,0
032,112025,3074711,0
032,112025,3074748,0
032,112025,3074903,0
032,112025,3074904,0
032,112025,3074910,0
032,112025,3074922,0
032,112025,3074969,0
032,112025,3075047,0
032,112025,3075180,0
032,112025,3075252,0
032,112025,3075270,0
032,112025,3075282,0
032,112025,3075288,0
032,112025,3075366,0
032,112025,3075377,0
032,112025,3075378,0
032,112025,3075420,0
032,112025,3075528,0
032,112025,3075564,0
032,112025,3075587,0
032,112025,3075642,0
032,112025,3075689,0
032,112025,3075792,0
032,112025,3075834,0
032,112025,3075852,0
032,112025,3075923,0
032,112025,3075929,0
032,112025,3075966,0
032,112025,3075984,0
032,112025,3076146,0
032,112025,3076319,0
032,112025,3076584,0
032,112025,3076836,0
032,112025,3076956,0
032,112025,3077003,0
032,112025,3077028,0
032,112025,3077172,0
032,112025,3077190,0
032,112025,3077285,0
032,112025,3077502,0
032,112025,3077700,0
032,112025,3077789,0
032,112025,3077825,0
032,112025,3077861,0
032,112025,3077898,0
032,112025,3077903,0
032,112025,3077987,0
032,112025,3078054,0
032,112025,3078060,0
032,112025,3078065,0
032,112025,3078126,0
032,112025,3078360,0
032,112025,3078377,0
032,112025,3078402,0
032,112025,3078498,0
032,112025,3078594,0
032,112025,3078599,0
032,112025,3078629,0
032,112025,3078696,0
032,112025,3078749,0
032,112025,3078846,0
032,112025,3078870,0
032,112025,3078930,0
032,112025,3078935,0
032,112025,3078936,0
032,112025,3078971,0
032,112025,3079067,0
032,112025,3079068,0
032,112025,3079079,0
032,112025,3079151,0
032,112025,3079194,0
032,112025,3079284,0
032,112025,3079296,0
032,112025,3079355,0
032,112025,3079379,0
032,112025,3079392,0
032,112025,3079410,0
032,112025,3079427,0
032,112025,3079445,0
032,112025,3079446,0
032,112025,3079482,0
032,112025,3079541,0
032,112025,3079584,0
032,112025,3079589,0
032,112025,3079673,0
032,112025,3079686,0
032,112025,3079691,0
032,112025,3079692,0
032,112025,3079721,0
032,112025,3079727,0
032,112025,3079739,0
032,112025,3079752,0
032,112025,3079824,0
032,112025,3079890,0
032,112025,3079932,0
032,112025,3079938,0
032,112025,3079998,0
032,112025,3080003,0
032,112025,3080124,0
032,112025,3080153,0
032,112025,3080154,0
032,112025,3080177,0
032,112025,3080184,0
032,112025,3080250,0
032,112025,3080280,0
032,112025,3080370,0
032,112025,3080394,0
032,112025,3080447,0
032,112025,3080586,0
032,112025,3080670,0
032,112025,3080820,0
032,112025,3080885,0
032,112025,3080928,0
032,112025,3081090,0
032,112025,3081096,0
032,112025,3081150,0
032,112025,3081324,0
032,112025,3081335,0
032,112025,3081342,0
032,112025,3081347,0
032,112025,3081348,0
032,112025,3081360,0
032,112025,3081396,0
032,112025,3081527,0
032,112025,3081545,0
032,112025,3081593,0
032,112025,3081647,0
032,112025,3081683,0
032,112025,3081713,0
032,112025,3081726,0
032,112025,3081731,0
032,112025,3081779,0
032,112025,3081810,0
032,112025,3081816,0
032,112025,3081833,0
032,112025,3081857,0
032,112025,3081858,0
032,112025,3081863,0
032,112025,3081924,0
032,112025,3081959,0
032,112025,3082013,0
032,112025,3082068,0
032,112025,3082098,0
032,112025,3082103,0
032,112025,3082109,0
032,112025,3082133,0
032,112025,3082151,0
032,112025,3082302,0
032,112025,3082307,0
032,112025,3082373,0
032,112025,3082451,0
032,112025,3082517,0
032,112025,3082535,0
032,112025,3082565,0
032,112025,3082691,0
032,112025,3082697,0
032,112025,3082739,0
032,112025,3082745,0
032,112025,3082835,0
032,112025,3082847,0
032,112025,3082860,0
032,112025,3082865,0
032,112025,3082877,0
032,112025,3082895,0
032,112025,3082913,0
032,112025,3082932,0
032,112025,3082937,0
032,112025,3082973,0
032,112025,3083040,0
032,112025,3083112,0
032,112025,3083117,0
032,112025,3083135,0
032,112025,3083237,0
032,112025,3083256,0
032,112025,3083268,0
032,112025,3083273,0
032,112025,3083285,0
032,112025,3083333,0
032,112025,3083418,0
032,112025,3083495,0
032,112025,3083514,0
032,112025,3083520,0
032,112025,3083580,0
032,112025,3083592,0
032,112025,3083621,0
032,112025,3083658,0
032,112025,3083688,0
032,112025,3083879,0
032,112025,3083928,0
032,112025,3083952,0
032,112025,3084012,0
032,112025,3084095,0
032,112025,3084101,0
032,112025,3084341,0
032,112025,3084407,0
032,112025,3084425,0
032,112025,3084438,0
032,112025,3084540,0
032,112025,3084618,0
032,112025,3084713,0
032,112025,3084756,0
032,112025,3084996,0
032,112025,3085205,0
032,112025,3085218,0
032,112025,3085259,0
032,112025,3085295,0
032,112025,3085308,0
032,112025,3085325,0
032,112025,3085338,0
032,112025,3085506,0
032,112025,3085542,0
032,112025,3085698,0
032,112025,3085824,0
032,112025,3085884,0
032,112025,3086172,0
032,112025,3086387,0
032,112025,3086459,0
032,112025,3086466,0
032,112025,3086471,0
032,112025,3086472,0
032,112025,3086502,0
032,112025,3086544,0
032,112025,3086550,0
032,112025,3086633,0
032,112025,3086706,0
032,112025,3086856,0
032,112025,3087053,0
032,112025,3087168,0
032,112025,3087203,0
032,112025,3087239,0
032,112025,3087269,0
032,112025,3087330,0
032,112025,3087354,0
032,112025,3087552,0
032,112025,3087576,0
032,112025,3087677,0
032,112025,3087737,0
032,112025,3087906,0
032,112025,3087917,0
032,112025,3087923,0
032,112025,3088248,0
032,112025,3088272,0
032,112025,3088278,0
032,112025,3088319,0
032,112025,3088518,0
032,112025,3088566,0
032,112025,3088596,0
032,112025,3088601,0
032,112025,3088643,0
032,112025,3088650,0
032,112025,3088710,0
032,112025,3088757,0
032,112025,3088823,0
032,112025,3088908,0
032,112025,3088967,0
032,112025,3088980,0
032,112025,3089004,0
032,112025,3089045,0
032,112025,3089123,0
032,112025,3089153,0
032,112025,3089471,0
032,112025,3089495,0
032,112025,3089496,0
032,112025,3089567,0
032,112025,3089682,0
032,112025,3089699,0
032,112025,3089832,0
032,112025,3089916,0
032,112025,3089993,0
032,112025,3090048,0
032,112025,3090197,0
032,112025,3090198,0
032,112025,3090228,0
032,112025,3090234,0
032,112025,3090240,0
032,112025,3090299,0
032,112025,3090389,0
032,112025,3090563,0
032,112025,3090683,0
032,112025,3090689,0
032,112025,3090767,0
032,112025,3090845,0
032,112025,3090876,0
032,112025,3090888,0
032,112025,3091067,0
032,112025,3091098,0
032,112025,3091109,0
032,112025,3091157,0
032,112025,3091271,0
032,112025,3091308,0
032,112025,3091355,0
032,112025,3091367,0
032,112025,3091506,0
032,112025,3091668,0
032,112025,3091685,0
032,112025,3091937,0
032,112025,3091974,0
032,112025,3092003,0
032,112025,3092226,0
032,112025,3092279,0
032,112025,3092417,0
032,112025,3092418,0
032,112025,3092454,0
032,112025,3092465,0
032,112025,3092555,0
032,112025,3092591,0
032,112025,3092592,0
032,112025,3092675,0
032,112025,3092730,0
032,112025,3092765,0
032,112025,3092850,0
032,112025,3092921,0
032,112025,3092922,0
032,112025,3092970,0
032,112025,3093005,0
032,112025,3093090,0
032,112025,3093095,0
032,112025,3093107,0
032,112025,3093120,0
032,112025,3093180,0
032,112025,3093215,0
032,112025,3093240,0
032,112025,3093402,0
032,112025,3093426,0
032,112025,3093599,0
032,112025,3093749,0
032,112025,3093761,0
032,112025,3093809,0
032,112025,3093893,0
032,112025,3093953,0
032,112025,3093954,0
032,112025,3094007,0
032,112025,3094013,0
032,112025,3094079,0
032,112025,3094314,0
032,112025,3094326,0
032,112025,3094361,0
032,112025,3094505,0
032,112025,3094853,0
032,112025,3094902,0
032,112025,3094980,0
032,112025,3095016,0
032,112025,3095021,0
032,112025,3095075,0
032,112025,3095081,0
032,112025,3095117,0
032,112025,3095430,0
032,112025,3095435,0
032,112025,3095477,0
032,112025,3095525,0
032,112025,3095766,0
032,112025,3095885,0
032,112025,3096101,0
032,112025,3096215,0
032,112025,3096263,0
032,112025,3096318,0
032,112025,3096378,0
032,112025,3096456,0
032,112025,3096516,0
032,112025,3096528,0
032,112025,3096612,0
032,112025,3096666,0
032,112025,3096678,0
032,112025,3096713,0
032,112025,3096894,0
032,112025,3096905,0
032,112025,3097067,0
032,112025,3097116,0
032,112025,3097422,0
032,112025,3097428,0
032,112025,3097439,0
032,112025,3097572,0
032,112025,3097607,0
032,112025,3097812,0
032,112025,3097872,0
032,112025,3097925,0
032,112025,3097956,0
032,112025,3097962,0
032,112025,3097974,0
032,112025,3097992,0
032,112025,3097998,0
032,112025,3098129,0
032,112025,3098159,0
032,112025,3098189,0
032,112025,3098196,0
032,112025,3098309,0
032,112025,3098370,0
032,112025,3098628,0
032,112025,3098663,0
032,112025,3098694,0
032,112025,3098724,0
032,112025,3098771,0
032,112025,3098856,0
032,112025,3098873,0
032,112025,3098898,0
032,112025,3099215,0
032,112025,3099377,0
032,112025,3099384,0
032,112025,3099401,0
032,112025,3099581,0
032,112025,3099648,0
032,112025,3099695,0
032,112025,3099798,0
032,112025,3099930,0
032,112025,3099942,0
032,112025,3100007,0
032,112025,3100025,0
032,112025,3100068,0
032,112025,3100097,0
032,112025,3100122,0
032,112025,3100152,0
032,112025,3100175,0
032,112025,3100188,0
032,112025,3100194,0
032,112025,3100253,0
032,112025,3100260,0
032,112025,3100295,0
032,112025,3100302,0
032,112025,3100326,0
032,112025,3100343,0
032,112025,3100422,0
032,112025,3100470,0
032,112025,3100476,0
032,112025,3100482,0
032,112025,3100506,0
032,112025,3100535,0
032,112025,3227785,0
032,112025,3227795,0
032,112025,3227822,0
032,112025,3227832,0
032,112025,3227896,0
032,112025,3227906,0
032,112025,3227970,0
032,112025,3227980,0
032,112025,3228007,0
032,112025,3228017,0
032,112025,3228044,0
032,112025,3228054,0
032,112025,3228081,0
032,112025,3228091,0
032,112025,3228118,0
032,112025,3228128,0
032,112025,3228155,0
032,112025,3228165,0
032,112025,3228229,0
032,112025,3228239,0
032,112025,3228266,0
032,112025,3228276,0
032,112025,3228303,0
032,112025,3228313,0
032,112025,3228340,0
032,112025,3228350,0
032,112025,3228377,0
032,112025,3228387,0
032,112025,3228451,0
032,112025,3228461,0
032,112025,3228488,0
032,112025,3228498,0
032,112025,3228525,0
032,112025,3228535,0
032,112025,3228562,0
032,112025,3228572,0
032,112025,3228599,0
032,112025,3228609,0
032,112025,3228636,0
032,112025,3228646,0
032,112025,3228673,0
032,112025,3228683,0
032,112025,3228710,0
032,112025,3228720,0
032,112025,3228747,0
032,112025,3228757,0
032,112025,3228784,0
032,112025,3228794,0
032,112025,3228821,0
032,112025,3228831,0
032,112025,3228858,0
032,112025,3228868,0
032,112025,3228895,0
032,112025,3228905,0
032,112025,3228932,0
032,112025,3228942,0
032,112025,3228969,0
032,112025,3228979,0
032,112025,3229006,0
032,112025,3229016,0
032,112025,3229043,0
032,112025,3229053,0
032,112025,3229080,0
032,112025,3229154,0
032,112025,3229164,0
032,112025,3229191,0
032,112025,3229201,0
032,112025,3229228,0
032,112025,3229238,0
032,112025,3229265,0
032,112025,3229275,0
032,112025,3229339,0
032,112025,3229349,0
032,112025,3229376,0
032,112025,3229386,0
032,112025,3229413,0
032,112025,3229423,0
032,112025,3229450,0
032,112025,3229460,0
032,112025,3229524,0
032,112025,3229534,0
032,112025,3229561,0
032,112025,3229571,0
032,112025,3229598,0
032,112025,3229608,0
032,112025,3229635,0
032,112025,3229645,0
032,112025,3229746,0
032,112025,3229756,0
032,112025,3229783,0
032,112025,3229793,0
032,112025,3229820,0
032,112025,3229830,0
032,112025,3229857,0
032,112025,3229867,0
032,112025,3229931,0
032,112025,3229941,0
032,112025,3229968,0
032,112025,3229978,0
032,112025,3230005,0
032,112025,3230015,0
032,112025,3230042,0
032,112025,3230052,0
032,112025,3230079,0
032,112025,3230089,0
032,112025,3230116,0
032,112025,3230126,0
032,112025,3230190,0
032,112025,3230200,0
032,112025,3230227,0
032,112025,3230237,0
032,112025,3230264,0
032,112025,3230274,0
032,112025,3230301,0
032,112025,3230311,0
032,112025,3230338,0
032,112025,3230348,0
032,112025,3230375,0
032,112025,3230385,0
032,112025,3230412,0
032,112025,3230422,0
032,112025,3230449,0
032,112025,3230459,0
032,112025,3230597,0
032,112025,3230607,0
032,112025,3230708,0
032,112025,3230718,0
032,112025,3230782,0
032,112025,3230792,0
032,112025,3230856,0
032,112025,3230866,0
032,112025,3230893,0
032,112025,3230903,0
032,112025,3230930,0
032,112025,3230940,0
032,112025,3230967,0
032,112025,3230977,0
032,112025,3231004,0
032,112025,3231014,0
032,112025,3231041,0
032,112025,3231051,0
032,112025,3231078,0
032,112025,3231088,0
032,112025,3231115,0
032,112025,3231125,0
032,112025,3231152,0
032,112025,3231162,0
032,112025,3231189,0
032,112025,3231199,0
032,112025,3231226,0
032,112025,3231236,0
032,112025,3231263,0
032,112025,3231273,0
032,112025,3231300,0
032,112025,3231310,0
032,112025,3231337,0
032,112025,3231347,0
032,112025,3231374,0
032,112025,3231384,0
032,112025,3231411,0
032,112025,3231421,0
032,112025,3231448,0
032,112025,3231458,0
032,112025,3231485,0
032,112025,3231495,0
032,112025,3231559,0
032,112025,3231569,0
032,112025,3231596,0
032,112025,3231606,0
032,112025,3231633,0
032,112025,3231643,0
032,112025,3231670,0
032,112025,3231680,0
032,112025,3231707,0
032,112025,3231717,0
032,112025,3231744,0
032,112025,3231754,0
032,112025,3231781,0
032,112025,3231791,0
032,112025,3231855,0
032,112025,3231865,0
032,112025,3231929,0
032,112025,3231939,0
032,112025,3231966,0
032,112025,3231976,0
032,112025,3232003,0
032,112025,3232013,0
032,112025,3232040,0
032,112025,3232050,0
032,112025,3232077,0
032,112025,3232087,0
032,112025,3232114,0
032,112025,3232124,0
032,112025,3232151,0
032,112025,3232161,0
032,112025,3232188,0
032,112025,3232198,0
032,112025,3232225,0
032,112025,3232235,0
032,112025,3232262,0
032,112025,3232272,0
032,112025,3232299,0
032,112025,3232309,0
032,112025,3232336,0
032,112025,3232346,0
032,112025,3232373,0
032,112025,3232383,0
032,112025,3232410,0
032,112025,3232420,0
032,112025,3232447,0
032,112025,3232457,0
032,112025,3232484,0
032,112025,3232494,0
032,112025,3232521,0
032,112025,3232531,0
032,112025,3232669,0
032,112025,3232679,0
032,112025,3232706,0
032,112025,3232716,0
032,112025,3232743,0
032,112025,3232753,0
032,112025,3232780,0
032,112025,3232790,0
032,112025,3232817,0
032,112025,3232827,0
032,112025,3232854,0
032,112025,3232864,0
032,112025,3232891,0
032,112025,3232901,0
032,112025,3232928,0
032,112025,3232938,0
032,112025,3233002,0
032,112025,3233012,0
032,112025,3233076,0
032,112025,3233086,0
032,112025,3233113,0
032,112025,3233123,0
032,112025,3233150,0
032,112025,3233160,0
032,112025,3233187,0
032,112025,3233197,0
032,112025,3233261,0
032,112025,3233271,0
032,112025,3233298,0
032,112025,3233308,0
032,112025,3233335,0
032,112025,3233345,0
032,112025,3233372,0
032,112025,3233382,0
032,112025,3233446,0
032,112025,3233456,0
032,112025,3233483,0
032,112025,3233493,0
032,112025,3233557,0
032,112025,3233567,0
032,112025,3233594,0
032,112025,3233604,0
032,112025,3233668,0
032,112025,3233678,0
032,112025,3233705,0
032,112025,3233715,0
032,112025,3233742,0
032,112025,3233752,0
032,112025,3233779,0
032,112025,3233789,0
032,112025,3233816,0
032,112025,3233826,0
032,112025,3233890,0
032,112025,3233900,0
032,112025,3233927,0
032,112025,3233937,0
032,112025,3234001,0
032,112025,3234011,0
032,112025,3234038,0
032,112025,3234048,0
032,112025,3234075,0
032,112025,3234085,0
032,112025,3234112,0
032,112025,3234122,0
032,112025,3234149,0
032,112025,3234159,0
032,112025,3234186,0
032,112025,3234196,0
032,112025,3234223,0
032,112025,3234233,0
032,112025,3234260,0
032,112025,3234270,0
032,112025,3234297,0
032,112025,3234307,0
032,112025,3234371,0
032,112025,3234381,0
032,112025,3234445,0
032,112025,3234455,0
032,112025,3234482,0
032,112025,3234492,0
032,112025,3234519,0
032,112025,3234529,0
032,112025,3234556,0
032,112025,3234566,0
032,112025,3234593,0
032,112025,3234603,0
032,112025,3234704,0
032,112025,3234714,0
032,112025,3234778,0
032,112025,3234788,0
032,112025,3234815,0
032,112025,3234825,0
032,112025,3234852,0
032,112025,3234862,0
032,112025,3234889,0
032,112025,3234899,0
032,112025,3234926,0
032,112025,3234936,0
032,112025,3234963,0
032,112025,3234973,0
032,112025,3235000,0
032,112025,3235010,0
032,112025,3235037,0
032,112025,3235047,0
032,112025,3235074,0
032,112025,3235084,0
032,112025,3235148,0
032,112025,3235158,0
032,112025,3235185,0
032,112025,3235195,0
032,112025,3235222,0
032,112025,3235232,0
032,112025,3235259,0
032,112025,3235269,0
032,112025,3235296,0
032,112025,3235306,0
032,112025,3235333,0
032,112025,3235343,0
032,112025,3235407,0
032,112025,3235417,0
032,112025,3235444,0
032,112025,3235454,0
032,112025,3235481,0
032,112025,3235491,0
032,112025,3235518,0
032,112025,3235528,0
032,112025,3235555,0
032,112025,3235565,0
032,112025,3235629,0
032,112025,3235639,0
032,112025,3235666,0
032,112025,3235676,0
032,112025,3235703,0
032,112025,3235713,0
032,112025,3235740,0
032,112025,3235750,0
032,112025,3235777,0
032,112025,3235787,0
032,112025,3235814,0
032,112025,3235824,0
032,112025,3235851,0
032,112025,3235861,0
032,112025,3235925,0
032,112025,3235935,0
032,112025,3235962,0
032,112025,3235972,0
032,112025,3235999,0
032,112025,3236009,0
032,112025,3236036,0
032,112025,3236046,0
032,112025,3236073,0
032,112025,3236083,0
032,112025,3236110,0
032,112025,3236120,0
032,112025,3236147,0
032,112025,3236157,0
032,112025,3236184,0
032,112025,3236194,0
032,112025,3236221,0
032,112025,3236231,0
032,112025,3236295,0
032,112025,3236305,0
032,112025,3236332,0
032,112025,3236342,0
032,112025,3236369,0
032,112025,3236379,0
032,112025,3236406,0
032,112025,3236416,0
032,112025,3236443,0
032,112025,3236453,0
032,112025,3236480,0
032,112025,3236490,0
032,112025,3236517,0
032,112025,3236527,0
032,112025,3236554,0
032,112025,3236564,0
032,112025,3236591,0
032,112025,3236601,0
032,112025,3236628,0
032,112025,3236638,0
032,112025,3236665,0
032,112025,3236675,0
032,112025,3236702,0
032,112025,3236712,0
032,112025,3236739,0
032,112025,3236749,0
032,112025,3236776,0
032,112025,3236786,0
032,112025,3236813,0
032,112025,3236823,0
032,112025,3236850,0
032,112025,3236860,0
032,112025,3236887,0
032,112025,3236897,0
032,112025,3236924,0
032,112025,3236934,0
032,112025,3236961,0
032,112025,3236971,0
032,112025,3236998,0
032,112025,3237008,0
032,112025,3237035,0
032,112025,3237045,0
032,112025,3237072,0
032,112025,3237082,0
032,112025,3237109,0
032,112025,3237119,0
032,112025,3237146,0
032,112025,3237156,0
032,112025,3237183,0
032,112025,3237193,0
032,112025,3237220,0
032,112025,3237230,0
032,112025,3237257,0
032,112025,3237267,0
032,112025,3237294,0
032,112025,3237304,0
032,112025,3237331,0
032,112025,3237341,0
032,112025,3237368,0
032,112025,3237378,0
032,112025,3237405,0
032,112025,3237415,0
032,112025,3237442,0
032,112025,3237452,0
032,112025,3237479,0
032,112025,3237489,0
032,112025,3237516,0
032,112025,3237526,0
032,112025,3237627,0
032,112025,3237637,0
032,112025,3237664,0
032,112025,3237674,0
032,112025,3237701,0
032,112025,3237711,0
032,112025,3237738,0
032,112025,3237748,0
032,112025,3237775,0
032,112025,3237785,0
032,112025,3237812,0
032,112025,3237822,0
032,112025,3237849,0
032,112025,3237859,0
032,112025,3237886,0
032,112025,3237896,0
032,112025,3237997,0
032,112025,3238007,0
032,112025,3238034,0
032,112025,3238044,0
032,112025,3238071,0
032,112025,3238081,0
032,112025,3238145,0
032,112025,3238155,0
032,112025,3238182,0
032,112025,3238192,0
032,112025,3238219,0
032,112025,3238229,0
032,112025,3238293,0
032,112025,3238303,0
032,112025,3238330,0
032,112025,3238340,0
032,112025,3238367,0
032,112025,3238377,0
032,112025,3238404,0
032,112025,3238414,0
032,112025,3238441,0
032,112025,3238451,0
032,112025,3238478,0
032,112025,3238488,0
032,112025,3238515,0
032,112025,3238525,0
032,112025,3238552,0
032,112025,3238562,0
032,112025,3238663,0
032,112025,3238673,0
032,112025,3238737,0
032,112025,3238747,0
032,112025,3238774,0
032,112025,3238784,0
032,112025,3238811,0
032,112025,3238821,0
032,112025,3238885,0
032,112025,3238895,0
032,112025,3238922,0
032,112025,3238932,0
032,112025,3238959,0
032,112025,3238969,0
032,112025,3238996,0
032,112025,3239006,0
032,112025,3239033,0
032,112025,3239043,0
032,112025,3239070,0
032,112025,3239080,0
032,112025,3239107,0
032,112025,3239117,0
032,112025,3239144,0
032,112025,3239154,0
032,112025,3239181,0
032,112025,3239191,0
032,112025,3239218,0
032,112025,3239228,0
032,112025,3239255,0
032,112025,3239265,0
032,112025,3239292,0
032,112025,3239302,0
032,112025,3239366,0
032,112025,3239376,0
032,112025,3239403,0
032,112025,3239413,0
032,112025,3239440,0
032,112025,3239450,0
032,112025,3239514,0
032,112025,3239524,0
032,112025,3239810,0
032,112025,3239820,0
032,112025,3239847,0
032,112025,3239857,0
032,112025,3239884,0
032,112025,3239894,0
032,112025,3239921,0
032,112025,3239931,0
032,112025,3239995,0
032,112025,3240005,0
032,112025,3240032,0
032,112025,3240042,0
032,112025,3240106,0
032,112025,3240116,0
032,112025,3240143,0
032,112025,3240153,0
032,112025,3240180,0
032,112025,3240190,0
032,112025,3240217,0
032,112025,3240227,0
032,112025,3240254,0
032,112025,3240264,0
032,112025,3240291,0
032,112025,3240301,0
032,112025,3240328,0
032,112025,3240338,0
032,112025,3240365,0
032,112025,3240375,0
032,112025,3240402,0
032,112025,3240412,0
032,112025,3240439,0
032,112025,3240449,0
032,112025,3240476,0
032,112025,3240486,0
032,112025,3240587,0
032,112025,3240597,0
032,112025,3240624,0
032,112025,3240634,0
032,112025,3240661,0
032,112025,3240671,0
032,112025,3240698,0
032,112025,3240708,0
032,112025,3240735,0
032,112025,3240745,0
032,112025,3240772,0
032,112025,3240782,0
032,112025,3240846,0
032,112025,3240856,0
032,112025,3240883,0
032,112025,3240893,0
032,112025,3240920,0
032,112025,3240930,0
032,112025,3240957,0
032,112025,3240967,0
032,112025,3240994,0
032,112025,3241004,0
032,112025,3241068,0
032,112025,3241078,0
032,112025,3241142,0
032,112025,3241152,0
032,112025,3241179,0
032,112025,3241189,0
032,112025,3241216,0
032,112025,3241226,0
032,112025,3241253,0
032,112025,3241263,0
032,112025,3241290,0
032,112025,3241300,0
032,112025,3241327,0
032,112025,3241337,0
032,112025,3241364,0
032,112025,3241374,0
032,112025,3241401,0
032,112025,3241411,0
032,112025,3241438,0
032,112025,3241448,0
032,112025,3241475,0
032,112025,3241485,0
032,112025,3241512,0
032,112025,3241522,0
032,112025,3241549,0
032,112025,3241559,0
032,112025,3241623,0
032,112025,3241633,0
032,112025,3241697,0
032,112025,3241707,0
032,112025,3241734,0
032,112025,3241744,0
032,112025,3241771,0
032,112025,3241781,0
032,112025,3241808,0
032,112025,3241818,0
032,112025,3241845,0
032,112025,3241855,0
032,112025,3241882,0
032,112025,3241892,0
032,112025,3241919,0
032,112025,3241929,0
032,112025,3241956,0
032,112025,3241966,0
032,112025,3241993,0
032,112025,3242003,0
032,112025,3242030,0
032,112025,3242040,0
032,112025,3242067,0
032,112025,3242077,0
032,112025,3242104,0
032,112025,3242114,0
032,112025,3242141,0
032,112025,3242151,0
032,112025,3242178,0
032,112025,3242188,0
032,112025,3242215,0
032,112025,3242225,0
032,112025,3242252,0
032,112025,3242262,0
032,112025,3242289,0
032,112025,3242299,0
032,112025,3242326,0
032,112025,3242336,0
032,112025,3242363,0
032,112025,3242373,0
032,112025,3242400,0
032,112025,3242410,0
032,112025,3242437,0
032,112025,3242447,0
032,112025,3242474,0
032,112025,3242484,0
032,112025,3242511,0
032,112025,3242521,0
032,112025,3242548,0
032,112025,3242558,0
032,112025,3242585,0
032,112025,3242595,0
032,112025,3242622,0
032,112025,3242632,0
032,112025,3242696,0
032,112025,3242706,0
032,112025,3242807,0
032,112025,3242817,0
032,112025,3242844,0
032,112025,3242854,0
032,112025,3242881,0
032,112025,3242891,0
032,112025,3242918,0
032,112025,3242928,0
032,112025,3242955,0
032,112025,3242965,0
032,112025,3242992,0
032,112025,3243002,0
032,112025,3243029,0
032,112025,3243039,0
032,112025,3243066,0
032,112025,3243076,0
032,112025,3243103,0
032,112025,3243113,0
032,112025,3243140,0
032,112025,3243150,0
032,112025,3243177,0
032,112025,3243187,0
032,112025,3243251,0
032,112025,3243261,0
032,112025,3243288,0
032,112025,3243298,0
032,112025,3243325,0
032,112025,3243335,0
032,112025,3243362,0
032,112025,3243372,0
032,112025,3243399,0
032,112025,3243409,0
032,112025,3243436,0
032,112025,3243446,0
032,112025,3243473,0
032,112025,3243483,0
032,112025,3243510,0
032,112025,3243520,0
032,112025,3243547,0
032,112025,3243557,0
032,112025,3243584,0
032,112025,3243594,0
032,112025,3243621,0
032,112025,3243631,0
032,112025,3243658,0
032,112025,3243668,0
032,112025,3243695,0
032,112025,3243705,0
032,112025,3243732,0
032,112025,3243742,0
032,112025,3243769,0
032,112025,3243779,0
032,112025,3243843,0
032,112025,3243853,0
032,112025,3243880,0
032,112025,3243890,0
032,112025,3244139,0
032,112025,3244149,0
032,112025,3244176,0
032,112025,3244186,0
032,112025,3244213,0
032,112025,3244223,0
032,112025,3244250,0
032,112025,3244260,0
032,112025,3244287,0
032,112025,3244297,0
032,112025,3244361,0
032,112025,3244371,0
032,112025,3244398,0
032,112025,3244408,0
032,112025,3244472,0
032,112025,3244482,0
032,112025,3244509,0
032,112025,3244519,0
032,112025,3244546,0
032,112025,3244556,0
032,112025,3244620,0
032,112025,3244630,0
032,112025,3244657,0
032,112025,3244667,0
032,112025,3244694,0
032,112025,3244704,0
032,112025,3244731,0
032,112025,3244741,0
032,112025,3244768,0
032,112025,3244778,0
032,112025,3244805,0
032,112025,3244815,0
032,112025,3244842,0
032,112025,3244852,0
032,112025,3244879,0
032,112025,3244889,0
032,112025,3244916,0
032,112025,3244926,0
032,112025,3244953,0
032,112025,3244963,0
032,112025,3244990,0
032,112025,3245000,0
032,112025,3245027,0
032,112025,3245037,0
032,112025,3245064,0
032,112025,3245074,0
032,112025,3245101,0
032,112025,3245111,0
032,112025,3245138,0
032,112025,3245148,0
032,112025,3245175,0
032,112025,3245185,0
032,112025,3245212,0
032,112025,3245222,0
032,112025,3245249,0
032,112025,3245259,0
032,112025,3245286,0
032,112025,3245296,0
032,112025,3245323,0
032,112025,3245333,0
032,112025,3245397,0
032,112025,3245407,0
032,112025,3245434,0
032,112025,3245444,0
032,112025,3245471,0
032,112025,3245481,0
032,112025,3245508,0
032,112025,3245518,0
032,112025,3245582,0
032,112025,3245592,0
032,112025,3245619,0
032,112025,3245629,0
032,112025,3245656,0
032,112025,3245666,0
032,112025,3245693,0
032,112025,3245703,0
032,112025,3245730,0
032,112025,3245740,0
032,112025,3245767,0
032,112025,3245777,0
032,112025,3245804,0
032,112025,3245814,0
032,112025,3245841,0
032,112025,3245851,0
032,112025,3245878,0
032,112025,3245888,0
032,112025,3245915,0
032,112025,3245925,0
032,112025,3245952,0
032,112025,3245962,0
032,112025,3245989,0
032,112025,3245999,0
032,112025,3246026,0
032,112025,3246036,0
032,112025,3246063,0
032,112025,3246073,0
032,112025,3246100,0
032,112025,3246110,0
032,112025,3246137,0
032,112025,3246147,0
032,112025,3246174,0
032,112025,3246184,0
032,112025,3246211,0
032,112025,3246221,0
032,112025,3246248,0
032,112025,3246258,0
032,112025,3246285,0
032,112025,3246295,0
032,112025,3246322,0
032,112025,3246332,0
032,112025,3246359,0
032,112025,3246369,0
032,112025,3246396,0
032,112025,3246406,0
032,112025,3246433,0
032,112025,3246443,0
032,112025,3246470,0
032,112025,3246480,0
032,112025,3246507,0
032,112025,3246517,0
032,112025,3246581,0
032,112025,3246591,0
032,112025,3246618,0
032,112025,3246628,0
032,112025,3246655,0
032,112025,3246665,0
032,112025,3246692,0
032,112025,3246702,0
032,112025,3246729,0
032,112025,3246739,0
032,112025,3246766,0
032,112025,3246776,0
032,112025,3246803,0
032,112025,3246813,0
032,112025,3246840,0
032,112025,3246850,0
032,112025,3246877,0
032,112025,3246887,0
032,112025,3246914,0
032,112025,3246924,0
032,112025,3246988,0
032,112025,3246998,0
032,112025,3247025,0
032,112025,3247035,0
032,112025,3247062,0
032,112025,3247072,0
032,112025,3247099,0
032,112025,3247109,0
032,112025,3247136,0
032,112025,3247146,0
032,112025,3247173,0
032,112025,3247183,0
032,112025,3247210,0
032,112025,3247220,0
032,112025,3247247,0
032,112025,3247257,0
032,112025,3247284,0
032,112025,3247294,0
032,112025,3247358,0
032,112025,3247368,0
032,112025,3247395,0
032,112025,3247405,0
032,112025,3247432,0
032,112025,3247442,0
032,112025,3247506,0
032,112025,3247516,0
032,112025,3247543,0
032,112025,3247553,0
032,112025,3247617,0
032,112025,3247627,0
032,112025,3247654,0
032,112025,3247664,0
032,112025,3247691,0
032,112025,3247701,0
032,112025,3247728,0
032,112025,3247738,0
032,112025,3247839,0
032,112025,3247849,0
032,112025,3247876,0
032,112025,3247886,0
032,112025,3247913,0
032,112025,3247923,0
032,112025,3247950,0
032,112025,3247960,0
032,112025,3248061,0
032,112025,3248071,0
032,112025,3248098,0
032,112025,3248108,0
032,112025,3248135,0
032,112025,3248145,0
032,112025,3248172,0
032,112025,3248182,0
032,112025,3248209,0
032,112025,3248219,0
032,112025,3248246,0
032,112025,3248256,0
032,112025,3248320,0
032,112025,3248330,0
032,112025,3248357,0
032,112025,3248367,0
032,112025,3248394,0
032,112025,3248404,0
032,112025,3248431,0
032,112025,3248441,0
032,112025,3248468,0
032,112025,3248478,0
032,112025,3248505,0
032,112025,3248515,0
032,112025,3248542,0
032,112025,3248552,0
032,112025,3248579,0
032,112025,3248589,0
032,112025,3248616,0
032,112025,3248626,0
032,112025,3248653,0
032,112025,3248663,0
032,112025,3248690,0
032,112025,3248700,0
032,112025,3248727,0
032,112025,3248737,0
032,112025,3248801,0
032,112025,3248811,0
032,112025,3248838,0
032,112025,3248848,0
032,112025,3248875,0
032,112025,3248885,0
032,112025,3248912,0
032,112025,3248922,0
032,112025,3248949,0
032,112025,3248959,0
032,112025,3248986,0
032,112025,3248996,0
032,112025,3249023,0
032,112025,3249033,0
032,112025,3249060,0
032,112025,3249070,0
032,112025,3249134,0
032,112025,3249144,0
032,112025,3249208,0
032,112025,3249218,0
032,112025,3249245,0
032,112025,3249255,0
032,112025,3249282,0
032,112025,3249292,0
032,112025,3249393,0
032,112025,3249403,0
032,112025,3249467,0
032,112025,3249477,0
032,112025,3249504,0
032,112025,3249514,0
032,112025,3249578,0
032,112025,3249588,0
032,112025,3249652,0
032,112025,3249662,0
032,112025,3249689,0
032,112025,3249699,0
032,112025,3249763,0
032,112025,3249773,0
032,112025,3249800,0
032,112025,3249810,0
032,112025,3249837,0
032,112025,3249847,0
032,112025,3249874,0
032,112025,3249884,0
032,112025,3249911,0
032,112025,3249921,0
032,112025,3249948,0
032,112025,3249958,0
032,112025,3249985,0
032,112025,3249995,0
032,112025,3250022,0
032,112025,3250032,0
032,112025,3250059,0
032,112025,3250069,0
032,112025,3250096,0
032,112025,3250106,0
032,112025,3250133,0
032,112025,3250143,0
032,112025,3250170,0
032,112025,3250180,0
032,112025,3250207,0
032,112025,3250217,0
032,112025,3250244,0
032,112025,3250254,0
032,112025,3250318,0
032,112025,3250328,0
032,112025,3250355,0
032,112025,3250365,0
032,112025,3250429,0
032,112025,3250439,0
032,112025,3250466,0
032,112025,3250476,0
032,112025,3250503,0
032,112025,3250513,0
032,112025,3250540,0
032,112025,3250550,0
032,112025,3250577,0
032,112025,3250587,0
032,112025,3250614,0
032,112025,3250624,0
032,112025,3250651,0
032,112025,3250661,0
032,112025,3250688,0
032,112025,3250698,0
032,112025,3250725,0
032,112025,3250735,0
032,112025,3250762,0
032,112025,3250772,0
032,112025,3250799,0
032,112025,3250809,0
032,112025,3250836,0
032,112025,3250846,0
032,112025,3250873,0
032,112025,3250883,0
032,112025,3250910,0
032,112025,3250920,0
032,112025,3250947,0
032,112025,3250957,0
032,112025,3250984,0
032,112025,3250994,0
032,112025,3251021,0
032,112025,3251031,0
032,112025,3251058,0
032,112025,3251068,0
032,112025,3251095,0
032,112025,3251105,0
032,112025,3251132,0
032,112025,3251142,0
032,112025,3251169,0
032,112025,3251179,0
032,112025,3251243,0
032,112025,3251253,0
032,112025,3251280,0
032,112025,3251290,0
032,112025,3251317,0
032,112025,3251327,0
032,112025,3251354,0
032,112025,3251364,0
032,112025,3251391,0
032,112025,3251401,0
032,112025,3251428,0
032,112025,3251438,0
032,112025,3251502,0
032,112025,3251512,0
032,112025,3251576,0
032,112025,3251586,0
032,112025,3251613,0
032,112025,3251623,0
032,112025,3251650,0
032,112025,3251660,0
032,112025,3251687,0
032,112025,3251697,0
032,112025,3251724,0
032,112025,3251734,0
032,112025,3251761,0
032,112025,3251771,0
032,112025,3251798,0
032,112025,3251808,0
032,112025,3251835,0
032,112025,3251845,0
032,112025,3251872,0
032,112025,3251882,0
032,112025,3251909,0
032,112025,3251919,0
032,112025,3251946,0
032,112025,3251956,0
032,112025,3251983,0
032,112025,3251993,0
032,112025,3252020,0
032,112025,3252030,0
032,112025,3252057,0
032,112025,3252067,0
032,112025,3252094,0
032,112025,3252104,0
032,112025,3252131,0
032,112025,3252141,0
032,112025,3252168,0
032,112025,3252178,0
032,112025,3252205,0
032,112025,3252215,0
032,112025,3252279,0
032,112025,3252289,0
032,112025,3252316,0
032,112025,3252326,0
032,112025,3252353,0
032,112025,3252363,0
032,112025,3252390,0
032,112025,3252400,0
032,112025,3252427,0
032,112025,3252437,0
032,112025,3252464,0
032,112025,3252474,0
032,112025,3252501,0
032,112025,3252511,0
032,112025,3252538,0
032,112025,3252548,0
032,112025,3252612,0
032,112025,3252622,0
032,112025,3252649,0
032,112025,3252659,0
032,112025,3252686,0
032,112025,3252696,0
032,112025,3252723,0
032,112025,3252733,0
032,112025,3252760,0
032,112025,3252770,0
032,112025,3252834,0
032,112025,3252844,0
032,112025,3252871,0
032,112025,3252881,0
032,112025,3252908,0
032,112025,3252918,0
032,112025,3252945,0
032,112025,3252955,0
032,112025,3252982,0
032,112025,3252992,0
032,112025,3253019,0
032,112025,3253029,0
032,112025,3253056,0
032,112025,3253066,0
032,112025,3253093,0
032,112025,3253103,0
032,112025,3253130,0
032,112025,3253140,0
032,112025,3253167,0
032,112025,3253177,0
032,112025,3253204,0
032,112025,3253214,0
032,112025,3253241,0
032,112025,3253251,0
032,112025,3253278,0
032,112025,3253288,0
032,112025,3253315,0
032,112025,3253325,0
032,112025,3253389,0
032,112025,3253399,0
032,112025,3253426,0
032,112025,3253436,0
032,112025,3253463,0
032,112025,3253473,0
032,112025,3253537,0
032,112025,3253547,0
032,112025,3253574,0
032,112025,3253584,0
032,112025,3253611,0
032,112025,3253621,0
032,112025,3253648,0
032,112025,3253658,0
032,112025,3253685,0
032,112025,3253695,0
032,112025,3253722,0
032,112025,3253732,0
032,112025,3253796,0
032,112025,3253806,0
032,112025,3253833,0
032,112025,3253843,0
032,112025,3253870,0
032,112025,3253880,0
032,112025,3253907,0
032,112025,3253917,0
032,112025,3253944,0
032,112025,3253954,0
032,112025,3253981,0
032,112025,3253991,0
032,112025,3254018,0
032,112025,3254028,0
032,112025,3254055,0
032,112025,3254065,0
032,112025,3254092,0
032,112025,3254102,0
032,112025,3254129,0
032,112025,3254139,0
032,112025,3254166,0
032,112025,3254176,0
032,112025,3254203,0
032,112025,3254213,0
032,112025,3254240,0
032,112025,3254250,0
032,112025,3254314,0
032,112025,3254324,0
032,112025,3254351,0
032,112025,3254361,0
032,112025,3254425,0
032,112025,3254435,0
032,112025,3254462,0
032,112025,3254472,0
032,112025,3254499,0
032,112025,3254509,0
032,112025,3254536,0
032,112025,3254546,0
032,112025,3254573,0
032,112025,3254583,0
032,112025,3254610,0
032,112025,3254620,0
032,112025,3254684,0
032,112025,3254694,0
032,112025,3254721,0
032,112025,3254731,0
032,112025,3254758,0
032,112025,3254768,0
032,112025,3254795,0
032,112025,3254805,0
032,112025,3254832,0
032,112025,3254842,0
032,112025,3254869,0
032,112025,3254879,0
032,112025,3254906,0
032,112025,3254916,0
032,112025,3254943,0
032,112025,3254953,0
032,112025,3254980,0
032,112025,3254990,0
032,112025,3255017,0
032,112025,3255027,0
032,112025,3255054,0
032,112025,3255064,0
032,112025,3255091,0
032,112025,3255101,0
032,112025,3255128,0
032,112025,3255138,0
032,112025,3255165,0
032,112025,3255175,0
032,112025,3255202,0
032,112025,3255212,0
032,112025,3255239,0
032,112025,3255249,0
032,112025,3255276,0
032,112025,3255286,0
032,112025,3255313,0
032,112025,3255323,0
032,112025,3255387,0
032,112025,3255397,0
032,112025,3255424,0
032,112025,3255434,0
032,112025,3255461,0
032,112025,3255471,0
032,112025,3255535,0
032,112025,3255545,0
032,112025,3255572,0
032,112025,3255582,0
032,112025,3255609,0
032,112025,3255619,0
032,112025,3255646,0
032,112025,3255656,0
032,112025,3255720,0
032,112025,3255730,0
032,112025,3255757,0
032,112025,3255767,0
032,112025,3255831,0
032,112025,3255841,0
032,112025,3255868,0
032,112025,3255878,0
032,112025,3255905,0
032,112025,3255915,0
032,112025,3255942,0
032,112025,3255952,0
032,112025,3255979,0
032,112025,3255989,0
032,112025,3256016,0
032,112025,3256026,0
032,112025,3256053,0
032,112025,3256063,0
032,112025,3256090,0
032,112025,3256100,0
032,112025,3256127,0
032,112025,3256137,0
032,112025,3256164,0
032,112025,3256174,0
032,112025,3256238,0
032,112025,3256248,0
032,112025,3256275,0
032,112025,3256285,0
032,112025,3256312,0
032,112025,3256322,0
032,112025,3256349,0
032,112025,3256359,0
032,112025,3256386,0
032,112025,3256396,0
032,112025,3256423,0
032,112025,3256433,0
032,112025,3256497,0
032,112025,3256507,0
032,112025,3256534,0
032,112025,3256544,0
032,112025,3256571,0
032,112025,3256581,0
032,112025,3256608,0
032,112025,3256618,0
032,112025,3256645,0
032,112025,3256655,0
032,112025,3256682,0
032,112025,3256692,0
032,112025,3256719,0
032,112025,3256729,0
032,112025,3256756,0
032,112025,3256766,0
032,112025,3256793,0
032,112025,3256803,0
032,112025,3256830,0
032,112025,3256840,0
032,112025,3256867,0
032,112025,3256877,0
032,112025,3256904,0
032,112025,3256914,0
032,112025,3256941,0
032,112025,3256951,0
032,112025,3256978,0
032,112025,3256988,0
032,112025,3257015,0
032,112025,3257025,0
032,112025,3257052,0
032,112025,3257062,0
032,112025,3257089,0
032,112025,3257099,0
032,112025,3257163,0
032,112025,3257173,0
032,112025,3257200,0
032,112025,3257210,0
032,112025,3257237,0
032,112025,3257247,0
032,112025,3257274,0
032,112025,3257284,0
032,112025,3257348,0
032,112025,3257358,0
032,112025,3257385,0
032,112025,3257395,0
032,112025,3257422,0
032,112025,3257432,0
032,112025,3257459,0
032,112025,3257469,0
032,112025,3257533,0
032,112025,3257543,0
032,112025,3257570,0
032,112025,3257580,0
032,112025,3257607,0
032,112025,3257617,0
032,112025,3257644,0
032,112025,3257654,0
032,112025,3257681,0
032,112025,3257691,0
032,112025,3257718,0
032,112025,3257728,0
032,112025,3257755,0
032,112025,3257765,0
032,112025,3257829,0
032,112025,3257839,0
032,112025,3257866,0
032,112025,3257876,0
032,112025,3257903,0
032,112025,3257913,0
032,112025,3257940,0
032,112025,3257950,0
032,112025,3257977,0
032,112025,3257987,0
032,112025,3258014,0
032,112025,3258024,0
032,112025,3258051,0
032,112025,3258061,0
032,112025,3258088,0
032,112025,3258098,0
032,112025,3258125,0
032,112025,3258135,0
032,112025,3258162,0
032,112025,3258172,0
032,112025,3258199,0
032,112025,3258209,0
032,112025,3258236,0
032,112025,3258246,0
032,112025,3258273,0
032,112025,3258283,0
032,112025,3258310,0
032,112025,3258320,0
032,112025,3258347,0
032,112025,3258357,0
032,112025,3258384,0
032,112025,3258394,0
032,112025,3258421,0
032,112025,3258431,0
032,112025,3258458,0
032,112025,3258468,0
032,112025,3258495,0
032,112025,3258505,0
032,112025,3258532,0
032,112025,3258542,0
032,112025,3258569,0
032,112025,3258579,0
032,112025,3258606,0
032,112025,3258616,0
032,112025,3258643,0
032,112025,3258653,0
032,112025,3258680,0
032,112025,3258690,0
032,112025,3258717,0
032,112025,3258727,0
032,112025,3258754,0
032,112025,3258764,0
032,112025,3258791,0
032,112025,3258801,0
032,112025,3258828,0
032,112025,3258838,0
032,112025,3258865,0
032,112025,3258875,0
032,112025,3258902,0
032,112025,3258912,0
032,112025,3258939,0
032,112025,3258949,0
032,112025,3258976,0
032,112025,3258986,0
032,112025,3259013,0
032,112025,3259023,0
032,112025,3259087,0
032,112025,3259097,0
032,112025,3259124,0
032,112025,3259134,0
032,112025,3259161,0
032,112025,3259171,0
032,112025,3259198,0
032,112025,3259208,0
032,112025,3259235,0
032,112025,3259245,0
032,112025,3259272,0
032,112025,3259282,0
032,112025,3259309,0
032,112025,3259319,0
032,112025,3259346,0
032,112025,3259356,0
032,112025,3259383,0
032,112025,3259393,0
032,112025,3259420,0
032,112025,3259430,0
032,112025,3259457,0
032,112025,3259467,0
032,112025,3259494,0
032,112025,3259504,0
032,112025,3259531,0
032,112025,3259541,0
032,112025,3259568,0
032,112025,3259578,0
032,112025,3259605,0
032,112025,3259615,0
032,112025,3259642,0
032,112025,3259652,0
032,112025,3259679,0
032,112025,3259689,0
032,112025,3259716,0
032,112025,3259726,0
032,112025,3259753,0
032,112025,3259763,0
032,112025,3259790,0
032,112025,3259800,0
032,112025,3259827,0
032,112025,3259837,0
032,112025,3259864,0
032,112025,3259874,0
032,112025,3259901,0
032,112025,3259911,0
032,112025,3259938,0
032,112025,3259948,0
032,112025,3259975,0
032,112025,3259985,0
032,112025,3260086,0
032,112025,3260096,0
032,112025,3260123,0
032,112025,3260133,0
032,112025,3260160,0
032,112025,3260170,0
032,112025,3260234,0
032,112025,3260244,0
032,112025,3260271,0
032,112025,3260281,0
032,112025,3260308,0
032,112025,3260318,0
032,112025,3260345,0
032,112025,3260355,0
032,112025,3260382,0
032,112025,3260392,0
032,112025,3260419,0
032,112025,3260429,0
032,112025,3260456,0
032,112025,3260466,0
032,112025,3260493,0
032,112025,3260503,0
032,112025,3260530,0
032,112025,3260540,0
032,112025,3260567,0
032,112025,3260577,0
032,112025,3260641,0
032,112025,3260651,0
032,112025,3260678,0
032,112025,3260688,0
032,112025,3260715,0
032,112025,3260725,0
032,112025,3260752,0
032,112025,3260762,0
032,112025,3260789,0
032,112025,3260799,0
032,112025,3260826,0
032,112025,3260836,0
032,112025,3260863,0
032,112025,3260873,0
032,112025,3260900,0
032,112025,3260910,0
032,112025,3260937,0
032,112025,3260947,0
032,112025,3260974,0
032,112025,3260984,0
032,112025,3261011,0
032,112025,3261021,0
032,112025,3261048,0
032,112025,3261058,0
032,112025,3261085,0
032,112025,3261095,0
032,112025,3261122,0
032,112025,3261132,0
032,112025,3261159,0
032,112025,3261169,0
032,112025,3261196,0
032,112025,3261206,0
032,112025,3261233,0
032,112025,3261243,0
032,112025,3261270,0
032,112025,3261280,0
032,112025,3261307,0
032,112025,3261317,0
032,112025,3261344,0
032,112025,3261354,0
032,112025,3261381,0
032,112025,3261391,0
032,112025,3261455,0
032,112025,3261465,0
032,112025,3261492,0
032,112025,3261502,0
032,112025,3261529,0
032,112025,3261539,0
032,112025,3261566,0
032,112025,3261576,0
032,112025,3261603,0
032,112025,3261613,0
032,112025,3261640,0
032,112025,3261650,0
032,112025,3261677,0
032,112025,3261687,0
032,112025,3261714,0
032,112025,3261724,0
032,112025,3261751,0
032,112025,3261761,0
032,112025,3261862,0
032,112025,3261872,0
032,112025,3261899,0
032,112025,3261909,0
032,112025,3261936,0
032,112025,3261946,0
032,112025,3261973,0
032,112025,3261983,0
032,112025,3262010,0
032,112025,3262020,0
032,112025,3262047,0
032,112025,3262057,0
032,112025,3262084,0
032,112025,3262094,0
032,112025,3262121,0
032,112025,3262131,0
032,112025,3262158,0
032,112025,3262168,0
032,112025,3262195,0
032,112025,3262205,0
032,112025,3262232,0
032,112025,3262242,0
032,112025,3262269,0
032,112025,3262279,0
032,112025,3262306,0
032,112025,3262316,0
032,112025,3262343,0
032,112025,3262353,0
032,112025,3262380,0
032,112025,3262390,0
032,112025,3262417,0
032,112025,3262427,0
032,112025,3262454,0
032,112025,3262464,0
032,112025,3262528,0
032,112025,3262538,0
032,112025,3262602,0
032,112025,3262612,0
032,112025,3262639,0
032,112025,3262649,0
032,112025,3262676,0
032,112025,3262686,0
032,112025,3262713,0
032,112025,3262723,0
032,112025,3262750,0
032,112025,3262760,0
032,112025,3262787,0
032,112025,3262797,0
032,112025,3262898,0
032,112025,3262908,0
032,112025,3262935,0
032,112025,3262945,0
032,112025,3262972,0
032,112025,3262982,0
032,112025,3263009,0
032,112025,3263019,0
032,112025,3263046,0
032,112025,3263056,0
032,112025,3263083,0
032,112025,3263093,0
032,112025,3263120,0
032,112025,3263130,0
032,112025,3263157,0
032,112025,3263167,0
032,112025,3263194,0
032,112025,3263204,0
032,112025,3263268,0
032,112025,3263278,0
032,112025,3263305,0
032,112025,3263315,0
032,112025,3263342,0
032,112025,3263352,0
032,112025,3263379,0
032,112025,3263389,0
032,112025,3263416,0
032,112025,3263426,0
032,112025,3263453,0
032,112025,3263463,0
032,112025,3263527,0
032,112025,3263537,0
032,112025,3263564,0
032,112025,3263574,0
032,112025,3263638,0
032,112025,3263648,0
032,112025,3263675,0
032,112025,3263685,0
032,112025,3263749,0
032,112025,3263759,0
032,112025,3263786,0
032,112025,3263796,0
032,112025,3263897,0
032,112025,3263907,0
032,112025,3263971,0
032,112025,3263981,0
032,112025,3264008,0
032,112025,3264018,0
032,112025,3264045,0
032,112025,3264055,0
032,112025,3264082,0
032,112025,3264092,0
032,112025,3264119,0
032,112025,3264129,0
032,112025,3264156,0
032,112025,3264166,0
032,112025,3264193,0
032,112025,3264203,0
032,112025,3264230,0
032,112025,3264240,0
032,112025,3264304,0
032,112025,3264314,0
032,112025,3264341,0
032,112025,3264351,0
032,112025,3264378,0
032,112025,3264388,0
032,112025,3264415,0
032,112025,3264425,0
032,112025,3264452,0
032,112025,3264462,0
032,112025,3264489,0
032,112025,3264499,0
032,112025,3264526,0
032,112025,3264536,0
032,112025,3264563,0
032,112025,3264573,0
032,112025,3264600,0
032,112025,3264610,0
032,112025,3264637,0
032,112025,3264647,0
032,112025,3264674,0
032,112025,3264684,0
032,112025,3264711,0
032,112025,3264721,0
032,112025,3264748,0
032,112025,3264758,0
032,112025,3264785,0
032,112025,3264795,0
032,112025,3264822,0
032,112025,3264832,0
032,112025,3264859,0
032,112025,3264869,0
032,112025,3264933,0
032,112025,3264943,0
032,112025,3264970,0
032,112025,3264980,0
032,112025,3265044,0
032,112025,3265054,0
032,112025,3265081,0
032,112025,3265091,0
032,112025,3265155,0
032,112025,3265165,0
032,112025,3265192,0
032,112025,3265202,0
032,112025,3265229,0
032,112025,3265239,0
032,112025,3265266,0
032,112025,3265276,0
032,112025,3265303,0
032,112025,3265313,0
032,112025,3265340,0
032,112025,3265350,0
032,112025,3265377,0
032,112025,3265387,0
032,112025,3265414,0
032,112025,3265424,0
032,112025,3265451,0
032,112025,3265461,0
032,112025,3265488,0
032,112025,3265498,0
032,112025,3265525,0
032,112025,3265535,0
032,112025,3265562,0
032,112025,3265572,0
032,112025,3265599,0
032,112025,3265609,0
032,112025,3265636,0
032,112025,3265646,0
032,112025,3265673,0
032,112025,3265683,0
032,112025,3265710,0
032,112025,3265720,0
032,112025,3265784,0
032,112025,3265794,0
032,112025,3265821,0
032,112025,3265831,0
032,112025,3265858,0
032,112025,3265868,0
032,112025,3265895,0
032,112025,3265905,0
032,112025,3265932,0
032,112025,3265942,0
032,112025,3265969,0
032,112025,3265979,0
032,112025,3266006,0
032,112025,3266016,0
032,112025,3266043,0
032,112025,3266053,0
032,112025,3266080,0
032,112025,3266090,0
032,112025,3266154,0
032,112025,3266164,0
032,112025,3266191,0
032,112025,3266201,0
032,112025,3266228,0
032,112025,3266238,0
032,112025,3266265,0
032,112025,3266275,0
032,112025,3266302,0
032,112025,3266312,0
032,112025,3266339,0
032,112025,3266349,0
032,112025,3266376,0
032,112025,3266386,0
032,112025,3266413,0
032,112025,3266423,0
032,112025,3266450,0
032,112025,3266460,0
032,112025,3266487,0
032,112025,3266497,0
032,112025,3266524,0
032,112025,3266534,0
032,112025,3266561,0
032,112025,3266571,0
032,112025,3266598,0
032,112025,3266608,0
032,112025,3266635,0
032,112025,3266645,0
032,112025,3266672,0
032,112025,3266682,0
032,112025,3266709,0
032,112025,3266719,0
032,112025,3266746,0
032,112025,3266756,0
032,112025,3266783,0
032,112025,3266793,0
032,112025,3266820,0
032,112025,3266830,0
032,112025,3266857,0
032,112025,3266867,0
032,112025,3266894,0
032,112025,3266904,0
032,112025,3266931,0
032,112025,3266941,0
032,112025,3266968,0
032,112025,3266978,0
032,112025,3267005,0
032,112025,3267015,0
032,112025,3267042,0
032,112025,3267052,0
032,112025,3267079,0
032,112025,3267089,0
032,112025,3267116,0
032,112025,3267126,0
032,112025,3267153,0
032,112025,3267163,0
032,112025,3267190,0
032,112025,3267200,0
032,112025,3267227,0
032,112025,3267237,0
032,112025,3267264,0
032,112025,3267274,0
032,112025,3267338,0
032,112025,3267348,0
032,112025,3267375,0
032,112025,3267385,0
032,112025,3267412,0
032,112025,3267422,0
032,112025,3267449,0
032,112025,3267459,0
032,112025,3267523,0
032,112025,3267533,0
032,112025,3267597,0
032,112025,3267607,0
032,112025,3267634,0
032,112025,3267644,0
032,112025,3267671,0
032,112025,3267681,0
032,112025,3267708,0
032,112025,3267718,0
032,112025,3267745,0
032,112025,3267755,0
032,112025,3267819,0
032,112025,3267829,0
032,112025,3267856,0
032,112025,3267866,0
032,112025,3267893,0
032,112025,3267903,0
032,112025,3267930,0
032,112025,3267940,0
032,112025,3267967,0
032,112025,3267977,0
032,112025,3268004,0
032,112025,3268014,0
032,112025,3268041,0
032,112025,3268051,0
032,112025,3268078,0
032,112025,3268088,0
032,112025,3268115,0
032,112025,3268125,0
032,112025,3268152,0
032,112025,3268162,0
032,112025,3268189,0
032,112025,3268199,0
032,112025,3268226,0
032,112025,3268236,0
032,112025,3268263,0
032,112025,3268273,0
032,112025,3268300,0
032,112025,3268310,0
032,112025,3268337,0
032,112025,3268347,0
032,112025,3268374,0
032,112025,3268384,0
032,112025,3268411,0
032,112025,3268421,0
032,112025,3268448,0
032,112025,3268458,0
032,112025,3268485,0
032,112025,3268495,0
032,112025,3268559,0
032,112025,3268569,0
032,112025,3268633,0
032,112025,3268643,0
032,112025,3268670,0
032,112025,3268680,0
032,112025,3268744,0
032,112025,3268754,0
032,112025,3268781,0
032,112025,3268791,0
032,112025,3268818,0
032,112025,3268828,0
032,112025,3268855,0
032,112025,3268865,0
032,112025,3268892,0
032,112025,3268902,0
032,112025,3268929,0
032,112025,3268939,0
032,112025,3268966,0
032,112025,3268976,0
032,112025,3269003,0
032,112025,3269013,0
032,112025,3269040,0
032,112025,3269050,0
032,112025,3269077,0
032,112025,3269087,0
032,112025,3269114,0
032,112025,3269124,0
032,112025,3269151,0
032,112025,3269161,0
032,112025,3269188,0
032,112025,3269198,0
032,112025,3269225,0
032,112025,3269235,0
032,112025,3269262,0
032,112025,3269272,0
032,112025,3269299,0
032,112025,3269309,0
032,112025,3269336,0
032,112025,3269346,0
032,112025,3269373,0
032,112025,3269383,0
032,112025,3269410,0
032,112025,3269420,0
032,112025,3269447,0
032,112025,3269457,0
032,112025,3269521,0
032,112025,3269531,0
032,112025,3269558,0
032,112025,3269568,0
032,112025,3269595,0
032,112025,3269605,0
032,112025,3269632,0
032,112025,3269642,0
032,112025,3269669,0
032,112025,3269679,0
032,112025,3269706,0
032,112025,3269716,0
032,112025,3269743,0
032,112025,3269753,0
032,112025,3269817,0
032,112025,3269827,0
032,112025,3269854,0
032,112025,3269864,0
032,112025,3269891,0
032,112025,3269901,0
032,112025,3269965,0
032,112025,3269975,0
032,112025,3270002,0
032,112025,3270012,0
032,112025,3270039,0
032,112025,3270049,0
032,112025,3270076,0
032,112025,3270086,0
032,112025,3270113,0
032,112025,3270123,0
032,112025,3270150,0
032,112025,3270160,0
032,112025,3270187,0
032,112025,3270197,0
032,112025,3270224,0
032,112025,3270234,0
032,112025,3270261,0
032,112025,3270271,0
032,112025,3270298,0
032,112025,3270308,0
032,112025,3270335,0
032,112025,3270345,0
032,112025,3270372,0
032,112025,3270382,0
032,112025,3270409,0
032,112025,3270419,0
032,112025,3270446,0
032,112025,3270456,0
032,112025,3270483,0
032,112025,3270493,0
032,112025,3270520,0
032,112025,3270530,0
032,112025,3270557,0
032,112025,3270567,0
032,112025,3270594,0
032,112025,3270604,0
032,112025,3270631,0
032,112025,3270641,0
032,112025,3270668,0
032,112025,3270678,0
032,112025,3270705,0
032,112025,3270715,0
032,112025,3270742,0
032,112025,3270752,0
032,112025,3270779,0
032,112025,3270789,0
032,112025,3270816,0
032,112025,3270826,0
032,112025,3270853,0
032,112025,3270863,0
032,112025,3270964,0
032,112025,3270974,0
032,112025,3271038,0
032,112025,3271048,0
032,112025,3271075,0
032,112025,3271085,0
032,112025,3271112,0
032,112025,3271122,0
032,112025,3271149,0
032,112025,3271159,0
032,112025,3271186,0
032,112025,3271196,0
032,112025,3271223,0
032,112025,3271233,0
032,112025,3271260,0
032,112025,3271270,0
032,112025,3271297,0
032,112025,3271307,0
032,112025,3271334,0
032,112025,3271344,0
032,112025,3271371,0
032,112025,3271381,0
032,112025,3271408,0
032,112025,3271418,0
032,112025,3271445,0
032,112025,3271455,0
032,112025,3271482,0
032,112025,3271492,0
032,112025,3271519,0
032,112025,3271529,0
032,112025,3271556,0
032,112025,3271566,0
032,112025,3271593,0
032,112025,3271603,0
032,112025,3271630,0
032,112025,3271640,0
032,112025,3271704,0
032,112025,3271714,0
032,112025,3271741,0
032,112025,3271751,0
032,112025,3271852,0
032,112025,3271862,0
032,112025,3271889,0
032,112025,3271899,0
032,112025,3271926,0
032,112025,3271936,0
032,112025,3271963,0
032,112025,3271973,0
032,112025,3272000,0
032,112025,3272010,0
032,112025,3272037,0
032,112025,3272047,0
032,112025,3272074,0
032,112025,3272084,0
032,112025,3272111,0
032,112025,3272121,0
032,112025,3272148,0
032,112025,3272158,0
032,112025,3272185,0
032,112025,3272195,0
032,112025,3272259,0
032,112025,3272269,0
032,112025,3272296,0
032,112025,3272306,0
032,112025,3272333,0
032,112025,3272343,0
032,112025,3272407,0
032,112025,3272417,0
032,112025,3272444,0
032,112025,3272454,0
032,112025,3272481,0
032,112025,3272491,0
032,112025,3272518,0
032,112025,3272528,0
032,112025,3272555,0
032,112025,3272565,0
032,112025,3272592,0
032,112025,3272602,0
032,112025,3272629,0
032,112025,3272639,0
032,112025,3272666,0
032,112025,3272676,0
032,112025,3272703,0
032,112025,3272713,0
032,112025,3272777,0
032,112025,3272787,0
032,112025,3272814,0
032,112025,3272824,0
032,112025,3272925,0
032,112025,3272935,0
032,112025,3272962,0
032,112025,3272972,0
032,112025,3272999,0
032,112025,3273009,0
032,112025,3273036,0
032,112025,3273046,0
032,112025,3273073,0
032,112025,3273083,0
032,112025,3273110,0
032,112025,3273120,0
032,112025,3273147,0
032,112025,3273157,0
032,112025,3273184,0
032,112025,3273194,0
032,112025,3273221,0
032,112025,3273231,0
032,112025,3273258,0
032,112025,3273268,0
032,112025,3273295,0
032,112025,3273305,0
032,112025,3273332,0
032,112025,3273342,0
032,112025,3273369,0
032,112025,3273379,0
032,112025,3273406,0
032,112025,3273416,0
032,112025,3273517,0
032,112025,3273527,0
032,112025,3273554,0
032,112025,3273564,0
032,112025,3273628,0
032,112025,3273638,0
032,112025,3273665,0
032,112025,3273675,0
032,112025,3273702,0
032,112025,3273712,0
032,112025,3273739,0
032,112025,3273749,0
032,112025,3273776,0
032,112025,3273786,0
032,112025,3273813,0
032,112025,3273823,0
032,112025,3273850,0
032,112025,3273860,0
032,112025,3273887,0
032,112025,3273897,0
032,112025,3273924,0
032,112025,3273934,0
032,112025,3273961,0
032,112025,3273971,0
032,112025,3274035,0
032,112025,3274045,0
032,112025,3274072,0
032,112025,3274082,0
032,112025,3274109,0
032,112025,3274119,0
032,112025,3274146,0
032,112025,3274156,0
032,112025,3274183,0
032,112025,3274193,0
032,112025,3274220,0
032,112025,3274230,0
032,112025,3274294,0
032,112025,3274304,0
032,112025,3274331,0
032,112025,3274341,0
032,112025,3274368,0
032,112025,3274378,0
032,112025,3274405,0
032,112025,3274415,0
032,112025,3274442,0
032,112025,3274452,0
032,112025,3274479,0
032,112025,3274489,0
032,112025,3274516,0
032,112025,3274526,0
032,112025,3274553,0
032,112025,3274563,0
032,112025,3274590,0
032,112025,3274600,0
032,112025,3274627,0
032,112025,3274637,0
032,112025,3274664,0
032,112025,3274674,0
032,112025,3274701,0
032,112025,3274711,0
032,112025,3274738,0
032,112025,3274748,0
032,112025,3274775,0
032,112025,3274785,0
032,112025,3274812,0
032,112025,3274822,0
032,112025,3274849,0
032,112025,3274859,0
032,112025,3274886,0
032,112025,3274896,0
032,112025,3274923,0
032,112025,3274933,0
032,112025,3274960,0
032,112025,3274970,0
032,112025,3275034,0
032,112025,3275044,0
032,112025,3275071,0
032,112025,3275081,0
032,112025,3275108,0
032,112025,3275118,0
032,112025,3275145,0
032,112025,3275155,0
032,112025,3275182,0
032,112025,3275192,0
032,112025,3275219,0
032,112025,3275229,0
032,112025,3275256,0
032,112025,3275266,0
032,112025,3275293,0
032,112025,3275303,0
032,112025,3275330,0
032,112025,3275340,0
032,112025,3275367,0
032,112025,3275377,0
032,112025,3275441,0
032,112025,3275451,0
032,112025,3275478,0
032,112025,3275488,0
032,112025,3275515,0
032,112025,3275525,0
032,112025,3275552,0
032,112025,3275562,0
032,112025,3275589,0
032,112025,3275599,0
032,112025,3275626,0
032,112025,3275636,0
032,112025,3275663,0
032,112025,3275673,0
032,112025,3275700,0
032,112025,3275710,0
032,112025,3275737,0
032,112025,3275747,0
032,112025,3275774,0
032,112025,3275784,0
032,112025,3275811,0
032,112025,3275821,0
032,112025,3275848,0
032,112025,3275858,0
032,112025,3275885,0
032,112025,3275895,0
032,112025,3275922,0
032,112025,3275932,0
032,112025,3275959,0
032,112025,3275969,0
032,112025,3275996,0
032,112025,3276006,0
032,112025,3276033,0
032,112025,3276043,0
032,112025,3276070,0
032,112025,3276080,0
032,112025,3276107,0
032,112025,3276117,0
032,112025,3276144,0
032,112025,3276154,0
032,112025,3276181,0
032,112025,3276191,0
032,112025,3276218,0
032,112025,3276228,0
032,112025,3276255,0
032,112025,3276265,0
032,112025,3276292,0
032,112025,3276302,0
032,112025,3276329,0
032,112025,3276339,0
032,112025,3276366,0
032,112025,3276376,0
032,112025,3276403,0
032,112025,3276413,0
032,112025,3276440,0
032,112025,3276450,0
032,112025,3276477,0
032,112025,3276487,0
032,112025,3276514,0
032,112025,3276524,0
032,112025,3276551,0
032,112025,3276561,0
032,112025,3276588,0
032,112025,3276598,0
032,112025,3276625,0
032,112025,3276635,0
032,112025,3276662,0
032,112025,3276672,0
032,112025,3276699,0
032,112025,3276709,0
032,112025,3276736,0
032,112025,3276746,0
032,112025,3276773,0
032,112025,3276783,0
032,112025,3276847,0
032,112025,3276857,0
032,112025,3276884,0
032,112025,3276894,0
032,112025,3276921,0
032,112025,3276931,0
032,112025,3276958,0
032,112025,3276968,0
032,112025,3276995,0
032,112025,3277005,0
032,112025,3277032,0
032,112025,3277042,0
032,112025,3277069,0
032,112025,3277079,0
032,112025,3277106,0
032,112025,3277116,0
032,112025,3277143,0
032,112025,3277153,0
032,112025,3277180,0
032,112025,3277190,0
032,112025,3277254,0
032,112025,3277264,0
032,112025,3277291,0
032,112025,3277301,0
032,112025,3277328,0
032,112025,3277338,0
032,112025,3277365,0
032,112025,3277375,0
032,112025,3277402,0
032,112025,3277412,0
032,112025,3277439,0
032,112025,3277449,0
032,112025,3277476,0
032,112025,3277486,0
032,112025,3277513,0
032,112025,3277523,0
032,112025,3277550,0
032,112025,3277560,0
032,112025,3277587,0
032,112025,3277597,0
032,112025,3277624,0
032,112025,3277634,0
032,112025,3277661,0
032,112025,3277671,0
032,112025,3277698,0
032,112025,3277708,0
032,112025,3277735,0
032,112025,3277745,0
032,112025,3277772,0
032,112025,3277782,0
032,112025,3277809,0
032,112025,3277819,0
032,112025,3277846,0
032,112025,3277856,0
032,112025,3277883,0
032,112025,3277893,0
032,112025,3277920,0
032,112025,3277930,0
032,112025,3277957,0
032,112025,3277967,0
032,112025,3277994,0
032,112025,3278004,0
032,112025,3278031,0
032,112025,3278041,0
032,112025,3278068,0
032,112025,3278078,0
032,112025,3278105,0
032,112025,3278115,0
032,112025,3278142,0
032,112025,3278152,0
032,112025,3278216,0
032,112025,3278226,0
032,112025,3278253,0
032,112025,3278263,0
032,112025,3278290,0
032,112025,3278300,0
032,112025,3278327,0
032,112025,3278337,0
032,112025,3278364,0
032,112025,3278374,0
032,112025,3278401,0
032,112025,3278411,0
032,112025,3278512,0
032,112025,3278522,0
032,112025,3278549,0
032,112025,3278559,0
032,112025,3278586,0
032,112025,3278596,0
032,112025,3278623,0
032,112025,3278633,0
032,112025,3278660,0
032,112025,3278670,0
032,112025,3278697,0
032,112025,3278707,0
032,112025,3278734,0
032,112025,3278744,0
032,112025,3278771,0
032,112025,3278781,0
032,112025,3278808,0
032,112025,3278818,0
032,112025,3278845,0
032,112025,3278855,0
032,112025,3278882,0
032,112025,3278892,0
032,112025,3278919,0
032,112025,3278929,0
032,112025,3278956,0
032,112025,3278966,0
032,112025,3278993,0
032,112025,3279003,0
032,112025,3279030,0
032,112025,3279040,0
032,112025,3279067,0
032,112025,3279077,0
032,112025,3279104,0
032,112025,3279114,0
032,112025,3279178,0
032,112025,3279188,0
032,112025,3279215,0
032,112025,3279225,0
032,112025,3279252,0
032,112025,3279262,0
032,112025,3279326,0
032,112025,3279336,0
032,112025,3279363,0
032,112025,3279373,0
032,112025,3279400,0
032,112025,3279410,0
032,112025,3279437,0
032,112025,3279447,0
032,112025,3279474,0
032,112025,3279484,0
032,112025,3279511,0
032,112025,3279521,0
032,112025,3279548,0
032,112025,3279558,0
032,112025,3279585,0
032,112025,3279595,0
032,112025,3279622,0
032,112025,3279632,0
032,112025,3279659,0
032,112025,3279669,0
032,112025,3279696,0
032,112025,3279706,0
032,112025,3279733,0
032,112025,3279743,0
032,112025,3279807,0
032,112025,3279817,0
032,112025,3279844,0
032,112025,3279854,0
032,112025,3279881,0
032,112025,3279891,0
032,112025,3279918,0
032,112025,3279928,0
032,112025,3279955,0
032,112025,3279965,0
032,112025,3279992,0
032,112025,3280002,0
032,112025,3280029,0
032,112025,3280039,0
032,112025,3280066,0
032,112025,3280076,0
032,112025,3280103,0
032,112025,3280113,0
032,112025,3280140,0
032,112025,3280150,0
032,112025,3280177,0
032,112025,3280187,0
032,112025,3280214,0
032,112025,3280224,0
032,112025,3280251,0
032,112025,3280261,0
032,112025,3280288,0
032,112025,3280298,0
032,112025,3280325,0
032,112025,3280335,0
032,112025,3280399,0
032,112025,3280409,0
032,112025,3280436,0
032,112025,3280446,0
032,112025,3280473,0
032,112025,3280483,0
032,112025,3280510,0
032,112025,3280520,0
032,112025,3280547,0
032,112025,3280557,0
032,112025,3280584,0
032,112025,3280594,0
032,112025,3280621,0
032,112025,3280631,0
032,112025,3280658,0
032,112025,3280668,0
032,112025,3280695,0
032,112025,3280705,0
032,112025,3280806,0
032,112025,3280816,0
032,112025,3280880,0
032,112025,3280890,0
032,112025,3280917,0
032,112025,3280927,0
032,112025,3280954,0
032,112025,3280964,0
032,112025,3281065,0
032,112025,3281075,0
032,112025,3281102,0
032,112025,3281112,0
032,112025,3281139,0
032,112025,3281149,0
032,112025,3281176,0
032,112025,3281186,0
032,112025,3281213,0
032,112025,3281223,0
032,112025,3281250,0
032,112025,3281260,0
032,112025,3281287,0
032,112025,3281297,0
032,112025,3281324,0
032,112025,3281334,0
032,112025,3281361,0
032,112025,3281371,0
032,112025,3281398,0
032,112025,3281408,0
032,112025,3281472,0
032,112025,3281482,0
032,112025,3281546,0
032,112025,3281556,0
032,112025,3281583,0
032,112025,3281593,0
032,112025,3281657,0
032,112025,3281667,0
032,112025,3281694,0
032,112025,3281704,0
032,112025,3281731,0
032,112025,3281741,0
032,112025,3281805,0
032,112025,3281815,0
032,112025,3281842,0
032,112025,3281852,0
032,112025,3281879,0
032,112025,3281889,0
032,112025,3281916,0
032,112025,3281926,0
032,112025,3281953,0
032,112025,3281963,0
032,112025,3281990,0
032,112025,3282000,0
032,112025,3282027,0
032,112025,3282037,0
032,112025,3282064,0
032,112025,3282074,0
032,112025,3282101,0
032,112025,3282111,0
032,112025,3282175,0
032,112025,3282185,0
032,112025,3282212,0
032,112025,3282222,0
032,112025,3282286,0
032,112025,3282296,0
032,112025,3282323,0
032,112025,3282333,0
032,112025,3282360,0
032,112025,3282370,0
032,112025,3282397,0
032,112025,3282407,0
032,112025,3282434,0
032,112025,3282444,0
032,112025,3282471,0
032,112025,3282481,0
032,112025,3282508,0
032,112025,3282518,0
032,112025,3282545,0
032,112025,3282555,0
032,112025,3282582,0
032,112025,3282592,0
032,112025,3282619,0
032,112025,3282629,0
032,112025,3282656,0
032,112025,3282666,0
032,112025,3282693,0
032,112025,3282703,0
032,112025,3282730,0
032,112025,3282740,0
032,112025,3282767,0
032,112025,3282777,0
032,112025,3282804,0
032,112025,3282814,0
032,112025,3282841,0
032,112025,3282851,0
032,112025,3282915,0
032,112025,3282925,0
032,112025,3282952,0
032,112025,3282962,0
032,112025,3283026,0
032,112025,3283036,0
032,112025,3283137,0
032,112025,3283147,0
032,112025,3283174,0
032,112025,3283184,0
032,112025,3283211,0
032,112025,3283221,0
032,112025,3283248,0
032,112025,3283258,0
032,112025,3283285,0
032,112025,3283295,0
032,112025,3283322,0
032,112025,3283332,0
032,112025,3283359,0
032,112025,3283369,0
032,112025,3283396,0
032,112025,3283406,0
032,112025,3283433,0
032,112025,3283443,0
032,112025,3283470,0
032,112025,3283480,0
032,112025,3283507,0
032,112025,3283517,0
032,112025,3283544,0
032,112025,3283554,0
032,112025,3283618,0
032,112025,3283628,0
032,112025,3283655,0
032,112025,3283665,0
032,112025,3283692,0
032,112025,3283702,0
032,112025,3283729,0
032,112025,3283739,0
032,112025,3283766,0
032,112025,3283776,0
032,112025,3283803,0
032,112025,3283813,0
032,112025,3283840,0
032,112025,3283850,0
032,112025,3283877,0
032,112025,3283887,0
032,112025,3283988,0
032,112025,3283998,0
032,112025,3284062,0
032,112025,3284072,0
032,112025,3284099,0
032,112025,3284109,0
032,112025,3284136,0
032,112025,3284146,0
032,112025,3284173,0
032,112025,3284183,0
032,112025,3284210,0
032,112025,3284220,0
032,112025,3284247,0
032,112025,3284257,0
032,112025,3284284,0
032,112025,3284294,0
032,112025,3284321,0
032,112025,3284331,0
032,112025,3284358,0
032,112025,3284368,0
032,112025,3284395,0
032,112025,3284405,0
032,112025,3284432,0
032,112025,3284442,0
032,112025,3284469,0
032,112025,3284479,0
032,112025,3284506,0
032,112025,3284516,0
032,112025,3284543,0
032,112025,3284553,0
032,112025,3284617,0
032,112025,3284627,0
032,112025,3284654,0
032,112025,3284664,0
032,112025,3284691,0
032,112025,3284701,0
032,112025,3284728,0
032,112025,3284738,0
032,112025,3284765,0
032,112025,3284775,0
032,112025,3284802,0
032,112025,3284812,0
032,112025,3284839,0
032,112025,3284849,0
032,112025,3284876,0
032,112025,3284886,0
032,112025,3284913,0
032,112025,3284923,0
032,112025,3284950,0
032,112025,3284960,0
032,112025,3284987,0
032,112025,3284997,0
032,112025,3285024,0
032,112025,3285034,0
032,112025,3285061,0
032,112025,3285071,0
032,112025,3285098,0
032,112025,3285108,0
032,112025,3285172,0
032,112025,3285182,0
032,112025,3285209,0
032,112025,3285219,0
032,112025,3285246,0
032,112025,3285256,0
032,112025,3285283,0
032,112025,3285293,0
032,112025,3285320,0
032,112025,3285330,0
032,112025,3285357,0
032,112025,3285367,0
032,112025,3285394,0
032,112025,3285404,0
032,112025,3285431,0
032,112025,3285441,0
032,112025,3285468,0
032,112025,3285478,0
032,112025,3285505,0
032,112025,3285515,0
032,112025,3285542,0
032,112025,3285552,0
032,112025,3285579,0
032,112025,3285589,0
032,112025,3285616,0
032,112025,3285626,0
032,112025,3285653,0
032,112025,3285663,0
032,112025,3285690,0
032,112025,3285700,0
032,112025,3285764,0
032,112025,3285774,0
032,112025,3285801,0
032,112025,3285811,0
032,112025,3285838,0
032,112025,3285848,0
032,112025,3285875,0
032,112025,3285885,0
032,112025,3285912,0
032,112025,3285922,0
032,112025,3285949,0
032,112025,3285959,0
032,112025,3285986,0
032,112025,3285996,0
032,112025,3286023,0
032,112025,3286033,0
032,112025,3286060,0
032,112025,3286070,0
032,112025,3286097,0
032,112025,3286107,0
032,112025,3286134,0
032,112025,3286144,0
032,112025,3286171,0
032,112025,3286181,0
032,112025,3286208,0
032,112025,3286218,0
032,112025,3286245,0
032,112025,3286255,0
032,112025,3286282,0
032,112025,3286292,0
032,112025,3286319,0
032,112025,3286329,0
032,112025,3286430,0
032,112025,3286440,0
032,112025,3286467,0
032,112025,3286477,0
032,112025,3286504,0
032,112025,3286514,0
032,112025,3286541,0
032,112025,3286551,0
032,112025,3286578,0
032,112025,3286588,0
032,112025,3286615,0
032,112025,3286625,0
032,112025,3286652,0
032,112025,3286662,0
032,112025,3286689,0
032,112025,3286699,0
032,112025,3286726,0
032,112025,3286736,0
032,112025,3286763,0
032,112025,3286773,0
032,112025,3286800,0
032,112025,3286810,0
032,112025,3286837,0
032,112025,3286847,0
032,112025,3286874,0
032,112025,3286884,0
032,112025,3286911,0
032,112025,3286921,0
032,112025,3286948,0
032,112025,3286958,0
032,112025,3286985,0
032,112025,3286995,0
032,112025,3287059,0
032,112025,3287069,0
032,112025,3287096,0
032,112025,3287106,0
032,112025,3287133,0
032,112025,3287143,0
032,112025,3287170,0
032,112025,3287180,0
032,112025,3287207,0
032,112025,3287217,0
032,112025,3287244,0
032,112025,3287254,0
032,112025,3287281,0
032,112025,3287291,0
032,112025,3287318,0
032,112025,3287328,0
032,112025,3287355,0
032,112025,3287365,0
032,112025,3287392,0
032,112025,3287402,0
032,112025,3287429,0
032,112025,3287439,0
032,112025,3287466,0
032,112025,3287476,0
032,112025,3287503,0
032,112025,3287513,0
032,112025,3287540,0
032,112025,3287550,0
032,112025,3287577,0
032,112025,3287587,0
032,112025,3287614,0
032,112025,3287624,0
032,112025,3287651,0
032,112025,3287661,0
032,112025,3287688,0
032,112025,3287698,0
032,112025,3287725,0
032,112025,3287735,0
032,112025,3287762,0
032,112025,3287772,0
032,112025,3287799,0
032,112025,3287809,0
032,112025,3287836,0
032,112025,3287846,0
032,112025,3287984,0
032,112025,3287994,0
032,112025,3288021,0
032,112025,3288031,0
032,112025,3288058,0
032,112025,3288068,0
032,112025,3288095,0
032,112025,3288105,0
032,112025,3288132,0
032,112025,3288142,0
032,112025,3288169,0
032,112025,3288179,0
032,112025,3288206,0
032,112025,3288216,0
032,112025,3288243,0
032,112025,3288253,0
032,112025,3288280,0
032,112025,3288290,0
032,112025,3288317,0
032,112025,3288327,0
032,112025,3288354,0
032,112025,3288364,0
032,112025,3288391,0
032,112025,3288401,0
032,112025,3288428,0
032,112025,3288438,0
032,112025,3288465,0
032,112025,3288475,0
032,112025,3288502,0
032,112025,3288512,0
032,112025,3288539,0
032,112025,3288549,0
032,112025,3288576,0
032,112025,3288586,0
032,112025,3288613,0
032,112025,3288623,0
032,112025,3288650,0
032,112025,3288660,0
032,112025,3288687,0
032,112025,3288697,0
032,112025,3288761,0
032,112025,3288771,0
032,112025,3288798,0
032,112025,3288808,0
032,112025,3288835,0
032,112025,3288845,0
032,112025,3288872,0
032,112025,3288882,0
032,112025,3288909,0
032,112025,3288919,0
032,112025,3288983,0
032,112025,3288993,0
032,112025,3289020,0
032,112025,3289030,0
032,112025,3289057,0
032,112025,3289067,0
032,112025,3289094,0
032,112025,3289104,0
032,112025,3289131,0
032,112025,3289141,0
032,112025,3289168,0
032,112025,3289178,0
032,112025,3289205,0
032,112025,3289215,0
032,112025,3289242,0
032,112025,3289252,0
032,112025,3289279,0
032,112025,3289289,0
032,112025,3289353,0
032,112025,3289363,0
032,112025,3289390,0
032,112025,3289400,0
032,112025,3289427,0
032,112025,3289437,0
032,112025,3289464,0
032,112025,3289474,0
032,112025,3289501,0
032,112025,3289511,0
032,112025,3289538,0
032,112025,3289548,0
032,112025,3289575,0
032,112025,3289585,0
032,112025,3289612,0
032,112025,3289622,0
032,112025,3289649,0
032,112025,3289659,0
032,112025,3289686,0
032,112025,3289696,0
032,112025,3289723,0
032,112025,3289733,0
032,112025,3289760,0
032,112025,3289770,0
032,112025,3289797,0
032,112025,3289807,0
032,112025,3289834,0
032,112025,3289844,0
032,112025,3289871,0
032,112025,3289881,0
032,112025,3289908,0
032,112025,3289918,0
032,112025,3289945,0
032,112025,3289955,0
032,112025,3289982,0
032,112025,3289992,0
032,112025,3290019,0
032,112025,3290029,0
032,112025,3290056,0
032,112025,3290066,0
032,112025,3290167,0
032,112025,3290177,0
032,112025,3290204,0
032,112025,3290214,0
032,112025,3290241,0
032,112025,3290251,0
032,112025,3290278,0
032,112025,3290288,0
032,112025,3290315,0
032,112025,3290325,0
032,112025,3290352,0
032,112025,3290362,0
032,112025,3290426,0
032,112025,3290436,0
032,112025,3290463,0
032,112025,3290473,0
032,112025,3290500,0
032,112025,3290510,0
032,112025,3290537,0
032,112025,3290547,0
032,112025,3290574,0
032,112025,3290584,0
032,112025,3290611,0
032,112025,3290621,0
032,112025,3290648,0
032,112025,3290658,0
032,112025,3290685,0
032,112025,3290695,0
032,112025,3290722,0
032,112025,3290732,0
032,112025,3290759,0
032,112025,3290769,0
032,112025,3290833,0
032,112025,3290843,0
032,112025,3290907,0
032,112025,3290917,0
032,112025,3290944,0
032,112025,3290954,0
032,112025,3291055,0
032,112025,3291065,0
032,112025,3291092,0
032,112025,3291102,0
032,112025,3291129,0
032,112025,3291139,0
032,112025,3291166,0
032,112025,3291176,0
032,112025,3291203,0
032,112025,3291213,0
032,112025,3291240,0
032,112025,3291250,0
032,112025,3291277,0
032,112025,3291287,0
032,112025,3291351,0
032,112025,3291361,0
032,112025,3291388,0
032,112025,3291398,0
032,112025,3291425,0
032,112025,3291435,0
032,112025,3291462,0
032,112025,3291472,0
032,112025,3291499,0
032,112025,3291509,0
032,112025,3291536,0
032,112025,3291546,0
032,112025,3291573,0
032,112025,3291583,0
032,112025,3291610,0
032,112025,3291620,0
032,112025,3291647,0
032,112025,3291657,0
032,112025,3291684,0
032,112025,3291694,0
032,112025,3291721,0
032,112025,3291731,0
032,112025,3291758,0
032,112025,3291768,0
032,112025,3291795,0
032,112025,3291805,0
032,112025,3291832,0
032,112025,3291842,0
032,112025,3291869,0
032,112025,3291879,0
032,112025,3291906,0
032,112025,3291916,0
032,112025,3292017,0
032,112025,3292027,0
032,112025,3292054,0
032,112025,3292064,0
032,112025,3292091,0
032,112025,3292101,0
032,112025,3292165,0
032,112025,3292175,0
032,112025,3292239,0
032,112025,3292249,0
032,112025,3292350,0
032,112025,3292360,0
032,112025,3292387,0
032,112025,3292397,0
032,112025,3292424,0
032,112025,3292434,0
032,112025,3292461,0
032,112025,3292471,0
032,112025,3292498,0
032,112025,3292508,0
032,112025,3292535,0
032,112025,3292545,0
032,112025,3292572,0
032,112025,3292582,0
032,112025,3292609,0
032,112025,3292619,0
032,112025,3292683,0
032,112025,3292693,0
032,112025,3292757,0
032,112025,3292767,0
032,112025,3292794,0
032,112025,3292804,0
032,112025,3292831,0
032,112025,3292841,0
032,112025,3292905,0
032,112025,3292915,0
032,112025,3292979,0
032,112025,3292989,0
032,112025,3293016,0
032,112025,3293026,0
032,112025,3293053,0
032,112025,3293063,0
032,112025,3293090,0
032,112025,3293100,0
032,112025,3293127,0
032,112025,3293137,0
032,112025,3293164,0
032,112025,3293174,0
032,112025,3293201,0
032,112025,3293211,0
032,112025,3293238,0
032,112025,3293248,0
032,112025,3293275,0
032,112025,3293285,0
032,112025,3293312,0
032,112025,3293322,0
032,112025,3293349,0
032,112025,3293359,0
032,112025,3293386,0
032,112025,3293396,0
032,112025,3293423,0
032,112025,3293433,0
032,112025,3293460,0
032,112025,3293470,0
032,112025,3293497,0
032,112025,3293507,0
032,112025,3293534,0
032,112025,3293544,0
032,112025,3293571,0
032,112025,3293581,0
032,112025,3293608,0
032,112025,3293618,0
032,112025,3293645,0
032,112025,3293655,0
032,112025,3293682,0
032,112025,3293692,0
032,112025,3293719,0
032,112025,3293729,0
032,112025,3293793,0
032,112025,3293803,0
032,112025,3293830,0
032,112025,3293840,0
032,112025,3293904,0
032,112025,3293914,0
032,112025,3293978,0
032,112025,3293988,0
032,112025,3294015,0
032,112025,3294025,0
032,112025,3294052,0
032,112025,3294062,0
032,112025,3294089,0
032,112025,3294099,0
032,112025,3294163,0
032,112025,3294173,0
032,112025,3294274,0
032,112025,3294284,0
032,112025,3294311,0
032,112025,3294321,0
032,112025,3294348,0
032,112025,3294358,0
032,112025,3294385,0
032,112025,3294395,0
032,112025,3294459,0
032,112025,3294469,0
032,112025,3294570,0
032,112025,3294580,0
032,112025,3294644,0
032,112025,3294654,0
032,112025,3294681,0
032,112025,3294691,0
032,112025,3294718,0
032,112025,3294728,0
032,112025,3294792,0
032,112025,3294802,0
032,112025,3294903,0
032,112025,3294913,0
032,112025,3294940,0
032,112025,3294950,0
032,112025,3294977,0
032,112025,3294987,0
032,112025,3295051,0
032,112025,3295061,0
032,112025,3295088,0
032,112025,3295098,0
032,112025,3295125,0
032,112025,3295135,0
032,112025,3295162,0
032,112025,3295172,0
032,112025,3295199,0
032,112025,3295209,0
032,112025,3295236,0
032,112025,3295246,0
032,112025,3295310,0
032,112025,3295320,0
032,112025,3295458,0
032,112025,3295468,0
032,112025,3295495,0
032,112025,3295505,0
032,112025,3295532,0
032,112025,3295542,0
032,112025,3295569,0
032,112025,3295579,0
032,112025,3295606,0
032,112025,3295616,0
032,112025,3295680,0
032,112025,3295690,0
032,112025,3295717,0
032,112025,3295727,0
032,112025,3295754,0
032,112025,3295764,0
032,112025,3295828,0
032,112025,3295838,0
032,112025,3295865,0
032,112025,3295875,0
032,112025,3295902,0
032,112025,3295912,0
032,112025,3295939,0
032,112025,3295949,0
032,112025,3295976,0
032,112025,3295986,0
032,112025,3296013,0
032,112025,3296023,0
032,112025,3296087,0
032,112025,3296097,0
032,112025,3296124,0
032,112025,3296134,0
032,112025,3296161,0
032,112025,3296171,0
032,112025,3296198,0
032,112025,3296208,0
032,112025,3296235,0
032,112025,3296245,0
032,112025,3296272,0
032,112025,3296282,0
032,112025,3296309,0
032,112025,3296319,0
032,112025,3296383,0
032,112025,3296393,0
032,112025,3296420,0
032,112025,3296430,0
032,112025,3296457,0
032,112025,3296467,0
032,112025,3296494,0
032,112025,3296504,0
032,112025,3296568,0
032,112025,3296578,0
032,112025,3296605,0
032,112025,3296615,0
032,112025,3296642,0
032,112025,3296652,0
032,112025,3296679,0
032,112025,3296689,0
032,112025,3296716,0
032,112025,3296726,0
032,112025,3296753,0
032,112025,3296763,0
032,112025,3296790,0
032,112025,3296800,0
032,112025,3296827,0
032,112025,3296837,0
032,112025,3296864,0
032,112025,3296874,0
032,112025,3296901,0
032,112025,3296911,0
032,112025,3296938,0
032,112025,3296948,0
032,112025,3296975,0
032,112025,3296985,0
032,112025,3297012,0
032,112025,3297022,0
032,112025,3297123,0
032,112025,3297133,0
032,112025,3297160,0
032,112025,3297170,0
032,112025,3297197,0
032,112025,3297207,0
032,112025,3297234,0
032,112025,3297244,0
032,112025,3297271,0
032,112025,3297281,0
032,112025,3297382,0
032,112025,3297392,0
032,112025,3297456,0
032,112025,3297466,0
032,112025,3297567,0
032,112025,3297577,0
032,112025,3297604,0
032,112025,3297614,0
032,112025,3297641,0
032,112025,3297651,0
032,112025,3297678,0
032,112025,3297688,0
032,112025,3297752,0
032,112025,3297762,0
032,112025,3297789,0
032,112025,3297799,0
032,112025,3297863,0
032,112025,3297873,0
032,112025,3298011,0
032,112025,3298021,0
032,112025,3298048,0
032,112025,3298058,0
032,112025,3298122,0
032,112025,3298132,0
032,112025,3298159,0
032,112025,3298169,0
032,112025,3298233,0
032,112025,3298243,0
032,112025,3298270,0
032,112025,3298280,0
032,112025,3298344,0
032,112025,3298354,0
032,112025,3298381,0
032,112025,3298391,0
032,112025,3298418,0
032,112025,3298428,0
032,112025,3298455,0
032,112025,3298465,0
032,112025,3298529,0
032,112025,3298539,0
032,112025,3298566,0
032,112025,3298576,0
032,112025,3298603,0
032,112025,3298613,0
032,112025,3298640,0
032,112025,3298650,0
032,112025,3298677,0
032,112025,3298687,0
032,112025,3298714,0
032,112025,3298724,0
032,112025,3298751,0
032,112025,3298761,0
032,112025,3298788,0
032,112025,3298798,0
032,112025,3298825,0
032,112025,3298835,0
032,112025,3298862,0
032,112025,3298872,0
032,112025,3298899,0
032,112025,3298909,0
032,112025,3298936,0
032,112025,3298946,0
032,112025,3298973,0
032,112025,3298983,0
032,112025,3299010,0
032,112025,3299020,0
032,112025,3299084,0
032,112025,3299094,0
032,112025,3299121,0
032,112025,3299131,0
032,112025,3299195,0
032,112025,3299205,0
032,112025,3299232,0
032,112025,3299242,0
032,112025,3299269,0
032,112025,3299279,0
032,112025,3299306,0
032,112025,3299316,0
032,112025,3299343,0
032,112025,3299353,0
032,112025,3299380,0
032,112025,3299390,0
032,112025,3299417,0
032,112025,3299427,0
032,112025,3299454,0
032,112025,3299464,0
032,112025,3299491,0
032,112025,3299501,0
032,112025,3299528,0
032,112025,3299538,0
032,112025,3299565,0
032,112025,3299575,0
032,112025,3299602,0
032,112025,3299612,0
032,112025,3299639,0
032,112025,3299649,0
032,112025,3299676,0
032,112025,3299686,0
032,112025,3299713,0
032,112025,3299723,0
032,112025,3299750,0
032,112025,3299760,0
032,112025,3299787,0
032,112025,3299797,0
032,112025,3299824,0
032,112025,3299834,0
032,112025,3299861,0
032,112025,3299871,0
032,112025,3299898,0
032,112025,3299908,0
032,112025,3299935,0
032,112025,3299945,0
032,112025,3300046,0
032,112025,3300056,0
032,112025,3300083,0
032,112025,3300093,0
032,112025,3300157,0
032,112025,3300167,0
032,112025,3300231,0
032,112025,3300241,0
032,112025,3300268,0
032,112025,3300278,0
032,112025,3300305,0
032,112025,3300315,0
032,112025,3300342,0
032,112025,3300352,0
032,112025,3300379,0
032,112025,3300389,0
032,112025,3300416,0
032,112025,3300426,0
032,112025,3300453,0
032,112025,3300463,0
032,112025,3300527,0
032,112025,3300537,0
032,112025,3300601,0
032,112025,3300611,0
032,112025,3300638,0
032,112025,3300648,0
032,112025,3300675,0
032,112025,3300685,0
032,112025,3300712,0
032,112025,3300722,0
032,112025,3300749,0
032,112025,3300759,0
032,112025,3300786,0
032,112025,3300796,0
032,112025,3300823,0
032,112025,3300833,0
032,112025,3300860,0
032,112025,3300870,0
032,112025,3300934,0
032,112025,3300944,0
032,112025,3301008,0
032,112025,3301018,0
032,112025,3301045,0
032,112025,3301055,0
032,112025,3301119,0
032,112025,3301129,0
032,112025,3301156,0
032,112025,3301166,0
032,112025,3301193,0
032,112025,3301203,0
032,112025,3301267,0
032,112025,3301277,0
032,112025,3301304,0
032,112025,3301314,0
032,112025,3301341,0
032,112025,3301351,0
032,112025,3301378,0
032,112025,3301388,0
032,112025,3301452,0
032,112025,3301462,0
032,112025,3301489,0
032,112025,3301499,0
032,112025,3301563,0
032,112025,3301573,0
032,112025,3301600,0
032,112025,3301610,0
032,112025,3301637,0
032,112025,3301647,0
032,112025,3301674,0
032,112025,3301684,0
032,112025,3301711,0
032,112025,3301721,0
032,112025,3301748,0
032,112025,3301758,0
032,112025,3301785,0
032,112025,3301795,0
032,112025,3301859,0
032,112025,3301869,0
032,112025,3301896,0
032,112025,3301906,0
032,112025,3301933,0
032,112025,3301943,0
032,112025,3301970,0
032,112025,3301980,0
032,112025,3302007,0
032,112025,3302017,0
032,112025,3302044,0
032,112025,3302054,0
032,112025,3302081,0
032,112025,3302091,0
032,112025,3302155,0
032,112025,3302165,0
032,112025,3302192,0
032,112025,3302202,0
032,112025,3302266,0
032,112025,3302276,0
032,112025,3302303,0
032,112025,3302313,0
032,112025,3302340,0
032,112025,3302350,0
032,112025,3302377,0
032,112025,3302387,0
032,112025,3302414,0
032,112025,3302424,0
032,112025,3302488,0
032,112025,3302498,0
032,112025,3302525,0
032,112025,3302535,0
032,112025,3302562,0
032,112025,3302572,0
032,112025,3302599,0
032,112025,3302609,0
032,112025,3302636,0
032,112025,3302646,0
032,112025,3302673,0
032,112025,3302683,0
032,112025,3302747,0
032,112025,3302757,0
032,112025,3302784,0
032,112025,3302794,0
032,112025,3302821,0
032,112025,3302831,0
032,112025,3302858,0
032,112025,3302868,0
032,112025,3302969,0
032,112025,3302979,0
032,112025,3303006,0
032,112025,3303016,0
032,112025,3303043,0
032,112025,3303053,0
032,112025,3303080,0
032,112025,3303090,0
032,112025,3303117,0
032,112025,3303127,0
032,112025,3303191,0
032,112025,3303201,0
032,112025,3303228,0
032,112025,3303238,0
032,112025,3303265,0
032,112025,3303275,0
032,112025,3303302,0
032,112025,3303312,0
032,112025,3303339,0
032,112025,3303349,0
032,112025,3303376,0
032,112025,3303386,0
032,112025,3303413,0
032,112025,3303423,0
032,112025,3303450,0
032,112025,3303460,0
032,112025,3303487,0
032,112025,3303497,0
032,112025,3303524,0
032,112025,3303534,0
032,112025,3303561,0
032,112025,3303571,0
032,112025,3303598,0
032,112025,3303608,0
032,112025,3303635,0
032,112025,3303645,0
032,112025,3303672,0
032,112025,3303682,0
032,112025,3303709,0
032,112025,3303719,0
032,112025,3303746,0
032,112025,3303756,0
032,112025,3303820,0
032,112025,3303830,0
032,112025,3303857,0
032,112025,3303867,0
032,112025,3303894,0
032,112025,3303904,0
032,112025,3303931,0
032,112025,3303941,0
032,112025,3303968,0
032,112025,3303978,0
032,112025,3304005,0
032,112025,3304015,0
032,112025,3304042,0
032,112025,3304052,0
032,112025,3304079,0
032,112025,3304089,0
032,112025,3304116,0
032,112025,3304126,0
032,112025,3304153,0
032,112025,3304163,0
032,112025,3304190,0
032,112025,3304200,0
032,112025,3304227,0
032,112025,3304237,0
032,112025,3304264,0
032,112025,3304274,0
032,112025,3304301,0
032,112025,3304311,0
032,112025,3304375,0
032,112025,3304385,0
032,112025,3304412,0
032,112025,3304422,0
032,112025,3304449,0
032,112025,3304459,0
032,112025,3304486,0
032,112025,3304496,0
032,112025,3304523,0
032,112025,3304533,0
032,112025,3304560,0
032,112025,3304570,0
032,112025,3304597,0
032,112025,3304607,0
032,112025,3304634,0
032,112025,3304644,0
032,112025,3304671,0
032,112025,3304681,0
032,112025,3304708,0
032,112025,3304718,0
032,112025,3304745,0
032,112025,3304755,0
032,112025,3304782,0
032,112025,3304792,0
032,112025,3304819,0
032,112025,3304829,0
032,112025,3304856,0
032,112025,3304866,0
032,112025,3304893,0
032,112025,3304903,0
032,112025,3304930,0
032,112025,3304940,0
032,112025,3304967,0
032,112025,3304977,0
032,112025,3305004,0
032,112025,3305014,0
032,112025,3305041,0
032,112025,3305051,0
032,112025,3305115,0
032,112025,3305125,0
032,112025,3305152,0
032,112025,3305162,0
032,112025,3305189,0
032,112025,3305199,0
032,112025,3305226,0
032,112025,3305236,0
032,112025,3305300,0
032,112025,3305310,0
032,112025,3305337,0
032,112025,3305347,0
032,112025,3305411,0
032,112025,3305421,0
032,112025,3305448,0
032,112025,3305458,0
032,112025,3305522,0
032,112025,3305532,0
032,112025,3305559,0
032,112025,3305569,0
032,112025,3305596,0
032,112025,3305606,0
032,112025,3305633,0
032,112025,3305643,0
032,112025,3305670,0
032,112025,3305680,0
032,112025,3305707,0
032,112025,3305717,0
032,112025,3305744,0
032,112025,3305754,0
032,112025,3305781,0
032,112025,3305791,0
032,112025,3305818,0
032,112025,3305828,0
032,112025,3305855,0
032,112025,3305865,0
032,112025,3305892,0
032,112025,3305902,0
032,112025,3305929,0
032,112025,3305939,0
032,112025,3305966,0
032,112025,3305976,0
032,112025,3306003,0
032,112025,3306013,0
032,112025,3306077,0
032,112025,3306087,0
032,112025,3306114,0
032,112025,3306124,0
032,112025,3306151,0
032,112025,3306161,0
032,112025,3306188,0
032,112025,3306198,0
032,112025,3306225,0
032,112025,3306235,0
032,112025,3306262,0
032,112025,3306272,0
032,112025,3306336,0
032,112025,3306346,0
032,112025,3306373,0
032,112025,3306383,0
032,112025,3306410,0
032,112025,3306420,0
032,112025,3306447,0
032,112025,3306457,0
032,112025,3306484,0
032,112025,3306494,0
032,112025,3306558,0
032,112025,3306568,0
032,112025,3306595,0
032,112025,3306605,0
032,112025,3306632,0
032,112025,3306642,0
032,112025,3306669,0
032,112025,3306679,0
032,112025,3306743,0
032,112025,3306753,0
032,112025,3306780,0
032,112025,3306790,0
032,112025,3306817,0
032,112025,3306827,0
032,112025,3306891,0
032,112025,3306901,0
032,112025,3306928,0
032,112025,3306938,0
032,112025,3306965,0
032,112025,3306975,0
032,112025,3307002,0
032,112025,3307012,0
032,112025,3307039,0
032,112025,3307049,0
032,112025,3307113,0
032,112025,3307123,0
032,112025,3307150,0
032,112025,3307160,0
032,112025,3307187,0
032,112025,3307197,0
032,112025,3307261,0
032,112025,3307271,0
032,112025,3307298,0
032,112025,3307308,0
032,112025,3307335,0
032,112025,3307345,0
032,112025,3307372,0
032,112025,3307382,0
032,112025,3307409,0
032,112025,3307419,0
032,112025,3307446,0
032,112025,3307456,0
032,112025,3307483,0
032,112025,3307493,0
032,112025,3307520,0
032,112025,3307530,0
032,112025,3307557,0
032,112025,3307567,0
032,112025,3307594,0
032,112025,3307604,0
032,112025,3307631,0
032,112025,3307641,0
032,112025,3307668,0
032,112025,3307678,0
032,112025,3307705,0
032,112025,3307715,0
032,112025,3307742,0
032,112025,3307752,0
032,112025,3307779,0
032,112025,3307789,0
032,112025,3307816,0
032,112025,3307826,0
032,112025,3307853,0
032,112025,3307863,0
032,112025,3307890,0
032,112025,3307900,0
032,112025,3307927,0
032,112025,3307937,0
032,112025,3307964,0
032,112025,3307974,0
032,112025,3308001,0
032,112025,3308011,0
032,112025,3308038,0
032,112025,3308048,0
032,112025,3308075,0
032,112025,3308085,0
032,112025,3308112,0
032,112025,3308122,0
032,112025,3308149,0
032,112025,3308159,0
032,112025,3308186,0
032,112025,3308196,0
032,112025,3308223,0
032,112025,3308233,0
032,112025,3308260,0
032,112025,3308270,0
032,112025,3308297,0
032,112025,3308307,0
032,112025,3308334,0
032,112025,3308344,0
032,112025,3308371,0
032,112025,3308381,0
032,112025,3308445,0
032,112025,3308455,0
032,112025,3308482,0
032,112025,3308492,0
032,112025,3308519,0
032,112025,3308529,0
032,112025,3308556,0
032,112025,3308566,0
032,112025,3308593,0
032,112025,3308603,0
032,112025,3308630,0
032,112025,3308640,0
032,112025,3308667,0
032,112025,3308677,0
032,112025,3308704,0
032,112025,3308714,0
032,112025,3308741,0
032,112025,3308751,0
032,112025,3308778,0
032,112025,3308788,0
032,112025,3308815,0
032,112025,3308825,0
032,112025,3308852,0
032,112025,3308862,0
032,112025,3308889,0
032,112025,3308899,0
032,112025,3308926,0
032,112025,3308936,0
032,112025,3308963,0
032,112025,3308973,0
032,112025,3309000,0
032,112025,3309010,0
032,112025,3309074,0
032,112025,3309084,0
032,112025,3309111,0
032,112025,3309121,0
032,112025,3309148,0
032,112025,3309158,0
032,112025,3309185,0
032,112025,3309195,0
032,112025,3309222,0
032,112025,3309232,0
032,112025,3309259,0
032,112025,3309269,0
032,112025,3309296,0
032,112025,3309306,0
032,112025,3309333,0
032,112025,3309343,0
032,112025,3309370,0
032,112025,3309380,0
032,112025,3309407,0
032,112025,3309417,0
032,112025,3309444,0
032,112025,3309454,0
032,112025,3309481,0
032,112025,3309491,0
032,112025,3309518,0
032,112025,3309528,0
032,112025,3309555,0
032,112025,3309565,0
032,112025,3309592,0
032,112025,3309602,0
032,112025,3309629,0
032,112025,3309639,0
032,112025,3309666,0
032,112025,3309676,0
032,112025,3309703,0
032,112025,3309713,0
032,112025,3309740,0
032,112025,3309750,0
032,112025,3309777,0
032,112025,3309787,0
032,112025,3309851,0
032,112025,3309861,0
032,112025,3309888,0
032,112025,3309898,0
032,112025,3309925,0
032,112025,3309935,0
032,112025,3309962,0
032,112025,3309972,0
032,112025,3309999,0
032,112025,3310009,0
032,112025,3310036,0
032,112025,3310046,0
032,112025,3310073,0
032,112025,3310083,0
032,112025,3310110,0
032,112025,3310120,0
032,112025,3310147,0
032,112025,3310157,0
032,112025,3310184,0
032,112025,3310194,0
032,112025,3310221,0
032,112025,3310231,0
032,112025,3310258,0
032,112025,3310268,0
032,112025,3310295,0
032,112025,3310305,0
032,112025,3310332,0
032,112025,3310342,0
032,112025,3310369,0
032,112025,3310379,0
032,112025,3310406,0
032,112025,3310416,0
032,112025,3310480,0
032,112025,3310490,0
032,112025,3310517,0
032,112025,3310527,0
032,112025,3310554,0
032,112025,3310564,0
032,112025,3310591,0
032,112025,3310601,0
032,112025,3310628,0
032,112025,3310638,0
032,112025,3310665,0
032,112025,3310675,0
032,112025,3310702,0
032,112025,3310712,0
032,112025,3310739,0
032,112025,3310749,0
032,112025,3310776,0
032,112025,3310786,0
032,112025,3310813,0
032,112025,3310823,0
032,112025,3310850,0
032,112025,3310860,0
032,112025,3310887,0
032,112025,3310897,0
032,112025,3310924,0
032,112025,3310934,0
032,112025,3310961,0
032,112025,3310971,0
032,112025,3310998,0
032,112025,3311008,0
032,112025,3311035,0
032,112025,3311045,0
032,112025,3311072,0
032,112025,3311082,0
032,112025,3311109,0
032,112025,3311119,0
032,112025,3311146,0
032,112025,3311156,0
032,112025,3311183,0
032,112025,3311193,0
032,112025,3311220,0
032,112025,3311230,0
032,112025,3311257,0
032,112025,3311267,0
032,112025,3311294,0
032,112025,3311304,0
032,112025,3311331,0
032,112025,3311341,0
032,112025,3311368,0
032,112025,3311378,0
032,112025,3311405,0
032,112025,3311415,0
032,112025,3311442,0
032,112025,3311452,0
032,112025,3311479,0
032,112025,3311489,0
032,112025,3311516,0
032,112025,3311526,0
032,112025,3311553,0
032,112025,3311563,0
032,112025,3311590,0
032,112025,3311600,0
032,112025,3311627,0
032,112025,3311637,0
032,112025,3311701,0
032,112025,3311711,0
032,112025,3311738,0
032,112025,3311748,0
032,112025,3311775,0
032,112025,3311785,0
032,112025,3311812,0
032,112025,3311822,0
032,112025,3311849,0
032,112025,3311859,0
032,112025,3311886,0
032,112025,3311896,0
032,112025,3311923,0
032,112025,3311933,0
032,112025,3311960,0
032,112025,3311970,0
032,112025,3311997,0
032,112025,3312007,0
032,112025,3312034,0
032,112025,3312044,0
032,112025,3312071,0
032,112025,3312081,0
032,112025,3312108,0
032,112025,3312118,0
032,112025,3312145,0
032,112025,3312155,0
032,112025,3312182,0
032,112025,3312192,0
032,112025,3312256,0
032,112025,3312266,0
032,112025,3312293,0
032,112025,3312303,0
032,112025,3312367,0
032,112025,3312377,0
032,112025,3312404,0
032,112025,3312414,0
032,112025,3312441,0
032,112025,3312451,0
032,112025,3312478,0
032,112025,3312488,0
032,112025,3312515,0
032,112025,3312525,0
032,112025,3312552,0
032,112025,3312562,0
032,112025,3312589,0
032,112025,3312599,0
032,112025,3312626,0
032,112025,3312636,0
032,112025,3312700,0
032,112025,3312710,0
032,112025,3312737,0
032,112025,3312747,0
032,112025,3312774,0
032,112025,3312784,0
032,112025,3312848,0
032,112025,3312858,0
032,112025,3312922,0
032,112025,3312932,0
032,112025,3312959,0
032,112025,3312969,0
032,112025,3312996,0
032,112025,3313006,0
032,112025,3313070,0
032,112025,3313080,0
032,112025,3313107,0
032,112025,3313144,0
032,112025,3313154,0
032,112025,3313181,0
032,112025,3313191,0
032,112025,3313218,0
032,112025,3313228,0
032,112025,3313292,0
032,112025,3313302,0
032,112025,3313329,0
032,112025,3313339,0
032,112025,3313403,0
032,112025,3313413,0
032,112025,3313477,0
032,112025,3313487,0
032,112025,3313514,0
032,112025,3313524,0
032,112025,3313551,0
032,112025,3313561,0
032,112025,3313588,0
032,112025,3313598,0
032,112025,3313625,0
032,112025,3313635,0
032,112025,3313699,0
032,112025,3313709,0
032,112025,3313736,0
032,112025,3313746,0
032,112025,3313773,0
032,112025,3313783,0
032,112025,3313847,0
032,112025,3313857,0
032,112025,3313921,0
032,112025,3313931,0
032,112025,3313958,0
032,112025,3313968,0
032,112025,3313995,0
032,112025,3314005,0
032,112025,3314032,0
032,112025,3314042,0
032,112025,3314069,0
032,112025,3314079,0
032,112025,3314106,0
032,112025,3314116,0
032,112025,3314143,0
032,112025,3314153,0
032,112025,3314254,0
032,112025,3314264,0
032,112025,3314291,0
032,112025,3314301,0
032,112025,3314328,0
032,112025,3314338,0
032,112025,3314365,0
032,112025,3314375,0
032,112025,3314402,0
032,112025,3314412,0
032,112025,3314439,0
032,112025,3314449,0
032,112025,3314476,0
032,112025,3314486,0
032,112025,3314550,0
032,112025,3314560,0
032,112025,3314587,0
032,112025,3314597,0
032,112025,3314624,0
032,112025,3314634,0
032,112025,3314698,0
032,112025,3314708,0
032,112025,3314735,0
032,112025,3314745,0
032,112025,3314772,0
032,112025,3314782,0
032,112025,3314809,0
032,112025,3314819,0
032,112025,3314846,0
032,112025,3314856,0
032,112025,3314883,0
032,112025,3314893,0
032,112025,3314920,0
032,112025,3314930,0
032,112025,3314957,0
032,112025,3314967,0
032,112025,3314994,0
032,112025,3315004,0
032,112025,3315031,0
032,112025,3315041,0
032,112025,3315068,0
032,112025,3315078,0
032,112025,3315105,0
032,112025,3315115,0
032,112025,3315142,0
032,112025,3315152,0
032,112025,3315179,0
032,112025,3315189,0
032,112025,3315253,0
032,112025,3315263,0
032,112025,3315290,0
032,112025,3315300,0
032,112025,3315364,0
032,112025,3315374,0
032,112025,3315401,0
032,112025,3315411,0
032,112025,3315438,0
032,112025,3315448,0
032,112025,3315475,0
032,112025,3315485,0
032,112025,3315586,0
032,112025,3315596,0
032,112025,3315623,0
032,112025,3315633,0
032,112025,3315697,0
032,112025,3315707,0
032,112025,3315734,0
032,112025,3315744,0
032,112025,3315771,0
032,112025,3315781,0
032,112025,3315808,0
032,112025,3315818,0
032,112025,3315845,0
032,112025,3315855,0
032,112025,3315882,0
032,112025,3315892,0
032,112025,3315919,0
032,112025,3315929,0
032,112025,3315956,0
032,112025,3315966,0
032,112025,3315993,0
032,112025,3316003,0
032,112025,3316030,0
032,112025,3316040,0
032,112025,3316067,0
032,112025,3316077,0
032,112025,3316104,0
032,112025,3316114,0
032,112025,3316141,0
032,112025,3316151,0
032,112025,3316178,0
032,112025,3316188,0
032,112025,3316215,0
032,112025,3316225,0
032,112025,3316252,0
032,112025,3316262,0
032,112025,3316289,0
032,112025,3316299,0
032,112025,3316363,0
032,112025,3316373,0
032,112025,3316400,0
032,112025,3316410,0
032,112025,3316437,0
032,112025,3316447,0
032,112025,3316474,0
032,112025,3316484,0
032,112025,3316511,0
032,112025,3316521,0
032,112025,3316548,0
032,112025,3316558,0
032,112025,3316585,0
032,112025,3316595,0
032,112025,3316659,0
032,112025,3316669,0
032,112025,3316696,0
032,112025,3316706,0
032,112025,3316733,0
032,112025,3316743,0
032,112025,3316807,0
032,112025,3316817,0
032,112025,3316844,0
032,112025,3316854,0
032,112025,3316881,0
032,112025,3316891,0
032,112025,3316918,0
032,112025,3316928,0
032,112025,3317029,0
032,112025,3317039,0
032,112025,3317066,0
032,112025,3317076,0
032,112025,3317103,0
032,112025,3317113,0
032,112025,3317288,0
032,112025,3317298,0
032,112025,3317362,0
032,112025,3317372,0
032,112025,3317399,0
032,112025,3317409,0
032,112025,3317436,0
032,112025,3317446,0
032,112025,3317473,0
032,112025,3317483,0
032,112025,3317510,0
032,112025,3317520,0
032,112025,3317584,0
032,112025,3317594,0
032,112025,3317658,0
032,112025,3317668,0
032,112025,3317695,0
032,112025,3317705,0
032,112025,3317732,0
032,112025,3317742,0
032,112025,3317769,0
032,112025,3317779,0
032,112025,3317806,0
032,112025,3317816,0
032,112025,3317843,0
032,112025,3317853,0
032,112025,3317880,0
032,112025,3317890,0
032,112025,3317917,0
032,112025,3317927,0
032,112025,3317954,0
032,112025,3317964,0
032,112025,3318028,0
032,112025,3318038,0
032,112025,3318065,0
032,112025,3318075,0
032,112025,3318102,0
032,112025,3318112,0
032,112025,3318139,0
032,112025,3318149,0
032,112025,3318176,0
032,112025,3318186,0
032,112025,3318213,0
032,112025,3318223,0
032,112025,3318250,0
032,112025,3318260,0
032,112025,3318287,0
032,112025,3318297,0
032,112025,3318324,0
032,112025,3318334,0
032,112025,3318361,0
032,112025,3318371,0
032,112025,3318398,0
032,112025,3318408,0
032,112025,3318435,0
032,112025,3318445,0
032,112025,3318509,0
032,112025,3318519,0
032,112025,3318546,0
032,112025,3318556,0
032,112025,3318583,0
032,112025,3318593,0
032,112025,3318620,0
032,112025,3318630,0
032,112025,3318657,0
032,112025,3318667,0
032,112025,3318694,0
032,112025,3318704,0
032,112025,3318731,0
032,112025,3318741,0
032,112025,3318768,0
032,112025,3318778,0
032,112025,3318842,0
032,112025,3318852,0
032,112025,3318990,0
032,112025,3319000,0
032,112025,3319027,0
032,112025,3319037,0
032,112025,3319064,0
032,112025,3319074,0
032,112025,3319101,0
032,112025,3319111,0
032,112025,3928698,0
032,112025,3963918,0
032,112025,3969660,0
032,112025,3970332,0
032,112025,3970440,0
032,112025,3971622,0
032,112025,3972588,0
032,112025,4008407,0
032,112025,4008467,0
032,112025,4008542,0
032,112025,4009427,0
032,112025,4009847,0
032,112025,4010102,0
032,112025,4010117,0
032,112025,4010252,0
032,112025,4011587,0
032,112025,4011872,0
032,112025,4012202,0
032,112025,4012562,0
032,112025,4013222,0
032,112025,4013267,0
032,112025,4013462,0
032,112025,4013927,0
032,112025,4014077,0
032,112025,4014527,0
032,112025,4014557,0
032,112025,4014782,0
032,112025,4015262,0
032,112025,4015487,0
032,112025,4015592,0
032,112025,4016402,0
032,112025,4016582,0
032,112025,4016627,0
032,112025,4016672,0
032,112025,4017197,0
032,112025,4017377,0
032,112025,4017392,0
032,112025,4017737,0
032,112025,4017767,0
032,112025,4017782,0
032,112025,4017797,0
032,112025,4017812,0
032,112025,4018172,0
032,112025,4018412,0
032,112025,4018532,0
032,112025,4018712,0
032,112025,4018907,0
032,112025,4020137,0
032,112025,4020227,0
032,112025,4020287,0
032,112025,4021322,0
032,112025,4021352,0
032,112025,4021547,0
032,112025,4021637,0
032,112025,4021652,0
032,112025,4021787,0
032,112025,4021832,0
032,112025,4021862,0
032,112025,4021952,0
032,112025,4021997,0
032,112025,4022417,0
032,112025,4022582,0
032,112025,4022642,0
032,112025,4022717,0
032,112025,4022777,0
032,112025,4022957,0
032,112025,4023017,0
032,112025,4023062,0
032,112025,4023077,0
032,112025,4023137,0
032,112025,4023242,0
032,112025,4023362,0
032,112025,4023512,0
032,112025,4024367,0
032,112025,4024637,0
032,112025,4025207,0
032,112025,4025477,0
032,112025,4025627,0
032,112025,4025897,0
032,112025,4025912,0
032,112025,4025927,0
032,112025,4025942,0
032,112025,4026047,0
032,112025,4026947,0
032,112025,4027487,0
032,112025,4027577,0
032,112025,4027607,0
032,112025,4027817,0
032,112025,4027832,0
032,112025,4027847,0
032,112025,4028087,0
032,112025,4028102,0
032,112025,4028297,0
032,112025,4028312,0
032,112025,4028552,0
032,112025,4028747,0
032,112025,4028777,0
032,112025,4029182,0
032,112025,4029227,0
032,112025,4029257,0
032,112025,4029362,0
032,112025,4029467,0
032,112025,4029587,0
032,112025,4029647,0
032,112025,4030022,0
032,112025,4030097,0
032,112025,4030232,0
032,112025,4030487,0
032,112025,4030532,0
032,112025,4030892,0
032,112025,4030907,0
032,112025,4031252,0
032,112025,4031297,0
032,112025,4031462,0
032,112025,4031492,0
032,112025,4031507,0
032,112025,4032212,0
032,112025,4032227,0
032,112025,4032392,0
032,112025,4032467,0
032,112025,4032632,0
032,112025,4033022,0
032,112025,4033082,0
032,112025,4033217,0
032,112025,4033262,0
032,112025,4033487,0
032,112025,4033562,0
032,112025,4033667,0
032,112025,4033892,0
032,112025,4033922,0
032,112025,4033982,0
032,112025,4034222,0
032,112025,4034357,0
032,112025,4034417,0
032,112025,4034507,0
032,112025,4034747,0
032,112025,4034822,0
032,112025,4035002,0
032,112025,4035092,0
032,112025,4035227,0
032,112025,4035257,0
032,112025,4035317,0
032,112025,4035407,0
032,112025,4035527,0
032,112025,4035572,0
032,112025,4035617,0
032,112025,4035752,0
032,112025,4036052,0
032,112025,4036067,0
032,112025,4036427,0
032,112025,4036622,0
032,112025,4036712,0
032,112025,4036772,0
032,112025,4036862,0
032,112025,4037387,0
032,112025,4037747,0
032,112025,4037792,0
032,112025,4037972,0
032,112025,4038002,0
032,112025,4038047,0
032,112025,4038062,0
032,112025,4038092,0
032,112025,4038137,0
032,112025,4038677,0
032,112025,4038782,0
032,112025,4038932,0
032,112025,4039172,0
032,112025,4039322,0
032,112025,4039742,0
032,112025,4039907,0
032,112025,4040252,0
032,112025,4040672,0
032,112025,4040822,0
032,112025,4040897,0
032,112025,4041062,0
032,112025,4041182,0
032,112025,4041317,0
032,112025,4041332,0
032,112025,4041407,0
032,112025,4041482,0
032,112025,4041692,0
032,112025,4041797,0
032,112025,4041827,0
032,112025,4041932,0
032,112025,4041977,0
032,112025,4041992,0
032,112025,4042082,0
032,112025,4042097,0
032,112025,4042322,0
032,112025,4042937,0
032,112025,4043027,0
032,112025,4043117,0
032,112025,4043207,0
032,112025,4043267,0
032,112025,4043312,0
032,112025,4043447,0
032,112025,4043477,0
032,112025,4043507,0
032,112025,4043582,0
032,112025,4043597,0
032,112025,4043807,0
032,112025,4043822,0
032,112025,4044077,0
032,112025,4044107,0
032,112025,4044257,0
032,112025,4044287,0
032,112025,4044302,0
032,112025,4044332,0
032,112025,4044362,0
032,112025,4044377,0
032,112025,4044407,0
032,112025,4071315,0
032,112025,4074477,0
032,112025,4074481,0
032,112025,4074485,0
032,112025,4074489,0
032,112025,4074513,0
032,112025,4074517,0
032,112025,4074525,0
032,112025,4074529,0
032,112025,4074537,0
032,112025,4074541,0
032,112025,4074565,0
032,112025,4074570,0
032,112025,4074637,0
032,112025,4074642,0
032,112025,4074673,0
032,112025,4074678,0
032,112025,4074691,0
032,112025,4074696,0
032,112025,4074763,0
032,112025,4074768,0
032,112025,4074781,0
032,112025,4074786,0
032,112025,4074817,0
032,112025,4074822,0
032,112025,4074835,0
032,112025,4074840,0
032,112025,4074889,0
032,112025,4074894,0
032,112025,4074925,0
032,112025,4074930,0
032,112025,4074943,0
032,112025,4074948,0
032,112025,4074961,0
032,112025,4074966,0
032,112025,4074979,0
032,112025,4074984,0
032,112025,4074997,0
032,112025,4075002,0
032,112025,4075015,0
032,112025,4075020,0
032,112025,4075033,0
032,112025,4075038,0
032,112025,4075105,0
032,112025,4075110,0
032,112025,4075123,0
032,112025,4075128,0
032,112025,4075177,0
032,112025,4075182,0
032,112025,4075285,0
032,112025,4075290,0
032,112025,4075357,0
032,112025,4075362,0
032,112025,4075429,0
032,112025,4075434,0
032,112025,4075447,0
032,112025,4075452,0
032,112025,4075465,0
032,112025,4075470,0
032,112025,4075483,0
032,112025,4075488,0
032,112025,4075501,0
032,112025,4075506,0
032,112025,4075519,0
032,112025,4075524,0
032,112025,4075537,0
032,112025,4075542,0
032,112025,4075573,0
032,112025,4075578,0
032,112025,4075591,0
032,112025,4075596,0
032,112025,4075609,0
032,112025,4075614,0
032,112025,4075645,0
032,112025,4075650,0
032,112025,4075717,0
032,112025,4075722,0
032,112025,4075735,0
032,112025,4075740,0
032,112025,4075753,0
032,112025,4075758,0
032,112025,4075771,0
032,112025,4075776,0
032,112025,4075789,0
032,112025,4075794,0
032,112025,4075807,0
032,112025,4075812,0
032,112025,4075861,0
032,112025,4075866,0
032,112025,4075879,0
032,112025,4075884,0
032,112025,4075897,0
032,112025,4075902,0
032,112025,4075933,0
032,112025,4075938,0
032,112025,4075951,0
032,112025,4075956,0
032,112025,4075969,0
032,112025,4075974,0
032,112025,4075987,0
032,112025,4075992,0
032,112025,4076005,0
032,112025,4076010,0
032,112025,4076041,0
032,112025,4076046,0
032,112025,4076059,0
032,112025,4076064,0
032,112025,4076077,0
032,112025,4076082,0
032,112025,4076095,0
032,112025,4076100,0
032,112025,4076131,0
032,112025,4076136,0
032,112025,4076149,0
032,112025,4076154,0
032,112025,4076167,0
032,112025,4076172,0
032,112025,4076203,0
032,112025,4076208,0
032,112025,4076221,0
032,112025,4076226,0
032,112025,4076239,0
032,112025,4076244,0
032,112025,4076257,0
032,112025,4076262,0
032,112025,4204258,0
032,112025,5118813,0
032,112025,5118893,0
032,112025,5118960,0
032,112025,5672714,0
032,112025,5672720,0
032,112025,5681182,0
032,112025,5681188,0
032,112025,5698140,0
032,112025,5698144,0
032,112025,5698158,0
032,112025,5698162,0
032,112025,5698233,0
032,112025,5698235,0
032,112025,5698261,0
032,112025,5698263,0
032,112025,5698359,0
032,112025,5698377,0
032,112025,5698381,0
032,112025,5698385,0
032,112025,5698412,0
032,112025,5698433,0
032,112025,5698437,0
032,112025,5698468,0
032,112025,5698470,0
032,112025,5701730,0
032,112025,5701737,0
032,112025,5701795,0
032,112025,5701802,0
032,112025,5701835,0
032,112025,5701842,0
032,112025,5701926,0
032,112025,5701928,0
032,112025,5701969,0
032,112025,5701973,0
032,112025,5701987,0
032,112025,5701994,0
032,112025,5702007,0
032,112025,5702014,0
032,112025,5702027,0
032,112025,5702031,0
032,112025,5702058,0
032,112025,5702062,0
032,112025,5702076,0
032,112025,5702080,0
032,112025,5702101,0
032,112025,5702104,0
032,112025,5702118,0
032,112025,5702122,0
032,112025,5702191,0
032,112025,5702200,0
032,112025,5702236,0
032,112025,5702247,0
032,112025,5702256,0
032,112025,5702280,0
032,112025,5702316,0
032,112025,5702332,0
032,112025,5702340,0
032,112025,5702412,0
032,112025,5702423,0
032,112025,5702619,0
032,112025,5702720,0
032,112025,5707072,0
032,112025,5707085,0
032,112025,5707218,0
032,112025,5707260,0
032,112025,5707338,0
032,112025,5707344,0
032,112025,7300313,0
032,112025,7304375,0
032,112025,7304401,0
032,112025,7304429,0
032,112025,7304458,0
032,112025,7304460,0
032,112025,7304473,0
032,112025,7304497,0
032,112025,7304501,0
032,112025,7304530,0
032,112025,7304532,0
032,112025,7304546,0
032,112025,7304548,0
032,112025,7308456,0
032,112025,9713045,0
032,112025,9713861,0
032,112025,9714292,0
032,112025,9714404,0
032,112025,9715185,0
032,112025,9715252,0
032,112025,9716960,0
032,112025,9743280,0
032,112025,9794649,0
032,112025,9863376,0
032,112025,9957853,0
032,112025,9975031,0
032,112025,10000771,0
032,112025,10048003,0
032,112025,10146933,0
032,112025,10146939,0
032,112025,10151108,0
032,112025,10151109,0
032,112025,10185389,0
032,112025,10185403,0
032,112025,10211287,0
032,112025,10211333,0
032,112025,10211339,0
032,112025,10219865,0
032,112025,10219871,0
032,112025,10232887,0
032,112025,10232915,0
032,112025,10245537,0
032,112025,10245549,0
032,112025,10249801,0
032,112025,10249808,0
032,112025,10275578,0
032,112025,10275636,0
032,112025,10288446,0
032,112025,10288501,0
032,112025,10292739,0
032,112025,10292745,0
032,112025,10301365,0
032,112025,10301371,0
032,112025,10322861,0
032,112025,10322975,0
032,112025,10327091,0
032,112025,10327097,0
032,112025,10335680,0
032,112025,10344273,0
032,112025,10344279,0
032,112025,10348561,0
032,112025,10348589,0
032,112025,10352883,0
032,112025,10352889,0
032,112025,10357275,0
032,112025,10357304,0
032,112025,10361456,0
032,112025,10361486,0
032,112025,10365737,0
032,112025,10365749,0
032,112025,10374375,0
032,112025,10374401,0
032,112025,10374470,0
032,112025,10374474,0
032,112025,10387210,0
032,112025,10430251,0
032,112025,10430257,0
032,112025,10434643,0
032,112025,10434649,0
032,112025,10438722,0
032,112025,10447513,0
032,112025,10447539,0
032,112025,10447545,0
032,112025,10451916,0
032,112025,10452004,0
032,112025,10452010,0
032,112025,10460529,0
032,112025,10460559,0
032,112025,10464578,0
032,112025,10486047,0
032,112025,10486053,0
032,112025,10511918,0
032,112025,10511934,0
032,112025,10520492,0
032,112025,10520498,0
032,112025,10524931,0
032,112025,10524960,0
032,112025,10529033,0
032,112025,10529114,0
032,112025,10529120,0
032,112025,10537802,0
032,112025,10538063,0
032,112025,11001408,0
032,112025,11001444,0
032,112025,11001480,0
032,112025,11001486,0
032,112025,11039964,0
032,112025,11048512,0
032,112025,11048584,0
032,112025,11052873,0
032,112025,11069972,0
032,112025,11108594,0
032,112025,11173018,0
032,112025,11233513,0
032,112025,11234122,0
032,112025,11234127,0
032,112025,11234204,0
032,112025,11234210,0
032,112025,11237416,0
032,112025,11241805,0
032,112025,11293622,0
032,112025,11327613,0
032,112025,11406591,0
032,112025,11406597,0
032,112025,11407998,0
032,112025,11411226,0
032,112025,11411604,0
032,112025,11411608,0
032,112025,11411653,0
032,112025,11411659,0
032,112025,11411665,0
032,112025,11411671,0
032,112025,11411689,0
032,112025,11443938,0
032,112025,11615531,0
032,112025,11654115,0
032,112025,11654189,0
032,112025,11654193,0
032,112025,11915952,0
032,112025,11928792,0
032,112025,11993190,0
032,112025,12036326,0
032,112025,12036490,0
032,112025,12037702,0
032,112025,12037765,0
032,112025,12038567,0
032,112025,12038583,0
032,112025,12038643,0
032,112025,12147834,0
032,112025,12312594,0
032,112025,12312605,0
032,112025,12315244,0
032,112025,12371490,0
032,112025,12371585,0
032,112025,12371589,0
032,112025,12371634,0
032,112025,12426894,0
032,112025,12426902,0
032,112025,12435485,0
032,112025,12435487,0
032,112025,12585763,0
032,112025,12598658,0
032,112025,12603559,0
032,112025,12603660,0
032,112025,12603664,0
032,112025,12603785,0
032,112025,12603892,0
032,112025,12723468,0
032,112025,12723469,0
032,112025,12723487,0
032,112025,12723493,0
032,112025,12761859,0
032,112025,12783256,0
032,112025,12787820,0
032,112025,12787899,0
032,112025,12787948,0
032,112025,12835233,0
032,112025,13036602,0
032,112025,13227920,0
032,112025,13228223,0
032,112025,13228247,0
032,112025,13228469,0
032,112025,13228473,0
032,112025,13228524,0
032,112025,13229644,0
032,112025,13229667,0
032,112025,13229671,0
032,112025,13229701,0
032,112025,13251326,0
032,112025,13251378,0
032,112025,13470480,0
032,112025,13612125,0
032,112025,13909154,0
032,112025,13909570,0
032,112025,13938427,0
032,112025,13938434,0
032,112025,13959843,0
032,112025,14015768,0
032,112025,14015792,0
032,112025,14015855,0
032,112025,14015964,0
032,112025,14015973,0
032,112025,14015979,0
032,112025,14015985,0
032,112025,14015991,0
032,112025,14016045,0
032,112025,14045701,0
032,112025,14067166,0
032,112025,14080083,0
032,112025,14153082,0
032,112025,14350568,0
032,112025,14350571,0
032,112025,14397887,0
032,112025,16771621,0
032,112025,16771701,0
032,112025,16771781,0
032,112025,16771846,0
032,112025,16771911,0
032,112025,16771995,0
032,112025,16772075,0
032,112025,16772098,0
032,112025,16772121,0
032,112025,16772201,0
032,112025,16772247,0
032,112025,16772289,0
032,112025,16772415,0
032,112025,16772499,0
032,112025,16772522,0
032,112025,16772564,0
032,112025,16772587,0
032,112025,16772610,0
032,112025,16772633,0
032,112025,16772740,0
032,112025,16772763,0
032,112025,16772805,0
032,112025,16772828,0
032,112025,16772851,0
032,112025,16772893,0
032,112025,16772958,0
032,112025,16773019,0
032,112025,16773084,0
032,112025,16773107,0
032,112025,16773149,0
032,112025,16773229,0
032,112025,16773298,0
032,112025,16773340,0
032,112025,16773363,0
032,112025,16773386,0
032,112025,16773409,0
032,112025,16773531,0
032,112025,16773554,0
032,112025,16773577,0
032,112025,16773600,0
032,112025,16773642,0
032,112025,16773665,0
032,112025,16773688,0
032,112025,16773711,0
032,112025,16773734,0
032,112025,16773776,0
032,112025,16773818,0
032,112025,16773887,0
032,112025,16773910,0
032,112025,16773933,0
032,112025,16773975,0
032,112025,16774017,0
032,112025,16774040,0
032,112025,16774082,0
032,112025,16774105,0
032,112025,16774204,0
032,112025,16774227,0
032,112025,16774368,0
032,112025,16774984,0
032,112025,16775102,0
032,112025,16775144,0
032,112025,16775167,0
032,112025,16775251,0
032,112025,16775274,0
032,112025,16775297,0
032,112025,16775358,0
032,112025,16775419,0
032,112025,16775484,0
032,112025,16775549,0
032,112025,16775572,0
032,112025,16775633,0
032,112025,16775774,0
032,112025,16775816,0
032,112025,16775862,0
032,112025,16775885,0
032,112025,16775927,0
032,112025,16775950,0
032,112025,16775973,0
032,112025,16776015,0
032,112025,16776076,0
032,112025,16776099,0
032,112025,16776331,0
032,112025,16776354,0
032,112025,16776434,0
032,112025,16776457,0
032,112025,16776480,0
032,112025,16776503,0
032,112025,16776526,0
032,112025,16776549,0
032,112025,16776610,0
032,112025,16776698,0
032,112025,16776740,0
032,112025,16776763,0
032,112025,16776786,0
032,112025,16776828,0
032,112025,16776851,0
032,112025,16776931,0
032,112025,16777011,0
032,112025,16777034,0
032,112025,16777076,0
032,112025,16777099,0
032,112025,16777179,0
032,112025,16777259,0
032,112025,16777282,0
032,112025,16777408,0
032,112025,16777431,0
032,112025,16777595,0
032,112025,16777660,0
032,112025,16777702,0
032,112025,16777725,0
032,112025,16777748,0
032,112025,16777771,0
032,112025,16777832,0
032,112025,16777912,0
032,112025,16777935,0
032,112025,16778000,0
032,112025,16778042,0
032,112025,16778065,0
032,112025,16778088,0
032,112025,16778111,0
032,112025,16778195,0
032,112025,16778332,0
032,112025,16778355,0
032,112025,16778534,0
032,112025,16778576,0
032,112025,16778618,0
032,112025,16778660,0
032,112025,16778683,0
032,112025,16778706,0
032,112025,16778748,0
032,112025,16778771,0
032,112025,16778813,0
032,112025,16778874,0
032,112025,16778916,0
032,112025,16778981,0
032,112025,16779004,0
032,112025,16779088,0
032,112025,16779111,0
032,112025,16779134,0
032,112025,16779157,0
032,112025,16779180,0
032,112025,16779226,0
032,112025,16779306,0
032,112025,16779367,0
032,112025,16779390,0
032,112025,16779436,0
032,112025,16779459,0
032,112025,16779558,0
032,112025,16779581,0
032,112025,16779661,0
032,112025,16779707,0
032,112025,16779730,0
032,112025,16779829,0
032,112025,16779852,0
032,112025,16779894,0
032,112025,16779955,0
032,112025,16780111,0
032,112025,16780176,0
032,112025,16780237,0
032,112025,16780378,0
032,112025,16780420,0
032,112025,16780443,0
032,112025,16780504,0
032,112025,16780527,0
032,112025,16780626,0
032,112025,16780649,0
032,112025,16780710,0
032,112025,16780733,0
032,112025,16780798,0
032,112025,16780821,0
032,112025,16780844,0
032,112025,16780867,0
032,112025,16780890,0
032,112025,16780913,0
032,112025,16780978,0
032,112025,16781047,0
032,112025,16781089,0
032,112025,16781131,0
032,112025,16781192,0
032,112025,16781253,0
032,112025,16781276,0
032,112025,16781383,0
032,112025,16781406,0
032,112025,16781429,0
032,112025,16781471,0
032,112025,16781494,0
032,112025,16781517,0
032,112025,16781540,0
032,112025,16781624,0
032,112025,16781689,0
032,112025,16781777,0
032,112025,16781819,0
032,112025,16781918,0
032,112025,16781987,0
032,112025,16782056,0
032,112025,16782098,0
032,112025,16782121,0
032,112025,16782186,0
032,112025,16782335,0
032,112025,16782377,0
032,112025,16782442,0
032,112025,16782465,0
032,112025,16782488,0
032,112025,16782576,0
032,112025,16782721,0
032,112025,16782763,0
032,112025,16782828,0
032,112025,16782870,0
032,112025,16782893,0
032,112025,16782958,0
032,112025,16782981,0
032,112025,16783004,0
032,112025,16783046,0
032,112025,16783107,0
032,112025,16783168,0
032,112025,16783191,0
032,112025,16783233,0
032,112025,16783256,0
032,112025,16783279,0
032,112025,16783302,0
032,112025,16783325,0
032,112025,16783348,0
032,112025,16783394,0
032,112025,16783417,0
032,112025,16783440,0
032,112025,16783463,0
032,112025,16783505,0
032,112025,16783547,0
032,112025,16783570,0
032,112025,16783593,0
032,112025,16783639,0
032,112025,16783662,0
032,112025,16783727,0
032,112025,16783773,0
032,112025,16783922,0
032,112025,16783987,0
032,112025,16784056,0
032,112025,16784098,0
032,112025,16784140,0
032,112025,16784224,0
032,112025,16784304,0
032,112025,16784346,0
032,112025,16784434,0
032,112025,16784552,0
032,112025,16784594,0
032,112025,16784636,0
032,112025,16784659,0
032,112025,16784777,0
032,112025,16784823,0
032,112025,16784865,0
032,112025,16784907,0
032,112025,16784949,0
032,112025,16784972,0
032,112025,16785033,0
032,112025,16785075,0
032,112025,16785098,0
032,112025,16785178,0
032,112025,16785243,0
032,112025,16785266,0
032,112025,16785308,0
032,112025,16785407,0
032,112025,16785487,0
032,112025,16785590,0
032,112025,16785655,0
032,112025,16785697,0
032,112025,16785758,0
032,112025,16785819,0
032,112025,16785842,0
032,112025,16785865,0
032,112025,16785888,0
032,112025,16785930,0
032,112025,16785953,0
032,112025,16785976,0
032,112025,16786022,0
032,112025,16786064,0
032,112025,16786106,0
032,112025,16786129,0
032,112025,16786190,0
032,112025,16786232,0
032,112025,16786293,0
032,112025,16786335,0
032,112025,16786377,0
032,112025,16786423,0
032,112025,16786522,0
032,112025,16786564,0
032,112025,16786606,0
032,112025,16786629,0
032,112025,16786652,0
032,112025,16786694,0
032,112025,16786717,0
032,112025,16786740,0
032,112025,16786786,0
032,112025,16786832,0
032,112025,16786931,0
032,112025,16786973,0
032,112025,16786996,0
032,112025,16787156,0
032,112025,16787179,0
032,112025,16787244,0
032,112025,16787267,0
032,112025,16787309,0
032,112025,16787420,0
032,112025,16787512,0
032,112025,16787596,0
032,112025,16787619,0
032,112025,16787642,0
032,112025,16787722,0
032,112025,16787745,0
032,112025,16787791,0
032,112025,16787814,0
032,112025,16787837,0
032,112025,16787883,0
032,112025,16787906,0
032,112025,16788043,0
032,112025,16788066,0
032,112025,16788192,0
032,112025,16788215,0
032,112025,16788238,0
032,112025,16788261,0
032,112025,16788284,0
032,112025,16788326,0
032,112025,16788391,0
032,112025,16788433,0
032,112025,16788479,0
032,112025,16788521,0
032,112025,16788582,0
032,112025,16788624,0
032,112025,16788689,0
032,112025,16788735,0
032,112025,16788834,0
032,112025,16788895,0
032,112025,16788918,0
032,112025,16788960,0
032,112025,16789097,0
032,112025,16789120,0
032,112025,16789223,0
032,112025,16789246,0
032,112025,16789307,0
032,112025,16789349,0
032,112025,16789372,0
032,112025,16789433,0
032,112025,16789479,0
032,112025,16789605,0
032,112025,16789628,0
032,112025,16789651,0
032,112025,16789693,0
032,112025,16789716,0
032,112025,16789781,0
032,112025,16790013,0
032,112025,16790112,0
032,112025,16790135,0
032,112025,16790158,0
032,112025,16790238,0
032,112025,16790261,0
032,112025,16790383,0
032,112025,16790406,0
032,112025,16790448,0
032,112025,16790471,0
032,112025,16790605,0
032,112025,16790628,0
032,112025,16790712,0
032,112025,16790735,0
032,112025,16790777,0
032,112025,16790838,0
032,112025,16790861,0
032,112025,16790884,0
032,112025,16790964,0
032,112025,16790987,0
032,112025,16791094,0
032,112025,16791117,0
032,112025,16791140,0
032,112025,16791163,0
032,112025,16791205,0
032,112025,16791247,0
032,112025,16791289,0
032,112025,16791369,0
032,112025,16791449,0
032,112025,16791529,0
032,112025,16791613,0
032,112025,16791636,0
032,112025,16791678,0
032,112025,16791701,0
032,112025,16791747,0
032,112025,16791770,0
032,112025,16791816,0
032,112025,16791877,0
032,112025,16791900,0
032,112025,16791942,0
032,112025,16792022,0
032,112025,16792083,0
032,112025,16792125,0
032,112025,16792167,0
032,112025,16792228,0
032,112025,16792251,0
032,112025,16792274,0
032,112025,16792320,0
032,112025,16792362,0
032,112025,16792427,0
032,112025,16792450,0
032,112025,16792473,0
032,112025,16792496,0
032,112025,16792519,0
032,112025,16792561,0
032,112025,16792584,0
032,112025,16792721,0
032,112025,16792744,0
032,112025,16792767,0
032,112025,16792874,0
032,112025,16792916,0
032,112025,16793057,0
032,112025,16793080,0
032,112025,16793103,0
032,112025,16793145,0
032,112025,16793229,0
032,112025,16793313,0
032,112025,16793336,0
032,112025,16793382,0
032,112025,16793447,0
032,112025,16793527,0
032,112025,16793550,0
032,112025,16793573,0
032,112025,16793596,0
032,112025,16793619,0
032,112025,16793642,0
032,112025,16793665,0
032,112025,16793730,0
032,112025,16793772,0
032,112025,16793795,0
032,112025,16793864,0
032,112025,16793887,0
032,112025,16793990,0
032,112025,16794013,0
032,112025,16794036,0
032,112025,16794059,0
032,112025,16794101,0
032,112025,16794124,0
032,112025,16794166,0
032,112025,16794246,0
032,112025,16794292,0
032,112025,16794315,0
032,112025,16794357,0
032,112025,16794399,0
032,112025,16794441,0
032,112025,16794483,0
032,112025,16794525,0
032,112025,16794613,0
032,112025,16794678,0
032,112025,16794724,0
032,112025,16794766,0
032,112025,16794808,0
032,112025,16794877,0
032,112025,16794900,0
032,112025,16795018,0
032,112025,16795079,0
032,112025,16795178,0
032,112025,16795262,0
032,112025,16795323,0
032,112025,16795384,0
032,112025,16795426,0
032,112025,16795449,0
032,112025,16795472,0
032,112025,16795514,0
032,112025,16795575,0
032,112025,16795617,0
032,112025,16795640,0
032,112025,16795739,0
032,112025,16795762,0
032,112025,16795850,0
032,112025,16795915,0
032,112025,16795938,0
032,112025,16795980,0
032,112025,16796022,0
032,112025,16796064,0
032,112025,16796087,0
032,112025,16796148,0
032,112025,16796194,0
032,112025,16796236,0
032,112025,16796320,0
032,112025,16796381,0
032,112025,16796423,0
032,112025,16796446,0
032,112025,16796469,0
032,112025,16796492,0
032,112025,16796515,0
032,112025,16796599,0
032,112025,16796668,0
032,112025,16796714,0
032,112025,16796829,0
032,112025,16796913,0
032,112025,16796955,0
032,112025,16796997,0
032,112025,16797039,0
032,112025,16797062,0
032,112025,16797104,0
032,112025,16797203,0
032,112025,16797264,0
032,112025,16797287,0
032,112025,16797333,0
032,112025,16797375,0
032,112025,16797398,0
032,112025,16797444,0
032,112025,16797509,0
032,112025,16797555,0
032,112025,16797578,0
032,112025,16797620,0
032,112025,16797643,0
032,112025,16797754,0
032,112025,16797834,0
032,112025,16797876,0
032,112025,16797918,0
032,112025,16797960,0
032,112025,16798086,0
032,112025,16798166,0
032,112025,16798212,0
032,112025,16798254,0
032,112025,16798414,0
032,112025,16798525,0
032,112025,16798548,0
032,112025,16798647,0
032,112025,16798670,0
032,112025,16798712,0
032,112025,16798754,0
032,112025,16798777,0
032,112025,16798838,0
032,112025,16798861,0
032,112025,16798903,0
032,112025,16798945,0
032,112025,16799086,0
032,112025,16799128,0
032,112025,16799193,0
032,112025,16799239,0
032,112025,16799308,0
032,112025,16799331,0
032,112025,16799373,0
032,112025,16799415,0
032,112025,16799484,0
032,112025,16799564,0
032,112025,16799587,0
032,112025,16799629,0
032,112025,16799652,0
032,112025,16799698,0
032,112025,16799759,0
032,112025,16799782,0
032,112025,16799843,0
032,112025,16799904,0
032,112025,16799927,0
032,112025,16800015,0
032,112025,16800118,0
032,112025,16800202,0
032,112025,16800263,0
032,112025,16800351,0
032,112025,16800454,0
032,112025,16800477,0
032,112025,16800519,0
032,112025,16800561,0
032,112025,16800584,0
032,112025,16800668,0
032,112025,16800786,0
032,112025,16800809,0
032,112025,16800832,0
032,112025,16800897,0
032,112025,16800966,0
032,112025,16800989,0
032,112025,16801031,0
032,112025,16801054,0
032,112025,16801077,0
032,112025,16801161,0
032,112025,16801184,0
032,112025,16801207,0
032,112025,16801230,0
032,112025,16801272,0
032,112025,16801371,0
032,112025,16801394,0
032,112025,16801645,0
032,112025,16801668,0
032,112025,16801710,0
032,112025,16801733,0
032,112025,16801813,0
032,112025,16801874,0
032,112025,16801897,0
032,112025,16801943,0
032,112025,16802004,0
032,112025,16802050,0
032,112025,16802073,0
032,112025,16802096,0
032,112025,16802157,0
032,112025,16802199,0
032,112025,16802222,0
032,112025,16802302,0
032,112025,16802371,0
032,112025,16802413,0
032,112025,16802436,0
032,112025,16802478,0
032,112025,16802524,0
032,112025,16802547,0
032,112025,16802570,0
032,112025,16802593,0
032,112025,16802616,0
032,112025,16802662,0
032,112025,16802704,0
032,112025,16802750,0
032,112025,16802815,0
032,112025,16802857,0
032,112025,16802899,0
032,112025,16802922,0
032,112025,16802945,0
032,112025,16802968,0
032,112025,16803010,0
032,112025,16803052,0
032,112025,16803094,0
032,112025,16803117,0
032,112025,16803159,0
032,112025,16803201,0
032,112025,16803262,0
032,112025,16803308,0
032,112025,16803369,0
032,112025,16803392,0
032,112025,16803438,0
032,112025,16803484,0
032,112025,16803602,0
032,112025,16803713,0
032,112025,16803793,0
032,112025,16803854,0
032,112025,16803896,0
032,112025,16803919,0
032,112025,16803942,0
032,112025,16803984,0
032,112025,16804068,0
032,112025,16804137,0
032,112025,16804198,0
032,112025,16804267,0
032,112025,16804290,0
032,112025,16804332,0
032,112025,16804355,0
032,112025,16804397,0
032,112025,16804420,0
032,112025,16804462,0
032,112025,16804550,0
032,112025,16804634,0
032,112025,16804657,0
032,112025,16804825,0
032,112025,16804848,0
032,112025,16804871,0
032,112025,16804894,0
032,112025,16804917,0
032,112025,16804959,0
032,112025,16805051,0
032,112025,16805230,0
032,112025,16805253,0
032,112025,16805276,0
032,112025,16805318,0
032,112025,16805398,0
032,112025,16805421,0
032,112025,16805467,0
032,112025,16805509,0
032,112025,16805620,0
032,112025,16805681,0
032,112025,16805704,0
032,112025,16805746,0
032,112025,16805769,0
032,112025,16805853,0
032,112025,16805933,0
032,112025,16806040,0
032,112025,16806063,0
032,112025,16806086,0
032,112025,16806170,0
032,112025,16806235,0
032,112025,16806281,0
032,112025,16806327,0
032,112025,16806388,0
032,112025,16806468,0
032,112025,16806529,0
032,112025,16806552,0
032,112025,16806651,0
032,112025,16806674,0
032,112025,16806716,0
032,112025,16806758,0
032,112025,16806800,0
032,112025,16806842,0
032,112025,16806865,0
032,112025,16806926,0
032,112025,16806968,0
032,112025,16807014,0
032,112025,16807075,0
032,112025,16807098,0
032,112025,16807121,0
032,112025,16807144,0
032,112025,16807167,0
032,112025,16807190,0
032,112025,16807236,0
032,112025,16807259,0
032,112025,16807282,0
032,112025,16807324,0
032,112025,16807347,0
032,112025,16807389,0
032,112025,16807412,0
032,112025,16807435,0
032,112025,16807458,0
032,112025,16807550,0
032,112025,16807573,0
032,112025,16807596,0
032,112025,16807711,0
032,112025,16807734,0
032,112025,16807757,0
032,112025,16807818,0
032,112025,16807879,0
032,112025,16807902,0
032,112025,16807925,0
032,112025,16807948,0
032,112025,16807990,0
032,112025,16808032,0
032,112025,16808097,0
032,112025,16808162,0
032,112025,16808319,0
032,112025,16808361,0
032,112025,16808384,0
032,112025,16808407,0
032,112025,16808430,0
032,112025,16808453,0
032,112025,16808476,0
032,112025,16808518,0
032,112025,16808579,0
032,112025,16808625,0
032,112025,16808667,0
032,112025,16808709,0
032,112025,16808755,0
032,112025,16808816,0
032,112025,16808839,0
032,112025,16808881,0
032,112025,16808942,0
032,112025,16808965,0
032,112025,16809007,0
032,112025,16809030,0
032,112025,16809145,0
032,112025,16809168,0
032,112025,16809267,0
032,112025,16809290,0
032,112025,16809332,0
032,112025,16809412,0
032,112025,16809435,0
032,112025,16809477,0
032,112025,16809538,0
032,112025,16809580,0
032,112025,16809622,0
032,112025,16809645,0
032,112025,16809668,0
032,112025,16809691,0
032,112025,16809733,0
032,112025,16809775,0
032,112025,16809817,0
032,112025,16809878,0
032,112025,16809901,0
032,112025,16810000,0
032,112025,16810099,0
032,112025,16810141,0
032,112025,16810164,0
032,112025,16810263,0
032,112025,16810286,0
032,112025,16810332,0
032,112025,16810355,0
032,112025,16810378,0
032,112025,16810424,0
032,112025,16810489,0
032,112025,16810554,0
032,112025,16810577,0
032,112025,16810600,0
032,112025,16810661,0
032,112025,16810684,0
032,112025,16810745,0
032,112025,16810791,0
032,112025,16810814,0
032,112025,16810875,0
032,112025,16810898,0
032,112025,16810940,0
032,112025,16810982,0
032,112025,16811005,0
032,112025,16811047,0
032,112025,16811108,0
032,112025,16811196,0
032,112025,16811238,0
032,112025,16811379,0
032,112025,16811421,0
032,112025,16811520,0
032,112025,16811543,0
032,112025,16811566,0
032,112025,16811589,0
032,112025,16811669,0
032,112025,16811734,0
032,112025,16811864,0
032,112025,16811887,0
032,112025,16811948,0
032,112025,16811990,0
032,112025,16812036,0
032,112025,16812078,0
032,112025,16812181,0
032,112025,16812307,0
032,112025,16812349,0
032,112025,16812391,0
032,112025,16812414,0
032,112025,16812475,0
032,112025,16812517,0
032,112025,16812540,0
032,112025,16812563,0
032,112025,16812609,0
032,112025,16812632,0
032,112025,16812693,0
032,112025,16812716,0
032,112025,16812758,0
032,112025,16812800,0
032,112025,16812865,0
032,112025,16812888,0
032,112025,16812957,0
032,112025,16813121,0
032,112025,16813163,0
032,112025,16813186,0
032,112025,16813251,0
032,112025,16813274,0
032,112025,16813316,0
032,112025,16813362,0
032,112025,16813469,0
032,112025,16813492,0
032,112025,16813572,0
032,112025,16813671,0
032,112025,16813751,0
032,112025,16813812,0
032,112025,16813835,0
032,112025,16813900,0
032,112025,16813984,0
032,112025,16814007,0
032,112025,16814053,0
032,112025,16814076,0
032,112025,16814122,0
032,112025,16814164,0
032,112025,16814187,0
032,112025,16814233,0
032,112025,16814294,0
032,112025,16814336,0
032,112025,16814382,0
032,112025,16814405,0
032,112025,16814428,0
032,112025,16814451,0
032,112025,16814474,0
032,112025,16814497,0
032,112025,16814539,0
032,112025,16814562,0
032,112025,16814642,0
032,112025,16814665,0
032,112025,16814707,0
032,112025,16814806,0
032,112025,16814867,0
032,112025,16814909,0
032,112025,16814951,0
032,112025,16815012,0
032,112025,16815054,0
032,112025,16815100,0
032,112025,16815142,0
032,112025,16815165,0
032,112025,16815211,0
032,112025,16815234,0
032,112025,16815257,0
032,112025,16815299,0
032,112025,16815322,0
032,112025,16815383,0
032,112025,16815425,0
032,112025,16815467,0
032,112025,16815555,0
032,112025,16815578,0
032,112025,16815601,0
032,112025,16815624,0
032,112025,16815647,0
032,112025,16815712,0
032,112025,16815735,0
032,112025,16815796,0
032,112025,16815857,0
032,112025,16815899,0
032,112025,16816017,0
032,112025,16816040,0
032,112025,16816101,0
032,112025,16816124,0
032,112025,16816147,0
032,112025,16816208,0
032,112025,16816231,0
032,112025,16816349,0
032,112025,16816372,0
032,112025,16816414,0
032,112025,16816437,0
032,112025,16816460,0
032,112025,16816483,0
032,112025,16816506,0
032,112025,16816548,0
032,112025,16816590,0
032,112025,16816682,0
032,112025,16816705,0
032,112025,16817146,0
032,112025,16817249,0
032,112025,16817310,0
032,112025,16817352,0
032,112025,16817375,0
032,112025,16817398,0
032,112025,16817421,0
032,112025,16817444,0
032,112025,16817467,0
032,112025,16817574,0
032,112025,16817597,0
032,112025,16817620,0
032,112025,16817662,0
032,112025,16817742,0
032,112025,16817765,0
032,112025,16817807,0
032,112025,16817868,0
032,112025,16818005,0
032,112025,16818070,0
032,112025,16818154,0
032,112025,16818196,0
032,112025,16818219,0
032,112025,16818299,0
032,112025,16818322,0
032,112025,16818345,0
032,112025,16818368,0
032,112025,16818410,0
032,112025,16818433,0
032,112025,16818498,0
032,112025,16818582,0
032,112025,16818628,0
032,112025,16818670,0
032,112025,16818693,0
032,112025,16818735,0
032,112025,16818781,0
032,112025,16818823,0
032,112025,16818865,0
032,112025,16818888,0
032,112025,16818930,0
032,112025,16818953,0
032,112025,16818999,0
032,112025,16819060,0
032,112025,16819121,0
032,112025,16819144,0
032,112025,16819190,0
032,112025,16819251,0
032,112025,16819339,0
032,112025,16819385,0
032,112025,16819427,0
032,112025,16819583,0
032,112025,16819667,0
032,112025,16819709,0
032,112025,16819770,0
032,112025,16819850,0
032,112025,16819873,0
032,112025,16819915,0
032,112025,16819961,0
032,112025,16820003,0
032,112025,16820026,0
032,112025,16820049,0
032,112025,16820072,0
032,112025,16820118,0
032,112025,16820160,0
032,112025,16820183,0
032,112025,16820225,0
032,112025,16820317,0
032,112025,16820340,0
032,112025,16820363,0
032,112025,16820386,0
032,112025,16820409,0
032,112025,16820489,0
032,112025,16820512,0
032,112025,16820554,0
032,112025,16820596,0
032,112025,16820661,0
032,112025,16820703,0
032,112025,16820745,0
032,112025,16820791,0
032,112025,16820879,0
032,112025,16820902,0
032,112025,16820948,0
032,112025,16820990,0
032,112025,16821013,0
032,112025,16821055,0
032,112025,16821120,0
032,112025,16821162,0
032,112025,16821223,0
032,112025,16821265,0
032,112025,16821307,0
032,112025,16821349,0
032,112025,16821372,0
032,112025,16821414,0
032,112025,16821475,0
032,112025,16821517,0
032,112025,16821540,0
032,112025,16821582,0
032,112025,16821624,0
032,112025,16821685,0
032,112025,16821727,0
032,112025,16821750,0
032,112025,16821773,0
032,112025,16821857,0
032,112025,16821899,0
032,112025,16821960,0
032,112025,16822006,0
032,112025,16822029,0
032,112025,16822182,0
032,112025,16822224,0
032,112025,16822247,0
032,112025,16822362,0
032,112025,16822423,0
032,112025,16822465,0
032,112025,16822488,0
032,112025,16822530,0
032,112025,16822572,0
032,112025,16822595,0
032,112025,16822637,0
032,112025,16822660,0
032,112025,16822683,0
032,112025,16822706,0
032,112025,16822729,0
032,112025,16822775,0
032,112025,16822817,0
032,112025,16822859,0
032,112025,16822962,0
032,112025,16823004,0
032,112025,16823027,0
032,112025,16823134,0
032,112025,16823180,0
032,112025,16823249,0
032,112025,16823272,0
032,112025,16823341,0
032,112025,16823387,0
032,112025,16823410,0
032,112025,16823452,0
032,112025,16823494,0
032,112025,16823517,0
032,112025,16823620,0
032,112025,16823662,0
032,112025,16823704,0
032,112025,16823727,0
032,112025,16823792,0
032,112025,16823861,0
032,112025,16823922,0
032,112025,16824040,0
032,112025,16824105,0
032,112025,16824128,0
032,112025,16824151,0
032,112025,16824174,0
032,112025,16824197,0
032,112025,16824239,0
032,112025,16824262,0
032,112025,16824323,0
032,112025,16824346,0
032,112025,16824453,0
032,112025,16824476,0
032,112025,16824499,0
032,112025,16824579,0
032,112025,16824640,0
032,112025,16824743,0
032,112025,16824789,0
032,112025,16824812,0
032,112025,16824835,0
032,112025,16824877,0
032,112025,16824946,0
032,112025,16824988,0
032,112025,16825011,0
032,112025,16825034,0
032,112025,16825057,0
032,112025,16825384,0
032,112025,16825407,0
032,112025,16825453,0
032,112025,16825495,0
032,112025,16825518,0
032,112025,16825579,0
032,112025,16825602,0
032,112025,16825663,0
032,112025,16825686,0
032,112025,16825728,0
032,112025,16825770,0
032,112025,16825888,0
032,112025,16825911,0
032,112025,16825953,0
032,112025,16825995,0
032,112025,16826056,0
032,112025,16826174,0
032,112025,16826197,0
032,112025,16826239,0
032,112025,16826285,0
032,112025,16826346,0
032,112025,16826369,0
032,112025,16826430,0
032,112025,16826453,0
032,112025,16826609,0
032,112025,16826632,0
032,112025,16826716,0
032,112025,16826758,0
032,112025,16826800,0
032,112025,16826823,0
032,112025,16826865,0
032,112025,16826926,0
032,112025,16826987,0
032,112025,16827052,0
032,112025,16827136,0
032,112025,16827159,0
032,112025,16827224,0
032,112025,16827266,0
032,112025,16827381,0
032,112025,16827404,0
032,112025,16827560,0
032,112025,16827697,0
032,112025,16827758,0
032,112025,16827781,0
032,112025,16827823,0
032,112025,16827846,0
032,112025,16827869,0
032,112025,16827911,0
032,112025,16827976,0
032,112025,16828022,0
032,112025,16828064,0
032,112025,16828171,0
032,112025,16828251,0
032,112025,16828293,0
032,112025,16828381,0
032,112025,16828465,0
032,112025,16828507,0
032,112025,16828530,0
032,112025,16828553,0
032,112025,16828660,0
032,112025,16828706,0
032,112025,16828729,0
032,112025,16828771,0
032,112025,16828813,0
032,112025,16828859,0
032,112025,16828882,0
032,112025,16828905,0
032,112025,16828970,0
032,112025,16828993,0
032,112025,16829016,0
032,112025,16829062,0
032,112025,16829085,0
032,112025,16829108,0
032,112025,16829131,0
032,112025,16829154,0
032,112025,16829177,0
032,112025,16829265,0
032,112025,16829307,0
032,112025,16829349,0
032,112025,16829391,0
032,112025,16829414,0
032,112025,16829494,0
032,112025,16829517,0
032,112025,16829601,0
032,112025,16829670,0
032,112025,16829716,0
032,112025,16829739,0
032,112025,16829762,0
032,112025,16829804,0
032,112025,16829827,0
032,112025,16829869,0
032,112025,16829953,0
032,112025,16830022,0
032,112025,16830045,0
032,112025,16830106,0
032,112025,16830129,0
032,112025,16830175,0
032,112025,16830198,0
032,112025,16830240,0
032,112025,16830301,0
032,112025,16830427,0
032,112025,16830469,0
032,112025,16830534,0
032,112025,16830557,0
032,112025,16830637,0
032,112025,16830774,0
032,112025,16830797,0
032,112025,16830935,0
032,112025,16831000,0
032,112025,16831046,0
032,112025,16831145,0
032,112025,16831206,0
032,112025,16831229,0
032,112025,16831252,0
032,112025,16831275,0
032,112025,16831321,0
032,112025,16831344,0
032,112025,16831443,0
032,112025,16831485,0
032,112025,16831565,0
032,112025,16831740,0
032,112025,16831782,0
032,112025,16831870,0
032,112025,16831931,0
032,112025,16831973,0
032,112025,16832038,0
032,112025,16832061,0
032,112025,16832126,0
032,112025,16832149,0
032,112025,16832195,0
032,112025,16832218,0
032,112025,16832260,0
032,112025,16832371,0
032,112025,16832394,0
032,112025,16832474,0
032,112025,16832516,0
032,112025,16832623,0
032,112025,16832669,0
032,112025,16832799,0
032,112025,16832822,0
032,112025,16832868,0
032,112025,16832975,0
032,112025,16832998,0
032,112025,16833040,0
032,112025,16833103,0
032,112025,16833126,0
032,112025,16833149,0
032,112025,16833195,0
032,112025,16833218,0
032,112025,16833241,0
032,112025,16833283,0
032,112025,16833363,0
032,112025,16833405,0
032,112025,16833485,0
032,112025,16833508,0
032,112025,16833596,0
032,112025,16833619,0
032,112025,16833775,0
032,112025,16833817,0
032,112025,16833882,0
032,112025,16833924,0
032,112025,16833947,0
032,112025,16833989,0
032,112025,16834012,0
032,112025,16834054,0
032,112025,16834119,0
032,112025,16834142,0
032,112025,16834264,0
032,112025,16834287,0
032,112025,16834310,0
032,112025,16834352,0
032,112025,16834417,0
032,112025,16834440,0
032,112025,16834501,0
032,112025,16834547,0
032,112025,16834570,0
032,112025,16834677,0
032,112025,16834769,0
032,112025,16834811,0
032,112025,16834914,0
032,112025,16834979,0
032,112025,16835002,0
032,112025,16835105,0
032,112025,16835128,0
032,112025,16835208,0
032,112025,16835231,0
032,112025,16835273,0
032,112025,16835319,0
032,112025,16835342,0
032,112025,16835384,0
032,112025,16835407,0
032,112025,16835487,0
032,112025,16835510,0
032,112025,16835533,0
032,112025,16835556,0
032,112025,16835636,0
032,112025,16835720,0
032,112025,16835762,0
032,112025,16835804,0
032,112025,16835865,0
032,112025,16835907,0
032,112025,16835953,0
032,112025,16836045,0
032,112025,16836091,0
032,112025,16836114,0
032,112025,16836156,0
032,112025,16836236,0
032,112025,16836259,0
032,112025,16836282,0
032,112025,16836328,0
032,112025,16836351,0
032,112025,16836374,0
032,112025,16836416,0
032,112025,16836462,0
032,112025,16836523,0
032,112025,16836565,0
032,112025,16836645,0
032,112025,16836668,0
032,112025,16836710,0
032,112025,16836771,0
032,112025,16836836,0
032,112025,16836897,0
032,112025,16836920,0
032,112025,16836943,0
032,112025,16836966,0
032,112025,16836989,0
032,112025,16837126,0
032,112025,16837172,0
032,112025,16837195,0
032,112025,16837241,0
032,112025,16837283,0
032,112025,16837325,0
032,112025,16837390,0
032,112025,16837470,0
032,112025,16837539,0
032,112025,16837562,0
032,112025,16837585,0
032,112025,16837646,0
032,112025,16837730,0
032,112025,16837776,0
032,112025,16837837,0
032,112025,16837883,0
032,112025,16837906,0
032,112025,16837971,0
032,112025,16838055,0
032,112025,16838078,0
032,112025,16838101,0
032,112025,16838124,0
032,112025,16838166,0
032,112025,16838189,0
032,112025,16838383,0
032,112025,16838425,0
032,112025,16838448,0
032,112025,16838471,0
032,112025,16838536,0
032,112025,16838559,0
032,112025,16838582,0
032,112025,16838605,0
032,112025,16838628,0
032,112025,16838651,0
032,112025,16838750,0
032,112025,16838830,0
032,112025,16838853,0
032,112025,16838876,0
032,112025,16839051,0
032,112025,16839154,0
032,112025,16839177,0
032,112025,16839200,0
032,112025,16839280,0
032,112025,16839322,0
032,112025,16839345,0
032,112025,16839368,0
032,112025,16839391,0
032,112025,16839414,0
032,112025,16839437,0
032,112025,16839460,0
032,112025,16839525,0
032,112025,16839567,0
032,112025,16839590,0
032,112025,16839655,0
032,112025,16839716,0
032,112025,16839739,0
032,112025,16839785,0
032,112025,16839884,0
032,112025,16839907,0
032,112025,16839976,0
032,112025,16840075,0
032,112025,16840117,0
032,112025,16840182,0
032,112025,16840224,0
032,112025,16840289,0
032,112025,16840350,0
032,112025,16840373,0
032,112025,16840396,0
032,112025,16840457,0
032,112025,16840480,0
032,112025,16840503,0
032,112025,16840526,0
032,112025,16840568,0
032,112025,16840591,0
032,112025,16840614,0
032,112025,16840656,0
032,112025,16840679,0
032,112025,16840702,0
032,112025,16840809,0
032,112025,16840851,0
032,112025,16840912,0
032,112025,16840935,0
032,112025,16841038,0
032,112025,16841099,0
032,112025,16841122,0
032,112025,16841145,0
032,112025,16841191,0
032,112025,16841214,0
032,112025,16841237,0
032,112025,16841336,0
032,112025,16841359,0
032,112025,16841439,0
032,112025,16841485,0
032,112025,16841508,0
032,112025,16841550,0
032,112025,16841573,0
032,112025,16841596,0
032,112025,16841638,0
032,112025,16841699,0
032,112025,16841741,0
032,112025,16841764,0
032,112025,16841806,0
032,112025,16841848,0
032,112025,16841871,0
032,112025,16841932,0
032,112025,16841955,0
032,112025,16841978,0
032,112025,16842093,0
032,112025,16842139,0
032,112025,16842402,0
032,112025,16842471,0
032,112025,16842513,0
032,112025,16842536,0
032,112025,16842559,0
032,112025,16842620,0
032,112025,16842666,0
032,112025,16842689,0
032,112025,16842754,0
032,112025,16842777,0
032,112025,16842819,0
032,112025,16842842,0
032,112025,16842888,0
032,112025,16842980,0
032,112025,16843003,0
032,112025,16843026,0
032,112025,16843049,0
032,112025,16843072,0
032,112025,16843095,0
032,112025,16843118,0
032,112025,16843141,0
032,112025,16843225,0
032,112025,16843248,0
032,112025,16843461,0
032,112025,16843484,0
032,112025,16843507,0
032,112025,16843606,0
032,112025,16843705,0
032,112025,16843728,0
032,112025,16843789,0
032,112025,16843850,0
032,112025,16843911,0
032,112025,16843953,0
032,112025,16843995,0
032,112025,16844037,0
032,112025,16844098,0
032,112025,16844190,0
032,112025,16844213,0
032,112025,16844255,0
032,112025,16844335,0
032,112025,16844358,0
032,112025,16844400,0
032,112025,16844423,0
032,112025,16844446,0
032,112025,16844488,0
032,112025,16844618,0
032,112025,16844793,0
032,112025,16844816,0
032,112025,16844858,0
032,112025,16844904,0
032,112025,16844946,0
032,112025,16844988,0
032,112025,16845053,0
032,112025,16845095,0
032,112025,16845137,0
032,112025,16845221,0
032,112025,16845267,0
032,112025,16845309,0
032,112025,16845393,0
032,112025,16845500,0
032,112025,16845523,0
032,112025,16845634,0
032,112025,16845680,0
032,112025,16845791,0
032,112025,16845852,0
032,112025,16845875,0
032,112025,16845936,0
032,112025,16845959,0
032,112025,16846001,0
032,112025,16846024,0
032,112025,16846047,0
032,112025,16846089,0
032,112025,16846150,0
032,112025,16846230,0
032,112025,16846253,0
032,112025,16846345,0
032,112025,16846368,0
032,112025,16846391,0
032,112025,16846414,0
032,112025,16846475,0
032,112025,16846555,0
032,112025,16846597,0
032,112025,16846620,0
032,112025,16846666,0
032,112025,16846689,0
032,112025,16846758,0
032,112025,16846842,0
032,112025,16846865,0
032,112025,16846907,0
032,112025,16846949,0
032,112025,16847033,0
032,112025,16847075,0
032,112025,16847098,0
032,112025,16847273,0
032,112025,16847334,0
032,112025,16847395,0
032,112025,16847418,0
032,112025,16847441,0
032,112025,16847483,0
032,112025,16847563,0
032,112025,16847624,0
032,112025,16847666,0
032,112025,16847708,0
032,112025,16847750,0
032,112025,16847811,0
032,112025,16847853,0
032,112025,16847876,0
032,112025,16847922,0
032,112025,16847964,0
032,112025,16848048,0
032,112025,16848071,0
032,112025,16848113,0
032,112025,16848136,0
032,112025,16848216,0
032,112025,16848258,0
032,112025,16848281,0
032,112025,16848304,0
032,112025,16848350,0
032,112025,16848373,0
032,112025,16848434,0
032,112025,16848457,0
032,112025,16848499,0
032,112025,16848587,0
032,112025,16848610,0
032,112025,16848633,0
032,112025,16848656,0
032,112025,16848702,0
032,112025,16848725,0
032,112025,16848817,0
032,112025,16848901,0
032,112025,16848962,0
032,112025,16849004,0
032,112025,16849065,0
032,112025,16849168,0
032,112025,16849191,0
032,112025,16849214,0
032,112025,16849256,0
032,112025,16849279,0
032,112025,16849321,0
032,112025,16849424,0
032,112025,16849447,0
032,112025,16849493,0
032,112025,16849535,0
032,112025,16849558,0
032,112025,16849619,0
032,112025,16849665,0
032,112025,16849688,0
032,112025,16849730,0
032,112025,16849753,0
032,112025,16849818,0
032,112025,16849864,0
032,112025,16849887,0
032,112025,16849933,0
032,112025,16849956,0
032,112025,16850002,0
032,112025,16850063,0
032,112025,16850128,0
032,112025,16850197,0
032,112025,16850239,0
032,112025,16850300,0
032,112025,16850361,0
032,112025,16850441,0
032,112025,16850464,0
032,112025,16850487,0
032,112025,16850533,0
032,112025,16850575,0
032,112025,16850598,0
032,112025,16850659,0
032,112025,16850682,0
032,112025,16850762,0
032,112025,16850804,0
032,112025,16850846,0
032,112025,16850888,0
032,112025,16850934,0
032,112025,16850980,0
032,112025,16851022,0
032,112025,16851045,0
032,112025,16851068,0
032,112025,16851129,0
032,112025,16851152,0
032,112025,16851198,0
032,112025,16851240,0
032,112025,16851282,0
032,112025,16851324,0
032,112025,16851347,0
032,112025,16851389,0
032,112025,16851412,0
032,112025,16851435,0
032,112025,16851458,0
032,112025,16851523,0
032,112025,16851565,0
032,112025,16851630,0
032,112025,16851714,0
032,112025,16851756,0
032,112025,16851798,0
032,112025,16851821,0
032,112025,16851863,0
032,112025,16851886,0
032,112025,16851928,0
032,112025,16852027,0
032,112025,16852050,0
032,112025,16852073,0
032,112025,16852096,0
032,112025,16852119,0
032,112025,16852142,0
032,112025,16852165,0
032,112025,16852302,0
032,112025,16852367,0
032,112025,16852390,0
032,112025,16852413,0
032,112025,16852436,0
032,112025,16852497,0
032,112025,16852543,0
032,112025,16852646,0
032,112025,16852669,0
032,112025,16852692,0
032,112025,16852715,0
032,112025,16852776,0
032,112025,16852799,0
032,112025,16852822,0
032,112025,16852883,0
032,112025,16852925,0
032,112025,16853081,0
032,112025,16853104,0
032,112025,16853146,0
032,112025,16853188,0
032,112025,16853211,0
032,112025,16853253,0
032,112025,16853276,0
032,112025,16853337,0
032,112025,16853531,0
032,112025,16853573,0
032,112025,16853596,0
032,112025,16853638,0
032,112025,16853661,0
032,112025,16853703,0
032,112025,16853745,0
032,112025,16853806,0
032,112025,16853829,0
032,112025,16853959,0
032,112025,16853982,0
032,112025,16854062,0
032,112025,16854108,0
032,112025,16854131,0
032,112025,16854154,0
032,112025,16854310,0
032,112025,16854352,0
032,112025,16854375,0
032,112025,16854398,0
032,112025,16854421,0
032,112025,16854520,0
032,112025,16854642,0
032,112025,16854722,0
032,112025,16854764,0
032,112025,16854806,0
032,112025,16854867,0
032,112025,16854909,0
032,112025,16855001,0
032,112025,16855066,0
032,112025,16855108,0
032,112025,16855226,0
032,112025,16855249,0
032,112025,16855295,0
032,112025,16855318,0
032,112025,16855341,0
032,112025,16855387,0
032,112025,16855433,0
032,112025,16855502,0
032,112025,16855582,0
032,112025,16855605,0
032,112025,16855651,0
032,112025,16855697,0
032,112025,16855739,0
032,112025,16855842,0
032,112025,16855865,0
032,112025,16855987,0
032,112025,16856010,0
032,112025,16856159,0
032,112025,16856201,0
032,112025,16856247,0
032,112025,16856270,0
032,112025,16856312,0
032,112025,16856335,0
032,112025,16856492,0
032,112025,16856572,0
032,112025,16856614,0
032,112025,16856763,0
032,112025,16856786,0
032,112025,16856809,0
032,112025,16856832,0
032,112025,16856912,0
032,112025,16856935,0
032,112025,16856981,0
032,112025,16857065,0
032,112025,16857176,0
032,112025,16857199,0
032,112025,16857279,0
032,112025,16857321,0
032,112025,16857363,0
032,112025,16857409,0
032,112025,16857493,0
032,112025,16857539,0
032,112025,16857581,0
032,112025,16857604,0
032,112025,16857646,0
032,112025,16857688,0
032,112025,16857730,0
032,112025,16857753,0
032,112025,16857856,0
032,112025,16857898,0
032,112025,16857940,0
032,112025,16858020,0
032,112025,16858066,0
032,112025,16858158,0
032,112025,16858219,0
032,112025,16858265,0
032,112025,16858288,0
032,112025,16858330,0
032,112025,16858353,0
032,112025,16858395,0
032,112025,16858418,0
032,112025,16858521,0
032,112025,16858601,0
032,112025,16858700,0
032,112025,16858723,0
032,112025,16858746,0
032,112025,16858788,0
032,112025,16858853,0
032,112025,16858876,0
032,112025,16858918,0
032,112025,16858960,0
032,112025,16858983,0
032,112025,16859159,0
032,112025,16859201,0
032,112025,16859224,0
032,112025,16859266,0
032,112025,16859331,0
032,112025,16859415,0
032,112025,16859476,0
032,112025,16859518,0
032,112025,16859541,0
032,112025,16859564,0
032,112025,16859587,0
032,112025,16859610,0
032,112025,16859713,0
032,112025,16859755,0
032,112025,16859797,0
032,112025,16859839,0
032,112025,16859881,0
032,112025,16859923,0
032,112025,16860041,0
032,112025,16860083,0
032,112025,16860125,0
032,112025,16860167,0
032,112025,16860190,0
032,112025,16860232,0
032,112025,16860297,0
032,112025,16860320,0
032,112025,16860408,0
032,112025,16860450,0
032,112025,16860492,0
032,112025,16860629,0
032,112025,16860671,0
032,112025,16860911,0
032,112025,16860953,0
032,112025,16860995,0
032,112025,16861075,0
032,112025,16861117,0
032,112025,16861220,0
032,112025,16861243,0
032,112025,16861266,0
032,112025,16861308,0
032,112025,16861331,0
032,112025,16861392,0
032,112025,16861415,0
032,112025,16861514,0
032,112025,16861556,0
032,112025,16861579,0
032,112025,16861621,0
032,112025,16861663,0
032,112025,16861705,0
032,112025,16861766,0
032,112025,16861789,0
032,112025,16862181,0
032,112025,16862204,0
032,112025,16862246,0
032,112025,16862311,0
032,112025,16862334,0
032,112025,16862414,0
032,112025,16862460,0
032,112025,16862483,0
032,112025,16862586,0
032,112025,16862609,0
032,112025,16862735,0
032,112025,16862758,0
032,112025,16862800,0
032,112025,16862911,0
032,112025,16862980,0
032,112025,16863003,0
032,112025,16863045,0
032,112025,16863091,0
032,112025,16863137,0
032,112025,16863217,0
032,112025,16863259,0
032,112025,16863282,0
032,112025,16863328,0
032,112025,16863389,0
032,112025,16863412,0
032,112025,16863458,0
032,112025,16863500,0
032,112025,16863588,0
032,112025,16863634,0
032,112025,16863657,0
032,112025,16863722,0
032,112025,16863745,0
032,112025,16863768,0
032,112025,16863810,0
032,112025,16863833,0
032,112025,16864236,0
032,112025,16864278,0
032,112025,16864339,0
032,112025,16864362,0
032,112025,16864429,0
032,112025,16864471,0
032,112025,16864513,0
032,112025,16864574,0
032,112025,16864620,0
032,112025,16864700,0
032,112025,16864723,0
032,112025,16864746,0
032,112025,16864769,0
032,112025,16864849,0
032,112025,16864872,0
032,112025,16864895,0
032,112025,16864937,0
032,112025,16864983,0
032,112025,16865006,0
032,112025,16865029,0
032,112025,16865098,0
032,112025,16865140,0
032,112025,16865201,0
032,112025,16865224,0
032,112025,16865247,0
032,112025,16865312,0
032,112025,16865335,0
032,112025,16865396,0
032,112025,16865442,0
032,112025,16865484,0
032,112025,16865549,0
032,112025,16865671,0
032,112025,16865770,0
032,112025,16865816,0
032,112025,16865839,0
032,112025,16865862,0
032,112025,16865885,0
032,112025,16865908,0
032,112025,16865950,0
032,112025,16865973,0
032,112025,16866034,0
032,112025,16866076,0
032,112025,16866274,0
032,112025,16866335,0
032,112025,16866564,0
032,112025,16866587,0
032,112025,16866629,0
032,112025,16866675,0
032,112025,16866755,0
032,112025,16866797,0
032,112025,16866858,0
032,112025,16866938,0
032,112025,16866961,0
032,112025,16866984,0
032,112025,16867007,0
032,112025,16867053,0
032,112025,16867133,0
032,112025,16867194,0
032,112025,16867236,0
032,112025,16867259,0
032,112025,16867305,0
032,112025,16867328,0
032,112025,16867389,0
032,112025,16867412,0
032,112025,16867458,0
032,112025,16867523,0
032,112025,16867622,0
032,112025,16867664,0
032,112025,16867706,0
032,112025,16867794,0
032,112025,16867817,0
032,112025,16867935,0
032,112025,16867958,0
032,112025,16868050,0
032,112025,16868073,0
032,112025,16868191,0
032,112025,16868271,0
032,112025,16868336,0
032,112025,16868359,0
032,112025,16868466,0
032,112025,16868489,0
032,112025,16868512,0
032,112025,16868581,0
032,112025,16868604,0
032,112025,16868627,0
032,112025,16868650,0
032,112025,16868692,0
032,112025,16868757,0
032,112025,16868856,0
032,112025,16868898,0
032,112025,16868963,0
032,112025,16868986,0
032,112025,16869009,0
032,112025,16869032,0
032,112025,16869055,0
032,112025,16869097,0
032,112025,16869143,0
032,112025,16869189,0
032,112025,16869254,0
032,112025,16869384,0
032,112025,16869407,0
032,112025,16869430,0
032,112025,16869491,0
032,112025,16869537,0
032,112025,16869579,0
032,112025,16869602,0
032,112025,16869663,0
032,112025,16869709,0
032,112025,16869732,0
032,112025,16869816,0
032,112025,16869877,0
032,112025,16870109,0
032,112025,16870151,0
032,112025,16870193,0
032,112025,16870315,0
032,112025,16870338,0
032,112025,16870380,0
032,112025,16870422,0
032,112025,16870502,0
032,112025,16870525,0
032,112025,16870548,0
032,112025,16870590,0
032,112025,16870655,0
032,112025,16870781,0
032,112025,16870804,0
032,112025,16870827,0
032,112025,16870869,0
032,112025,16871025,0
032,112025,16871086,0
032,112025,16871132,0
032,112025,16871174,0
032,112025,16871216,0
032,112025,16871258,0
032,112025,16871300,0
032,112025,16871361,0
032,112025,16871445,0
032,112025,16871514,0
032,112025,16871560,0
032,112025,16871678,0
032,112025,16871720,0
032,112025,16871762,0
032,112025,16871808,0
032,112025,16871831,0
032,112025,16871854,0
032,112025,16871877,0
032,112025,16871919,0
032,112025,16871961,0
032,112025,16871984,0
032,112025,16872026,0
032,112025,16872095,0
032,112025,16872118,0
032,112025,16872164,0
032,112025,16872229,0
032,112025,16872271,0
032,112025,16872294,0
032,112025,16872424,0
032,112025,16872470,0
032,112025,16872493,0
032,112025,16872577,0
032,112025,16872600,0
032,112025,16872623,0
032,112025,16872665,0
032,112025,16872730,0
032,112025,16872795,0
032,112025,16872925,0
032,112025,16872986,0
032,112025,16873009,0
032,112025,16873184,0
032,112025,16873226,0
032,112025,16873272,0
032,112025,16873352,0
032,112025,16873417,0
032,112025,16873478,0
032,112025,16873547,0
032,112025,16873608,0
032,112025,16873650,0
032,112025,16873711,0
032,112025,16873734,0
032,112025,16873822,0
032,112025,16873845,0
032,112025,16873868,0
032,112025,16873891,0
032,112025,16873956,0
032,112025,16873979,0
032,112025,16874059,0
032,112025,16874139,0
032,112025,16874208,0
032,112025,16874292,0
032,112025,16874315,0
032,112025,16874361,0
032,112025,16874384,0
032,112025,16874407,0
032,112025,16874449,0
032,112025,16874491,0
032,112025,16874533,0
032,112025,16874556,0
032,112025,16874617,0
032,112025,16874659,0
032,112025,16874701,0
032,112025,16874724,0
032,112025,16874747,0
032,112025,16874854,0
032,112025,16874896,0
032,112025,16874919,0
032,112025,16874961,0
032,112025,16874984,0
032,112025,16875045,0
032,112025,16875087,0
032,112025,16875129,0
032,112025,16875152,0
032,112025,16875213,0
032,112025,16875274,0
032,112025,16875358,0
032,112025,16875400,0
032,112025,16875461,0
032,112025,16875530,0
032,112025,16875572,0
032,112025,16875614,0
032,112025,16875637,0
032,112025,16875698,0
032,112025,16875995,0
032,112025,16876056,0
032,112025,16876121,0
032,112025,16876144,0
032,112025,16876259,0
032,112025,16876320,0
032,112025,16876343,0
032,112025,16876446,0
032,112025,16876488,0
032,112025,16876511,0
032,112025,16876553,0
032,112025,16876599,0
032,112025,16876660,0
032,112025,16876740,0
032,112025,16876801,0
032,112025,16876824,0
032,112025,16876904,0
032,112025,16876969,0
032,112025,16876992,0
032,112025,16877076,0
032,112025,16877145,0
032,112025,16877170,0
032,112025,16877193,0
032,112025,16877235,0
032,112025,16877258,0
032,112025,16877281,0
032,112025,16877342,0
032,112025,16877365,0
032,112025,16877388,0
032,112025,16877449,0
032,112025,16877510,0
032,112025,16877533,0
032,112025,16877579,0
032,112025,16877621,0
032,112025,16877762,0
032,112025,16877804,0
032,112025,16877892,0
032,112025,16877934,0
032,112025,16877976,0
032,112025,16878018,0
032,112025,16878041,0
032,112025,16878148,0
032,112025,16878171,0
032,112025,16878194,0
032,112025,16878274,0
032,112025,16878335,0
032,112025,16878377,0
032,112025,16878438,0
032,112025,16878484,0
032,112025,16878526,0
032,112025,16878549,0
032,112025,16878595,0
032,112025,16878660,0
032,112025,16878740,0
032,112025,16878763,0
032,112025,16878881,0
032,112025,16878923,0
032,112025,16878988,0
032,112025,16879030,0
032,112025,16879053,0
032,112025,16879076,0
032,112025,16879122,0
032,112025,16879145,0
032,112025,16879191,0
032,112025,16879233,0
032,112025,16879332,0
032,112025,16879374,0
032,112025,16879416,0
032,112025,16879458,0
032,112025,16879538,0
032,112025,16879580,0
032,112025,16879664,0
032,112025,16879729,0
032,112025,16879771,0
032,112025,16879794,0
032,112025,16879855,0
032,112025,16879901,0
032,112025,16879924,0
032,112025,16879947,0
032,112025,16880012,0
032,112025,16880073,0
032,112025,16880096,0
032,112025,16880157,0
032,112025,16880180,0
032,112025,16880203,0
032,112025,16880226,0
032,112025,16880287,0
032,112025,16880310,0
032,112025,16880333,0
032,112025,16880394,0
032,112025,16880459,0
032,112025,16880558,0
032,112025,16880600,0
032,112025,16880692,0
032,112025,16880715,0
032,112025,16880757,0
032,112025,16880799,0
032,112025,16880860,0
032,112025,16880883,0
032,112025,16880963,0
032,112025,16880986,0
032,112025,16881009,0
032,112025,16881074,0
032,112025,16881141,0
032,112025,16881164,0
032,112025,16881187,0
032,112025,16881229,0
032,112025,16881252,0
032,112025,16881275,0
032,112025,16881317,0
032,112025,16881340,0
032,112025,16881401,0
032,112025,16881424,0
032,112025,16881447,0
032,112025,16881489,0
032,112025,16881607,0
032,112025,16881649,0
032,112025,16881710,0
032,112025,16881733,0
032,112025,16881756,0
032,112025,16881867,0
032,112025,16881890,0
032,112025,16881982,0
032,112025,16882005,0
032,112025,16882070,0
032,112025,16882169,0
032,112025,16882234,0
032,112025,16882257,0
032,112025,16882360,0
032,112025,16882383,0
032,112025,16882406,0
032,112025,16882429,0
032,112025,16882547,0
032,112025,16882570,0
032,112025,16882593,0
032,112025,16882654,0
032,112025,16882795,0
032,112025,16882856,0
032,112025,16882879,0
032,112025,16882921,0
032,112025,16882963,0
032,112025,16883005,0
032,112025,16883051,0
032,112025,16883074,0
032,112025,16883120,0
032,112025,16883143,0
032,112025,16883166,0
032,112025,16883212,0
032,112025,16883254,0
032,112025,16883361,0
032,112025,16883384,0
032,112025,16883407,0
032,112025,16883430,0
032,112025,16883522,0
032,112025,16883564,0
032,112025,16883648,0
032,112025,16883671,0
032,112025,16883717,0
032,112025,16883782,0
032,112025,16883824,0
032,112025,16883885,0
032,112025,16883908,0
032,112025,16883950,0
032,112025,16883992,0
032,112025,16884015,0
032,112025,16884057,0
032,112025,16884080,0
032,112025,16884141,0
032,112025,16884164,0
032,112025,16884187,0
032,112025,16884210,0
032,112025,16884313,0
032,112025,16884336,0
032,112025,16884424,0
032,112025,16884466,0
032,112025,16884508,0
032,112025,16884569,0
032,112025,16884611,0
032,112025,16884672,0
032,112025,16884741,0
032,112025,16884764,0
032,112025,16884810,0
032,112025,16884852,0
032,112025,16884875,0
032,112025,16884917,0
032,112025,16884963,0
032,112025,16884986,0
032,112025,16885009,0
032,112025,16885051,0
032,112025,16885074,0
032,112025,16885097,0
032,112025,16885162,0
032,112025,16885242,0
032,112025,16885265,0
032,112025,16885345,0
032,112025,16885387,0
032,112025,16885467,0
032,112025,16885490,0
032,112025,16885513,0
032,112025,16885536,0
032,112025,16885597,0
032,112025,16885620,0
032,112025,16885735,0
032,112025,16885781,0
032,112025,16885861,0
032,112025,16885922,0
032,112025,16886002,0
032,112025,16886048,0
032,112025,16886094,0
032,112025,16886140,0
032,112025,16886163,0
032,112025,16886205,0
032,112025,16886228,0
032,112025,16886308,0
032,112025,16886354,0
032,112025,16886567,0
032,112025,16886590,0
032,112025,16886613,0
032,112025,16886655,0
032,112025,16886819,0
032,112025,16886949,0
032,112025,16886991,0
032,112025,16887014,0
032,112025,16887037,0
032,112025,16887098,0
032,112025,16887121,0
032,112025,16887220,0
032,112025,16887266,0
032,112025,16887308,0
032,112025,16887354,0
032,112025,16887377,0
032,112025,16887400,0
032,112025,16887423,0
032,112025,16887446,0
032,112025,16887488,0
032,112025,16887511,0
032,112025,16887572,0
032,112025,16887641,0
032,112025,16887664,0
032,112025,16887687,0
032,112025,16887752,0
032,112025,16887794,0
032,112025,16887836,0
032,112025,16888008,0
032,112025,16888130,0
032,112025,16888241,0
032,112025,16888283,0
032,112025,16888325,0
032,112025,16888348,0
032,112025,16888371,0
032,112025,16888417,0
032,112025,16888440,0
032,112025,16888463,0
032,112025,16888486,0
032,112025,16888509,0
032,112025,16888551,0
032,112025,16888574,0
032,112025,16888597,0
032,112025,16888658,0
032,112025,16888700,0
032,112025,16888723,0
032,112025,16888765,0
032,112025,16888788,0
032,112025,16888811,0
032,112025,16888853,0
032,112025,16888876,0
032,112025,16888918,0
032,112025,16888941,0
032,112025,16888964,0
032,112025,16888987,0
032,112025,16889048,0
032,112025,16889094,0
032,112025,16889117,0
032,112025,16889182,0
032,112025,16889224,0
032,112025,16889247,0
032,112025,16889289,0
032,112025,16889312,0
032,112025,16889392,0
032,112025,16889434,0
032,112025,16889457,0
032,112025,16889499,0
032,112025,16889541,0
032,112025,16889564,0
032,112025,16889587,0
032,112025,16889629,0
032,112025,16889652,0
032,112025,16889740,0
032,112025,16889763,0
032,112025,16889828,0
032,112025,16889889,0
032,112025,16889950,0
032,112025,16889973,0
032,112025,16890057,0
032,112025,16890080,0
032,112025,16890103,0
032,112025,16890168,0
032,112025,16890191,0
032,112025,16890279,0
032,112025,16890344,0
032,112025,16890405,0
032,112025,16890451,0
032,112025,16890493,0
032,112025,16890516,0
032,112025,16890604,0
032,112025,16890650,0
032,112025,16890673,0
032,112025,16890715,0
032,112025,16890738,0
032,112025,16890822,0
032,112025,16890883,0
032,112025,16890906,0
032,112025,16890975,0
032,112025,16890998,0
032,112025,16891040,0
032,112025,16891082,0
032,112025,16891105,0
032,112025,16891170,0
032,112025,16891212,0
032,112025,16891235,0
032,112025,16891258,0
032,112025,16891281,0
032,112025,16891327,0
032,112025,16891388,0
032,112025,16891411,0
032,112025,16891434,0
032,112025,16891499,0
032,112025,16891541,0
032,112025,16891625,0
032,112025,16891667,0
032,112025,16891709,0
032,112025,16891789,0
032,112025,16891831,0
032,112025,16891896,0
032,112025,16891919,0
032,112025,16891961,0
032,112025,16891984,0
032,112025,16892007,0
032,112025,16892087,0
032,112025,16892110,0
032,112025,16892152,0
032,112025,16892175,0
032,112025,16892240,0
032,112025,16892263,0
032,112025,16892324,0
032,112025,16892366,0
032,112025,16892389,0
032,112025,16892488,0
032,112025,16892511,0
032,112025,16892557,0
032,112025,16892599,0
032,112025,16892622,0
032,112025,16892664,0
032,112025,16892710,0
032,112025,16892733,0
032,112025,16892794,0
032,112025,16892905,0
032,112025,16892947,0
032,112025,16892970,0
032,112025,16892993,0
032,112025,16893035,0
032,112025,16893058,0
032,112025,16893119,0
032,112025,16893161,0
032,112025,16893203,0
032,112025,16893283,0
032,112025,16893325,0
032,112025,16893371,0
032,112025,16893474,0
032,112025,16893497,0
032,112025,16893566,0
032,112025,16893684,0
032,112025,16893707,0
032,112025,16893749,0
032,112025,16893814,0
032,112025,16893856,0
032,112025,16893879,0
032,112025,16893902,0
032,112025,16893925,0
032,112025,16893967,0
032,112025,16893990,0
032,112025,16894013,0
032,112025,16894036,0
032,112025,16894059,0
032,112025,16894082,0
032,112025,16894105,0
032,112025,16894185,0
032,112025,16894227,0
032,112025,16894269,0
032,112025,16894292,0
032,112025,16894315,0
032,112025,16894380,0
032,112025,16894403,0
032,112025,16894464,0
032,112025,16894487,0
032,112025,16894575,0
032,112025,16894621,0
032,112025,16894644,0
032,112025,16894667,0
032,112025,16894728,0
032,112025,16894751,0
032,112025,16894774,0
032,112025,16894797,0
032,112025,16894820,0
032,112025,16894843,0
032,112025,16894866,0
032,112025,16894912,0
032,112025,16894954,0
032,112025,16895000,0
032,112025,16895084,0
032,112025,16895107,0
032,112025,16895130,0
032,112025,16895233,0
032,112025,16895279,0
032,112025,16895325,0
032,112025,16895386,0
032,112025,16895409,0
032,112025,16895432,0
032,112025,16895455,0
032,112025,16895516,0
032,112025,16895558,0
032,112025,16895581,0
032,112025,16895604,0
032,112025,16895627,0
032,112025,16895715,0
032,112025,16895738,0
032,112025,16895845,0
032,112025,16895963,0
032,112025,16896024,0
032,112025,16896108,0
032,112025,16896287,0
032,112025,16896329,0
032,112025,16896371,0
032,112025,16896436,0
032,112025,16896459,0
032,112025,16896482,0
032,112025,16896551,0
032,112025,16896574,0
032,112025,16896597,0
032,112025,16896639,0
032,112025,16896662,0
032,112025,16896685,0
032,112025,16896845,0
032,112025,16896906,0
032,112025,16896929,0
032,112025,16897009,0
032,112025,16897032,0
032,112025,16897093,0
032,112025,16897116,0
032,112025,16897185,0
032,112025,16897227,0
032,112025,16897250,0
032,112025,16897368,0
032,112025,16897410,0
032,112025,16897433,0
032,112025,16897475,0
032,112025,16897601,0
032,112025,16897662,0
032,112025,16897704,0
032,112025,16897796,0
032,112025,16897842,0
032,112025,16897865,0
032,112025,16897888,0
032,112025,16897911,0
032,112025,16897934,0
032,112025,16897957,0
032,112025,16898045,0
032,112025,16898106,0
032,112025,16898129,0
032,112025,16898175,0
032,112025,16898217,0
032,112025,16898240,0
032,112025,16898282,0
032,112025,16898305,0
032,112025,16898374,0
032,112025,16898397,0
032,112025,16898462,0
032,112025,16898485,0
032,112025,16898527,0
032,112025,16898550,0
032,112025,16898615,0
032,112025,16898638,0
032,112025,16898661,0
032,112025,16898703,0
032,112025,16898726,0
032,112025,16898768,0
032,112025,16898837,0
032,112025,16898860,0
032,112025,16898883,0
032,112025,16898925,0
032,112025,16898986,0
032,112025,16899009,0
032,112025,16899032,0
032,112025,16899055,0
032,112025,16899116,0
032,112025,16899158,0
032,112025,16899200,0
032,112025,16899280,0
032,112025,16899322,0
032,112025,16899345,0
032,112025,16899368,0
032,112025,16899494,0
032,112025,16899536,0
032,112025,16899597,0
032,112025,16899620,0
032,112025,16899666,0
032,112025,16899689,0
032,112025,16899754,0
032,112025,16899819,0
032,112025,16899842,0
032,112025,16899884,0
032,112025,16899907,0
032,112025,16899930,0
032,112025,16899972,0
032,112025,16900014,0
032,112025,16900056,0
032,112025,16900098,0
032,112025,16900121,0
032,112025,16900167,0
032,112025,16900266,0
032,112025,16900346,0
032,112025,16900407,0
032,112025,16900430,0
032,112025,16900453,0
032,112025,16900476,0
032,112025,16900518,0
032,112025,16900583,0
032,112025,16900629,0
032,112025,16900767,0
032,112025,16900790,0
032,112025,16900836,0
032,112025,16900878,0
032,112025,16900981,0
032,112025,16901027,0
032,112025,16901050,0
032,112025,16901073,0
032,112025,16901172,0
032,112025,16901233,0
032,112025,16901370,0
032,112025,16901393,0
032,112025,16901416,0
032,112025,16901496,0
032,112025,16901519,0
032,112025,16901618,0
032,112025,16901679,0
032,112025,16901721,0
032,112025,16901824,0
032,112025,16901988,0
032,112025,16902011,0
032,112025,16902034,0
032,112025,16902095,0
032,112025,16902206,0
032,112025,16902267,0
032,112025,16902313,0
032,112025,16902355,0
032,112025,16902416,0
032,112025,16902477,0
032,112025,16902519,0
032,112025,16902542,0
032,112025,16902565,0
032,112025,16902763,0
032,112025,16902786,0
032,112025,16902885,0
032,112025,16902908,0
032,112025,16902931,0
032,112025,16902973,0
032,112025,16902996,0
032,112025,16903019,0
032,112025,16903198,0
032,112025,16903240,0
032,112025,16903263,0
032,112025,16903305,0
032,112025,16903347,0
032,112025,16903408,0
032,112025,16903431,0
032,112025,16903454,0
032,112025,16903496,0
032,112025,16903576,0
032,112025,16903637,0
032,112025,16903702,0
032,112025,16903725,0
032,112025,16903817,0
032,112025,16903840,0
032,112025,16903863,0
032,112025,16903905,0
032,112025,16903947,0
032,112025,16904031,0
032,112025,16904073,0
032,112025,16904096,0
032,112025,16904180,0
032,112025,16904203,0
032,112025,16904226,0
032,112025,16904272,0
032,112025,16904295,0
032,112025,16904341,0
032,112025,16904406,0
032,112025,16904429,0
032,112025,16904452,0
032,112025,16904513,0
032,112025,16904536,0
032,112025,16904559,0
032,112025,16904601,0
032,112025,16904643,0
032,112025,16904666,0
032,112025,16904689,0
032,112025,16904735,0
032,112025,16904777,0
032,112025,16904842,0
032,112025,16904903,0
032,112025,16904926,0
032,112025,16904968,0
032,112025,16905014,0
032,112025,16905037,0
032,112025,16905098,0
032,112025,16905144,0
032,112025,16905167,0
032,112025,16905209,0
032,112025,16905270,0
032,112025,16905369,0
032,112025,16905430,0
032,112025,16905453,0
032,112025,16905666,0
032,112025,16905708,0
032,112025,16905796,0
032,112025,16905884,0
032,112025,16906067,0
032,112025,16906090,0
032,112025,16906132,0
032,112025,16906216,0
032,112025,16906281,0
032,112025,16906346,0
032,112025,16906388,0
032,112025,16906430,0
032,112025,16906491,0
032,112025,16906514,0
032,112025,16906537,0
032,112025,16906579,0
032,112025,16906602,0
032,112025,16906625,0
032,112025,16906648,0
032,112025,16906747,0
032,112025,16906808,0
032,112025,16906831,0
032,112025,16906854,0
032,112025,16906942,0
032,112025,16906965,0
032,112025,16907007,0
032,112025,16907091,0
032,112025,16907133,0
032,112025,16907156,0
032,112025,16907179,0
032,112025,16907221,0
032,112025,16907244,0
032,112025,16907286,0
032,112025,16907328,0
032,112025,16907389,0
032,112025,16907469,0
032,112025,16907492,0
032,112025,16907534,0
032,112025,16907614,0
032,112025,16907656,0
032,112025,16907679,0
032,112025,16907767,0
032,112025,16907790,0
032,112025,16907836,0
032,112025,16907897,0
032,112025,16907958,0
032,112025,16907981,0
032,112025,16908004,0
032,112025,16908027,0
032,112025,16908107,0
032,112025,16908130,0
032,112025,16908153,0
032,112025,16908241,0
032,112025,16908283,0
032,112025,16908344,0
032,112025,16908390,0
032,112025,16908413,0
032,112025,16908436,0
032,112025,16908478,0
032,112025,16908501,0
032,112025,16908589,0
032,112025,16908631,0
032,112025,16908673,0
032,112025,16908696,0
032,112025,16908795,0
032,112025,16908860,0
032,112025,16908902,0
032,112025,16908948,0
032,112025,16909047,0
032,112025,16909089,0
032,112025,16909131,0
032,112025,16909177,0
032,112025,16909200,0
032,112025,16909242,0
032,112025,16909284,0
032,112025,16909345,0
032,112025,16909444,0
032,112025,16909490,0
032,112025,16909551,0
032,112025,16909593,0
032,112025,16909616,0
032,112025,16909658,0
032,112025,16909681,0
032,112025,16909742,0
032,112025,16909803,0
032,112025,16909845,0
032,112025,16909891,0
032,112025,16909933,0
032,112025,16909979,0
032,112025,16910002,0
032,112025,16910025,0
032,112025,16910071,0
032,112025,16910094,0
032,112025,16910117,0
032,112025,16910140,0
032,112025,16910182,0
032,112025,16910270,0
032,112025,16910354,0
032,112025,16910419,0
032,112025,16910442,0
032,112025,16910503,0
032,112025,16910526,0
032,112025,16910595,0
032,112025,16910618,0
032,112025,16910679,0
032,112025,16910721,0
032,112025,16910744,0
032,112025,16910767,0
032,112025,16910836,0
032,112025,16910878,0
032,112025,16910901,0
032,112025,16910924,0
032,112025,16911080,0
032,112025,16911145,0
032,112025,16911191,0
032,112025,16911233,0
032,112025,16911279,0
032,112025,16911321,0
032,112025,16911386,0
032,112025,16911409,0
032,112025,16911432,0
032,112025,16911455,0
032,112025,16911478,0
032,112025,16911501,0
032,112025,16911604,0
032,112025,16911665,0
032,112025,16911707,0
032,112025,16911730,0
032,112025,16911753,0
032,112025,16911795,0
032,112025,16911818,0
032,112025,16911864,0
032,112025,16911887,0
032,112025,16911952,0
032,112025,16911998,0
032,112025,16912040,0
032,112025,16912162,0
032,112025,16912231,0
032,112025,16912273,0
032,112025,16912338,0
032,112025,16912361,0
032,112025,16912407,0
032,112025,16912453,0
032,112025,16912533,0
032,112025,16912632,0
032,112025,16912655,0
032,112025,16912697,0
032,112025,16912720,0
032,112025,16912766,0
032,112025,16912846,0
032,112025,16912888,0
032,112025,16912911,0
032,112025,16912980,0
032,112025,16913003,0
032,112025,16913045,0
032,112025,16913125,0
032,112025,16913171,0
032,112025,16913213,0
032,112025,16913259,0
032,112025,16913347,0
032,112025,16913389,0
032,112025,16913412,0
032,112025,16913435,0
032,112025,16913458,0
032,112025,16913481,0
032,112025,16913504,0
032,112025,16913546,0
032,112025,16913630,0
032,112025,16913710,0
032,112025,16913733,0
032,112025,16913756,0
032,112025,16913893,0
032,112025,16913935,0
032,112025,16913958,0
032,112025,16914000,0
032,112025,16914023,0
032,112025,16914046,0
032,112025,16914130,0
032,112025,16914172,0
032,112025,16914195,0
032,112025,16914218,0
032,112025,16914412,0
032,112025,16914492,0
032,112025,16914553,0
032,112025,16914614,0
032,112025,16914637,0
032,112025,16914702,0
032,112025,16914786,0
032,112025,16914828,0
032,112025,16914870,0
032,112025,16914958,0
032,112025,16914981,0
032,112025,16915046,0
032,112025,16915126,0
032,112025,16915301,0
032,112025,16915366,0
032,112025,16915503,0
032,112025,16915526,0
032,112025,16915549,0
032,112025,16915572,0
032,112025,16915595,0
032,112025,16915618,0
032,112025,16915660,0
032,112025,16915702,0
032,112025,16916181,0
032,112025,16916204,0
032,112025,16916227,0
032,112025,16916288,0
032,112025,16916368,0
032,112025,16916391,0
032,112025,16916475,0
032,112025,16916536,0
032,112025,16916578,0
032,112025,16916620,0
032,112025,16916811,0
032,112025,16916880,0
032,112025,16916922,0
032,112025,16916968,0
032,112025,16917048,0
032,112025,16917136,0
032,112025,16917178,0
032,112025,16917220,0
032,112025,16917243,0
032,112025,16917266,0
032,112025,16917289,0
032,112025,16917335,0
032,112025,16917396,0
032,112025,16917419,0
032,112025,16917488,0
032,112025,16917511,0
032,112025,16917572,0
032,112025,16917633,0
032,112025,16917656,0
032,112025,16917679,0
032,112025,16917721,0
032,112025,16917744,0
032,112025,16917767,0
032,112025,16917809,0
032,112025,16917832,0
032,112025,16917855,0
032,112025,16917878,0
032,112025,16917981,0
032,112025,16918027,0
032,112025,16918050,0
032,112025,16918073,0
032,112025,16918115,0
032,112025,16918195,0
032,112025,16918218,0
032,112025,16918264,0
032,112025,16918352,0
032,112025,16918375,0
032,112025,16918398,0
032,112025,16918440,0
032,112025,16918482,0
032,112025,16918505,0
032,112025,16918593,0
032,112025,16918639,0
032,112025,16918700,0
032,112025,16918723,0
032,112025,16918826,0
032,112025,16918912,0
032,112025,16918935,0
032,112025,16918996,0
032,112025,16919084,0
032,112025,16919107,0
032,112025,16919195,0
032,112025,16919237,0
032,112025,16919283,0
032,112025,16919325,0
032,112025,16919348,0
032,112025,16919394,0
032,112025,16919417,0
032,112025,16919440,0
032,112025,16919463,0
032,112025,16919486,0
032,112025,16919528,0
032,112025,16919551,0
032,112025,16919593,0
032,112025,16919658,0
032,112025,16919742,0
032,112025,16919765,0
032,112025,16919788,0
032,112025,16919811,0
032,112025,16919834,0
032,112025,16919876,0
032,112025,16919922,0
032,112025,16919945,0
032,112025,16920227,0
032,112025,16920269,0
032,112025,16920292,0
032,112025,16920334,0
032,112025,16920395,0
032,112025,16920418,0
032,112025,16920460,0
032,112025,16920502,0
032,112025,16920590,0
032,112025,16920716,0
032,112025,16920762,0
032,112025,16920785,0
032,112025,16920854,0
032,112025,16920900,0
032,112025,16920942,0
032,112025,16920988,0
032,112025,16921011,0
032,112025,16921095,0
032,112025,16921118,0
032,112025,16921141,0
032,112025,16921164,0
032,112025,16921206,0
032,112025,16921275,0
032,112025,16921386,0
032,112025,16921485,0
032,112025,16921565,0
032,112025,16921588,0
032,112025,16921611,0
032,112025,16921657,0
032,112025,16921718,0
032,112025,16921760,0
032,112025,16921840,0
032,112025,16921901,0
032,112025,16921924,0
032,112025,16921970,0
032,112025,16921993,0
032,112025,16922016,0
032,112025,16922039,0
032,112025,16922062,0
032,112025,16922085,0
032,112025,16922200,0
032,112025,16922242,0
032,112025,16922265,0
032,112025,16922307,0
032,112025,16922349,0
032,112025,16922391,0
032,112025,16922414,0
032,112025,16922437,0
032,112025,16922479,0
032,112025,16922502,0
032,112025,16922544,0
032,112025,16922586,0
032,112025,16922655,0
032,112025,16922678,0
032,112025,16922766,0
032,112025,16922789,0
032,112025,16922835,0
032,112025,16922858,0
032,112025,16922881,0
032,112025,16922927,0
032,112025,16922969,0
032,112025,16922992,0
032,112025,16923072,0
032,112025,16923095,0
032,112025,16923118,0
032,112025,16923160,0
032,112025,16923183,0
032,112025,16923206,0
032,112025,16923229,0
032,112025,16923271,0
032,112025,16923294,0
032,112025,16923450,0
032,112025,16923492,0
032,112025,16923515,0
032,112025,16923538,0
032,112025,16923561,0
032,112025,16923645,0
032,112025,16923691,0
032,112025,16923714,0
032,112025,16923783,0
032,112025,16923848,0
032,112025,16923936,0
032,112025,16923997,0
032,112025,16924062,0
032,112025,16924161,0
032,112025,16924203,0
032,112025,16924245,0
032,112025,16924333,0
032,112025,16924356,0
032,112025,16924444,0
032,112025,16924486,0
032,112025,16924509,0
032,112025,16924578,0
032,112025,16924643,0
032,112025,16924685,0
032,112025,16924708,0
032,112025,16924788,0
032,112025,16924811,0
032,112025,16924853,0
032,112025,16924899,0
032,112025,16924922,0
032,112025,16925420,0
032,112025,16925504,0
032,112025,16925527,0
032,112025,16925550,0
032,112025,16925592,0
032,112025,16925615,0
032,112025,16925657,0
032,112025,16925680,0
032,112025,16925703,0
032,112025,16925726,0
032,112025,16925749,0
032,112025,16925867,0
032,112025,16925936,0
032,112025,16925982,0
032,112025,16926024,0
032,112025,16926047,0
032,112025,16926070,0
032,112025,16926112,0
032,112025,16926154,0
032,112025,16926177,0
032,112025,16926200,0
032,112025,16926288,0
032,112025,16926330,0
032,112025,16926399,0
032,112025,16926529,0
032,112025,16926617,0
032,112025,16926678,0
032,112025,16926743,0
032,112025,16926785,0
032,112025,16926869,0
032,112025,16926930,0
032,112025,16926953,0
032,112025,16927045,0
032,112025,16927129,0
032,112025,16927175,0
032,112025,16927198,0
032,112025,16927240,0
032,112025,16927263,0
032,112025,16927286,0
032,112025,16927309,0
032,112025,16927332,0
032,112025,16927393,0
032,112025,16927416,0
032,112025,16927523,0
032,112025,16927546,0
032,112025,16927569,0
032,112025,16927611,0
032,112025,16927653,0
032,112025,16927695,0
032,112025,16927737,0
032,112025,16927802,0
032,112025,16927928,0
032,112025,16927951,0
032,112025,16927974,0
032,112025,16927997,0
032,112025,16928058,0
032,112025,16928081,0
032,112025,16928123,0
032,112025,16928184,0
032,112025,16928207,0
032,112025,16928249,0
032,112025,16928295,0
032,112025,16928337,0
032,112025,16928425,0
032,112025,16928448,0
032,112025,16928570,0
032,112025,16928654,0
032,112025,16928677,0
032,112025,16928700,0
032,112025,16928723,0
032,112025,16928769,0
032,112025,16928792,0
032,112025,16928815,0
032,112025,16928857,0
032,112025,16928903,0
032,112025,16928926,0
032,112025,16928968,0
032,112025,16928991,0
032,112025,16929033,0
032,112025,16929155,0
032,112025,16929178,0
032,112025,16929201,0
032,112025,16929243,0
032,112025,16929388,0
032,112025,16929411,0
032,112025,16929480,0
032,112025,16929621,0
032,112025,16929686,0
032,112025,16929709,0
032,112025,16929732,0
032,112025,16929778,0
032,112025,16929801,0
032,112025,16929824,0
032,112025,16929870,0
032,112025,16929893,0
032,112025,16929935,0
032,112025,16930023,0
032,112025,16930088,0
032,112025,16930149,0
032,112025,16930191,0
032,112025,16930214,0
032,112025,16930237,0
032,112025,16930283,0
032,112025,16930306,0
032,112025,16930329,0
032,112025,16930417,0
032,112025,16930478,0
032,112025,16930501,0
032,112025,16930543,0
032,112025,16930585,0
032,112025,16930608,0
032,112025,16930669,0
032,112025,16930772,0
032,112025,16930917,0
032,112025,16930940,0
032,112025,16930963,0
032,112025,16931123,0
032,112025,16931260,0
032,112025,16931283,0
032,112025,16931325,0
032,112025,16931348,0
032,112025,16931413,0
032,112025,16931455,0
032,112025,16931535,0
032,112025,16931558,0
032,112025,16931623,0
032,112025,16931684,0
032,112025,16931749,0
032,112025,16931871,0
032,112025,16931894,0
032,112025,16931936,0
032,112025,16931997,0
032,112025,16932058,0
032,112025,16932104,0
032,112025,16932127,0
032,112025,16932207,0
032,112025,16932230,0
032,112025,16932291,0
032,112025,16932379,0
032,112025,16932402,0
032,112025,16932425,0
032,112025,16932448,0
032,112025,16932585,0
032,112025,16932627,0
032,112025,16932726,0
032,112025,16932768,0
032,112025,16932791,0
032,112025,16932833,0
032,112025,16932894,0
032,112025,16932917,0
032,112025,16932940,0
032,112025,16932963,0
032,112025,16933005,0
032,112025,16933070,0
032,112025,16933131,0
032,112025,16933154,0
032,112025,16933196,0
032,112025,16933238,0
032,112025,16933261,0
032,112025,16933303,0
032,112025,16933368,0
032,112025,16933391,0
032,112025,16933433,0
032,112025,16933548,0
032,112025,16933609,0
032,112025,16933655,0
032,112025,16933720,0
032,112025,16933743,0
032,112025,16933994,0
032,112025,16934040,0
032,112025,16934082,0
032,112025,16934105,0
032,112025,16934147,0
032,112025,16934170,0
032,112025,16934231,0
032,112025,16934296,0
032,112025,16934342,0
032,112025,16934407,0
032,112025,16934430,0
032,112025,16934453,0
032,112025,16934476,0
032,112025,16934518,0
032,112025,16934560,0
032,112025,16934640,0
032,112025,16934701,0
032,112025,16934762,0
032,112025,16934785,0
032,112025,16934827,0
032,112025,16934873,0
032,112025,16934915,0
032,112025,16934938,0
032,112025,16934984,0
032,112025,16935026,0
032,112025,16935087,0
032,112025,16935129,0
032,112025,16935194,0
032,112025,16935217,0
032,112025,16935301,0
032,112025,16935347,0
032,112025,16935370,0
032,112025,16935393,0
032,112025,16935416,0
032,112025,16935439,0
032,112025,16935481,0
032,112025,16935569,0
032,112025,16935592,0
032,112025,16935634,0
032,112025,16935714,0
032,112025,16935794,0
032,112025,16935863,0
032,112025,16935943,0
032,112025,16936099,0
032,112025,16936168,0
032,112025,16936214,0
032,112025,16936260,0
032,112025,16936302,0
032,112025,16936325,0
032,112025,16936348,0
032,112025,16936413,0
032,112025,16936611,0
032,112025,16936634,0
032,112025,16936676,0
032,112025,16936699,0
032,112025,16936760,0
032,112025,16936783,0
032,112025,16936806,0
032,112025,16936829,0
032,112025,16936852,0
032,112025,16936932,0
032,112025,16937031,0
032,112025,16937054,0
032,112025,16937138,0
032,112025,16937180,0
032,112025,16937241,0
032,112025,16937264,0
032,112025,16937287,0
032,112025,16937386,0
032,112025,16937451,0
032,112025,16937577,0
032,112025,16937638,0
032,112025,16937680,0
032,112025,16937703,0
032,112025,16937764,0
032,112025,16937787,0
032,112025,16937852,0
032,112025,16937875,0
032,112025,16937898,0
032,112025,16937940,0
032,112025,16937982,0
032,112025,16938051,0
032,112025,16938097,0
032,112025,16938120,0
032,112025,16938143,0
032,112025,16938261,0
032,112025,16938307,0
032,112025,16938372,0
032,112025,16938414,0
032,112025,16938437,0
032,112025,16938658,0
032,112025,16938723,0
032,112025,16938811,0
032,112025,16938853,0
032,112025,16938895,0
032,112025,16938918,0
032,112025,16938979,0
032,112025,16939078,0
032,112025,16939101,0
032,112025,16939143,0
032,112025,16939166,0
032,112025,16939189,0
032,112025,16939212,0
032,112025,16939235,0
032,112025,16939277,0
032,112025,16939300,0
032,112025,16939437,0
032,112025,16939460,0
032,112025,16939559,0
032,112025,16939624,0
032,112025,16939647,0
032,112025,16939670,0
032,112025,16939804,0
032,112025,16939827,0
032,112025,16939850,0
032,112025,16939873,0
032,112025,16939915,0
032,112025,16939938,0
032,112025,16939984,0
032,112025,16940007,0
032,112025,16940068,0
032,112025,16940148,0
032,112025,16940171,0
032,112025,16940194,0
032,112025,16940217,0
032,112025,16940259,0
032,112025,16940301,0
032,112025,16940343,0
032,112025,16940412,0
032,112025,16940454,0
032,112025,16940565,0
032,112025,16940588,0
032,112025,16940611,0
032,112025,16940634,0
032,112025,16940657,0
032,112025,16940718,0
032,112025,16940783,0
032,112025,16940806,0
032,112025,16940848,0
032,112025,16940894,0
032,112025,16940993,0
032,112025,16941081,0
032,112025,16941123,0
032,112025,16941146,0
032,112025,16941169,0
032,112025,16941192,0
032,112025,16941215,0
032,112025,16941238,0
032,112025,16941299,0
032,112025,16941417,0
032,112025,16941554,0
032,112025,16941577,0
032,112025,16941619,0
032,112025,16941707,0
032,112025,16941730,0
032,112025,16941772,0
032,112025,16941795,0
032,112025,16941818,0
032,112025,16941860,0
032,112025,16941883,0
032,112025,16941944,0
032,112025,16941986,0
032,112025,16942070,0
032,112025,16942093,0
032,112025,16942116,0
032,112025,16942139,0
032,112025,16942185,0
032,112025,16942231,0
032,112025,16942311,0
032,112025,16942334,0
032,112025,16942376,0
032,112025,16942399,0
032,112025,16942422,0
032,112025,16942468,0
032,112025,16942510,0
032,112025,16942575,0
032,112025,16942636,0
032,112025,16942678,0
032,112025,16942720,0
032,112025,16942766,0
032,112025,16942808,0
032,112025,16942854,0
032,112025,16942915,0
032,112025,16942938,0
032,112025,16942999,0
032,112025,16943022,0
032,112025,16943045,0
032,112025,16943068,0
032,112025,16943137,0
032,112025,16943160,0
032,112025,16943294,0
032,112025,16943317,0
032,112025,16943382,0
032,112025,16943424,0
032,112025,16943466,0
032,112025,16943508,0
032,112025,16943531,0
032,112025,16943554,0
032,112025,16943577,0
032,112025,16943600,0
032,112025,16943646,0
032,112025,16943669,0
032,112025,16943715,0
032,112025,16943738,0
032,112025,16943761,0
032,112025,16943807,0
032,112025,16943887,0
032,112025,16943933,0
032,112025,16943994,0
032,112025,16944017,0
032,112025,16944040,0
032,112025,16944272,0
032,112025,16944295,0
032,112025,16944341,0
032,112025,16944383,0
032,112025,16944406,0
032,112025,16944490,0
032,112025,16944551,0
032,112025,16944616,0
032,112025,16944677,0
032,112025,16944719,0
032,112025,16944742,0
032,112025,16944826,0
032,112025,16944868,0
032,112025,16944986,0
032,112025,16945028,0
032,112025,16945070,0
032,112025,16945112,0
032,112025,16945135,0
032,112025,16945405,0
032,112025,16945466,0
032,112025,16945527,0
032,112025,16945592,0
032,112025,16945638,0
032,112025,16945684,0
032,112025,16945707,0
032,112025,16945749,0
032,112025,16945810,0
032,112025,16945856,0
032,112025,16945879,0
032,112025,16945902,0
032,112025,16946096,0
032,112025,16946264,0
032,112025,16946333,0
032,112025,16946356,0
032,112025,16946474,0
032,112025,16946535,0
032,112025,16946558,0
032,112025,16946695,0
032,112025,16946813,0
032,112025,16946836,0
032,112025,16946859,0
032,112025,16946882,0
032,112025,16947304,0
032,112025,16947346,0
032,112025,16947388,0
032,112025,16947567,0
032,112025,16947632,0
032,112025,16947655,0
032,112025,16947739,0
032,112025,16947762,0
032,112025,16947808,0
032,112025,16947854,0
032,112025,16947877,0
032,112025,16947965,0
032,112025,16947988,0
032,112025,16948011,0
032,112025,16948034,0
032,112025,16948057,0
032,112025,16948099,0
032,112025,16948179,0
032,112025,16948202,0
032,112025,16948244,0
032,112025,16948267,0
032,112025,16948328,0
032,112025,16948351,0
032,112025,16948393,0
032,112025,16948416,0
032,112025,16948439,0
032,112025,16948523,0
032,112025,16948569,0
032,112025,16948592,0
032,112025,16948638,0
032,112025,16948661,0
032,112025,16948741,0
032,112025,16948783,0
032,112025,16948825,0
032,112025,16948940,0
032,112025,16949020,0
032,112025,16949043,0
032,112025,16949066,0
032,112025,16949184,0
032,112025,16949226,0
032,112025,16949249,0
032,112025,16949272,0
032,112025,16949295,0
032,112025,16949360,0
032,112025,16949402,0
032,112025,16949501,0
032,112025,16949524,0
032,112025,16949604,0
032,112025,16949627,0
032,112025,16949688,0
032,112025,16949711,0
032,112025,16949791,0
032,112025,16949879,0
032,112025,16950039,0
032,112025,16950062,0
032,112025,16950104,0
032,112025,16950150,0
032,112025,16950215,0
032,112025,16950261,0
032,112025,16950345,0
032,112025,16950368,0
032,112025,16951037,0
032,112025,16951060,0
032,112025,16951140,0
032,112025,16951224,0
032,112025,16951304,0
032,112025,16951327,0
032,112025,16951388,0
032,112025,16951411,0
032,112025,16951434,0
032,112025,16951552,0
032,112025,16951689,0
032,112025,16951712,0
032,112025,16951758,0
032,112025,16951781,0
032,112025,16951827,0
032,112025,16951850,0
032,112025,16951873,0
032,112025,16951919,0
032,112025,16952022,0
032,112025,16952102,0
032,112025,16952182,0
032,112025,16952224,0
032,112025,16952266,0
032,112025,16952308,0
032,112025,16952331,0
032,112025,16952419,0
032,112025,16952499,0
032,112025,16952564,0
032,112025,16952652,0
032,112025,16952675,0
032,112025,16952763,0
032,112025,16953033,0
032,112025,16953113,0
032,112025,16953136,0
032,112025,16953178,0
032,112025,16953243,0
032,112025,16953266,0
032,112025,16953308,0
032,112025,16953331,0
032,112025,16953377,0
032,112025,16953419,0
032,112025,16953480,0
032,112025,16953503,0
032,112025,16953876,0
032,112025,16953899,0
032,112025,16953941,0
032,112025,16954002,0
032,112025,16954048,0
032,112025,16954128,0
032,112025,16954170,0
032,112025,16954235,0
032,112025,16954300,0
032,112025,16954342,0
032,112025,16954384,0
032,112025,16954491,0
032,112025,16954579,0
032,112025,16954621,0
032,112025,16954644,0
032,112025,16954736,0
032,112025,16954824,0
032,112025,16954847,0
032,112025,16954870,0
032,112025,16954912,0
032,112025,16954935,0
032,112025,16955072,0
032,112025,16955171,0
032,112025,16955251,0
032,112025,16955274,0
032,112025,16955297,0
032,112025,16955339,0
032,112025,16955362,0
032,112025,16955423,0
032,112025,16955446,0
032,112025,16955469,0
032,112025,16955515,0
032,112025,16955538,0
032,112025,16955622,0
032,112025,16955691,0
032,112025,16955737,0
032,112025,16955798,0
032,112025,16955840,0
032,112025,16955863,0
032,112025,16955886,0
032,112025,16955909,0
032,112025,16955951,0
032,112025,16955974,0
032,112025,16956016,0
032,112025,16956062,0
032,112025,16956108,0
032,112025,16956150,0
032,112025,16956215,0
032,112025,16956261,0
032,112025,16956349,0
032,112025,16956433,0
032,112025,16956475,0
032,112025,16956559,0
032,112025,16956582,0
032,112025,16956647,0
032,112025,16956727,0
032,112025,16956750,0
032,112025,16956773,0
032,112025,16956796,0
032,112025,16956838,0
032,112025,16956899,0
032,112025,16956979,0
032,112025,16957002,0
032,112025,16957044,0
032,112025,16957090,0
032,112025,16957155,0
032,112025,16957178,0
032,112025,16957201,0
032,112025,16957243,0
032,112025,16957285,0
032,112025,16957346,0
032,112025,16957438,0
032,112025,16957461,0
032,112025,16957526,0
032,112025,16957549,0
032,112025,16957572,0
032,112025,16957656,0
032,112025,16957698,0
032,112025,16957896,0
032,112025,16957942,0
032,112025,16957965,0
032,112025,16958034,0
032,112025,16958057,0
032,112025,16958122,0
032,112025,16958225,0
032,112025,16958267,0
032,112025,16958290,0
032,112025,16958336,0
032,112025,16958359,0
032,112025,16958420,0
032,112025,16958443,0
032,112025,16958466,0
032,112025,16958527,0
032,112025,16958607,0
032,112025,16958668,0
032,112025,16958710,0
032,112025,16958756,0
032,112025,16958817,0
032,112025,16958840,0
032,112025,16958928,0
032,112025,16959035,0
032,112025,16959115,0
032,112025,16959138,0
032,112025,16959226,0
032,112025,16959333,0
032,112025,16959356,0
032,112025,16959379,0
032,112025,16959402,0
032,112025,16959463,0
032,112025,16959505,0
032,112025,16959528,0
032,112025,16959597,0
032,112025,16959620,0
032,112025,16959662,0
032,112025,16959708,0
032,112025,16959788,0
032,112025,16959834,0
032,112025,16959876,0
032,112025,16959899,0
032,112025,16959922,0
032,112025,16959945,0
032,112025,16960010,0
032,112025,16960052,0
032,112025,16960094,0
032,112025,16960117,0
032,112025,16960140,0
032,112025,16960220,0
032,112025,16960300,0
032,112025,16960323,0
032,112025,16960388,0
032,112025,16960411,0
032,112025,16960434,0
032,112025,16960495,0
032,112025,16960632,0
032,112025,16960750,0
032,112025,16960853,0
032,112025,16961028,0
032,112025,16961074,0
032,112025,16961154,0
032,112025,16961257,0
032,112025,16961280,0
032,112025,16961303,0
032,112025,16961326,0
032,112025,16961349,0
032,112025,16961372,0
032,112025,16961395,0
032,112025,16961498,0
032,112025,16961521,0
032,112025,16961563,0
032,112025,16961609,0
032,112025,16961708,0
032,112025,16961731,0
032,112025,16961773,0
032,112025,16961819,0
032,112025,16961880,0
032,112025,16961922,0
032,112025,16961945,0
032,112025,16961968,0
032,112025,16962010,0
032,112025,16962071,0
032,112025,16962094,0
032,112025,16962193,0
032,112025,16962216,0
032,112025,16962277,0
032,112025,16962338,0
032,112025,16962384,0
032,112025,16962430,0
032,112025,16962453,0
032,112025,16962476,0
032,112025,16962499,0
032,112025,16962568,0
032,112025,16962610,0
032,112025,16962633,0
032,112025,16962675,0
032,112025,16962698,0
032,112025,16962740,0
032,112025,16962805,0
032,112025,16962828,0
032,112025,16962927,0
032,112025,16963019,0
032,112025,16963088,0
032,112025,16963130,0
032,112025,16963191,0
032,112025,16963214,0
032,112025,16963302,0
032,112025,16963325,0
032,112025,16963390,0
032,112025,16963413,0
032,112025,16963482,0
032,112025,16963524,0
032,112025,16963547,0
032,112025,16963627,0
032,112025,16963673,0
032,112025,16963719,0
032,112025,16963742,0
032,112025,16963765,0
032,112025,16963788,0
032,112025,16963849,0
032,112025,16963872,0
032,112025,16963895,0
032,112025,16963937,0
032,112025,16963960,0
032,112025,16964021,0
032,112025,16964120,0
032,112025,16964181,0
032,112025,16964204,0
032,112025,16964296,0
032,112025,16964319,0
032,112025,16964342,0
032,112025,16964407,0
032,112025,16964468,0
032,112025,16964491,0
032,112025,16964533,0
032,112025,16964556,0
032,112025,16964602,0
032,112025,16964644,0
032,112025,16964667,0
032,112025,16964713,0
032,112025,16964755,0
032,112025,16964801,0
032,112025,16964889,0
032,112025,16964969,0
032,112025,16965015,0
032,112025,16965076,0
032,112025,16965145,0
032,112025,16965168,0
032,112025,16965191,0
032,112025,16965275,0
032,112025,16965317,0
032,112025,16965340,0
032,112025,16965363,0
032,112025,16965443,0
032,112025,16965485,0
032,112025,16965680,0
032,112025,16965722,0
032,112025,16965783,0
032,112025,16965806,0
032,112025,16965886,0
032,112025,16965909,0
032,112025,16966020,0
032,112025,16966104,0
032,112025,16966146,0
032,112025,16966188,0
032,112025,16966249,0
032,112025,16966310,0
032,112025,16966352,0
032,112025,16966417,0
032,112025,16966459,0
032,112025,16966596,0
032,112025,16966638,0
032,112025,16966718,0
032,112025,16966779,0
032,112025,16966802,0
032,112025,16966825,0
032,112025,16966871,0
032,112025,16966913,0
032,112025,16966955,0
032,112025,16966978,0
032,112025,16967024,0
032,112025,16967104,0
032,112025,16967146,0
032,112025,16967169,0
032,112025,16967230,0
032,112025,16967272,0
032,112025,16967333,0
032,112025,16967356,0
032,112025,16967417,0
032,112025,16967497,0
032,112025,16967729,0
032,112025,16967771,0
032,112025,16967859,0
032,112025,16967882,0
032,112025,16967924,0
032,112025,16967985,0
032,112025,16968050,0
032,112025,16968111,0
032,112025,16968134,0
032,112025,16968180,0
032,112025,16968203,0
032,112025,16968226,0
032,112025,16968287,0
032,112025,16968310,0
032,112025,16968356,0
032,112025,16968539,0
032,112025,16968646,0
032,112025,16968669,0
032,112025,16968711,0
032,112025,16968753,0
032,112025,16968814,0
032,112025,16968894,0
032,112025,16968917,0
032,112025,16968940,0
032,112025,16968963,0
032,112025,16968986,0
032,112025,16969009,0
032,112025,16969074,0
032,112025,16969120,0
032,112025,16969162,0
032,112025,16969250,0
032,112025,16969353,0
032,112025,16969414,0
032,112025,16969437,0
032,112025,16969483,0
032,112025,16969506,0
032,112025,16969575,0
032,112025,16969636,0
032,112025,16969682,0
032,112025,16969751,0
032,112025,16969774,0
032,112025,16969797,0
032,112025,16969862,0
032,112025,16969904,0
032,112025,16969946,0
032,112025,16969988,0
032,112025,16970011,0
032,112025,16970034,0
032,112025,16970171,0
032,112025,16970255,0
032,112025,16970278,0
032,112025,16970400,0
032,112025,16970613,0
032,112025,16970674,0
032,112025,16970697,0
032,112025,16970739,0
032,112025,16970781,0
032,112025,16970804,0
032,112025,16970827,0
032,112025,16970892,0
032,112025,16970934,0
032,112025,16970980,0
032,112025,16971003,0
032,112025,16971049,0
032,112025,16971091,0
032,112025,16971194,0
032,112025,16971274,0
032,112025,16971297,0
032,112025,16971358,0
032,112025,16971419,0
032,112025,16971518,0
032,112025,16971541,0
032,112025,16971564,0
032,112025,16971667,0
032,112025,16971690,0
032,112025,16971713,0
032,112025,16971736,0
032,112025,16971759,0
032,112025,16971782,0
032,112025,16971824,0
032,112025,16971946,0
032,112025,16972034,0
032,112025,16972151,0
032,112025,16972193,0
032,112025,16972258,0
032,112025,16972319,0
032,112025,16972464,0
032,112025,16972487,0
032,112025,16972529,0
032,112025,16972552,0
032,112025,16972613,0
032,112025,16972655,0
032,112025,16972701,0
032,112025,16972724,0
032,112025,16972842,0
032,112025,16972865,0
032,112025,16972926,0
032,112025,16972968,0
032,112025,16973010,0
032,112025,16973033,0
032,112025,16973098,0
032,112025,16973182,0
032,112025,16973293,0
032,112025,16973358,0
032,112025,16973427,0
032,112025,16973450,0
032,112025,16973511,0
032,112025,16973595,0
032,112025,16973656,0
032,112025,16973717,0
032,112025,16973740,0
032,112025,16973763,0
032,112025,16973824,0
032,112025,16973866,0
032,112025,16973912,0
032,112025,16973977,0
032,112025,16974000,0
032,112025,16974084,0
032,112025,16974107,0
032,112025,16974130,0
032,112025,16974153,0
032,112025,16974237,0
032,112025,16974302,0
032,112025,16974344,0
032,112025,16974367,0
032,112025,16974390,0
032,112025,16974459,0
032,112025,16974501,0
032,112025,16974695,0
032,112025,16974737,0
032,112025,16974760,0
032,112025,16974783,0
032,112025,16974829,0
032,112025,16974894,0
032,112025,16974917,0
032,112025,16975035,0
032,112025,16975077,0
032,112025,16975176,0
032,112025,16975218,0
032,112025,16975241,0
032,112025,16975454,0
032,112025,16975523,0
032,112025,16975546,0
032,112025,16975611,0
032,112025,16975634,0
032,112025,16975695,0
032,112025,16975737,0
032,112025,16975840,0
032,112025,16975863,0
032,112025,16975886,0
032,112025,16975909,0
032,112025,16975932,0
032,112025,16975955,0
032,112025,16975997,0
032,112025,16976100,0
032,112025,16976123,0
032,112025,16976169,0
032,112025,16976230,0
032,112025,16976272,0
032,112025,16976314,0
032,112025,16976356,0
032,112025,16976417,0
032,112025,16976478,0
032,112025,16976501,0
032,112025,16976524,0
032,112025,16976547,0
032,112025,16976570,0
032,112025,16976593,0
032,112025,16976616,0
032,112025,16976681,0
032,112025,16976723,0
032,112025,16976784,0
032,112025,16976940,0
032,112025,16976963,0
032,112025,16976986,0
032,112025,16977028,0
032,112025,16977093,0
032,112025,16977135,0
032,112025,16977177,0
032,112025,16977200,0
032,112025,16977242,0
032,112025,16977265,0
032,112025,16977376,0
032,112025,16977437,0
032,112025,16977479,0
032,112025,16977567,0
032,112025,16977590,0
032,112025,16977651,0
032,112025,16977712,0
032,112025,16977754,0
032,112025,16977800,0
032,112025,16977842,0
032,112025,16977865,0
032,112025,16977888,0
032,112025,16977930,0
032,112025,16977953,0
032,112025,16977995,0
032,112025,16978018,0
032,112025,16978083,0
032,112025,16978144,0
032,112025,16978186,0
032,112025,16978228,0
032,112025,16978251,0
032,112025,16978312,0
032,112025,16978335,0
032,112025,16978358,0
032,112025,16978381,0
032,112025,16978530,0
032,112025,16978553,0
032,112025,16978576,0
032,112025,16978622,0
032,112025,16978645,0
032,112025,16978691,0
032,112025,16978714,0
032,112025,16978756,0
032,112025,16978798,0
032,112025,16978821,0
032,112025,16978863,0
032,112025,16978909,0
032,112025,16978932,0
032,112025,16978974,0
032,112025,16978997,0
032,112025,16979020,0
032,112025,16979043,0
032,112025,16979085,0
032,112025,16979150,0
032,112025,16979215,0
032,112025,16979284,0
032,112025,16979463,0
032,112025,16979509,0
032,112025,16979551,0
032,112025,16979597,0
032,112025,16979666,0
032,112025,16979746,0
032,112025,16979769,0
032,112025,16979868,0
032,112025,16979891,0
032,112025,16979914,0
032,112025,16979937,0
032,112025,16979979,0
032,112025,16980044,0
032,112025,16980067,0
032,112025,16980113,0
032,112025,16980136,0
032,112025,16980159,0
032,112025,16980182,0
032,112025,16980205,0
032,112025,16980274,0
032,112025,16980339,0
032,112025,16980400,0
032,112025,16980442,0
032,112025,16980484,0
032,112025,16980564,0
032,112025,16980587,0
032,112025,16980675,0
032,112025,16980736,0
032,112025,16980778,0
032,112025,16980801,0
032,112025,16980885,0
032,112025,16980927,0
032,112025,16980950,0
032,112025,16981019,0
032,112025,16981061,0
032,112025,16981084,0
032,112025,16981145,0
032,112025,16981168,0
032,112025,16981514,0
032,112025,16981537,0
032,112025,16981579,0
032,112025,16981625,0
032,112025,16981648,0
032,112025,16981690,0
032,112025,16981732,0
032,112025,16981755,0
032,112025,16981820,0
032,112025,16981843,0
032,112025,16981866,0
032,112025,16981927,0
032,112025,16981973,0
032,112025,16982019,0
032,112025,16982042,0
032,112025,16982103,0
032,112025,16982126,0
032,112025,16982172,0
032,112025,16982195,0
032,112025,16982237,0
032,112025,16982260,0
032,112025,16982302,0
032,112025,16982344,0
032,112025,16982424,0
032,112025,16982470,0
032,112025,16982877,0
032,112025,16982919,0
032,112025,16982942,0
032,112025,16982984,0
032,112025,16983007,0
032,112025,16983049,0
032,112025,16983072,0
032,112025,16983095,0
032,112025,16983118,0
032,112025,16983141,0
032,112025,16983187,0
032,112025,16983229,0
032,112025,16983271,0
032,112025,16983313,0
032,112025,16983336,0
032,112025,16983397,0
032,112025,16983458,0
032,112025,16983538,0
032,112025,16983561,0
032,112025,16983603,0
032,112025,16983778,0
032,112025,16983820,0
032,112025,16983885,0
032,112025,16983908,0
032,112025,16983950,0
032,112025,16983973,0
032,112025,16984019,0
032,112025,16984042,0
032,112025,16984084,0
032,112025,16984126,0
032,112025,16984206,0
032,112025,16984229,0
032,112025,16984275,0
032,112025,16984317,0
032,112025,16984340,0
032,112025,16984386,0
032,112025,16984409,0
032,112025,16984455,0
032,112025,16984478,0
032,112025,16984501,0
032,112025,16984524,0
032,112025,16984608,0
032,112025,16984650,0
032,112025,16984738,0
032,112025,16984761,0
032,112025,16984853,0
032,112025,16984918,0
032,112025,16984941,0
032,112025,16985006,0
032,112025,16985105,0
032,112025,16985147,0
032,112025,16985170,0
032,112025,16985193,0
032,112025,16985239,0
032,112025,16985281,0
032,112025,16985361,0
032,112025,16985403,0
032,112025,16985426,0
032,112025,16985468,0
032,112025,16985491,0
032,112025,16985533,0
032,112025,16985659,0
032,112025,16985701,0
032,112025,16985743,0
032,112025,16985766,0
032,112025,16986287,0
032,112025,16986367,0
032,112025,16986447,0
032,112025,16986581,0
032,112025,16986604,0
032,112025,16986646,0
032,112025,16986688,0
032,112025,16986711,0
032,112025,16986772,0
032,112025,16986795,0
032,112025,16986818,0
032,112025,16986860,0
032,112025,16986883,0
032,112025,16986906,0
032,112025,16987005,0
032,112025,16987028,0
032,112025,16987070,0
032,112025,16987131,0
032,112025,16987173,0
032,112025,16987219,0
032,112025,16987242,0
032,112025,16987284,0
032,112025,16987307,0
032,112025,16987456,0
032,112025,16987517,0
032,112025,16987597,0
032,112025,16987658,0
032,112025,16987700,0
032,112025,16987742,0
032,112025,16987822,0
032,112025,16987845,0
032,112025,16987887,0
032,112025,16987910,0
032,112025,16987933,0
032,112025,16987956,0
032,112025,16988021,0
032,112025,16988105,0
032,112025,16988166,0
032,112025,16988208,0
032,112025,16988269,0
032,112025,16988292,0
032,112025,16988334,0
032,112025,16988357,0
032,112025,16988418,0
032,112025,16988559,0
032,112025,16988628,0
032,112025,16988670,0
032,112025,16988693,0
032,112025,16988754,0
032,112025,16988796,0
032,112025,16988838,0
032,112025,16988884,0
032,112025,16988907,0
032,112025,16988987,0
032,112025,16989010,0
032,112025,16989052,0
032,112025,16989075,0
032,112025,16989098,0
032,112025,16989121,0
032,112025,16989258,0
032,112025,16989570,0
032,112025,16989726,0
032,112025,16989768,0
032,112025,16989791,0
032,112025,16989814,0
032,112025,16989837,0
032,112025,16989879,0
032,112025,16990051,0
032,112025,16990074,0
032,112025,16990139,0
032,112025,16990162,0
032,112025,16990223,0
032,112025,16990269,0
032,112025,16990292,0
032,112025,16990334,0
032,112025,16990399,0
032,112025,16990422,0
032,112025,16990597,0
032,112025,16990719,0
032,112025,16990765,0
032,112025,16990788,0
032,112025,16990834,0
032,112025,16990941,0
032,112025,16990964,0
032,112025,16990987,0
032,112025,16991048,0
032,112025,16991094,0
032,112025,16991182,0
032,112025,16991228,0
032,112025,16991251,0
032,112025,16991274,0
032,112025,16991316,0
032,112025,16991362,0
032,112025,16991404,0
032,112025,16991446,0
032,112025,16991538,0
032,112025,16991599,0
032,112025,16991641,0
032,112025,16991721,0
032,112025,16991744,0
032,112025,16991786,0
032,112025,16991809,0
032,112025,16991893,0
032,112025,16991973,0
032,112025,16992019,0
032,112025,16992061,0
032,112025,16992202,0
032,112025,16992244,0
032,112025,16992324,0
032,112025,16992347,0
032,112025,16992389,0
032,112025,16992412,0
032,112025,16992435,0
032,112025,16992500,0
032,112025,16992523,0
032,112025,16992592,0
032,112025,16992653,0
032,112025,16992676,0
032,112025,16992737,0
032,112025,16992802,0
032,112025,16992844,0
032,112025,16992867,0
032,112025,16992909,0
032,112025,16992932,0
032,112025,16992993,0
032,112025,16993035,0
032,112025,16993077,0
032,112025,16993100,0
032,112025,16993123,0
032,112025,16993146,0
032,112025,16993188,0
032,112025,16993234,0
032,112025,16993276,0
032,112025,16993318,0
032,112025,16993364,0
032,112025,16993410,0
032,112025,16993452,0
032,112025,16993475,0
032,112025,16993597,0
032,112025,16993734,0
032,112025,16993780,0
032,112025,16993822,0
032,112025,16993845,0
032,112025,16993925,0
032,112025,16993948,0
032,112025,16993994,0
032,112025,16994036,0
032,112025,16994097,0
032,112025,16994120,0
032,112025,16994143,0
032,112025,16994166,0
032,112025,16994189,0
032,112025,16994231,0
032,112025,16994273,0
032,112025,16994338,0
032,112025,16994399,0
032,112025,16994483,0
032,112025,16994506,0
032,112025,16994529,0
032,112025,16994552,0
032,112025,16994594,0
032,112025,16994697,0
032,112025,16994758,0
032,112025,16994804,0
032,112025,16994827,0
032,112025,16994850,0
032,112025,16994873,0
032,112025,16995124,0
032,112025,16995166,0
032,112025,16995189,0
032,112025,16995269,0
032,112025,16995311,0
032,112025,16995353,0
032,112025,16995399,0
032,112025,16995445,0
032,112025,16995468,0
032,112025,16995491,0
032,112025,16995575,0
032,112025,16995621,0
032,112025,16995644,0
032,112025,16995747,0
032,112025,16995827,0
032,112025,16995869,0
032,112025,16995892,0
032,112025,16995915,0
032,112025,16995980,0
032,112025,16996022,0
032,112025,16996064,0
032,112025,16996167,0
032,112025,16996209,0
032,112025,16996346,0
032,112025,16996369,0
032,112025,16996392,0
032,112025,16996415,0
032,112025,16996461,0
032,112025,16996522,0
032,112025,16996602,0
032,112025,16996625,0
032,112025,16996648,0
032,112025,16996671,0
032,112025,16996717,0
032,112025,16996740,0
032,112025,16996782,0
032,112025,16996824,0
032,112025,16996893,0
032,112025,16996958,0
032,112025,16997004,0
032,112025,16997119,0
032,112025,16997256,0
032,112025,16997412,0
032,112025,16997492,0
032,112025,16997515,0
032,112025,16997557,0
032,112025,16997622,0
032,112025,16997683,0
032,112025,16997725,0
032,112025,16997748,0
032,112025,16997771,0
032,112025,16997794,0
032,112025,16997817,0
032,112025,16997905,0
032,112025,16997985,0
032,112025,16998103,0
032,112025,16998126,0
032,112025,16998168,0
032,112025,16998248,0
032,112025,16998271,0
032,112025,16998317,0
032,112025,16998397,0
032,112025,16998458,0
032,112025,16998481,0
032,112025,16998561,0
032,112025,16998584,0
032,112025,16998607,0
032,112025,16998649,0
032,112025,16998691,0
032,112025,16998714,0
032,112025,16998794,0
032,112025,16998855,0
032,112025,16998878,0
032,112025,16998989,0
032,112025,16999073,0
032,112025,16999138,0
032,112025,16999180,0
032,112025,16999203,0
032,112025,16999268,0
032,112025,16999291,0
032,112025,16999314,0
032,112025,16999413,0
032,112025,16999436,0
032,112025,16999459,0
032,112025,16999482,0
032,112025,16999505,0
032,112025,16999528,0
032,112025,16999593,0
032,112025,16999639,0
032,112025,16999662,0
032,112025,16999704,0
032,112025,16999727,0
032,112025,16999769,0
032,112025,16999815,0
032,112025,16999861,0
032,112025,16999903,0
032,112025,17000040,0
032,112025,17000063,0
032,112025,17000124,0
032,112025,17000147,0
032,112025,17000189,0
032,112025,17000231,0
032,112025,17000273,0
032,112025,17000353,0
032,112025,17000452,0
032,112025,17000475,0
032,112025,17000540,0
032,112025,17000601,0
032,112025,17000681,0
032,112025,17000704,0
032,112025,17000727,0
032,112025,17000750,0
032,112025,17000830,0
032,112025,17000872,0
032,112025,17000952,0
032,112025,17001021,0
032,112025,17001063,0
032,112025,17001086,0
032,112025,17001174,0
032,112025,17001216,0
032,112025,17001258,0
032,112025,17001319,0
032,112025,17001342,0
032,112025,17001365,0
032,112025,17001445,0
032,112025,17001529,0
032,112025,17001590,0
032,112025,17001632,0
032,112025,17001655,0
032,112025,17001724,0
032,112025,17001747,0
032,112025,17001816,0
032,112025,17001839,0
032,112025,17001900,0
032,112025,17001946,0
032,112025,17001988,0
032,112025,17002011,0
032,112025,17002103,0
032,112025,17002126,0
032,112025,17002206,0
032,112025,17002229,0
032,112025,17002271,0
032,112025,17002294,0
032,112025,17002317,0
032,112025,17002378,0
032,112025,17002458,0
032,112025,17002500,0
032,112025,17002561,0
032,112025,17002584,0
032,112025,17002626,0
032,112025,17002649,0
032,112025,17002691,0
032,112025,17002714,0
032,112025,17002756,0
032,112025,17002779,0
032,112025,17002821,0
032,112025,17002867,0
032,112025,17002890,0
032,112025,17002913,0
032,112025,17002982,0
032,112025,17003005,0
032,112025,17003047,0
032,112025,17003112,0
032,112025,17003173,0
032,112025,17003196,0
032,112025,17003238,0
032,112025,17003261,0
032,112025,17003284,0
032,112025,17003349,0
032,112025,17003456,0
032,112025,17003498,0
032,112025,17003540,0
032,112025,17003582,0
032,112025,17003624,0
032,112025,17003685,0
032,112025,17003708,0
032,112025,17003754,0
032,112025,17003796,0
032,112025,17003819,0
032,112025,17003865,0
032,112025,17003888,0
032,112025,17003911,0
032,112025,17003934,0
032,112025,17003957,0
032,112025,17003980,0
032,112025,17004159,0
032,112025,17004201,0
032,112025,17004262,0
032,112025,17004323,0
032,112025,17004365,0
032,112025,17004388,0
032,112025,17004411,0
032,112025,17004472,0
032,112025,17004495,0
032,112025,17004518,0
032,112025,17004579,0
032,112025,17004621,0
032,112025,17004644,0
032,112025,17004705,0
032,112025,17004747,0
032,112025,17004789,0
032,112025,17004812,0
032,112025,17004873,0
032,112025,17004896,0
032,112025,17004919,0
032,112025,17004942,0
032,112025,17005007,0
032,112025,17005030,0
032,112025,17005053,0
032,112025,17005076,0
032,112025,17005099,0
032,112025,17005145,0
032,112025,17005187,0
032,112025,17005229,0
032,112025,17005271,0
032,112025,17005370,0
032,112025,17005602,0
032,112025,17005709,0
032,112025,17005732,0
032,112025,17005778,0
032,112025,17005801,0
032,112025,17005843,0
032,112025,17005866,0
032,112025,17005931,0
032,112025,17005954,0
032,112025,17006019,0
032,112025,17006042,0
032,112025,17006122,0
032,112025,17006164,0
032,112025,17006229,0
032,112025,17006309,0
032,112025,17006332,0
032,112025,17006374,0
032,112025,17006454,0
032,112025,17006477,0
032,112025,17006618,0
032,112025,17006683,0
032,112025,17006744,0
032,112025,17006824,0
032,112025,17006866,0
032,112025,17006992,0
032,112025,17007095,0
032,112025,17007198,0
032,112025,17007221,0
032,112025,17007286,0
032,112025,17007347,0
032,112025,17007408,0
032,112025,17007431,0
032,112025,17007454,0
032,112025,17007477,0
032,112025,17007500,0
032,112025,17007523,0
032,112025,17007569,0
032,112025,17007611,0
032,112025,17007714,0
032,112025,17007813,0
032,112025,17007836,0
032,112025,17007859,0
032,112025,17007882,0
032,112025,17007905,0
032,112025,17007928,0
032,112025,17007951,0
032,112025,17008016,0
032,112025,17008039,0
032,112025,17008062,0
032,112025,17008104,0
032,112025,17008146,0
032,112025,17008188,0
032,112025,17008230,0
032,112025,17008337,0
032,112025,17008360,0
032,112025,17008402,0
032,112025,17008467,0
032,112025,17008490,0
032,112025,17008536,0
032,112025,17008559,0
032,112025,17008681,0
032,112025,17008784,0
032,112025,17008864,0
032,112025,17008887,0
032,112025,17008948,0
032,112025,17008990,0
032,112025,17009036,0
032,112025,17009078,0
032,112025,17009120,0
032,112025,17009162,0
032,112025,17009261,0
032,112025,17009372,0
032,112025,17009414,0
032,112025,17009437,0
032,112025,17009479,0
032,112025,17009502,0
032,112025,17009525,0
032,112025,17009586,0
032,112025,17009628,0
032,112025,17009674,0
032,112025,17009697,0
032,112025,17009720,0
032,112025,17009743,0
032,112025,17009903,0
032,112025,17009949,0
032,112025,17010010,0
032,112025,17010052,0
032,112025,17010303,0
032,112025,17010364,0
032,112025,17010410,0
032,112025,17010471,0
032,112025,17010551,0
032,112025,17010574,0
032,112025,17010635,0
032,112025,17010776,0
032,112025,17010875,0
032,112025,17010959,0
032,112025,17011005,0
032,112025,17011085,0
032,112025,17011146,0
032,112025,17011188,0
032,112025,17011211,0
032,112025,17011234,0
032,112025,17011295,0
032,112025,17011337,0
032,112025,17011398,0
032,112025,17011421,0
032,112025,17011463,0
032,112025,17011505,0
032,112025,17011551,0
032,112025,17011612,0
032,112025,17011635,0
032,112025,17011696,0
032,112025,17011738,0
032,112025,17011784,0
032,112025,17011807,0
032,112025,17011830,0
032,112025,17011899,0
032,112025,17011945,0
032,112025,17011987,0
032,112025,17012010,0
032,112025,17012079,0
032,112025,17012144,0
032,112025,17012186,0
032,112025,17012228,0
032,112025,17012270,0
032,112025,17012293,0
032,112025,17012335,0
032,112025,17012419,0
032,112025,17012465,0
032,112025,17012545,0
032,112025,17012568,0
032,112025,17012629,0
032,112025,17012770,0
032,112025,17012812,0
032,112025,17012835,0
032,112025,17012942,0
032,112025,17012965,0
032,112025,17013007,0
032,112025,17013049,0
032,112025,17013095,0
032,112025,17013137,0
032,112025,17013198,0
032,112025,17013263,0
032,112025,17013324,0
032,112025,17013370,0
032,112025,17013697,0
032,112025,17013720,0
032,112025,17013766,0
032,112025,17013808,0
032,112025,17013869,0
032,112025,17013915,0
032,112025,17013938,0
032,112025,17013980,0
032,112025,17014064,0
032,112025,17014106,0
032,112025,17014129,0
032,112025,17014171,0
032,112025,17014213,0
032,112025,17014236,0
032,112025,17014282,0
032,112025,17014473,0
032,112025,17014515,0
032,112025,17014538,0
032,112025,17014561,0
032,112025,17014584,0
032,112025,17014626,0
032,112025,17014649,0
032,112025,17014691,0
032,112025,17014790,0
032,112025,17014878,0
032,112025,17014943,0
032,112025,17015061,0
032,112025,17015107,0
032,112025,17015130,0
032,112025,17015172,0
032,112025,17015218,0
032,112025,17015241,0
032,112025,17015264,0
032,112025,17015306,0
032,112025,17015348,0
032,112025,17015394,0
032,112025,17015436,0
032,112025,17015497,0
032,112025,17015562,0
032,112025,17015623,0
032,112025,17015665,0
032,112025,17015711,0
032,112025,17015734,0
032,112025,17015757,0
032,112025,17015822,0
032,112025,17015845,0
032,112025,17015868,0
032,112025,17015937,0
032,112025,17016002,0
032,112025,17016025,0
032,112025,17016067,0
032,112025,17016109,0
032,112025,17016132,0
032,112025,17016155,0
032,112025,17016178,0
032,112025,17016239,0
032,112025,17016319,0
032,112025,17016399,0
032,112025,17016468,0
032,112025,17016491,0
032,112025,17016514,0
032,112025,17016579,0
032,112025,17016697,0
032,112025,17016777,0
032,112025,17016819,0
032,112025,17016842,0
032,112025,17016903,0
032,112025,17016945,0
032,112025,17016991,0
032,112025,17017014,0
032,112025,17017037,0
032,112025,17017117,0
032,112025,17017140,0
032,112025,17017182,0
032,112025,17017205,0
032,112025,17017228,0
032,112025,17017289,0
032,112025,17017331,0
032,112025,17017354,0
032,112025,17017453,0
032,112025,17017533,0
032,112025,17017594,0
032,112025,17017674,0
032,112025,17017739,0
032,112025,17017800,0
032,112025,17017892,0
032,112025,17017934,0
032,112025,17018071,0
032,112025,17018117,0
032,112025,17018163,0
032,112025,17018232,0
032,112025,17018274,0
032,112025,17018297,0
032,112025,17018381,0
032,112025,17018404,0
032,112025,17018446,0
032,112025,17018530,0
032,112025,17018641,0
032,112025,17018725,0
032,112025,17018748,0
032,112025,17018771,0
032,112025,17018794,0
032,112025,17018817,0
032,112025,17018863,0
032,112025,17018905,0
032,112025,17018974,0
032,112025,17018997,0
032,112025,17019020,0
032,112025,17019062,0
032,112025,17019085,0
032,112025,17019127,0
032,112025,17019150,0
032,112025,17019196,0
032,112025,17019219,0
032,112025,17019261,0
032,112025,17019322,0
032,112025,17019387,0
032,112025,17019429,0
032,112025,17019509,0
032,112025,17019627,0
032,112025,17019715,0
032,112025,17019795,0
032,112025,17019837,0
032,112025,17019902,0
032,112025,17019967,0
032,112025,17020009,0
032,112025,17020032,0
032,112025,17020055,0
032,112025,17020078,0
032,112025,17020101,0
032,112025,17020166,0
032,112025,17020189,0
032,112025,17020231,0
032,112025,17020254,0
032,112025,17020296,0
032,112025,17020319,0
032,112025,17020342,0
032,112025,17020388,0
032,112025,17020411,0
032,112025,17020457,0
032,112025,17020575,0
032,112025,17020621,0
032,112025,17020667,0
032,112025,17020690,0
032,112025,17020732,0
032,112025,17020778,0
032,112025,17020824,0
032,112025,17020847,0
032,112025,17021045,0
032,112025,17021308,0
032,112025,17021331,0
032,112025,17021354,0
032,112025,17021377,0
032,112025,17021484,0
032,112025,17021507,0
032,112025,17021530,0
032,112025,17021572,0
032,112025,17021595,0
032,112025,17021656,0
032,112025,17021736,0
032,112025,17021759,0
032,112025,17021782,0
032,112025,17021805,0
032,112025,17021874,0
032,112025,17021897,0
032,112025,17021939,0
032,112025,17021985,0
032,112025,17022008,0
032,112025,17022031,0
032,112025,17022096,0
032,112025,17022119,0
032,112025,17022142,0
032,112025,17022188,0
032,112025,17022230,0
032,112025,17022272,0
032,112025,17022375,0
032,112025,17022417,0
032,112025,17022440,0
032,112025,17022501,0
032,112025,17022524,0
032,112025,17022547,0
032,112025,17022593,0
032,112025,17022658,0
032,112025,17022681,0
032,112025,17022727,0
032,112025,17022773,0
032,112025,17022796,0
032,112025,17022865,0
032,112025,17022888,0
032,112025,17022972,0
032,112025,17023052,0
032,112025,17023075,0
032,112025,17023098,0
032,112025,17023140,0
032,112025,17023243,0
032,112025,17023266,0
032,112025,17023308,0
032,112025,17023331,0
032,112025,17023354,0
032,112025,17023514,0
032,112025,17023556,0
032,112025,17023617,0
032,112025,17023678,0
032,112025,17023770,0
032,112025,17023831,0
032,112025,17023877,0
032,112025,17023923,0
032,112025,17023965,0
032,112025,17023988,0
032,112025,17024011,0
032,112025,17024034,0
032,112025,17024076,0
032,112025,17024118,0
032,112025,17024141,0
032,112025,17024183,0
032,112025,17024206,0
032,112025,17024271,0
032,112025,17024294,0
032,112025,17024355,0
032,112025,17024416,0
032,112025,17024477,0
032,112025,17024542,0
032,112025,17024584,0
032,112025,17024607,0
032,112025,17024630,0
032,112025,17024718,0
032,112025,17024741,0
032,112025,17024764,0
032,112025,17024787,0
032,112025,17024829,0
032,112025,17024852,0
032,112025,17024875,0
032,112025,17024898,0
032,112025,17024940,0
032,112025,17024982,0
032,112025,17025028,0
032,112025,17025283,0
032,112025,17025329,0
032,112025,17025352,0
032,112025,17025417,0
032,112025,17025440,0
032,112025,17025463,0
032,112025,17025627,0
032,112025,17025650,0
032,112025,17025673,0
032,112025,17025696,0
032,112025,17025719,0
032,112025,17025761,0
032,112025,17025822,0
032,112025,17025883,0
032,112025,17025967,0
032,112025,17025990,0
032,112025,17026032,0
032,112025,17026093,0
032,112025,17026135,0
032,112025,17026181,0
032,112025,17026265,0
032,112025,17026288,0
032,112025,17026353,0
032,112025,17026376,0
032,112025,17026399,0
032,112025,17026487,0
032,112025,17026510,0
032,112025,17026533,0
032,112025,17026575,0
032,112025,17026640,0
032,112025,17026701,0
032,112025,17026724,0
032,112025,17026804,0
032,112025,17026911,0
032,112025,17026953,0
032,112025,17026995,0
032,112025,17027037,0
032,112025,17027117,0
032,112025,17027163,0
032,112025,17027186,0
032,112025,17027209,0
032,112025,17027251,0
032,112025,17027293,0
032,112025,17027316,0
032,112025,17027362,0
032,112025,17027499,0
032,112025,17027522,0
032,112025,17027564,0
032,112025,17027644,0
032,112025,17027705,0
032,112025,17027766,0
032,112025,17027789,0
032,112025,17027835,0
032,112025,17027900,0
032,112025,17027946,0
032,112025,17028007,0
032,112025,17028030,0
032,112025,17028053,0
032,112025,17028118,0
032,112025,17028141,0
032,112025,17028210,0
032,112025,17028233,0
032,112025,17028294,0
032,112025,17028355,0
032,112025,17028416,0
032,112025,17028439,0
032,112025,17028504,0
032,112025,17028546,0
032,112025,17028592,0
032,112025,17028691,0
032,112025,17028733,0
032,112025,17028813,0
032,112025,17028855,0
032,112025,17028878,0
032,112025,17028901,0
032,112025,17028989,0
032,112025,17029012,0
032,112025,17029073,0
032,112025,17029119,0
032,112025,17029142,0
032,112025,17029226,0
032,112025,17029272,0
032,112025,17029337,0
032,112025,17029360,0
032,112025,17029402,0
032,112025,17029425,0
032,112025,17029467,0
032,112025,17029513,0
032,112025,17029582,0
032,112025,17029643,0
032,112025,17029704,0
032,112025,17029746,0
032,112025,17029811,0
032,112025,17029853,0
032,112025,17029876,0
032,112025,17030074,0
032,112025,17030200,0
032,112025,17030261,0
032,112025,17030303,0
032,112025,17030349,0
032,112025,17030372,0
032,112025,17030395,0
032,112025,17030437,0
032,112025,17030460,0
032,112025,17030571,0
032,112025,17030636,0
032,112025,17030678,0
032,112025,17030701,0
032,112025,17030724,0
032,112025,17030766,0
032,112025,17030808,0
032,112025,17030831,0
032,112025,17030911,0
032,112025,17030957,0
032,112025,17031018,0
032,112025,17031041,0
032,112025,17031064,0
032,112025,17031106,0
032,112025,17031148,0
032,112025,17031194,0
032,112025,17031259,0
032,112025,17031282,0
032,112025,17031328,0
032,112025,17031370,0
032,112025,17031412,0
032,112025,17031435,0
032,112025,17031496,0
032,112025,17031561,0
032,112025,17031649,0
032,112025,17031710,0
032,112025,17031756,0
032,112025,17031779,0
032,112025,17031863,0
032,112025,17031905,0
032,112025,17031947,0
032,112025,17031989,0
032,112025,17032069,0
032,112025,17032138,0
032,112025,17032180,0
032,112025,17032291,0
032,112025,17032314,0
032,112025,17032337,0
032,112025,17032383,0
032,112025,17032406,0
032,112025,17032471,0
032,112025,17032513,0
032,112025,17032555,0
032,112025,17032597,0
032,112025,17032639,0
032,112025,17032662,0
032,112025,17032685,0
032,112025,17032727,0
032,112025,17032792,0
032,112025,17032815,0
032,112025,17032914,0
032,112025,17033055,0
032,112025,17033097,0
032,112025,17033120,0
032,112025,17033143,0
032,112025,17033189,0
032,112025,17033231,0
032,112025,17033254,0
032,112025,17033277,0
032,112025,17033338,0
032,112025,17033384,0
032,112025,17033407,0
032,112025,17033491,0
032,112025,17033514,0
032,112025,17033537,0
032,112025,17033560,0
032,112025,17033625,0
032,112025,17033667,0
032,112025,17033690,0
032,112025,17033736,0
032,112025,17033847,0
032,112025,17033935,0
032,112025,17034023,0
032,112025,17034149,0
032,112025,17034214,0
032,112025,17034237,0
032,112025,17034260,0
032,112025,17034306,0
032,112025,17034329,0
032,112025,17034390,0
032,112025,17034413,0
032,112025,17034474,0
032,112025,17034497,0
032,112025,17034520,0
032,112025,17034695,0
032,112025,17034737,0
032,112025,17034779,0
032,112025,17034844,0
032,112025,17034867,0
032,112025,17034913,0
032,112025,17034955,0
032,112025,17035016,0
032,112025,17035058,0
032,112025,17035100,0
032,112025,17035123,0
032,112025,17035245,0
032,112025,17035306,0
032,112025,17035348,0
032,112025,17035409,0
032,112025,17035451,0
032,112025,17035520,0
032,112025,17035543,0
032,112025,17035566,0
032,112025,17035589,0
032,112025,17035612,0
032,112025,17035635,0
032,112025,17035696,0
032,112025,17035738,0
032,112025,17035780,0
032,112025,17035826,0
032,112025,17035868,0
032,112025,17035933,0
032,112025,17035956,0
032,112025,17035998,0
032,112025,17036040,0
032,112025,17036158,0
032,112025,17036200,0
032,112025,17036223,0
032,112025,17036288,0
032,112025,17036349,0
032,112025,17036452,0
032,112025,17036494,0
032,112025,17036536,0
032,112025,17036559,0
032,112025,17036639,0
032,112025,17036727,0
032,112025,17036750,0
032,112025,17036853,0
032,112025,17036876,0
032,112025,17036918,0
032,112025,17036983,0
032,112025,17037025,0
032,112025,17037048,0
032,112025,17037151,0
032,112025,17037193,0
032,112025,17037216,0
032,112025,17037262,0
032,112025,17037304,0
032,112025,17037365,0
032,112025,17037407,0
032,112025,17037430,0
032,112025,17037453,0
032,112025,17037476,0
032,112025,17037499,0
032,112025,17037598,0
032,112025,17037716,0
032,112025,17037739,0
032,112025,17037781,0
032,112025,17037804,0
032,112025,17037846,0
032,112025,17037888,0
032,112025,17038523,0
032,112025,17038546,0
032,112025,17038607,0
032,112025,17038630,0
032,112025,17038653,0
032,112025,17038695,0
032,112025,17038756,0
032,112025,17038779,0
032,112025,17038821,0
032,112025,17038844,0
032,112025,17038867,0
032,112025,17038909,0
032,112025,17038970,0
032,112025,17038993,0
032,112025,17039054,0
032,112025,17039096,0
032,112025,17039180,0
032,112025,17039203,0
032,112025,17039272,0
032,112025,17039318,0
032,112025,17039531,0
032,112025,17039554,0
032,112025,17039596,0
032,112025,17039642,0
032,112025,17039703,0
032,112025,17039726,0
032,112025,17039791,0
032,112025,17039814,0
032,112025,17039837,0
032,112025,17039879,0
032,112025,17039921,0
032,112025,17039944,0
032,112025,17039967,0
032,112025,17040009,0
032,112025,17040055,0
032,112025,17040078,0
032,112025,17040101,0
032,112025,17040238,0
032,112025,17040318,0
032,112025,17040398,0
032,112025,17040444,0
032,112025,17040467,0
032,112025,17040490,0
032,112025,17040513,0
032,112025,17040601,0
032,112025,17040719,0
032,112025,17040761,0
032,112025,17040784,0
032,112025,17040868,0
032,112025,17040891,0
032,112025,17040914,0
032,112025,17040956,0
032,112025,17040979,0
032,112025,17041071,0
032,112025,17041155,0
032,112025,17041315,0
032,112025,17041376,0
032,112025,17041399,0
032,112025,17041498,0
032,112025,17041521,0
032,112025,17041582,0
032,112025,17041670,0
032,112025,17041693,0
032,112025,17041735,0
032,112025,17041827,0
032,112025,17041949,0
032,112025,17041972,0
032,112025,17042033,0
032,112025,17042189,0
032,112025,17042212,0
032,112025,17042281,0
032,112025,17042304,0
032,112025,17042327,0
032,112025,17042388,0
032,112025,17042411,0
032,112025,17042434,0
032,112025,17042476,0
032,112025,17042518,0
032,112025,17042541,0
032,112025,17042606,0
032,112025,17042629,0
032,112025,17042652,0
032,112025,17042751,0
032,112025,17042793,0
032,112025,17042816,0
032,112025,17042839,0
032,112025,17042885,0
032,112025,17042908,0
032,112025,17042931,0
032,112025,17042973,0
032,112025,17043015,0
032,112025,17043038,0
032,112025,17043080,0
032,112025,17043141,0
032,112025,17043164,0
032,112025,17043206,0
032,112025,17043267,0
032,112025,17043439,0
032,112025,17043504,0
032,112025,17043550,0
032,112025,17043592,0
032,112025,17043718,0
032,112025,17043783,0
032,112025,17043806,0
032,112025,17043871,0
032,112025,17043894,0
032,112025,17043936,0
032,112025,17043978,0
032,112025,17044001,0
032,112025,17044043,0
032,112025,17044066,0
032,112025,17044108,0
032,112025,17044131,0
032,112025,17044215,0
032,112025,17044257,0
032,112025,17044280,0
032,112025,17044303,0
032,112025,17044326,0
032,112025,17044391,0
032,112025,17044471,0
032,112025,17044494,0
032,112025,17044517,0
032,112025,17044559,0
032,112025,17044582,0
032,112025,17044605,0
032,112025,17044666,0
032,112025,17044689,0
032,112025,17044731,0
032,112025,17044796,0
032,112025,17044903,0
032,112025,17044964,0
032,112025,17045029,0
032,112025,17045052,0
032,112025,17045075,0
032,112025,17045098,0
032,112025,17045163,0
032,112025,17045232,0
032,112025,17045312,0
032,112025,17045358,0
032,112025,17045400,0
032,112025,17045503,0
032,112025,17045545,0
032,112025,17045568,0
032,112025,17045667,0
032,112025,17045709,0
032,112025,17045732,0
032,112025,17045778,0
032,112025,17045820,0
032,112025,17045957,0
032,112025,17045980,0
032,112025,17046068,0
032,112025,17046091,0
032,112025,17046190,0
032,112025,17046213,0
032,112025,17046312,0
032,112025,17046396,0
032,112025,17046419,0
032,112025,17046537,0
032,112025,17046579,0
032,112025,17046621,0
032,112025,17046667,0
032,112025,17046747,0
032,112025,17046812,0
032,112025,17046854,0
032,112025,17046991,0
032,112025,17047014,0
032,112025,17047060,0
032,112025,17047121,0
032,112025,17047144,0
032,112025,17047186,0
032,112025,17047228,0
032,112025,17047251,0
032,112025,17047339,0
032,112025,17047465,0
032,112025,17047545,0
032,112025,17047587,0
032,112025,17047648,0
032,112025,17047671,0
032,112025,17047732,0
032,112025,17047755,0
032,112025,17047870,0
032,112025,17047893,0
032,112025,17047935,0
032,112025,17048076,0
032,112025,17048141,0
032,112025,17048164,0
032,112025,17048187,0
032,112025,17048252,0
032,112025,17048313,0
032,112025,17048336,0
032,112025,17048435,0
032,112025,17048458,0
032,112025,17048504,0
032,112025,17048546,0
032,112025,17048626,0
032,112025,17048820,0
032,112025,17048862,0
032,112025,17048885,0
032,112025,17048908,0
032,112025,17048969,0
032,112025,17049133,0
032,112025,17049217,0
032,112025,17049263,0
032,112025,17049286,0
032,112025,17049355,0
032,112025,17049416,0
032,112025,17049439,0
032,112025,17049462,0
032,112025,17049508,0
032,112025,17049550,0
032,112025,17049573,0
032,112025,17049619,0
032,112025,17049642,0
032,112025,17049665,0
032,112025,17049688,0
032,112025,17049711,0
032,112025,17049734,0
032,112025,17049776,0
032,112025,17049856,0
032,112025,17049898,0
032,112025,17049921,0
032,112025,17049963,0
032,112025,17050051,0
032,112025,17050112,0
032,112025,17050173,0
032,112025,17050196,0
032,112025,17050219,0
032,112025,17050242,0
032,112025,17050307,0
032,112025,17050387,0
032,112025,17050448,0
032,112025,17050585,0
032,112025,17050677,0
032,112025,17050738,0
032,112025,17050761,0
032,112025,17050883,0
032,112025,17051013,0
032,112025,17051055,0
032,112025,17051078,0
032,112025,17051101,0
032,112025,17051143,0
032,112025,17051166,0
032,112025,17051189,0
032,112025,17051231,0
032,112025,17051254,0
032,112025,17051277,0
032,112025,17051300,0
032,112025,17051532,0
032,112025,17051574,0
032,112025,17051658,0
032,112025,17051738,0
032,112025,17051761,0
032,112025,17051803,0
032,112025,17051826,0
032,112025,17051895,0
032,112025,17051918,0
032,112025,17051960,0
032,112025,17052002,0
032,112025,17052025,0
032,112025,17052071,0
032,112025,17052094,0
032,112025,17052140,0
032,112025,17052232,0
032,112025,17052293,0
032,112025,17052339,0
032,112025,17052362,0
032,112025,17052423,0
032,112025,17052541,0
032,112025,17052621,0
032,112025,17052644,0
032,112025,17052724,0
032,112025,17052747,0
032,112025,17052808,0
032,112025,17052831,0
032,112025,17052873,0
032,112025,17052938,0
032,112025,17052980,0
032,112025,17053041,0
032,112025,17053064,0
032,112025,17053106,0
032,112025,17053190,0
032,112025,17053213,0
032,112025,17053255,0
032,112025,17053301,0
032,112025,17053324,0
032,112025,17053366,0
032,112025,17053389,0
032,112025,17053458,0
032,112025,17053481,0
032,112025,17053523,0
032,112025,17053546,0
032,112025,17053569,0
032,112025,17053611,0
032,112025,17053634,0
032,112025,17053676,0
032,112025,17053718,0
032,112025,17053741,0
032,112025,17053783,0
032,112025,17053806,0
032,112025,17053852,0
032,112025,17053875,0
032,112025,17053936,0
032,112025,17054001,0
032,112025,17054062,0
032,112025,17054104,0
032,112025,17054127,0
032,112025,17054169,0
032,112025,17054238,0
032,112025,17054261,0
032,112025,17054322,0
032,112025,17054364,0
032,112025,17054444,0
032,112025,17054509,0
032,112025,17054570,0
032,112025,17054612,0
032,112025,17054673,0
032,112025,17054715,0
032,112025,17054738,0
032,112025,17054803,0
032,112025,17054826,0
032,112025,17054914,0
032,112025,17054960,0
032,112025,17054983,0
032,112025,17055101,0
032,112025,17055162,0
032,112025,17055242,0
032,112025,17055265,0
032,112025,17055288,0
032,112025,17055353,0
032,112025,17055437,0
032,112025,17055536,0
032,112025,17055559,0
032,112025,17055582,0
032,112025,17055605,0
032,112025,17055674,0
032,112025,17055735,0
032,112025,17055815,0
032,112025,17055876,0
032,112025,17055899,0
032,112025,17055941,0
032,112025,17055983,0
032,112025,17056025,0
032,112025,17056048,0
032,112025,17056128,0
032,112025,17056197,0
032,112025,17056277,0
032,112025,17056338,0
032,112025,17056384,0
032,112025,17056407,0
032,112025,17056449,0
032,112025,17056472,0
032,112025,17056514,0
032,112025,17056575,0
032,112025,17056598,0
032,112025,17056640,0
032,112025,17056663,0
032,112025,17056686,0
032,112025,17056732,0
032,112025,17056755,0
032,112025,17056778,0
032,112025,17056801,0
032,112025,17056843,0
032,112025,17056866,0
032,112025,17056912,0
032,112025,17056973,0
032,112025,17057034,0
032,112025,17057217,0
032,112025,17057259,0
032,112025,17057301,0
032,112025,17057400,0
032,112025,17057507,0
032,112025,17057587,0
032,112025,17057747,0
032,112025,17057816,0
032,112025,17057839,0
032,112025,17057881,0
032,112025,17058011,0
032,112025,17058072,0
032,112025,17058114,0
032,112025,17058175,0
032,112025,17058198,0
032,112025,17058263,0
032,112025,17058355,0
032,112025,17058511,0
032,112025,17058614,0
032,112025,17058656,0
032,112025,17058679,0
032,112025,17058725,0
032,112025,17058786,0
032,112025,17058809,0
032,112025,17058851,0
032,112025,17058874,0
032,112025,17058916,0
032,112025,17058939,0
032,112025,17059023,0
032,112025,17059046,0
032,112025,17059092,0
032,112025,17059134,0
032,112025,17059195,0
032,112025,17059279,0
032,112025,17059321,0
032,112025,17059363,0
032,112025,17059884,0
032,112025,17059972,0
032,112025,17059995,0
032,112025,17060056,0
032,112025,17060079,0
032,112025,17060144,0
032,112025,17060224,0
032,112025,17060266,0
032,112025,17060312,0
032,112025,17060354,0
032,112025,17060377,0
032,112025,17060419,0
032,112025,17060442,0
032,112025,17060465,0
032,112025,17060545,0
032,112025,17060568,0
032,112025,17060614,0
032,112025,17060656,0
032,112025,17060679,0
032,112025,17060721,0
032,112025,17060763,0
032,112025,17060786,0
032,112025,17060809,0
032,112025,17060832,0
032,112025,17060855,0
032,112025,17060878,0
032,112025,17060901,0
032,112025,17060924,0
032,112025,17060966,0
032,112025,17061084,0
032,112025,17061107,0
032,112025,17061130,0
032,112025,17061172,0
032,112025,17061195,0
032,112025,17061275,0
032,112025,17061336,0
032,112025,17061382,0
032,112025,17061443,0
032,112025,17061466,0
032,112025,17061565,0
032,112025,17061588,0
032,112025,17061649,0
032,112025,17061691,0
032,112025,17061714,0
032,112025,17061813,0
032,112025,17061992,0
032,112025,17062053,0
032,112025,17062076,0
032,112025,17062099,0
032,112025,17062141,0
032,112025,17062183,0
032,112025,17062206,0
032,112025,17062271,0
032,112025,17062336,0
032,112025,17062382,0
032,112025,17062428,0
032,112025,17062451,0
032,112025,17062493,0
032,112025,17062573,0
032,112025,17062615,0
032,112025,17062676,0
032,112025,17062871,0
032,112025,17062974,0
032,112025,17063016,0
032,112025,17063039,0
032,112025,17063062,0
032,112025,17063104,0
032,112025,17063146,0
032,112025,17063302,0
032,112025,17063325,0
032,112025,17063367,0
032,112025,17063432,0
032,112025,17063455,0
032,112025,17063478,0
032,112025,17063501,0
032,112025,17063650,0
032,112025,17063715,0
032,112025,17063738,0
032,112025,17063780,0
032,112025,17063822,0
032,112025,17063864,0
032,112025,17063887,0
032,112025,17063929,0
032,112025,17064009,0
032,112025,17064032,0
032,112025,17064097,0
032,112025,17064120,0
032,112025,17064143,0
032,112025,17064223,0
032,112025,17064265,0
032,112025,17064288,0
032,112025,17064368,0
032,112025,17064391,0
032,112025,17064414,0
032,112025,17064456,0
032,112025,17064479,0
032,112025,17064594,0
032,112025,17064617,0
032,112025,17064659,0
032,112025,17064728,0
032,112025,17064789,0
032,112025,17064869,0
032,112025,17064949,0
032,112025,17064991,0
032,112025,17065102,0
032,112025,17065125,0
032,112025,17065346,0
032,112025,17065411,0
032,112025,17065514,0
032,112025,17065537,0
032,112025,17065560,0
032,112025,17065602,0
032,112025,17065625,0
032,112025,17065648,0
032,112025,17065671,0
032,112025,17065755,0
032,112025,17065801,0
032,112025,17065862,0
032,112025,17065885,0
032,112025,17065908,0
032,112025,17065969,0
032,112025,17065992,0
032,112025,17066034,0
032,112025,17066057,0
032,112025,17066175,0
032,112025,17066217,0
032,112025,17066240,0
032,112025,17066324,0
032,112025,17066347,0
032,112025,17066370,0
032,112025,17066412,0
032,112025,17066435,0
032,112025,17066481,0
032,112025,17066580,0
032,112025,17066645,0
032,112025,17066668,0
032,112025,17066710,0
032,112025,17066733,0
032,112025,17066775,0
032,112025,17066798,0
032,112025,17066821,0
032,112025,17066958,0
032,112025,17066981,0
032,112025,17067004,0
032,112025,17067027,0
032,112025,17067073,0
032,112025,17067119,0
032,112025,17067161,0
032,112025,17067203,0
032,112025,17067226,0
032,112025,17067249,0
032,112025,17067272,0
032,112025,17067356,0
032,112025,17067440,0
032,112025,17067558,0
032,112025,17067600,0
032,112025,17067623,0
032,112025,17067646,0
032,112025,17067711,0
032,112025,17067734,0
032,112025,17067780,0
032,112025,17067898,0
032,112025,17067959,0
032,112025,17067982,0
032,112025,17068024,0
032,112025,17068047,0
032,112025,17068169,0
032,112025,17068192,0
032,112025,17068215,0
032,112025,17068238,0
032,112025,17068261,0
032,112025,17068284,0
032,112025,17068326,0
032,112025,17068349,0
032,112025,17068391,0
032,112025,17068433,0
032,112025,17068456,0
032,112025,17068544,0
032,112025,17068685,0
032,112025,17068708,0
032,112025,17068773,0
032,112025,17068796,0
032,112025,17068819,0
032,112025,17068861,0
032,112025,17068979,0
032,112025,17069002,0
032,112025,17069155,0
032,112025,17069178,0
032,112025,17069262,0
032,112025,17069285,0
032,112025,17069365,0
032,112025,17069388,0
032,112025,17069411,0
032,112025,17069453,0
032,112025,17069495,0
032,112025,17069659,0
032,112025,17069682,0
032,112025,17069705,0
032,112025,17069728,0
032,112025,17069770,0
032,112025,17069831,0
032,112025,17069854,0
032,112025,17069896,0
032,112025,17069938,0
032,112025,17069999,0
032,112025,17070045,0
032,112025,17070091,0
032,112025,17070114,0
032,112025,17070137,0
032,112025,17070183,0
032,112025,17070244,0
032,112025,17070290,0
032,112025,17070336,0
032,112025,17070359,0
032,112025,17070420,0
032,112025,17070443,0
032,112025,17070504,0
032,112025,17070615,0
032,112025,17070676,0
032,112025,17070737,0
032,112025,17070760,0
032,112025,17070844,0
032,112025,17070867,0
032,112025,17070909,0
032,112025,17070993,0
032,112025,17071016,0
032,112025,17071058,0
032,112025,17071081,0
032,112025,17071142,0
032,112025,17071165,0
032,112025,17071234,0
032,112025,17071276,0
032,112025,17071299,0
032,112025,17071322,0
032,112025,17071345,0
032,112025,17071387,0
032,112025,17071429,0
032,112025,17071452,0
032,112025,17071494,0
032,112025,17071517,0
032,112025,17071578,0
032,112025,17071620,0
032,112025,17071666,0
032,112025,17071689,0
032,112025,17071788,0
032,112025,17071811,0
032,112025,17071948,0
032,112025,17072009,0
032,112025,17072032,0
032,112025,17072055,0
032,112025,17072078,0
032,112025,17072124,0
032,112025,17072147,0
032,112025,17072189,0
032,112025,17072212,0
032,112025,17072330,0
032,112025,17072391,0
032,112025,17072414,0
032,112025,17072437,0
032,112025,17072460,0
032,112025,17072483,0
032,112025,17072544,0
032,112025,17072590,0
032,112025,17072613,0
032,112025,17072655,0
032,112025,17072720,0
032,112025,17072800,0
032,112025,17072842,0
032,112025,17072865,0
032,112025,17072907,0
032,112025,17073014,0
032,112025,17073117,0
032,112025,17073159,0
032,112025,17073182,0
032,112025,17073228,0
032,112025,17073251,0
032,112025,17073274,0
032,112025,17073430,0
032,112025,17073495,0
032,112025,17073556,0
032,112025,17073579,0
032,112025,17073602,0
032,112025,17073648,0
032,112025,17073671,0
032,112025,17073694,0
032,112025,17073717,0
032,112025,17073816,0
032,112025,17073881,0
032,112025,17073942,0
032,112025,17073984,0
032,112025,17074007,0
032,112025,17074030,0
032,112025,17074129,0
032,112025,17074152,0
032,112025,17074232,0
032,112025,17074274,0
032,112025,17074335,0
032,112025,17074358,0
032,112025,17074442,0
032,112025,17074507,0
032,112025,17074530,0
032,112025,17074553,0
032,112025,17074599,0
032,112025,17074622,0
032,112025,17074664,0
032,112025,17074687,0
032,112025,17074710,0
032,112025,17074756,0
032,112025,17074859,0
032,112025,17074996,0
032,112025,17075149,0
032,112025,17075191,0
032,112025,17075271,0
032,112025,17075359,0
032,112025,17075504,0
032,112025,17075527,0
032,112025,17075569,0
032,112025,17075630,0
032,112025,17075710,0
032,112025,17075752,0
032,112025,17075775,0
032,112025,17075836,0
032,112025,17075897,0
032,112025,17075920,0
032,112025,17075962,0
032,112025,17076004,0
032,112025,17076046,0
032,112025,17076145,0
032,112025,17076206,0
032,112025,17076248,0
032,112025,17076332,0
032,112025,17076355,0
032,112025,17076378,0
032,112025,17076424,0
032,112025,17076512,0
032,112025,17076725,0
032,112025,17076748,0
032,112025,17076790,0
032,112025,17076813,0
032,112025,17076855,0
032,112025,17076878,0
032,112025,17076920,0
032,112025,17076943,0
032,112025,17076966,0
032,112025,17077008,0
032,112025,17077229,0
032,112025,17077317,0
032,112025,17077340,0
032,112025,17077386,0
032,112025,17077409,0
032,112025,17077470,0
032,112025,17077516,0
032,112025,17077581,0
032,112025,17077604,0
032,112025,17077688,0
032,112025,17077757,0
032,112025,17077780,0
032,112025,17077803,0
032,112025,17077826,0
032,112025,17077872,0
032,112025,17077994,0
032,112025,17078059,0
032,112025,17078082,0
032,112025,17078105,0
032,112025,17078151,0
032,112025,17078174,0
032,112025,17078197,0
032,112025,17078296,0
032,112025,17078319,0
032,112025,17078361,0
032,112025,17078403,0
032,112025,17078426,0
032,112025,17078449,0
032,112025,17078472,0
032,112025,17078666,0
032,112025,17078708,0
032,112025,17078769,0
032,112025,17078792,0
032,112025,17078815,0
032,112025,17078857,0
032,112025,17078903,0
032,112025,17079067,0
032,112025,17079090,0
032,112025,17079136,0
032,112025,17079178,0
032,112025,17079224,0
032,112025,17079289,0
032,112025,17079331,0
032,112025,17079354,0
032,112025,17079377,0
032,112025,17079400,0
032,112025,17079423,0
032,112025,17079503,0
032,112025,17079526,0
032,112025,17079568,0
032,112025,17079610,0
032,112025,17079675,0
032,112025,17079736,0
032,112025,17079778,0
032,112025,17079820,0
032,112025,17079881,0
032,112025,17079999,0
032,112025,17080041,0
032,112025,17080064,0
032,112025,17080106,0
032,112025,17080190,0
032,112025,17080270,0
032,112025,17080293,0
032,112025,17080381,0
032,112025,17080480,0
032,112025,17080503,0
032,112025,17080526,0
032,112025,17080644,0
032,112025,17080667,0
032,112025,17080690,0
032,112025,17080732,0
032,112025,17080755,0
032,112025,17080778,0
032,112025,17080862,0
032,112025,17080885,0
032,112025,17080908,0
032,112025,17080931,0
032,112025,17080992,0
032,112025,17081015,0
032,112025,17081038,0
032,112025,17081061,0
032,112025,17081084,0
032,112025,17081126,0
032,112025,17081149,0
032,112025,17081172,0
032,112025,17081195,0
032,112025,17081279,0
032,112025,17081302,0
032,112025,17081344,0
032,112025,17081386,0
032,112025,17081432,0
032,112025,17081474,0
032,112025,17081577,0
032,112025,17081642,0
032,112025,17081665,0
032,112025,17081688,0
032,112025,17081734,0
032,112025,17081780,0
032,112025,17081845,0
032,112025,17081906,0
032,112025,17081929,0
032,112025,17081971,0
032,112025,17081994,0
032,112025,17082055,0
032,112025,17082078,0
032,112025,17082120,0
032,112025,17082181,0
032,112025,17082204,0
032,112025,17082227,0
032,112025,17082334,0
032,112025,17082380,0
032,112025,17082422,0
032,112025,17082445,0
032,112025,17082468,0
032,112025,17082491,0
032,112025,17082575,0
032,112025,17082617,0
032,112025,17082678,0
032,112025,17082785,0
032,112025,17082827,0
032,112025,17082987,0
032,112025,17083075,0
032,112025,17083117,0
032,112025,17083140,0
032,112025,17083205,0
032,112025,17083335,0
032,112025,17083358,0
032,112025,17083427,0
032,112025,17083450,0
032,112025,17083473,0
032,112025,17083496,0
032,112025,17083538,0
032,112025,17083561,0
032,112025,17083649,0
032,112025,17083672,0
032,112025,17083714,0
032,112025,17083756,0
032,112025,17083798,0
032,112025,17083840,0
032,112025,17083882,0
032,112025,17083905,0
032,112025,17083928,0
032,112025,17083951,0
032,112025,17083997,0
032,112025,17084020,0
032,112025,17084062,0
032,112025,17084104,0
032,112025,17084245,0
032,112025,17084287,0
032,112025,17084310,0
032,112025,17084333,0
032,112025,17084394,0
032,112025,17084417,0
032,112025,17084463,0
032,112025,17084505,0
032,112025,17084547,0
032,112025,17084608,0
032,112025,17084650,0
032,112025,17084692,0
032,112025,17084715,0
032,112025,17084780,0
032,112025,17084822,0
032,112025,17084845,0
032,112025,17084906,0
032,112025,17084948,0
032,112025,17084990,0
032,112025,17085032,0
032,112025,17085055,0
032,112025,17085078,0
032,112025,17085101,0
032,112025,17085124,0
032,112025,17085185,0
032,112025,17085208,0
032,112025,17085273,0
032,112025,17085315,0
032,112025,17085338,0
032,112025,17085498,0
032,112025,17085578,0
032,112025,17085601,0
032,112025,17085624,0
032,112025,17085647,0
032,112025,17085803,0
032,112025,17085868,0
032,112025,17085967,0
032,112025,17086009,0
032,112025,17086120,0
032,112025,17086143,0
032,112025,17086242,0
032,112025,17086284,0
032,112025,17086307,0
032,112025,17086372,0
032,112025,17086414,0
032,112025,17086475,0
032,112025,17086498,0
032,112025,17086544,0
032,112025,17086590,0
032,112025,17086655,0
032,112025,17086678,0
032,112025,17086739,0
032,112025,17086762,0
032,112025,17086804,0
032,112025,17086915,0
032,112025,17086938,0
032,112025,17086961,0
032,112025,17087003,0
032,112025,17087045,0
032,112025,17087068,0
032,112025,17087152,0
032,112025,17087175,0
032,112025,17087198,0
032,112025,17087221,0
032,112025,17087343,0
032,112025,17087366,0
032,112025,17087408,0
032,112025,17087450,0
032,112025,17087492,0
032,112025,17087538,0
032,112025,17087580,0
032,112025,17087641,0
032,112025,17087683,0
032,112025,17087782,0
032,112025,17087843,0
032,112025,17087889,0
032,112025,17087912,0
032,112025,17087935,0
032,112025,17087958,0
032,112025,17087981,0
032,112025,17088004,0
032,112025,17088027,0
032,112025,17088115,0
032,112025,17088199,0
032,112025,17088241,0
032,112025,17088264,0
032,112025,17088287,0
032,112025,17088310,0
032,112025,17088440,0
032,112025,17088463,0
032,112025,17088505,0
032,112025,17088547,0
032,112025,17088593,0
032,112025,17088639,0
032,112025,17088662,0
032,112025,17088704,0
032,112025,17088727,0
032,112025,17088769,0
032,112025,17088815,0
032,112025,17088857,0
032,112025,17088880,0
032,112025,17088903,0
032,112025,17088926,0
032,112025,17088968,0
032,112025,17089052,0
032,112025,17089155,0
032,112025,17089178,0
032,112025,17089201,0
032,112025,17089224,0
032,112025,17089270,0
032,112025,17089362,0
032,112025,17089385,0
032,112025,17089446,0
032,112025,17089507,0
032,112025,17089530,0
032,112025,17089633,0
032,112025,17089656,0
032,112025,17089702,0
032,112025,17089744,0
032,112025,17089786,0
032,112025,17089847,0
032,112025,17089908,0
032,112025,17089988,0
032,112025,17090049,0
032,112025,17090072,0
032,112025,17090114,0
032,112025,17090137,0
032,112025,17090160,0
032,112025,17090206,0
032,112025,17090248,0
032,112025,17090271,0
032,112025,17090336,0
032,112025,17090359,0
032,112025,17090420,0
032,112025,17090462,0
032,112025,17090504,0
032,112025,17090546,0
032,112025,17090645,0
032,112025,17090687,0
032,112025,17090767,0
032,112025,17090870,0
032,112025,17090981,0
032,112025,17091004,0
032,112025,17091027,0
032,112025,17091069,0
032,112025,17091092,0
032,112025,17091134,0
032,112025,17091157,0
032,112025,17091180,0
032,112025,17091203,0
032,112025,17091283,0
032,112025,17091306,0
032,112025,17091329,0
032,112025,17091352,0
032,112025,17091394,0
032,112025,17091436,0
032,112025,17091459,0
032,112025,17091524,0
032,112025,17091570,0
032,112025,17091593,0
032,112025,17091616,0
032,112025,17091704,0
032,112025,17091727,0
032,112025,17091807,0
032,112025,17091830,0
032,112025,17091853,0
032,112025,17091876,0
032,112025,17091899,0
032,112025,17091922,0
032,112025,17091983,0
032,112025,17092063,0
032,112025,17092086,0
032,112025,17092109,0
032,112025,17092151,0
032,112025,17092193,0
032,112025,17092216,0
032,112025,17092319,0
032,112025,17092407,0
032,112025,17092430,0
032,112025,17092453,0
032,112025,17092537,0
032,112025,17092560,0
032,112025,17092583,0
032,112025,17092629,0
032,112025,17092671,0
032,112025,17092717,0
032,112025,17092786,0
032,112025,17092828,0
032,112025,17092870,0
032,112025,17092893,0
032,112025,17092916,0
032,112025,17092985,0
032,112025,17093073,0
032,112025,17093096,0
032,112025,17093214,0
032,112025,17093306,0
032,112025,17093329,0
032,112025,17093390,0
032,112025,17093413,0
032,112025,17093455,0
032,112025,17093501,0
032,112025,17093547,0
032,112025,17093589,0
032,112025,17093612,0
032,112025,17093658,0
032,112025,17093700,0
032,112025,17093799,0
032,112025,17093887,0
032,112025,17093933,0
032,112025,17094002,0
032,112025,17094025,0
032,112025,17094048,0
032,112025,17094071,0
032,112025,17094094,0
032,112025,17094117,0
032,112025,17094159,0
032,112025,17094224,0
032,112025,17094247,0
032,112025,17094289,0
032,112025,17094335,0
032,112025,17094396,0
032,112025,17094442,0
032,112025,17094465,0
032,112025,17094488,0
032,112025,17094553,0
032,112025,17094641,0
032,112025,17094664,0
032,112025,17094706,0
032,112025,17094767,0
032,112025,17094790,0
032,112025,17094832,0
032,112025,17094874,0
032,112025,17094897,0
032,112025,17094920,0
032,112025,17094943,0
032,112025,17094985,0
032,112025,17095065,0
032,112025,17095107,0
032,112025,17095172,0
032,112025,17095214,0
032,112025,17095237,0
032,112025,17095336,0
032,112025,17095397,0
032,112025,17095477,0
032,112025,17095519,0
032,112025,17095584,0
032,112025,17095607,0
032,112025,17095649,0
032,112025,17095737,0
032,112025,17095760,0
032,112025,17095821,0
032,112025,17095882,0
032,112025,17095905,0
032,112025,17095966,0
032,112025,17096054,0
032,112025,17096142,0
032,112025,17096184,0
032,112025,17096207,0
032,112025,17096230,0
032,112025,17096272,0
032,112025,17096295,0
032,112025,17096318,0
032,112025,17096360,0
032,112025,17096402,0
032,112025,17096501,0
032,112025,17096524,0
032,112025,17096547,0
032,112025,17096616,0
032,112025,17096658,0
032,112025,17096723,0
032,112025,17096788,0
032,112025,17097286,0
032,112025,17097366,0
032,112025,17097389,0
032,112025,17097412,0
032,112025,17097454,0
032,112025,17097477,0
032,112025,17097523,0
032,112025,17097565,0
032,112025,17097607,0
032,112025,17097630,0
032,112025,17097672,0
032,112025,17097752,0
032,112025,17097775,0
032,112025,17097836,0
032,112025,17097859,0
032,112025,17098023,0
032,112025,17098065,0
032,112025,17098126,0
032,112025,17098225,0
032,112025,17098248,0
032,112025,17098313,0
032,112025,17098374,0
032,112025,17098454,0
032,112025,17098515,0
032,112025,17098538,0
032,112025,17098561,0
032,112025,17098584,0
032,112025,17098607,0
032,112025,17098630,0
032,112025,17098748,0
032,112025,17098771,0
032,112025,17098813,0
032,112025,17098836,0
032,112025,17098924,0
032,112025,17098947,0
032,112025,17098970,0
032,112025,17099012,0
032,112025,17099054,0
032,112025,17099115,0
032,112025,17099176,0
032,112025,17099222,0
032,112025,17099245,0
032,112025,17099287,0
032,112025,17099310,0
032,112025,17099375,0
032,112025,17099569,0
032,112025,17099691,0
032,112025,17099733,0
032,112025,17099756,0
032,112025,17099779,0
032,112025,17099859,0
032,112025,17099901,0
032,112025,17099943,0
032,112025,17099966,0
032,112025,17100008,0
032,112025,17100031,0
032,112025,17100176,0
032,112025,17100237,0
032,112025,17100298,0
032,112025,17100340,0
032,112025,17100363,0
032,112025,17100386,0
032,112025,17100428,0
032,112025,17100451,0
032,112025,17100554,0
032,112025,17100596,0
032,112025,17100638,0
032,112025,17100680,0
032,112025,17100764,0
032,112025,17100806,0
032,112025,17100829,0
032,112025,17100852,0
032,112025,17100875,0
032,112025,17100898,0
032,112025,17100959,0
032,112025,17100982,0
032,112025,17101005,0
032,112025,17101047,0
032,112025,17101108,0
032,112025,17101169,0
032,112025,17101211,0
032,112025,17101272,0
032,112025,17101295,0
032,112025,17101318,0
032,112025,17101410,0
032,112025,17101433,0
032,112025,17101456,0
032,112025,17101498,0
032,112025,17101540,0
032,112025,17101563,0
032,112025,17101586,0
032,112025,17101765,0
032,112025,17101788,0
032,112025,17101830,0
032,112025,17101876,0
032,112025,17101991,0
032,112025,17102033,0
032,112025,17102056,0
032,112025,17102125,0
032,112025,17102148,0
032,112025,17102171,0
032,112025,17102213,0
032,112025,17102236,0
032,112025,17102305,0
032,112025,17102366,0
032,112025,17102541,0
032,112025,17102678,0
032,112025,17102770,0
032,112025,17102812,0
032,112025,17102877,0
032,112025,17102957,0
032,112025,17103056,0
032,112025,17103098,0
032,112025,17103121,0
032,112025,17103163,0
032,112025,17103209,0
032,112025,17103232,0
032,112025,17103297,0
032,112025,17103358,0
032,112025,17103381,0
032,112025,17103423,0
032,112025,17103492,0
032,112025,17103534,0
032,112025,17103633,0
032,112025,17103694,0
032,112025,17103717,0
032,112025,17103763,0
032,112025,17103786,0
032,112025,17103870,0
032,112025,17103893,0
032,112025,17103916,0
032,112025,17103939,0
032,112025,17103962,0
032,112025,17104050,0
032,112025,17104096,0
032,112025,17104119,0
032,112025,17104165,0
032,112025,17104207,0
032,112025,17104253,0
032,112025,17104295,0
032,112025,17104337,0
032,112025,17104360,0
032,112025,17104402,0
032,112025,17104471,0
032,112025,17104574,0
032,112025,17104620,0
032,112025,17104643,0
032,112025,17104689,0
032,112025,17104754,0
032,112025,17104819,0
032,112025,17104842,0
032,112025,17104884,0
032,112025,17104907,0
032,112025,17104995,0
032,112025,17105056,0
032,112025,17105079,0
032,112025,17105159,0
032,112025,17105205,0
032,112025,17105228,0
032,112025,17105274,0
032,112025,17105442,0
032,112025,17105465,0
032,112025,17105488,0
032,112025,17105511,0
032,112025,17105595,0
032,112025,17105618,0
032,112025,17105641,0
032,112025,17105664,0
032,112025,17105748,0
032,112025,17105790,0
032,112025,17105813,0
032,112025,17105836,0
032,112025,17105920,0
032,112025,17105943,0
032,112025,17106004,0
032,112025,17106027,0
032,112025,17106107,0
032,112025,17106149,0
032,112025,17106172,0
032,112025,17106195,0
032,112025,17106218,0
032,112025,17106241,0
032,112025,17106264,0
032,112025,17106287,0
032,112025,17106310,0
032,112025,17106352,0
032,112025,17106375,0
032,112025,17106417,0
032,112025,17106482,0
032,112025,17106505,0
032,112025,17106604,0
032,112025,17106646,0
032,112025,17106669,0
032,112025,17106711,0
032,112025,17106772,0
032,112025,17106795,0
032,112025,17106860,0
032,112025,17106921,0
032,112025,17106944,0
032,112025,17106967,0
032,112025,17107009,0
032,112025,17107032,0
032,112025,17107074,0
032,112025,17107158,0
032,112025,17107200,0
032,112025,17107223,0
032,112025,17107265,0
032,112025,17107288,0
032,112025,17107330,0
032,112025,17107353,0
032,112025,17107414,0
032,112025,17107494,0
032,112025,17107540,0
032,112025,17107620,0
032,112025,17107704,0
032,112025,17107880,0
032,112025,17107903,0
032,112025,17107949,0
032,112025,17107972,0
032,112025,17107995,0
032,112025,17108018,0
032,112025,17108060,0
032,112025,17108083,0
032,112025,17108106,0
032,112025,17108129,0
032,112025,17108194,0
032,112025,17108240,0
032,112025,17108301,0
032,112025,17108343,0
032,112025,17108480,0
032,112025,17108503,0
032,112025,17108568,0
032,112025,17108610,0
032,112025,17108652,0
032,112025,17108675,0
032,112025,17108698,0
032,112025,17108763,0
032,112025,17108786,0
032,112025,17108828,0
032,112025,17108893,0
032,112025,17108916,0
032,112025,17108977,0
032,112025,17109000,0
032,112025,17109065,0
032,112025,17109088,0
032,112025,17109362,0
032,112025,17109385,0
032,112025,17109408,0
032,112025,17109450,0
032,112025,17109473,0
032,112025,17109496,0
032,112025,17109538,0
032,112025,17109561,0
032,112025,17109607,0
032,112025,17109630,0
032,112025,17109653,0
032,112025,17109676,0
032,112025,17109756,0
032,112025,17109779,0
032,112025,17109821,0
032,112025,17109882,0
032,112025,17109905,0
032,112025,17109928,0
032,112025,17109951,0
032,112025,17110168,0
032,112025,17110229,0
032,112025,17110271,0
032,112025,17110332,0
032,112025,17110431,0
032,112025,17110454,0
032,112025,17110553,0
032,112025,17110595,0
032,112025,17110656,0
032,112025,17110698,0
032,112025,17110744,0
032,112025,17110767,0
032,112025,17110809,0
032,112025,17110851,0
032,112025,17110897,0
032,112025,17110920,0
032,112025,17110943,0
032,112025,17110989,0
032,112025,17111035,0
032,112025,17111058,0
032,112025,17111100,0
032,112025,17111222,0
032,112025,17111340,0
032,112025,17111363,0
032,112025,17111443,0
032,112025,17111527,0
032,112025,17111588,0
032,112025,17111630,0
032,112025,17111672,0
032,112025,17111714,0
032,112025,17111871,0
032,112025,17111894,0
032,112025,17111917,0
032,112025,17111940,0
032,112025,17111982,0
032,112025,17112024,0
032,112025,17112047,0
032,112025,17112070,0
032,112025,17112154,0
032,112025,17112200,0
032,112025,17112223,0
032,112025,17112265,0
032,112025,17112307,0
032,112025,17112330,0
032,112025,17112376,0
032,112025,17112437,0
032,112025,17112479,0
032,112025,17112502,0
032,112025,17112525,0
032,112025,17112567,0
032,112025,17112655,0
032,112025,17112697,0
032,112025,17112720,0
032,112025,17112819,0
032,112025,17112842,0
032,112025,17112884,0
032,112025,17113006,0
032,112025,17113048,0
032,112025,17113094,0
032,112025,17113117,0
032,112025,17113163,0
032,112025,17113186,0
032,112025,17113209,0
032,112025,17113232,0
032,112025,17113278,0
032,112025,17113301,0
032,112025,17113385,0
032,112025,17113496,0
032,112025,17113538,0
032,112025,17113603,0
032,112025,17113664,0
032,112025,17113729,0
032,112025,17113771,0
032,112025,17113794,0
032,112025,17113817,0
032,112025,17113878,0
032,112025,17113901,0
032,112025,17113989,0
032,112025,17114031,0
032,112025,17114073,0
032,112025,17114138,0
032,112025,17114203,0
032,112025,17114264,0
032,112025,17114439,0
032,112025,17114481,0
032,112025,17114527,0
032,112025,17114615,0
032,112025,17114657,0
032,112025,17114680,0
032,112025,17114722,0
032,112025,17114768,0
032,112025,17114837,0
032,112025,17114967,0
032,112025,17114990,0
032,112025,17115013,0
032,112025,17115131,0
032,112025,17115154,0
032,112025,17115200,0
032,112025,17115223,0
032,112025,17115357,0
032,112025,17115418,0
032,112025,17115460,0
032,112025,17115483,0
032,112025,17115525,0
032,112025,17115586,0
032,112025,17115609,0
032,112025,17115632,0
032,112025,17115674,0
032,112025,17115754,0
032,112025,17115819,0
032,112025,17115842,0
032,112025,17115907,0
032,112025,17115930,0
032,112025,17115953,0
032,112025,17116075,0
032,112025,17116098,0
032,112025,17116159,0
032,112025,17116182,0
032,112025,17116205,0
032,112025,17116247,0
032,112025,17116270,0
032,112025,17116449,0
032,112025,17116472,0
032,112025,17116495,0
032,112025,17116556,0
032,112025,17116598,0
032,112025,17116621,0
032,112025,17116701,0
032,112025,17116743,0
032,112025,17116785,0
032,112025,17116846,0
032,112025,17116869,0
032,112025,17116911,0
032,112025,17116957,0
032,112025,17117003,0
032,112025,17117049,0
032,112025,17117072,0
032,112025,17117114,0
032,112025,17117156,0
032,112025,17117198,0
032,112025,17117316,0
032,112025,17117415,0
032,112025,17117499,0
032,112025,17117587,0
032,112025,17117610,0
032,112025,17117656,0
032,112025,17117679,0
032,112025,17117797,0
032,112025,17117820,0
032,112025,17117881,0
032,112025,17117927,0
032,112025,17117969,0
032,112025,17118030,0
032,112025,17118072,0
032,112025,17118095,0
032,112025,17118164,0
032,112025,17118206,0
032,112025,17118229,0
032,112025,17118252,0
032,112025,17118275,0
032,112025,17118336,0
032,112025,17118359,0
032,112025,17118401,0
032,112025,17118443,0
032,112025,17118504,0
032,112025,17118546,0
032,112025,17118588,0
032,112025,17118611,0
032,112025,17118672,0
032,112025,17118733,0
032,112025,17118867,0
032,112025,17118928,0
032,112025,17118989,0
032,112025,17119054,0
032,112025,17119077,0
032,112025,17119100,0
032,112025,17119142,0
032,112025,17119241,0
032,112025,17119264,0
032,112025,17119306,0
032,112025,17119352,0
032,112025,17119375,0
032,112025,17119398,0
032,112025,17119421,0
032,112025,17119444,0
032,112025,17119490,0
032,112025,17119631,0
032,112025,17119901,0
032,112025,17119962,0
032,112025,17120099,0
032,112025,17120122,0
032,112025,17120164,0
032,112025,17120187,0
032,112025,17120210,0
032,112025,17120271,0
032,112025,17120294,0
032,112025,17120317,0
032,112025,17120382,0
032,112025,17120443,0
032,112025,17120466,0
032,112025,17120508,0
032,112025,17120569,0
032,112025,17120691,0
032,112025,17120714,0
032,112025,17120817,0
032,112025,17120878,0
032,112025,17120901,0
032,112025,17120970,0
032,112025,17121012,0
032,112025,17121035,0
032,112025,17121058,0
032,112025,17121119,0
032,112025,17121142,0
032,112025,17121165,0
032,112025,17121188,0
032,112025,17121230,0
032,112025,17121291,0
032,112025,17121352,0
032,112025,17121421,0
032,112025,17121520,0
032,112025,17121623,0
032,112025,17121722,0
032,112025,17121764,0
032,112025,17121810,0
032,112025,17121890,0
032,112025,17121951,0
032,112025,17121974,0
032,112025,17121997,0
032,112025,17122096,0
032,112025,17122138,0
032,112025,17122203,0
032,112025,17122268,0
032,112025,17122333,0
032,112025,17122379,0
032,112025,17122425,0
032,112025,17122486,0
032,112025,17122509,0
032,112025,17122532,0
032,112025,17122555,0
032,112025,17122578,0
032,112025,17122620,0
032,112025,17122643,0
032,112025,17123084,0
032,112025,17123130,0
032,112025,17123343,0
032,112025,17123366,0
032,112025,17123389,0
032,112025,17123454,0
032,112025,17123477,0
032,112025,17123500,0
032,112025,17123546,0
032,112025,17123569,0
032,112025,17123611,0
032,112025,17123653,0
032,112025,17123695,0
032,112025,17123718,0
032,112025,17123760,0
032,112025,17123783,0
032,112025,17123806,0
032,112025,17123848,0
032,112025,17123871,0
032,112025,17123932,0
032,112025,17124016,0
032,112025,17124081,0
032,112025,17124104,0
032,112025,17124127,0
032,112025,17124150,0
032,112025,17124234,0
032,112025,17124295,0
032,112025,17124360,0
032,112025,17124383,0
032,112025,17124444,0
032,112025,17124505,0
032,112025,17124604,0
032,112025,17124665,0
032,112025,17124707,0
032,112025,17124730,0
032,112025,17124776,0
032,112025,17125535,0
032,112025,17125558,0
032,112025,17125604,0
032,112025,17125830,0
032,112025,17126010,0
032,112025,17126033,0
032,112025,17126056,0
032,112025,17126079,0
032,112025,17126102,0
032,112025,17126125,0
032,112025,17126148,0
032,112025,17126194,0
032,112025,17126259,0
032,112025,17126282,0
032,112025,17126305,0
032,112025,17126328,0
032,112025,17126351,0
032,112025,17126374,0
032,112025,17126399,0
032,112025,17126422,0
032,112025,17126445,0
032,112025,17126468,0
032,112025,17126533,0
032,112025,17126556,0
032,112025,17126579,0
032,112025,17126602,0
032,112025,17126625,0
032,112025,17126648,0
032,112025,17126694,0
032,112025,17126717,0
032,112025,17126740,0
032,112025,17126763,0
032,112025,17126786,0
032,112025,17126809,0
032,112025,17126832,0
032,112025,17126855,0
032,112025,17126878,0
032,112025,17126901,0
032,112025,17126924,0
032,112025,17126970,0
032,112025,17126993,0
032,112025,17127016,0
032,112025,17127039,0
032,112025,17127062,0
032,112025,17127154,0
032,112025,17127177,0
032,112025,17127223,0
032,112025,17127246,0
032,112025,17127269,0
032,112025,17127292,0
032,112025,17127315,0
032,112025,17127338,0
032,112025,17127361,0
032,112025,17127384,0
032,112025,17127407,0
032,112025,17127453,0
032,112025,17127499,0
032,112025,17127522,0
032,112025,17127545,0
032,112025,17127568,0
032,112025,17127591,0
032,112025,17127614,0
032,112025,17127637,0
032,112025,17127660,0
032,112025,17127683,0
032,112025,17127706,0
032,112025,17127729,0
032,112025,17127752,0
032,112025,17127775,0
032,112025,17127798,0
032,112025,17127821,0
032,112025,17127844,0
032,112025,17127867,0
032,112025,17127890,0
032,112025,17127913,0
032,112025,17127936,0
032,112025,17127982,0
032,112025,17128024,0
032,112025,17128047,0
032,112025,17128070,0
032,112025,17128093,0
032,112025,17128116,0
032,112025,17128162,0
032,112025,17128185,0
032,112025,17128208,0
032,112025,17128231,0
032,112025,17128254,0
032,112025,17128277,0
032,112025,17128300,0
032,112025,17128323,0
032,112025,17128392,0
032,112025,17128415,0
032,112025,17128438,0
032,112025,17128461,0
032,112025,17128484,0
032,112025,17128507,0
032,112025,17128530,0
032,112025,17128553,0
032,112025,17128599,0
032,112025,17128622,0
032,112025,17128645,0
032,112025,17128668,0
032,112025,17128691,0
032,112025,17128733,0
032,112025,17128756,0
032,112025,17128779,0
032,112025,17128802,0
032,112025,17128825,0
032,112025,17128848,0
032,112025,17128894,0
032,112025,17128917,0
032,112025,17128940,0
032,112025,17128963,0
032,112025,17128986,0
032,112025,17129028,0
032,112025,17129051,0
032,112025,17129074,0
032,112025,17129097,0
032,112025,17129120,0
032,112025,17129143,0
032,112025,17129189,0
032,112025,17129258,0
032,112025,17129304,0
032,112025,17129327,0
032,112025,17129373,0
032,112025,17129396,0
032,112025,17129442,0
032,112025,17129465,0
032,112025,17129534,0
032,112025,17129557,0
032,112025,17129603,0
032,112025,17129626,0
032,112025,17129672,0
032,112025,17129714,0
032,112025,17129737,0
032,112025,17129760,0
032,112025,17129783,0
032,112025,17129852,0
032,112025,17129875,0
032,112025,17129898,0
032,112025,17129944,0
032,112025,17130055,0
032,112025,17130078,0
032,112025,17130101,0
032,112025,17130124,0
032,112025,17130147,0
032,112025,17130170,0
032,112025,17130193,0
032,112025,17130235,0
032,112025,17130281,0
032,112025,17130304,0
032,112025,17130327,0
032,112025,17130350,0
032,112025,17130373,0
032,112025,17130415,0
032,112025,17130576,0
032,112025,17130599,0
032,112025,17130622,0
032,112025,17130691,0
032,112025,17130714,0
032,112025,17130737,0
032,112025,17130760,0
032,112025,17130875,0
032,112025,17130944,0
032,112025,17130967,0
032,112025,17130990,0
032,112025,17131013,0
032,112025,17131036,0
032,112025,17131124,0
032,112025,17131498,0
032,112025,17131521,0
032,112025,17131563,0
032,112025,17131681,0
032,112025,17131704,0
032,112025,17131727,0
032,112025,17131788,0
032,112025,17131887,0
032,112025,17131948,0
032,112025,17132028,0
032,112025,17132203,0
032,112025,17132226,0
032,112025,17132310,0
032,112025,17132371,0
032,112025,17132394,0
032,112025,17132417,0
032,112025,17132459,0
032,112025,17132501,0
032,112025,17132562,0
032,112025,17132665,0
032,112025,17132730,0
032,112025,17132829,0
032,112025,17133023,0
032,112025,18095006,0
032,112025,18095060,0
032,112025,18112392,0
032,112025,18112398,0
032,112025,18125221,0
032,112025,18150832,0
032,112025,18150836,0
032,112025,18155226,0
032,112025,18176515,0
032,112025,18215437,0
032,112025,18434379,0
032,112025,18434421,0
032,112025,18434501,0
032,112025,18434627,0
032,112025,18434650,0
032,112025,18434717,0
032,112025,18434778,0
032,112025,18434843,0
032,112025,18435030,0
032,112025,18435190,0
032,112025,18435270,0
032,112025,18435339,0
032,112025,18435362,0
032,112025,18435404,0
032,112025,18435587,0
032,112025,18435671,0
032,112025,18435751,0
032,112025,18435793,0
032,112025,18435839,0
032,112025,18435927,0
032,112025,18435969,0
032,112025,18436190,0
032,112025,18436308,0
032,112025,18436354,0
032,112025,18436529,0
032,112025,18436552,0
032,112025,18436636,0
032,112025,18436834,0
032,112025,18436899,0
032,112025,18437017,0
032,112025,18437063,0
032,112025,18437124,0
032,112025,18437208,0
032,112025,18437254,0
032,112025,18437277,0
032,112025,18437342,0
032,112025,18437365,0
032,112025,18437388,0
032,112025,18437430,0
032,112025,18437472,0
032,112025,18437495,0
032,112025,18437518,0
032,112025,18541638,0
032,112025,18687153,0
032,112025,18687176,0
032,112025,18687199,0
032,112025,18687435,0
032,112025,18687477,0
032,112025,18700628,0
032,112025,18717558,0
032,112025,18812024,0
032,112025,18820705,0
032,112025,18838304,0
032,112025,18838306,0
032,112025,18838716,0
032,112025,18838750,0
032,112025,18838802,0
032,112025,18838886,0
032,112025,18850866,0
032,112025,18855014,0
032,112025,18872204,0
032,112025,18872248,0
032,112025,18932258,0
032,112025,18932300,0
032,112025,18932399,0
032,112025,18934906,0
032,112025,18934952,0
032,112025,18934975,0
032,112025,18935017,0
032,112025,18935272,0
032,112025,18935352,0
032,112025,18935451,0
032,112025,18935531,0
032,112025,18935573,0
032,112025,18935737,0
032,112025,18935817,0
032,112025,18935916,0
032,112025,18935958,0
032,112025,18935981,0
032,112025,18936004,0
032,112025,19074308,0
032,112025,19074312,0
032,112025,19082675,0
032,112025,19087020,0
032,112025,19239949,0
032,112025,19239972,0
032,112025,19240037,0
032,112025,19240079,0
032,112025,19240144,0
032,112025,19240224,0
032,112025,19240247,0
032,112025,19240392,0
032,112025,19240434,0
032,112025,19240541,0
032,112025,19240564,0
032,112025,19240587,0
032,112025,19240629,0
032,112025,19240652,0
032,112025,19240717,0
032,112025,19240816,0
032,112025,19240995,0
032,112025,19241037,0
032,112025,19241060,0
032,112025,19241178,0
032,112025,19241357,0
032,112025,19241403,0
032,112025,19305940,0
032,112025,19318795,0
032,112025,19327406,0
032,112025,19378855,0
032,112025,19409019,0
032,112025,19417619,0
032,112025,19417758,0
032,112025,19417791,0
032,112025,19417799,0
032,112025,19421843,0
032,112025,19447798,0
032,112025,19447845,0
032,112025,19447927,0
032,112025,19460495,0
032,112025,19460499,0
032,112025,19597888,0
032,112025,19597934,0
032,112025,19597980,0
032,112025,19615069,0
032,112025,19657853,0
032,112025,19688079,0
032,112025,19688102,0
032,112025,19688125,0
032,112025,19688167,0
032,112025,19688404,0
032,112025,19841215,0
032,112025,19841257,0
032,112025,19841318,0
032,112025,19841421,0
032,112025,19841444,0
032,112025,19841646,0
032,112025,19841802,0
032,112025,19841909,0
032,112025,19841955,0
032,112025,19841978,0
032,112025,19842020,0
032,112025,19842043,0
032,112025,19842066,0
032,112025,19842207,0
032,112025,19842230,0
032,112025,19842337,0
032,112025,19842360,0
032,112025,19842402,0
032,112025,19864047,0
032,112025,19864245,0
032,112025,19864287,0
032,112025,19864367,0
032,112025,19907287,0
032,112025,19907704,0
032,112025,19908411,0
032,112025,19914747,0
032,112025,19914793,0
032,112025,19914816,0
032,112025,19914919,0
032,112025,19914961,0
032,112025,19914984,0
032,112025,19915007,0
032,112025,19915049,0
032,112025,19915091,0
032,112025,19915351,0
032,112025,19915535,0
032,112025,20058613,0
032,112025,20058734,0
032,112025,20058908,0
032,112025,20058957,0
032,112025,20058961,0
032,112025,20173231,0
032,112025,20573762,0
032,112025,20574513,0
032,112025,20574628,0
032,112025,20574651,0
032,112025,20621332,0
032,112025,20621412,0
032,112025,20621435,0
032,112025,20621477,0
032,112025,20621538,0
032,112025,20621740,0
032,112025,20621786,0
032,112025,20621832,0
032,112025,20621855,0
032,112025,20621878,0
032,112025,20621939,0
032,112025,20621981,0
032,112025,20622004,0
032,112025,20622050,0
032,112025,20622092,0
032,112025,20622115,0
032,112025,20623333,0
032,112025,20623444,0
032,112025,20623467,0
032,112025,21182894,0
032,112025,21251461,0
032,112025,21298266,0
032,112025,21311719,0
032,112025,21312305,0
032,112025,21312797,0
032,112025,21312859,0
032,112025,21312881,0
032,112025,21313077,0
032,112025,21313121,0
032,112025,21313209,0
032,112025,21313231,0
032,112025,21313275,0
032,112025,21313297,0
032,112025,21313319,0
032,112025,22595882,0
032,112025,22596125,0
032,112025,23594328,0
032,112025,23594389,0
032,112025,23594553,0
032,112025,23594671,0
032,112025,23594694,0
032,112025,23594797,0
032,112025,23594919,0
032,112025,23595064,0
032,112025,23595087,0
032,112025,23595110,0
032,112025,23595251,0
032,112025,23595419,0
032,112025,23595518,0
032,112025,23599892,0
032,112025,23600113,0
032,112025,23600136,0
032,112025,23600178,0
032,112025,23600220,0
032,112025,23600281,0
032,112025,23600304,0
032,112025,23600464,0
032,112025,23600506,0
032,112025,23600590,0
032,112025,23600613,0
032,112025,23600655,0
032,112025,23600735,0
032,112025,23600781,0
032,112025,23600823,0
032,112025,23600922,0
032,112025,23601094,0
032,112025,23601140,0
032,112025,23601182,0
032,112025,23601346,0
032,112025,23601411,0
032,112025,23601453,0
032,112025,23601575,0
032,112025,23601773,0
032,112025,23601899,0
032,112025,23601941,0
032,112025,23602059,0
032,112025,23602166,0
032,112025,23602212,0
032,112025,23602235,0
032,112025,23602258,0
032,112025,23602281,0
032,112025,23602304,0
032,112025,23602327,0
032,112025,23602350,0
032,112025,23602373,0
032,112025,23602415,0
032,112025,23602438,0
032,112025,23602461,0
032,112025,23602503,0
032,112025,23602526,0
032,112025,23602568,0
032,112025,23602591,0
032,112025,23602614,0
032,112025,23602694,0
032,112025,23602774,0
032,112025,23602797,0
032,112025,23602820,0
032,112025,23602881,0
032,112025,23602904,0
032,112025,23602946,0
032,112025,23603007,0
032,112025,23603030,0
032,112025,23603129,0
032,112025,23603323,0
032,112025,23603346,0
032,112025,23603369,0
032,112025,23603392,0
032,112025,23603453,0
032,112025,23603476,0
032,112025,23603499,0
032,112025,23603579,0
032,112025,23603602,0
032,112025,23603625,0
032,112025,23603667,0
032,112025,23603766,0
032,112025,23603789,0
032,112025,23603812,0
032,112025,23603854,0
032,112025,23603896,0
032,112025,23603919,0
032,112025,23603961,0
032,112025,23604003,0
032,112025,23604083,0
032,112025,23604144,0
032,112025,23604205,0
032,112025,23604285,0
032,112025,23604346,0
032,112025,23604369,0
032,112025,23604411,0
032,112025,23604472,0
032,112025,23604552,0
032,112025,23604613,0
032,112025,23604636,0
032,112025,23604659,0
032,112025,23604701,0
032,112025,23604724,0
032,112025,23604861,0
032,112025,23604998,0
032,112025,23605078,0
032,112025,23605120,0
032,112025,23605238,0
032,112025,23605356,0
032,112025,23605398,0
032,112025,23605877,0
032,112025,23605957,0
032,112025,23605980,0
032,112025,23606345,0
032,112025,23606539,0
032,112025,23606733,0
032,112025,23606756,0
032,112025,23606855,0
032,112025,23606992,0
032,112025,23607110,0
032,112025,23607608,0
032,112025,23607878,0
032,112025,23607901,0
032,112025,23607924,0
032,112025,23608084,0
032,112025,23608107,0
032,112025,23608130,0
032,112025,23608153,0
032,112025,23608252,0
032,112025,23608374,0
032,112025,23608397,0
032,112025,23608496,0
032,112025,23608519,0
032,112025,23608542,0
032,112025,23608634,0
032,112025,23608764,0
032,112025,23608806,0
032,112025,23608829,0
032,112025,23608871,0
032,112025,23608936,0
032,112025,23608959,0
032,112025,23609138,0
032,112025,23609279,0
032,112025,23609302,0
032,112025,23609496,0
032,112025,23609557,0
032,112025,23609580,0
032,112025,23609603,0
032,112025,23609626,0
032,112025,23609744,0
032,112025,23609786,0
032,112025,23609828,0
032,112025,23609853,0
032,112025,23609876,0
032,112025,23609899,0
032,112025,23609945,0
032,112025,23609968,0
032,112025,23610037,0
032,112025,23610060,0
032,112025,23610102,0
032,112025,23610186,0
032,112025,23610209,0
032,112025,23647081,0
032,112025,23668551,0
032,112025,23672914,0
032,112025,23832942,0
032,112025,23832965,0
032,112025,23832988,0
032,112025,23833205,0
032,112025,23833228,0
032,112025,23833270,0
032,112025,23833293,0
032,112025,23833542,0
032,112025,23833588,0
032,112025,23836098,0
032,112025,23844964,0
032,112025,23845006,0
032,112025,23845052,0
032,112025,23845075,0
032,112025,23845136,0
032,112025,23845300,0
032,112025,23845323,0
032,112025,23845430,0
032,112025,23845472,0
032,112025,23845495,0
032,112025,23845655,0
032,112025,23845857,0
032,112025,23845899,0
032,112025,23845964,0
032,112025,23845987,0
032,112025,23846010,0
032,112025,23846250,0
032,112025,23846448,0
032,112025,23846490,0
032,112025,23846589,0
032,112025,23846749,0
032,112025,23846848,0
032,112025,23847176,0
032,112025,23847268,0
032,112025,23994933,0
032,112025,24093093,0
032,112025,24093291,0
032,112025,24093314,0
032,112025,24093546,0
032,112025,24093607,0
032,112025,24214117,0
032,112025,24291448,0
032,112025,24295613,0
032,112025,24377092,0
032,112025,24381398,0
032,112025,24432916,0
032,112025,24462937,0
032,112025,24462960,0
032,112025,24462983,0
032,112025,24463044,0
032,112025,24463147,0
032,112025,24463212,0
032,112025,24463254,0
032,112025,24463486,0
032,112025,24463509,0
032,112025,24463612,0
032,112025,24463772,0
032,112025,24492984,0
032,112025,24501573,0
032,112025,24514835,0
032,112025,24519044,0
032,112025,24528121,0
032,112025,24544544,0
032,112025,24626103,0
032,112025,24651984,0
032,112025,24651988,0
032,112025,24652015,0
032,112025,24665505,0
032,112025,24665547,0
032,112025,24665627,0
032,112025,24665650,0
032,112025,24665673,0
032,112025,24665734,0
032,112025,24665852,0
032,112025,24666510,0
032,112025,24666727,0
032,112025,24666750,0
032,112025,24666796,0
032,112025,24666918,0
032,112025,24667036,0
032,112025,24667059,0
032,112025,24667158,0
032,112025,24667181,0
032,112025,24667204,0
032,112025,24667227,0
032,112025,24667269,0
032,112025,24667391,0
032,112025,24667414,0
032,112025,24693838,0
032,112025,24694017,0
032,112025,24694040,0
032,112025,24694124,0
032,112025,24694147,0
032,112025,24694189,0
032,112025,24694269,0
032,112025,24694311,0
032,112025,24694448,0
032,112025,24694783,0
032,112025,24720789,0
032,112025,24720811,0
032,112025,24720833,0
032,112025,24828032,0
032,112025,24845192,0
032,112025,25069109,0
032,112025,25069158,0
032,112025,25069317,0
032,112025,25069371,0
032,112025,25069375,0
032,112025,25072823,0
032,112025,25072884,0
032,112025,25072987,0
032,112025,25073132,0
032,112025,25073178,0
032,112025,25073488,0
032,112025,25073603,0
032,112025,25073645,0
032,112025,25073852,0
032,112025,25073917,0
032,112025,25073986,0
032,112025,25081275,0
032,112025,25098499,0
032,112025,25098508,0
032,112025,25227316,0
032,112025,25393548,0
032,112025,25393571,0
032,112025,25393594,0
032,112025,25393617,0
032,112025,25393640,0
032,112025,25393739,0
032,112025,25393762,0
032,112025,25393865,0
032,112025,25393888,0
032,112025,25394185,0
032,112025,25394227,0
032,112025,25394250,0
032,112025,25394292,0
032,112025,25394315,0
032,112025,25394361,0
032,112025,25394403,0
032,112025,25394468,0
032,112025,25394491,0
032,112025,25394552,0
032,112025,25394575,0
032,112025,25394754,0
032,112025,25394895,0
032,112025,25394975,0
032,112025,25395017,0
032,112025,25395040,0
032,112025,25395063,0
032,112025,25395086,0
032,112025,25395223,0
032,112025,25395265,0
032,112025,25454897,0
032,112025,25455022,0
032,112025,25459234,0
032,112025,25485055,0
032,112025,25489340,0
032,112025,25493586,0
032,112025,25497920,0
032,112025,25502214,0
032,112025,25515148,0
032,112025,25519467,0
032,112025,25523619,0
032,112025,25527885,0
032,112025,25533502,0
032,112025,25533943,0
032,112025,25534251,0
032,112025,25534464,0
032,112025,25534658,0
032,112025,25535122,0
032,112025,25535381,0
032,112025,25535602,0
032,112025,25535644,0
032,112025,25535747,0
032,112025,25535793,0
032,112025,25535877,0
032,112025,25536003,0
032,112025,25536159,0
032,112025,25536220,0
032,112025,25536243,0
032,112025,25536354,0
032,112025,25536377,0
032,112025,25536400,0
032,112025,25536423,0
032,112025,25536484,0
032,112025,25536507,0
032,112025,25536625,0
032,112025,25536667,0
032,112025,25536877,0
032,112025,25536961,0
032,112025,25537045,0
032,112025,25537220,0
032,112025,25537266,0
032,112025,25537331,0
032,112025,25537354,0
032,112025,25537377,0
032,112025,25537423,0
032,112025,25540757,0
032,112025,25545045,0
032,112025,25549455,0
032,112025,25553616,0
032,112025,25562344,0
032,112025,25566500,0
032,112025,25570947,0
032,112025,25592390,0
032,112025,25630938,0
032,112025,25630960,0
032,112025,25639636,0
032,112025,25639648,0
032,112025,25639654,0
032,112025,25639993,0
032,112025,25648113,0
032,112025,25648135,0
032,112025,25648175,0
032,112025,25648197,0
032,112025,25662287,0
032,112025,25755498,0
032,112025,25798472,0
032,112025,25851052,0
032,112025,25851113,0
032,112025,25851136,0
032,112025,25851273,0
032,112025,25851296,0
032,112025,25851319,0
032,112025,25851380,0
032,112025,25851460,0
032,112025,25851601,0
032,112025,25851624,0
032,112025,25851647,0
032,112025,25851689,0
032,112025,25851712,0
032,112025,25851853,0
032,112025,25851895,0
032,112025,25852185,0
032,112025,25852208,0
032,112025,25852231,0
032,112025,25854042,0
032,112025,25854065,0
032,112025,25854107,0
032,112025,25867187,0
032,112025,25970201,0
032,112025,26021817,0
032,112025,26021840,0
032,112025,26021958,0
032,112025,26022057,0
032,112025,26022312,0
032,112025,26022354,0
032,112025,26022377,0
032,112025,26022419,0
032,112025,26022442,0
032,112025,26022484,0
032,112025,26022564,0
032,112025,26022587,0
032,112025,26025359,0
032,112025,26025538,0
032,112025,26025561,0
032,112025,26025759,0
032,112025,26025801,0
032,112025,26538871,0
032,112025,26538894,0
032,112025,26538917,0
032,112025,26538940,0
032,112025,26538982,0
032,112025,26539100,0
032,112025,26539184,0
032,112025,26539249,0
032,112025,26539527,0
032,112025,26539550,0
032,112025,26539573,0
032,112025,26539596,0
032,112025,26539619,0
032,112025,26539661,0
032,112025,26739543,0
032,112025,26739817,0
032,112025,26739859,0
032,112025,26739901,0
032,112025,26739924,0
032,112025,26739985,0
032,112025,26740027,0
032,112025,26740050,0
032,112025,26740073,0
032,112025,26740096,0
032,112025,26740176,0
032,112025,26740218,0
032,112025,26740298,0
032,112025,26740378,0
032,112025,26740401,0
032,112025,26740447,0
032,112025,26740470,0
032,112025,26740550,0
032,112025,26740611,0
032,112025,26740634,0
032,112025,26740737,0
032,112025,26740779,0
032,112025,26740844,0
032,112025,26740924,0
032,112025,26740966,0
032,112025,26740989,0
032,112025,26741012,0
032,112025,26741111,0
032,112025,26741271,0
032,112025,26741351,0
032,112025,26824787,0
032,112025,26824836,0
032,112025,26824855,0
032,112025,26824873,0
032,112025,26902573,0
032,112025,26902719,0
032,112025,26902742,0
032,112025,26902746,0
032,112025,26902769,0
032,112025,26902818,0
032,112025,26902841,0
032,112025,26902845,0
032,112025,26902896,0
032,112025,26906880,0
032,112025,26906945,0
032,112025,26950953,0
032,112025,26951389,0
032,112025,26951488,0
032,112025,26951620,0
032,112025,26951834,0
032,112025,26951876,0
032,112025,26951982,0
032,112025,26966575,0
032,112025,26966675,0
032,112025,27004975,0
032,112025,27009275,0
032,112025,27009293,0
032,112025,27013588,0
032,112025,27013612,0
032,112025,27013619,0
032,112025,27228185,0
032,112025,27232620,0
032,112025,27232795,0
032,112025,27232894,0
032,112025,27232974,0
032,112025,27233134,0
032,112025,27233157,0
032,112025,27233260,0
032,112025,27233378,0
032,112025,27233420,0
032,112025,27233462,0
032,112025,27233504,0
032,112025,27233546,0
032,112025,27233607,0
032,112025,27233630,0
032,112025,27233733,0
032,112025,27233927,0
032,112025,27234030,0
032,112025,27241180,0
032,112025,27241203,0
032,112025,27241364,0
032,112025,27241387,0
032,112025,27241410,0
032,112025,27241560,0
032,112025,27241606,0
032,112025,27241694,0
032,112025,27241717,0
032,112025,27241740,0
032,112025,27241763,0
032,112025,27241786,0
032,112025,27241809,0
032,112025,27241832,0
032,112025,27241895,0
032,112025,27241917,0
032,112025,27241957,0
032,112025,27242323,0
032,112025,28116018,0
032,112025,28116041,0
032,112025,28116140,0
032,112025,28116471,0
032,112025,28116494,0
032,112025,28116612,0
032,112025,28116692,0
032,112025,28116734,0
032,112025,28116776,0
032,112025,28116818,0
032,112025,28117031,0
032,112025,28129600,0
032,112025,28129642,0
032,112025,28129684,0
032,112025,28129730,0
032,112025,28129791,0
032,112025,28129814,0
032,112025,28129856,0
032,112025,28129879,0
032,112025,28129921,0
032,112025,28129963,0
032,112025,28129986,0
032,112025,28130074,0
032,112025,28130268,0
032,112025,28130329,0
032,112025,28130352,0
032,112025,28130413,0
032,112025,28130436,0
032,112025,28130649,0
032,112025,28130748,0
032,112025,28130828,0
032,112025,28130889,0
032,112025,28130912,0
032,112025,28130935,0
032,112025,28131053,0
032,112025,28649710,0
032,112025,28649714,0
032,112025,28655972,0
032,112025,28656102,0
032,112025,28656182,0
032,112025,28656247,0
032,112025,28656270,0
032,112025,28656293,0
032,112025,28656316,0
032,112025,28656457,0
032,112025,28656518,0
032,112025,28656560,0
032,112025,28656621,0
032,112025,28656644,0
032,112025,28656690,0
032,112025,28656732,0
032,112025,28656755,0
032,112025,28656816,0
032,112025,28656877,0
032,112025,28656900,0
032,112025,28657018,0
032,112025,28657060,0
032,112025,28657159,0
032,112025,28683953,0
032,112025,28692665,0
032,112025,28710607,0
032,112025,28710664,0
032,112025,28927979,0
032,112025,28928012,0
032,112025,28928148,0
032,112025,28928155,0
032,112025,28928298,0
032,112025,28928302,0
032,112025,28928489,0
032,112025,28928636,0
032,112025,28932709,0
032,112025,28932732,0
032,112025,28932774,0
032,112025,28932873,0
032,112025,28932934,0
032,112025,28941564,0
032,112025,28941606,0
032,112025,28941629,0
032,112025,28941694,0
032,112025,28941717,0
032,112025,28941797,0
032,112025,28941839,0
032,112025,28941919,0
032,112025,28941942,0
032,112025,28941984,0
032,112025,28942007,0
032,112025,28942087,0
032,112025,28942152,0
032,112025,28942175,0
032,112025,28950223,0
032,112025,28958736,0
032,112025,29091936,0
032,112025,29091940,0
032,112025,29091970,0
032,112025,29091974,0
032,112025,29092008,0
032,112025,29233569,0
032,112025,29450003,0
032,112025,29450026,0
032,112025,29450049,0
032,112025,29450091,0
032,112025,29450316,0
032,112025,29452467,0
032,112025,29525636,0
032,112025,29530001,0
032,112025,29538525,0
032,112025,29577567,0
032,112025,29577590,0
032,112025,29577632,0
032,112025,29579213,0
032,112025,29579464,0
032,112025,29580532,0
032,112025,29580593,0
032,112025,29581000,0
032,112025,29581023,0
032,112025,29581065,0
032,112025,29581202,0
032,112025,29583091,0
032,112025,29584292,0
032,112025,29697476,0
032,112025,29702687,0
032,112025,29702890,0
032,112025,29702950,0
032,112025,29703295,0
032,112025,29703330,0
032,112025,29714486,0
032,112025,29847707,0
032,112025,29903523,0
032,112025,29903546,0
032,112025,29917534,0
032,112025,29917991,0
032,112025,29918076,0
032,112025,29918080,0
032,112025,29918177,0
032,112025,29918181,0
032,112025,30002520,0
032,112025,30002586,0
032,112025,30002892,0
032,112025,30042531,0
032,112025,30042592,0
032,112025,30042672,0
032,112025,30042756,0
032,112025,30042821,0
032,112025,30042863,0
032,112025,30042928,0
032,112025,30042951,0
032,112025,30043012,0
032,112025,30043191,0
032,112025,30043233,0
032,112025,30043256,0
032,112025,30043317,0
032,112025,30043340,0
032,112025,30043363,0
032,112025,30043470,0
032,112025,30043531,0
032,112025,30043554,0
032,112025,30043615,0
032,112025,30054092,0
032,112025,30054104,0
032,112025,30058441,0
032,112025,30066855,0
032,112025,30086951,0
032,112025,30087628,0
032,112025,30088974,0
032,112025,30092265,0
032,112025,30093337,0
032,112025,30093421,0
032,112025,30093463,0
032,112025,30093486,0
032,112025,30093680,0
032,112025,30093817,0
032,112025,30093859,0
032,112025,30094114,0
032,112025,30094213,0
032,112025,30094236,0
032,112025,30094411,0
032,112025,30094434,0
032,112025,30095400,0
032,112025,30095826,0
032,112025,30096655,0
032,112025,30096678,0
032,112025,30096857,0
032,112025,30096880,0
032,112025,30096922,0
032,112025,30097021,0
032,112025,30097139,0
032,112025,30097451,0
032,112025,30097748,0
032,112025,30097942,0
032,112025,30097965,0
032,112025,30098159,0
032,112025,30098798,0
032,112025,30099456,0
032,112025,30099555,0
032,112025,30099654,0
032,112025,30099677,0
032,112025,30099723,0
032,112025,30099746,0
032,112025,30099769,0
032,112025,30099792,0
032,112025,30099815,0
032,112025,30099838,0
032,112025,30099861,0
032,112025,30099884,0
032,112025,30099995,0
032,112025,30100018,0
032,112025,30100041,0
032,112025,30100064,0
032,112025,30100087,0
032,112025,30100110,0
032,112025,30100133,0
032,112025,30100156,0
032,112025,30116695,0
032,112025,30116783,0
032,112025,30116844,0
032,112025,30116867,0
032,112025,30117289,0
032,112025,30117369,0
032,112025,30117563,0
032,112025,30117890,0
032,112025,30118027,0
032,112025,30118107,0
032,112025,30118130,0
032,112025,30118210,0
032,112025,30118385,0
032,112025,30118469,0
032,112025,30118587,0
032,112025,30118610,0
032,112025,30118713,0
032,112025,30126836,0
032,112025,30126957,0
032,112025,30127097,0
032,112025,30200441,0
032,112025,30200626,0
032,112025,30200793,0
032,112025,30200845,0
032,112025,30200995,0
032,112025,30201075,0
032,112025,30201198,0
032,112025,30201220,0
032,112025,30225771,0
032,112025,30225884,0
032,112025,30225946,0
032,112025,30226044,0
032,112025,30226360,0
032,112025,30226420,0
032,112025,30227072,0
032,112025,30227228,0
032,112025,30227645,0
032,112025,30227712,0
032,112025,30227718,0
032,112025,30228386,0
032,112025,30228390,0
032,112025,30294882,0
032,112025,30295004,0
032,112025,30295129,0
032,112025,30312049,0
032,112025,30312152,0
032,112025,30312175,0
032,112025,30312198,0
032,112025,30312354,0
032,112025,30312419,0
032,112025,30312465,0
032,112025,30312507,0
032,112025,30312530,0
032,112025,30312648,0
032,112025,30312949,0
032,112025,30312991,0
032,112025,30313014,0
032,112025,30313075,0
032,112025,30313231,0
032,112025,30313292,0
032,112025,30313315,0
032,112025,30313456,0
032,112025,30313479,0
032,112025,30313540,0
032,112025,30313639,0
032,112025,30313719,0
032,112025,30313742,0
032,112025,30313784,0
032,112025,30313944,0
032,112025,30314028,0
032,112025,30314074,0
032,112025,30314097,0
032,112025,30520301,0
032,112025,30520423,0
032,112025,30520446,0
032,112025,30520526,0
032,112025,30520629,0
032,112025,30520865,0
032,112025,30520888,0
032,112025,30521010,0
032,112025,30521242,0
032,112025,30521265,0
032,112025,30521307,0
032,112025,30521387,0
032,112025,30521509,0
032,112025,30521555,0
032,112025,30531556,0
032,112025,30531579,0
032,112025,30531678,0
032,112025,30531815,0
032,112025,30531857,0
032,112025,30531945,0
032,112025,30532120,0
032,112025,30532295,0
032,112025,30532459,0
032,112025,30532482,0
032,112025,30532528,0
032,112025,30532551,0
032,112025,30687798,0
032,112025,30687840,0
032,112025,30687882,0
032,112025,30687947,0
032,112025,30687970,0
032,112025,30688130,0
032,112025,30688153,0
032,112025,30688176,0
032,112025,30688218,0
032,112025,30688416,0
032,112025,30688515,0
032,112025,30688618,0
032,112025,30688679,0
032,112025,30688782,0
032,112025,30688805,0
032,112025,30688828,0
032,112025,30688889,0
032,112025,30689026,0
032,112025,30689049,0
032,112025,30689186,0
032,112025,30706395,0
032,112025,30706417,0
032,112025,30706439,0
032,112025,30801482,0
032,112025,30801636,0
032,112025,30801831,0
032,112025,30827317,0
032,112025,30839534,0
032,112025,30873902,0
032,112025,30873932,0
032,112025,30873960,0
032,112025,30874041,0
032,112025,30874249,0
032,112025,30874253,0
032,112025,30878171,0
032,112025,30891042,0
032,112025,30891046,0
032,112025,30891075,0
032,112025,30955701,0
032,112025,30985601,0
032,112025,30994102,0
032,112025,30994125,0
032,112025,30994190,0
032,112025,30994289,0
032,112025,30994312,0
032,112025,30994354,0
032,112025,30994377,0
032,112025,30994400,0
032,112025,30994423,0
032,112025,30994446,0
032,112025,30994469,0
032,112025,30994492,0
032,112025,30994515,0
032,112025,30994671,0
032,112025,30994789,0
032,112025,30994907,0
032,112025,30994930,0
032,112025,30994953,0
032,112025,30995014,0
032,112025,30995037,0
032,112025,31080319,0
032,112025,31080334,0
032,112025,31080458,0
032,112025,31080931,0
032,112025,31080935,0
032,112025,31088562,0
032,112025,31088566,0
032,112025,31116131,0
032,112025,31116382,0
032,112025,31116557,0
032,112025,31116580,0
032,112025,31116717,0
032,112025,31116740,0
032,112025,31116763,0
032,112025,31116809,0
032,112025,31116912,0
032,112025,31116992,0
032,112025,31117114,0
032,112025,31117156,0
032,112025,31117259,0
032,112025,31117358,0
032,112025,31117423,0
032,112025,31117503,0
032,112025,31117606,0
032,112025,31117876,0
032,112025,31117960,0
032,112025,31118139,0
032,112025,31118238,0
032,112025,31118318,0
032,112025,31118550,0
032,112025,31118634,0
032,112025,31135795,0
032,112025,31135871,0
032,112025,31135947,0
032,112025,31136023,0
032,112025,31136099,0
032,112025,31136543,0
032,112025,31162868,0
032,112025,31162948,0
032,112025,31163047,0
032,112025,31163089,0
032,112025,31163112,0
032,112025,31163215,0
032,112025,31163295,0
032,112025,31163413,0
032,112025,31163539,0
032,112025,31163733,0
032,112025,31163855,0
032,112025,31163916,0
032,112025,31163977,0
032,112025,31164019,0
032,112025,31164118,0
032,112025,31164179,0
032,112025,31164240,0
032,112025,31164301,0
032,112025,31164438,0
032,112025,31164556,0
032,112025,31164617,0
032,112025,31164697,0
032,112025,31164739,0
032,112025,31164819,0
032,112025,31164842,0
032,112025,31164960,0
032,112025,31164983,0
032,112025,31165101,0
032,112025,31165219,0
032,112025,31165242,0
032,112025,31165322,0
032,112025,31165516,0
032,112025,31165634,0
032,112025,31165771,0
032,112025,31165832,0
032,112025,31187390,0
032,112025,31187432,0
032,112025,31187493,0
032,112025,31187573,0
032,112025,31187767,0
032,112025,31187790,0
032,112025,31187851,0
032,112025,31187950,0
032,112025,31188030,0
032,112025,31188148,0
032,112025,31188266,0
032,112025,31188403,0
032,112025,31347690,0
032,112025,31347755,0
032,112025,31347911,0
032,112025,31348124,0
032,112025,31348147,0
032,112025,31348170,0
032,112025,31348250,0
032,112025,31348292,0
032,112025,31348429,0
032,112025,31348452,0
032,112025,31348494,0
032,112025,31348517,0
032,112025,31348871,0
032,112025,31348913,0
032,112025,31349077,0
032,112025,31349199,0
032,112025,31349317,0
032,112025,31349359,0
032,112025,31501131,0
032,112025,31501230,0
032,112025,31501272,0
032,112025,31501314,0
032,112025,31501337,0
032,112025,31501554,0
032,112025,31501695,0
032,112025,31501737,0
032,112025,31501779,0
032,112025,31501920,0
032,112025,31501943,0
032,112025,31502080,0
032,112025,31502122,0
032,112025,31616655,0
032,112025,31616716,0
032,112025,31822991,0
032,112025,31835723,0
032,112025,31848828,0
032,112025,31849007,0
032,112025,31849426,0
032,112025,31849449,0
032,112025,31849491,0
032,112025,31849666,0
032,112025,31865780,0
032,112025,32007514,0
032,112025,32019284,0
032,112025,32019459,0
032,112025,32019505,0
032,112025,32019547,0
032,112025,32019589,0
032,112025,32019707,0
032,112025,32019730,0
032,112025,32019772,0
032,112025,32019795,0
032,112025,32019818,0
032,112025,32019860,0
032,112025,32162069,0
032,112025,32192227,0
032,112025,32251184,0
032,112025,32251302,0
032,112025,32251325,0
032,112025,32251386,0
032,112025,32251432,0
032,112025,32252193,0
032,112025,32342457,0
032,112025,32419791,0
032,112025,32449851,0
032,112025,32449894,0
032,112025,32450132,0
032,112025,32450712,0
032,112025,32451245,0
032,112025,32451269,0
032,112025,32451733,0
032,112025,32452031,0
032,112025,32452066,0
032,112025,32452463,0
032,112025,32452481,0
032,112025,32452582,0
032,112025,32452592,0
032,112025,32452797,0
032,112025,32452889,0
032,112025,32453022,0
032,112025,32453087,0
032,112025,32458523,0
032,112025,32458565,0
032,112025,32458752,0
032,112025,32458794,0
032,112025,32458855,0
032,112025,32458897,0
032,112025,32458981,0
032,112025,32459061,0
032,112025,32459084,0
032,112025,32459107,0
032,112025,32459168,0
032,112025,32459210,0
032,112025,32459233,0
032,112025,32459256,0
032,112025,32459279,0
032,112025,32471270,0
032,112025,32510564,0
032,112025,32510604,0
032,112025,32510648,0
032,112025,32527069,0
032,112025,32544232,0
032,112025,32548521,0
032,112025,32552832,0
032,112025,32591478,0
032,112025,32600125,0
032,112025,32600191,0
032,112025,32600198,0
032,112025,32625934,0
032,112025,32651706,0
032,112025,32651710,0
032,112025,32660172,0
032,112025,32737963,0
032,112025,32738015,0
032,112025,32738068,0
032,112025,32738074,0
032,112025,32738425,0
032,112025,32746063,0
032,112025,32754856,0
032,112025,32755004,0
032,112025,32767553,0
032,112025,32767740,0
032,112025,32771918,0
032,112025,32789427,0
032,112025,32801997,0
032,112025,32814916,0
032,112025,32815344,0
032,112025,32815997,0
032,112025,32816109,0
032,112025,32825705,0
032,112025,32825785,0
032,112025,32825808,0
032,112025,32825831,0
032,112025,32825854,0
032,112025,32825877,0
032,112025,32825999,0
032,112025,32826041,0
032,112025,32826159,0
032,112025,32826243,0
032,112025,32826266,0
032,112025,32826403,0
032,112025,32826445,0
032,112025,32826681,0
032,112025,32826704,0
032,112025,32826803,0
032,112025,32827085,0
032,112025,32827108,0
032,112025,32827196,0
032,112025,32827219,0
032,112025,32827307,0
032,112025,32827330,0
032,112025,32827353,0
032,112025,32827399,0
032,112025,32827464,0
032,112025,32827533,0
032,112025,32840968,0
032,112025,32857815,0
032,112025,32870651,0
032,112025,32918585,0
032,112025,32918597,0
032,112025,32930883,0
032,112025,32930923,0
032,112025,32943640,0
032,112025,32956509,0
032,112025,33008934,0
032,112025,33016641,0
032,112025,33016664,0
032,112025,33016744,0
032,112025,33020809,0
032,112025,33020851,0
032,112025,33025386,0
032,112025,33025530,0
032,112025,33026799,0
032,112025,33027018,0
032,112025,33027183,0
032,112025,33027364,0
032,112025,33033889,0
032,112025,33033912,0
032,112025,33034015,0
032,112025,33034057,0
032,112025,33034099,0
032,112025,33034122,0
032,112025,33034164,0
032,112025,33034248,0
032,112025,33034290,0
032,112025,33034332,0
032,112025,33034534,0
032,112025,33034633,0
032,112025,33034694,0
032,112025,33034759,0
032,112025,33098583,0
032,112025,33209850,0
032,112025,33222814,0
032,112025,33222929,0
032,112025,33222976,0
032,112025,33222998,0
032,112025,33223020,0
032,112025,33223042,0
032,112025,33223064,0
032,112025,33223086,0
032,112025,33223438,0
032,112025,33223864,0
032,112025,33223887,0
032,112025,33223910,0
032,112025,33223933,0
032,112025,33223956,0
032,112025,33223979,0
032,112025,33224002,0
032,112025,33224048,0
032,112025,33224147,0
032,112025,33224208,0
032,112025,33224368,0
032,112025,33224410,0
032,112025,33224585,0
032,112025,33224627,0
032,112025,33224783,0
032,112025,33224806,0
032,112025,33224905,0
032,112025,33224928,0
032,112025,33238975,0
032,112025,33239112,0
032,112025,33239154,0
032,112025,33239234,0
032,112025,33239276,0
032,112025,33239379,0
032,112025,33239402,0
032,112025,33239425,0
032,112025,33239467,0
032,112025,33239490,0
032,112025,33239551,0
032,112025,33239574,0
032,112025,33239673,0
032,112025,33239696,0
032,112025,33342961,0
032,112025,33356047,0
032,112025,33356289,0
032,112025,33356433,0
032,112025,33424722,0
032,112025,33424851,0
032,112025,33424918,0
032,112025,33425300,0
032,112025,33425309,0
032,112025,33425344,0
032,112025,33425374,0
032,112025,33425407,0
032,112025,33425416,0
032,112025,33425451,0
032,112025,33425463,0
032,112025,33425528,0
032,112025,33425537,0
032,112025,33425940,0
032,112025,33425946,0
032,112025,33426003,0
032,112025,33450497,0
032,112025,33476084,0
032,112025,33501908,0
032,112025,33506164,0
032,112025,33506171,0
032,112025,33506178,0
032,112025,33506185,0
032,112025,33518965,0
032,112025,33532089,0
032,112025,33536505,0
032,112025,33536615,0
032,112025,33566356,0
032,112025,33566362,0
032,112025,33566386,0
032,112025,33588000,0
032,112025,33588101,0
032,112025,33588125,0
032,112025,33588186,0
032,112025,33588212,0
032,112025,33592276,0
032,112025,33596608,0
032,112025,33640522,0
032,112025,33640701,0
032,112025,33640762,0
032,112025,33640880,0
032,112025,33640998,0
032,112025,33641078,0
032,112025,33641177,0
032,112025,33641200,0
032,112025,33641451,0
032,112025,33641531,0
032,112025,33641630,0
032,112025,33641672,0
032,112025,33641870,0
032,112025,33641931,0
032,112025,33641954,0
032,112025,33642034,0
032,112025,33642209,0
032,112025,33642365,0
032,112025,33642407,0
032,112025,33642468,0
032,112025,33642491,0
032,112025,33642571,0
032,112025,33642689,0
032,112025,33642750,0
032,112025,33642811,0
032,112025,33642967,0
032,112025,33643009,0
032,112025,33643089,0
032,112025,33643245,0
032,112025,33643287,0
032,112025,33643371,0
032,112025,33643432,0
032,112025,33643474,0
032,112025,33656398,0
032,112025,33656497,0
032,112025,33656729,0
032,112025,33656771,0
032,112025,33656851,0
032,112025,33657007,0
032,112025,33657106,0
032,112025,33657171,0
032,112025,33657194,0
032,112025,33657392,0
032,112025,33657434,0
032,112025,33657457,0
032,112025,33657617,0
032,112025,33657678,0
032,112025,33657720,0
032,112025,33657781,0
032,112025,33657842,0
032,112025,33657903,0
032,112025,33657983,0
032,112025,33658006,0
032,112025,33658029,0
032,112025,33658132,0
032,112025,33658174,0
032,112025,33658403,0
032,112025,33658426,0
032,112025,33658620,0
032,112025,33658643,0
032,112025,33658685,0
032,112025,33669396,0
032,112025,33669431,0
032,112025,33669477,0
032,112025,33669606,0
032,112025,33699820,0
032,112025,33699882,0
032,112025,33712387,0
032,112025,33712472,0
032,112025,33712572,0
032,112025,33712672,0
032,112025,33712739,0
032,112025,33712821,0
032,112025,33712861,0
032,112025,33712939,0
032,112025,33712999,0
032,112025,33713023,0
032,112025,33713047,0
032,112025,33713134,0
032,112025,33713157,0
032,112025,33713181,0
032,112025,33713448,0
032,112025,33713494,0
032,112025,33713506,0
032,112025,33713530,0
032,112025,33713629,0
032,112025,33713638,0
032,112025,33713799,0
032,112025,33713881,0
032,112025,33729473,0
032,112025,33766553,0
032,112025,33766576,0
032,112025,33766637,0
032,112025,33766660,0
032,112025,33766999,0
032,112025,33767060,0
032,112025,33767106,0
032,112025,33767167,0
032,112025,33767190,0
032,112025,33767213,0
032,112025,33767278,0
032,112025,33767385,0
032,112025,33767408,0
032,112025,33799015,0
032,112025,33799016,0
032,112025,33799388,0
032,112025,33799508,0
032,112025,33799562,0
032,112025,33800181,0
032,112025,33800187,0
032,112025,33836748,0
032,112025,33836781,0
032,112025,33836805,0
032,112025,33836878,0
032,112025,33836899,0
032,112025,33836907,0
032,112025,33868251,0
032,112025,33871169,0
032,112025,33871218,0
032,112025,33871280,0
032,112025,33871282,0
032,112025,33875573,0
032,112025,33884005,0
032,112025,33884036,0
032,112025,33884038,0
032,112025,33884157,0
032,112025,33901159,0
032,112025,33907166,0
032,112025,33907189,0
032,112025,33907212,0
032,112025,33907254,0
032,112025,33907296,0
032,112025,33907319,0
032,112025,33907342,0
032,112025,33907422,0
032,112025,33907552,0
032,112025,33907594,0
032,112025,33907655,0
032,112025,33907701,0
032,112025,33907785,0
032,112025,33907884,0
032,112025,33907964,0
032,112025,33907987,0
032,112025,33908029,0
032,112025,33908071,0
032,112025,33908208,0
032,112025,33914100,0
032,112025,33914236,0
032,112025,33914286,0
032,112025,33914516,0
032,112025,34004275,0
032,112025,34073028,0
032,112025,34073076,0
032,112025,34073115,0
032,112025,34073335,0
032,112025,34116037,0
032,112025,34116180,0
032,112025,34116274,0
032,112025,34116372,0
032,112025,34116448,0
032,112025,34116534,0
032,112025,34116622,0
032,112025,34167824,0
032,112025,34168180,0
032,112025,34168371,0
032,112025,34187547,0
032,112025,34187589,0
032,112025,34187612,0
032,112025,34187654,0
032,112025,34187696,0
032,112025,34187856,0
032,112025,34187879,0
032,112025,34187902,0
032,112025,34187944,0
032,112025,34188024,0
032,112025,34188070,0
032,112025,34188116,0
032,112025,34188333,0
032,112025,34188565,0
032,112025,34188645,0
032,112025,34188668,0
032,112025,34188748,0
032,112025,34210760,0
032,112025,34210886,0
032,112025,34210909,0
032,112025,34211008,0
032,112025,34211245,0
032,112025,34211345,0
032,112025,34240495,0
032,112025,34291968,0
032,112025,34291970,0
032,112025,34296271,0
032,112025,34339188,0
032,112025,34343603,0
032,112025,34347838,0
032,112025,34403920,0
032,112025,34404047,0
032,112025,34404061,0
032,112025,34404066,0
032,112025,34404129,0
032,112025,34404327,0
032,112025,34404331,0
032,112025,34404335,0
032,112025,34404339,0
032,112025,34404343,0
032,112025,34404347,0
032,112025,34502890,0
032,112025,34503093,0
032,112025,34503179,0
032,112025,34503240,0
032,112025,34523788,0
032,112025,34563551,0
032,112025,34563593,0
032,112025,34563730,0
032,112025,34563753,0
032,112025,34563837,0
032,112025,34563879,0
032,112025,34563902,0
032,112025,34563963,0
032,112025,34564043,0
032,112025,34564123,0
032,112025,34564165,0
032,112025,34564306,0
032,112025,34564329,0
032,112025,34564352,0
032,112025,34564413,0
032,112025,34564455,0
032,112025,34564558,0
032,112025,34564680,0
032,112025,34564703,0
032,112025,34564726,0
032,112025,34566702,0
032,112025,34622533,0
032,112025,34622560,0
032,112025,34686959,0
032,112025,34781177,0
032,112025,34781618,0
032,112025,34781641,0
032,112025,34781702,0
032,112025,34781744,0
032,112025,34781976,0
032,112025,34782083,0
032,112025,34782148,0
032,112025,34782384,0
032,112025,34782445,0
032,112025,34782567,0
032,112025,34782628,0
032,112025,34782826,0
032,112025,34782963,0
032,112025,34783070,0
032,112025,34783131,0
032,112025,34783154,0
032,112025,34783390,0
032,112025,34783432,0
032,112025,34783512,0
032,112025,34783554,0
032,112025,34783596,0
032,112025,34783638,0
032,112025,34783680,0
032,112025,34783741,0
032,112025,34783764,0
032,112025,34783806,0
032,112025,34783848,0
032,112025,34783985,0
032,112025,34784008,0
032,112025,34784031,0
032,112025,34784054,0
032,112025,34991809,0
032,112025,34991835,0
032,112025,35056386,0
032,112025,35199271,0
032,112025,35211669,0
032,112025,35212310,0
032,112025,35212506,0
032,112025,35212788,0
032,112025,35212933,0
032,112025,35213009,0
032,112025,35213219,0
032,112025,35213409,0
032,112025,35213636,0
032,112025,35213923,0
032,112025,35214313,0
032,112025,35214695,0
032,112025,35214829,0
032,112025,35315808,0
032,112025,35315850,0
032,112025,35316101,0
032,112025,35316288,0
032,112025,35316387,0
032,112025,35316528,0
032,112025,35316589,0
032,112025,35316673,0
032,112025,35316696,0
032,112025,35316719,0
032,112025,35316742,0
032,112025,35316906,0
032,112025,35316948,0
032,112025,35317009,0
032,112025,35317089,0
032,112025,35317112,0
032,112025,35317154,0
032,112025,35317196,0
032,112025,35317238,0
032,112025,35317531,0
032,112025,35317668,0
032,112025,35317710,0
032,112025,35317752,0
032,112025,35317775,0
032,112025,35317855,0
032,112025,35317878,0
032,112025,35317924,0
032,112025,35317947,0
032,112025,35317970,0
032,112025,35318050,0
032,112025,35318073,0
032,112025,35318115,0
032,112025,35318218,0
032,112025,35318340,0
032,112025,35318439,0
032,112025,35318546,0
032,112025,35318607,0
032,112025,35318687,0
032,112025,35318748,0
032,112025,35318809,0
032,112025,35318832,0
032,112025,35318855,0
032,112025,35318878,0
032,112025,35318924,0
032,112025,35318947,0
032,112025,35318970,0
032,112025,35319016,0
032,112025,35319062,0
032,112025,35319085,0
032,112025,35319108,0
032,112025,35319131,0
032,112025,35378840,0
032,112025,35399935,0
032,112025,35400140,0
032,112025,35473325,0
032,112025,35473386,0
032,112025,35473409,0
032,112025,35473432,0
032,112025,35473455,0
032,112025,35473478,0
032,112025,35473501,0
032,112025,35473524,0
032,112025,35473547,0
032,112025,35473627,0
032,112025,35473650,0
032,112025,35473673,0
032,112025,35473696,0
032,112025,35473742,0
032,112025,35473784,0
032,112025,35473807,0
032,112025,35473830,0
032,112025,35473853,0
032,112025,35473876,0
032,112025,35473994,0
032,112025,35474093,0
032,112025,35474287,0
032,112025,35474310,0
032,112025,35474356,0
032,112025,35474531,0
032,112025,35474592,0
032,112025,35474695,0
032,112025,35474813,0
032,112025,35475137,0
032,112025,35475381,0
032,112025,35475484,0
032,112025,35475526,0
032,112025,35475549,0
032,112025,35475572,0
032,112025,35475614,0
032,112025,35475637,0
032,112025,35475702,0
032,112025,35475767,0
032,112025,35475996,0
032,112025,35546132,0
032,112025,35546271,0
032,112025,35546774,0
032,112025,35547058,0
032,112025,35547363,0
032,112025,35547710,0
032,112025,35547892,0
032,112025,35548078,0
032,112025,35548213,0
032,112025,35548451,0
032,112025,35548638,0
032,112025,35548768,0
032,112025,35548885,0
032,112025,35549038,0
032,112025,35549166,0
032,112025,35549438,0
032,112025,35549688,0
032,112025,35549898,0
032,112025,35550024,0
032,112025,35656641,0
032,112025,35656679,0
032,112025,35656712,0
032,112025,35656745,0
032,112025,35656797,0
032,112025,35656827,0
032,112025,35656862,0
032,112025,35656894,0
032,112025,35656924,0
032,112025,35656958,0
032,112025,35656988,0
032,112025,35657033,0
032,112025,35657063,0
032,112025,35657104,0
032,112025,35657134,0
032,112025,35657168,0
032,112025,35657200,0
032,112025,35657234,0
032,112025,35657289,0
032,112025,35657323,0
032,112025,35657354,0
032,112025,35661682,0
032,112025,35661713,0
032,112025,35661747,0
032,112025,35661951,0
032,112025,35662170,0
032,112025,35662245,0
032,112025,35662370,0
032,112025,35662516,0
032,112025,35662586,0
032,112025,35663170,0
032,112025,35663779,0
032,112025,35664302,0
032,112025,35664941,0
032,112025,35665000,0
032,112025,35665066,0
032,112025,35665191,0
032,112025,35665421,0
032,112025,35665702,0
032,112025,35666159,0
032,112025,35666831,0
032,112025,35667109,0
032,112025,35667275,0
032,112025,35667695,0
032,112025,35667843,0
032,112025,35668019,0
032,112025,35668154,0
032,112025,35668307,0
032,112025,35668538,0
032,112025,35668666,0
032,112025,35668894,0
032,112025,35669080,0
032,112025,35669380,0
032,112025,35669592,0
032,112025,35669765,0
032,112025,35670009,0
032,112025,35670222,0
032,112025,35683533,0
032,112025,35683729,0
032,112025,35684160,0
032,112025,35684289,0
032,112025,35684471,0
032,112025,35684716,0
032,112025,35685106,0
032,112025,35685295,0
032,112025,35685388,0
032,112025,35685572,0
032,112025,35685666,0
032,112025,35685988,0
032,112025,35686284,0
032,112025,35686638,0
032,112025,35686779,0
032,112025,35686869,0
032,112025,35686975,0
032,112025,35687174,0
032,112025,35687275,0
032,112025,35687406,0
032,112025,35691762,0
032,112025,35692045,0
032,112025,35692331,0
032,112025,35692364,0
032,112025,35692625,0
032,112025,35692711,0
032,112025,35692852,0
032,112025,35692990,0
032,112025,35693222,0
032,112025,35693402,0
032,112025,35693835,0
032,112025,35694207,0
032,112025,35694903,0
032,112025,35695274,0
032,112025,35695309,0
032,112025,35695394,0
032,112025,35695555,0
032,112025,35695834,0
032,112025,35695938,0
032,112025,35717603,0
032,112025,35717746,0
032,112025,35717979,0
032,112025,35718094,0
032,112025,35718458,0
032,112025,35718665,0
032,112025,35718765,0
032,112025,35718899,0
032,112025,35719062,0
032,112025,35719279,0
032,112025,35719483,0
032,112025,35719669,0
032,112025,35719786,0
032,112025,35719978,0
032,112025,35720236,0
032,112025,35720364,0
032,112025,35720569,0
032,112025,35720995,0
032,112025,35721239,0
032,112025,35721325,0
032,112025,35721413,0
032,112025,35721536,0
032,112025,35721774,0
032,112025,35730562,0
032,112025,35760626,0
032,112025,35761226,0
032,112025,35761780,0
032,112025,35761920,0
032,112025,35762448,0
032,112025,35762662,0
032,112025,35762805,0
032,112025,35762899,0
032,112025,35762931,0
032,112025,35763020,0
032,112025,35763125,0
032,112025,35763306,0
032,112025,35763421,0
032,112025,35763533,0
032,112025,35763744,0
032,112025,35763975,0
032,112025,35764225,0
032,112025,35764438,0
032,112025,35764715,0
032,112025,35764825,0
032,112025,35769311,0
032,112025,35769480,0
032,112025,35769877,0
032,112025,35770373,0
032,112025,35770458,0
032,112025,35770601,0
032,112025,35770797,0
032,112025,35770955,0
032,112025,35771029,0
032,112025,35771105,0
032,112025,35771189,0
032,112025,35771704,0
032,112025,35771900,0
032,112025,35771988,0
032,112025,35772483,0
032,112025,35772530,0
032,112025,35786353,0
032,112025,35786380,0
032,112025,35786526,0
032,112025,35786653,0
032,112025,35786688,0
032,112025,35791007,0
032,112025,35791217,0
032,112025,35791312,0
032,112025,35791354,0
032,112025,35791365,0
032,112025,35791388,0
032,112025,35791412,0
032,112025,35791647,0
032,112025,35791749,0
032,112025,35791753,0
032,112025,35791779,0
032,112025,35791828,0
032,112025,35791832,0
032,112025,35791871,0
032,112025,35791875,0
032,112025,35791932,0
032,112025,35791936,0
032,112025,35792020,0
032,112025,35794915,0
032,112025,35795226,0
032,112025,35795651,0
032,112025,35795754,0
032,112025,35796020,0
032,112025,35796077,0
032,112025,35796210,0
032,112025,35796440,0
032,112025,35796585,0
032,112025,35796749,0
032,112025,35796952,0
032,112025,35797044,0
032,112025,35797222,0
032,112025,35797263,0
032,112025,35803516,0
032,112025,35804282,0
032,112025,35804341,0
032,112025,35804345,0
032,112025,35804363,0
032,112025,35804367,0
032,112025,35804409,0
032,112025,35804432,0
032,112025,35804436,0
032,112025,35804481,0
032,112025,35804512,0
032,112025,35807693,0
032,112025,35812066,0
032,112025,35812102,0
032,112025,35812236,0
032,112025,35812278,0
032,112025,35812325,0
032,112025,35812387,0
032,112025,35812391,0
032,112025,35812690,0
032,112025,35812696,0
032,112025,35812805,0
032,112025,35812809,0
032,112025,35812876,0
032,112025,35812878,0
032,112025,35812908,0
032,112025,35812955,0
032,112025,35812959,0
032,112025,35812984,0
032,112025,35812988,0
032,112025,35813085,0
032,112025,35813089,0
032,112025,35813134,0
032,112025,35813287,0
032,112025,35813291,0
032,112025,35813368,0
032,112025,35814298,0
032,112025,35816381,0
032,112025,35864332,0
032,112025,35864336,0
032,112025,35864353,0
032,112025,35864445,0
032,112025,35911698,0
032,112025,35911957,0
032,112025,35912018,0
032,112025,35912174,0
032,112025,35912235,0
032,112025,35912277,0
032,112025,35912323,0
032,112025,35912502,0
032,112025,35912677,0
032,112025,35912803,0
032,112025,35912826,0
032,112025,35912868,0
032,112025,35913005,0
032,112025,35913203,0
032,112025,35913359,0
032,112025,35913565,0
032,112025,35913626,0
032,112025,35913649,0
032,112025,35913691,0
032,112025,35913714,0
032,112025,35913737,0
032,112025,35913855,0
032,112025,35914049,0
032,112025,35914072,0
032,112025,35914114,0
032,112025,35914232,0
032,112025,35996711,0
032,112025,36018198,0
032,112025,36022510,0
032,112025,36022702,0
032,112025,36039772,0
032,112025,36039799,0
032,112025,36043995,0
032,112025,36044278,0
032,112025,36044282,0
032,112025,36108318,0
032,112025,36108360,0
032,112025,36181701,0
032,112025,36181724,0
032,112025,36181747,0
032,112025,36181808,0
032,112025,36181850,0
032,112025,36181892,0
032,112025,36181934,0
032,112025,36181976,0
032,112025,36182018,0
032,112025,36182060,0
032,112025,36182102,0
032,112025,36182144,0
032,112025,36182186,0
032,112025,36182228,0
032,112025,36182270,0
032,112025,36182312,0
032,112025,36182354,0
032,112025,36182434,0
032,112025,36182476,0
032,112025,36182803,0
032,112025,36182826,0
032,112025,36182849,0
032,112025,36182910,0
032,112025,36182952,0
032,112025,36182975,0
032,112025,36183036,0
032,112025,36183059,0
032,112025,36183101,0
032,112025,36183143,0
032,112025,36183185,0
032,112025,36183227,0
032,112025,36183288,0
032,112025,36183368,0
032,112025,36183467,0
032,112025,36183509,0
032,112025,36183608,0
032,112025,36183650,0
032,112025,36183692,0
032,112025,36183734,0
032,112025,36183776,0
032,112025,36183799,0
032,112025,36184031,0
032,112025,36184225,0
032,112025,36184343,0
032,112025,36184385,0
032,112025,36184427,0
032,112025,36184469,0
032,112025,36184511,0
032,112025,36184553,0
032,112025,36184956,0
032,112025,36184998,0
032,112025,36185040,0
032,112025,36185082,0
032,112025,36185124,0
032,112025,36185166,0
032,112025,36185208,0
032,112025,36185250,0
032,112025,36185311,0
032,112025,36185353,0
032,112025,36185395,0
032,112025,36185437,0
032,112025,36185479,0
032,112025,36185521,0
032,112025,36185563,0
032,112025,36185605,0
032,112025,36185647,0
032,112025,36185670,0
032,112025,36185712,0
032,112025,36185754,0
032,112025,36185796,0
032,112025,36185838,0
032,112025,36185880,0
032,112025,36185922,0
032,112025,36185964,0
032,112025,36186006,0
032,112025,36186048,0
032,112025,36186090,0
032,112025,36186132,0
032,112025,36186250,0
032,112025,36186292,0
032,112025,36186334,0
032,112025,36186699,0
032,112025,36186741,0
032,112025,36186783,0
032,112025,36186825,0
032,112025,36186981,0
032,112025,36187004,0
032,112025,36187065,0
032,112025,36187088,0
032,112025,36187130,0
032,112025,36187172,0
032,112025,36187195,0
032,112025,36187237,0
032,112025,36187279,0
032,112025,36187378,0
032,112025,36187439,0
032,112025,36187462,0
032,112025,36187504,0
032,112025,36187527,0
032,112025,36187569,0
032,112025,36187611,0
032,112025,36187634,0
032,112025,36187752,0
032,112025,36187851,0
032,112025,36187969,0
032,112025,36187992,0
032,112025,36188034,0
032,112025,36188171,0
032,112025,36188194,0
032,112025,36188255,0
032,112025,36188525,0
032,112025,36188662,0
032,112025,36188803,0
032,112025,36188925,0
032,112025,36189180,0
032,112025,36189348,0
032,112025,36189390,0
032,112025,36189413,0
032,112025,36189531,0
032,112025,36189573,0
032,112025,36189615,0
032,112025,36189661,0
032,112025,36190023,0
032,112025,36219919,0
032,112025,36237097,0
032,112025,36241389,0
032,112025,36245718,0
032,112025,36245756,0
032,112025,36250169,0
032,112025,36250218,0
032,112025,36250476,0
032,112025,36250489,0
032,112025,36340252,0
032,112025,36365936,0
032,112025,36370580,0
032,112025,36460560,0
032,112025,36460654,0
032,112025,36460689,0
032,112025,36460691,0
032,112025,36471361,0
032,112025,36471426,0
032,112025,36471449,0
032,112025,36471472,0
032,112025,36471811,0
032,112025,36471834,0
032,112025,36471918,0
032,112025,36471941,0
032,112025,36471964,0
032,112025,36494766,0
032,112025,36507700,0
032,112025,36559150,0
032,112025,36632308,0
032,112025,39075273,0
032,112025,39079809,0
032,112025,39093726,0
032,112025,39107667,0
032,112025,39131524,0
032,112025,39131656,0
032,112025,39131672,0
032,112025,39132158,0
032,112025,39132162,0
032,112025,39132175,0
032,112025,39132375,0
032,112025,39158586,0
032,112025,39158605,0
032,112025,39163124,0
032,112025,39186448,0
032,112025,39190878,0
032,112025,39190882,0
032,112025,39190886,0
032,112025,39214334,0
032,112025,39228417,0
032,112025,39228429,0
032,112025,39228581,0
032,112025,39228882,0
032,112025,39228991,0
032,112025,39229241,0
032,112025,39229245,0
032,112025,39232437,0
032,112025,39232448,0
032,112025,39310867,0
032,112025,39445756,0
032,112025,39446682,0
032,112025,39486843,0
032,112025,39496019,0
032,112025,39496240,0
032,112025,39496444,0
032,112025,39496488,0
032,112025,39496909,0
032,112025,39528070,0
032,112025,39532687,0
032,112025,39657442,0
032,112025,39660752,0
032,112025,39660776,0
032,112025,39660859,0
032,112025,39660912,0
032,112025,39660995,0
032,112025,39661044,0
032,112025,39661048,0
032,112025,39661098,0
032,112025,39661733,0
032,112025,39661768,0
032,112025,39661790,0
032,112025,39661857,0
032,112025,39661858,0
032,112025,39661964,0
032,112025,39846989,0
032,112025,39847144,0
032,112025,39879322,0
032,112025,39967106,0
032,112025,39995030,0
032,112025,40005774,0
032,112025,40013425,0
032,112025,40018214,0
032,112025,40022772,0
032,112025,40068652,0
032,112025,40068732,0
032,112025,40068774,0
032,112025,40068911,0
032,112025,40069010,0
032,112025,40069402,0
032,112025,40069623,0
032,112025,40070019,0
032,112025,40070156,0
032,112025,40070179,0
032,112025,40070240,0
032,112025,40070320,0
032,112025,40070362,0
032,112025,40070503,0
032,112025,40070545,0
032,112025,40070587,0
032,112025,40070629,0
032,112025,40070690,0
032,112025,40070732,0
032,112025,40070930,0
032,112025,40071162,0
032,112025,40071280,0
032,112025,40071360,0
032,112025,40071524,0
032,112025,40071627,0
032,112025,40071650,0
032,112025,40071711,0
032,112025,40071753,0
032,112025,40071795,0
032,112025,40071860,0
032,112025,40072085,0
032,112025,40072108,0
032,112025,40072348,0
032,112025,40072390,0
032,112025,40072588,0
032,112025,40072630,0
032,112025,40072653,0
032,112025,40072676,0
032,112025,40072737,0
032,112025,40073083,0
032,112025,40073125,0
032,112025,40073148,0
032,112025,40073171,0
032,112025,40073194,0
032,112025,40073217,0
032,112025,40073259,0
032,112025,40073476,0
032,112025,40073556,0
032,112025,40073636,0
032,112025,40073678,0
032,112025,40073800,0
032,112025,40073823,0
032,112025,40073903,0
032,112025,40073945,0
032,112025,40073991,0
032,112025,40074037,0
032,112025,40074102,0
032,112025,40074125,0
032,112025,40074148,0
032,112025,40074171,0
032,112025,40074464,0
032,112025,40074525,0
032,112025,40074586,0
032,112025,40074628,0
032,112025,40074651,0
032,112025,40074777,0
032,112025,40074842,0
032,112025,40074865,0
032,112025,40074888,0
032,112025,40074930,0
032,112025,40074991,0
032,112025,40075014,0
032,112025,40075113,0
032,112025,40075345,0
032,112025,40075463,0
032,112025,40075505,0
032,112025,40075566,0
032,112025,40075627,0
032,112025,40075745,0
032,112025,40075787,0
032,112025,40075848,0
032,112025,40075978,0
032,112025,40076001,0
032,112025,40076043,0
032,112025,40076066,0
032,112025,40076089,0
032,112025,40076112,0
032,112025,40076135,0
032,112025,40076158,0
032,112025,40076181,0
032,112025,40076204,0
032,112025,40076227,0
032,112025,40076250,0
032,112025,40076296,0
032,112025,40076338,0
032,112025,40076380,0
032,112025,40084381,0
032,112025,40084413,0
032,112025,40084454,0
032,112025,40084470,0
032,112025,40086551,0
032,112025,40086633,0
032,112025,40572385,0
032,112025,40641947,0
032,112025,40872824,0
032,112025,40877550,0
032,112025,40877664,0
032,112025,40877893,0
032,112025,40928357,0
032,112025,40997579,0
032,112025,41057609,0
032,112025,41063974,0
032,112025,41063978,0
032,112025,41510628,0
032,112025,41630613,0
032,112025,41658344,0
032,112025,41695283,0
032,112025,41709238,0
032,112025,41718412,0
032,112025,41741555,0
032,112025,42241140,0
032,112025,42241141,0
032,112025,42425463,0
032,112025,42453141,0
032,112025,42458146,0
032,112025,42458515,0
032,112025,42458576,0
032,112025,42458578,0
032,112025,42458807,0
032,112025,42504003,0
032,112025,42619549,0
032,112025,42619697,0
032,112025,42619698,0
032,112025,42619933,0
032,112025,42619947,0
032,112025,42808995,0
032,112025,42855227,0
032,112025,42915240,0
032,112025,42924659,0
032,112025,42938524,0
032,112025,42947668,0
032,112025,42952375,0
032,112025,42952399,0
032,112025,42952423,0
032,112025,42952465,0
032,112025,42952489,0
032,112025,42952513,0
032,112025,42952580,0
032,112025,43063293,0
032,112025,43719292,0
032,112025,43747250,0
032,112025,43747262,0
032,112025,43797846,0
032,112025,44136495,0
032,112025,44199319,0
032,112025,44399287,0
032,112025,44399636,0
032,112025,44408857,0
032,112025,44408971,0
032,112025,44409000,0
032,112025,44445125,0
032,112025,44528708,0
032,112025,44528872,0
032,112025,44529487,0
032,112025,44530622,0
032,112025,44531428,0
032,112025,44531556,0
032,112025,44531613,0
032,112025,44754571,0
032,112025,44754672,0
032,112025,44754679,0
032,112025,44754691,0
032,112025,44754727,0
032,112025,44754733,0
032,112025,44754785,0
032,112025,44754867,0
032,112025,44755252,0
032,112025,44755381,0
032,112025,44773646,0
032,112025,44773749,0
032,112025,44774105,0
032,112025,44774117,0
032,112025,44774153,0
032,112025,44774166,0
032,112025,44774196,0
032,112025,44774202,0
032,112025,44774269,0
032,112025,44774312,0
032,112025,44774324,0
032,112025,44774336,0
032,112025,44774402,0
032,112025,44774420,0
032,112025,44774427,0
032,112025,44774485,0
032,112025,44774557,0
032,112025,44774619,0
032,112025,44774624,0
032,112025,44846811,0
032,112025,44893148,0
032,112025,44893159,0
032,112025,44893221,0
032,112025,44893230,0
032,112025,44893248,0
032,112025,44893259,0
032,112025,44897675,0
032,112025,44902371,0
032,112025,44925690,0
032,112025,44976466,0
032,112025,44976484,0
032,112025,44976489,0
032,112025,45064035,0
032,112025,45087242,0
032,112025,45087540,0
032,112025,45087541,0
032,112025,45087637,0
032,112025,45087677,0
032,112025,45087689,0
032,112025,45087786,0
032,112025,45087792,0
032,112025,45087806,0
032,112025,45087832,0
032,112025,45087944,0
032,112025,45087992,0
032,112025,45087993,0
032,112025,45088016,0
032,112025,45088020,0
032,112025,45088056,0
032,112025,45088088,0
032,112025,45088209,0
032,112025,45088236,0
032,112025,45088293,0
032,112025,45088346,0
032,112025,45096417,0
032,112025,45161338,0
032,112025,45161344,0
032,112025,45161391,0
032,112025,45161422,0
032,112025,45161427,0
032,112025,45161428,0
032,112025,45161946,0
032,112025,45161968,0
032,112025,45200680,0
032,112025,45201034,0
032,112025,45201080,0
032,112025,45201179,0
032,112025,45201221,0
032,112025,45201244,0
032,112025,45201305,0
032,112025,45201328,0
032,112025,45201465,0
032,112025,45201526,0
032,112025,45201758,0
032,112025,45201819,0
032,112025,45201880,0
032,112025,45202150,0
032,112025,45202234,0
032,112025,45202447,0
032,112025,45202531,0
032,112025,45202554,0
032,112025,45202672,0
032,112025,45202714,0
032,112025,45202946,0
032,112025,45202969,0
032,112025,45203087,0
032,112025,45203110,0
032,112025,45203247,0
032,112025,45203270,0
032,112025,45203293,0
032,112025,45203392,0
032,112025,45203415,0
032,112025,45203438,0
032,112025,45203556,0
032,112025,45203621,0
032,112025,45203705,0
032,112025,45203766,0
032,112025,45203941,0
032,112025,45204002,0
032,112025,45204025,0
032,112025,45204219,0
032,112025,45204398,0
032,112025,45204539,0
032,112025,45204657,0
032,112025,45204741,0
032,112025,45204840,0
032,112025,45204882,0
032,112025,45205080,0
032,112025,45205103,0
032,112025,45205202,0
032,112025,45205225,0
032,112025,45205267,0
032,112025,45205309,0
032,112025,45205332,0
032,112025,45205355,0
032,112025,45205378,0
032,112025,45205500,0
032,112025,45205523,0
032,112025,45205603,0
032,112025,45205885,0
032,112025,45206064,0
032,112025,45206262,0
032,112025,45206403,0
032,112025,45206540,0
032,112025,45206620,0
032,112025,45206685,0
032,112025,45206879,0
032,112025,45206902,0
032,112025,45206963,0
032,112025,45207028,0
032,112025,45207051,0
032,112025,45207074,0
032,112025,45207154,0
032,112025,45207234,0
032,112025,45207299,0
032,112025,45207341,0
032,112025,45207402,0
032,112025,45207501,0
032,112025,45207543,0
032,112025,45207566,0
032,112025,45207589,0
032,112025,45207612,0
032,112025,45207677,0
032,112025,45207818,0
032,112025,45207841,0
032,112025,45207997,0
032,112025,45208020,0
032,112025,45208100,0
032,112025,45208180,0
032,112025,45208203,0
032,112025,45208302,0
032,112025,45208470,0
032,112025,45208512,0
032,112025,45208676,0
032,112025,45208718,0
032,112025,45208760,0
032,112025,45208821,0
032,112025,45209137,0
032,112025,45209160,0
032,112025,45209183,0
032,112025,45209290,0
032,112025,45209332,0
032,112025,45209393,0
032,112025,45209511,0
032,112025,45209534,0
032,112025,45209557,0
032,112025,45209622,0
032,112025,45209664,0
032,112025,45209820,0
032,112025,45209961,0
032,112025,45210098,0
032,112025,45210140,0
032,112025,45210182,0
032,112025,45210224,0
032,112025,45210342,0
032,112025,45210384,0
032,112025,45210426,0
032,112025,45210449,0
032,112025,45210472,0
032,112025,45210495,0
032,112025,45210556,0
032,112025,45211039,0
032,112025,45211157,0
032,112025,45211313,0
032,112025,45211458,0
032,112025,45211618,0
032,112025,45211641,0
032,112025,45211683,0
032,112025,45211725,0
032,112025,45211809,0
032,112025,45211832,0
032,112025,45211855,0
032,112025,45212068,0
032,112025,45212129,0
032,112025,45212289,0
032,112025,45212312,0
032,112025,45212354,0
032,112025,45212495,0
032,112025,45212575,0
032,112025,45212693,0
032,112025,45212754,0
032,112025,45212834,0
032,112025,45212933,0
032,112025,45212956,0
032,112025,45213295,0
032,112025,45213318,0
032,112025,45213417,0
032,112025,45213459,0
032,112025,45213520,0
032,112025,45213619,0
032,112025,45213642,0
032,112025,45213722,0
032,112025,45213935,0
032,112025,45214422,0
032,112025,45214692,0
032,112025,45214856,0
032,112025,45215130,0
032,112025,45215153,0
032,112025,45215176,0
032,112025,45215199,0
032,112025,45215222,0
032,112025,45215264,0
032,112025,45215287,0
032,112025,45215333,0
032,112025,45215417,0
032,112025,45215440,0
032,112025,45215501,0
032,112025,45215524,0
032,112025,45215566,0
032,112025,45215703,0
032,112025,45215882,0
032,112025,45215962,0
032,112025,45216004,0
032,112025,45216027,0
032,112025,45216050,0
032,112025,45216328,0
032,112025,45216351,0
032,112025,45216454,0
032,112025,45216557,0
032,112025,45216580,0
032,112025,45216603,0
032,112025,45216645,0
032,112025,45216706,0
032,112025,45216748,0
032,112025,45216893,0
032,112025,45217015,0
032,112025,45217038,0
032,112025,45217099,0
032,112025,45217122,0
032,112025,45217248,0
032,112025,45217313,0
032,112025,45217336,0
032,112025,45217359,0
032,112025,45217382,0
032,112025,45217405,0
032,112025,45217447,0
032,112025,45217470,0
032,112025,45217512,0
032,112025,45217554,0
032,112025,45217615,0
032,112025,45217638,0
032,112025,45217703,0
032,112025,45217783,0
032,112025,45217825,0
032,112025,45217848,0
032,112025,45217871,0
032,112025,45217894,0
032,112025,45217955,0
032,112025,45217997,0
032,112025,45218058,0
032,112025,45218104,0
032,112025,45218127,0
032,112025,45218150,0
032,112025,45218219,0
032,112025,45218242,0
032,112025,45218288,0
032,112025,45218372,0
032,112025,45218460,0
032,112025,45218483,0
032,112025,45218506,0
032,112025,45218529,0
032,112025,45218552,0
032,112025,45218575,0
032,112025,45218640,0
032,112025,45218665,0
032,112025,45218799,0
032,112025,45218822,0
032,112025,45218845,0
032,112025,45218870,0
032,112025,45218893,0
032,112025,45218916,0
032,112025,45218939,0
032,112025,45218962,0
032,112025,45219004,0
032,112025,45219027,0
032,112025,45219050,0
032,112025,45219073,0
032,112025,45219096,0
032,112025,45219119,0
032,112025,45219142,0
032,112025,45219165,0
032,112025,45219188,0
032,112025,45219211,0
032,112025,45219234,0
032,112025,45221197,0
032,112025,45230399,0
032,112025,45230403,0
032,112025,45253649,0
032,112025,45271964,0
032,112025,45271995,0
032,112025,45308995,0
032,112025,45359799,0
032,112025,45364413,0
032,112025,45461412,0
032,112025,45461467,0
032,112025,45466219,0
032,112025,45466371,0
032,112025,45493904,0
032,112025,45493906,0
032,112025,45494096,0
032,112025,45512425,0
032,112025,45530894,0
032,112025,45554086,0
032,112025,45558737,0
032,112025,45559079,0
032,112025,45559216,0
032,112025,45559254,0
032,112025,45559279,0
032,112025,45674376,0
032,112025,45674400,0
032,112025,45674869,0
032,112025,45674922,0
032,112025,45675019,0
032,112025,45675245,0
032,112025,45675335,0
032,112025,45675418,0
032,112025,45771086,0
032,112025,45775752,0
032,112025,45775924,0
032,112025,45775928,0
032,112025,45798815,0
032,112025,45798838,0
032,112025,45798880,0
032,112025,45798922,0
032,112025,45799009,0
032,112025,45817239,0
032,112025,45826520,0
032,112025,45905195,0
032,112025,46020620,0
032,112025,46034552,0
032,112025,46053038,0
032,112025,46057732,0
032,112025,46057852,0
032,112025,46057940,0
032,112025,46182291,0
032,112025,46297799,0
032,112025,46297864,0
032,112025,46297952,0
032,112025,46298078,0
032,112025,46298166,0
032,112025,46298227,0
032,112025,46298269,0
032,112025,46298315,0
032,112025,46298361,0
032,112025,46298495,0
032,112025,46298518,0
032,112025,46298602,0
032,112025,46298797,0
032,112025,46298843,0
032,112025,46298908,0
032,112025,46298954,0
032,112025,46299019,0
032,112025,46299176,0
032,112025,46299224,0
032,112025,46299247,0
032,112025,46299316,0
032,112025,46299450,0
032,112025,46299496,0
032,112025,46299748,0
032,112025,46299771,0
032,112025,46300122,0
032,112025,46300275,0
032,112025,46300317,0
032,112025,46300359,0
032,112025,46300401,0
032,112025,46300443,0
032,112025,46300485,0
032,112025,46300550,0
032,112025,46300649,0
032,112025,46300710,0
032,112025,46300809,0
032,112025,46300889,0
032,112025,46300950,0
032,112025,46301068,0
032,112025,46301129,0
032,112025,46301152,0
032,112025,46301194,0
032,112025,46301236,0
032,112025,46301278,0
032,112025,46301320,0
032,112025,46301362,0
032,112025,46301404,0
032,112025,46301465,0
032,112025,46301507,0
032,112025,46301549,0
032,112025,46301591,0
032,112025,46301633,0
032,112025,46301694,0
032,112025,46301755,0
032,112025,46301778,0
032,112025,46301801,0
032,112025,46301919,0
032,112025,46302018,0
032,112025,46302098,0
032,112025,46302178,0
032,112025,46302258,0
032,112025,46302281,0
032,112025,46302342,0
032,112025,46302403,0
032,112025,46302445,0
032,112025,46302525,0
032,112025,46302605,0
032,112025,46302685,0
032,112025,46302746,0
032,112025,46302826,0
032,112025,46302906,0
032,112025,46302986,0
032,112025,46303047,0
032,112025,46303089,0
032,112025,46303169,0
032,112025,46303249,0
032,112025,46303310,0
032,112025,46303352,0
032,112025,46303432,0
032,112025,46303474,0
032,112025,46303497,0
032,112025,46303520,0
032,112025,46303562,0
032,112025,46303604,0
032,112025,46303646,0
032,112025,46303688,0
032,112025,46303730,0
032,112025,46303772,0
032,112025,46303814,0
032,112025,46303894,0
032,112025,46303917,0
032,112025,46303997,0
032,112025,46304077,0
032,112025,46304138,0
032,112025,46304218,0
032,112025,46304260,0
032,112025,46304321,0
032,112025,46304477,0
032,112025,46304690,0
032,112025,46304884,0
032,112025,46304907,0
032,112025,46304930,0
032,112025,46305090,0
032,112025,46305113,0
032,112025,46305136,0
032,112025,46305235,0
032,112025,46305315,0
032,112025,46305509,0
032,112025,81804809,0
