032,112025,3217891,3227766,7404,1,1,1,3217891,01/10/2001,F3AL00L00BN24
032,112025,3217895,3227803,7404,1,1,1,3217895,01/01/1966,F3AL00L00BN24
032,112025,3217903,3312718,7404,1,1,1,3217903,01/07/2004,F2AL00L00BN13
032,112025,3217907,3227877,7404,1,1,1,3217907,01/01/1973,F2AL00L00BN13
032,112025,3217915,3227951,7404,1,1,1,3217915,01/01/1996,F2AL00L00BN13
032,112025,3217919,3227988,7404,1,1,1,3217919,01/01/1962,F2AL00L00BN13
032,112025,3217923,3228025,7404,1,1,1,3217923,01/03/1966,F2AL00L00BN13
032,112025,3217927,3228062,7404,1,1,1,3217927,01/01/1990,F2AL00L00BN13
032,112025,3217931,3228099,8409,1,1,1,3217931,01/05/1962,F2AL00L00BN13
032,112025,3217935,3228136,8409,1,1,1,3217935,01/02/1997,F2AL00L00BN13
032,112025,3217943,3228210,8409,1,1,1,3217943,01/09/1991,F2AL00L00BN13
032,112025,3217947,3228247,7404,1,1,1,3217947,01/03/1967,F2AL00L00BN13
032,112025,3217951,3228284,7404,1,1,1,3217951,01/05/1967,F2AL00L00BN13
032,112025,3217955,3228321,8409,1,1,1,3217955,01/03/1975,F3AL00L00BN24
032,112025,3217959,3228358,8409,1,1,1,3217959,01/01/1996,F3AL00L00BN24
032,112025,3217967,3228432,8409,1,1,1,3217967,01/03/1995,F2AL00L00BN13
032,112025,3217971,3228469,7404,1,1,1,3217971,01/03/1954,F3AL00L00BN24
032,112025,3217975,3228506,8409,1,1,1,3217975,01/07/1973,F2AL00L00BN13
032,112025,3217979,3228543,8409,1,1,1,3217979,01/07/1981,F3AL00L00BN24
032,112025,3217983,3228580,8409,1,1,1,3217983,01/03/1965,F2AL00L00BN13
032,112025,3217987,3228617,8409,1,1,1,3217987,01/08/1992,F3AL00L00BN24
032,112025,3217991,3228654,8416,1,1,1,3217991,01/01/1985,F2AL00L00BN13
032,112025,3217995,3228691,8416,1,1,1,3217995,01/06/1990,F2AL00L00BN13
032,112025,3217999,3228728,8416,1,1,1,3217999,01/02/1964,F2AL00L00BN13
032,112025,3218003,3228765,8416,1,1,1,3218003,01/05/1979,F2AL00L00BN13
032,112025,3218007,3228802,8416,1,1,1,3218007,01/07/1966,F3AL00L00BN24
032,112025,3218011,3228839,8416,1,1,1,3218011,01/05/1970,F2AL00L00BN13
032,112025,3218015,3228876,8416,1,1,1,3218015,01/05/1969,F3AL00L00BN24
032,112025,3218019,3228913,8416,1,1,1,3218019,01/08/1966,F2AL00L00BN13
032,112025,3218023,3228950,8416,1,1,1,3218023,01/04/1974,F2AL00L00BN13
032,112025,3218027,3228987,8416,1,1,1,3218027,01/03/1970,F2AL00L00BN13
032,112025,3218031,3229024,8416,1,1,1,3218031,01/02/1962,F2AL00L00BN13
032,112025,3218035,3229061,8416,1,1,1,3218035,01/02/1962,F3AL00L00BN24
032,112025,3218043,3229135,8416,1,1,1,3218043,01/01/1960,F3AL00L00BN24
032,112025,3218047,3229172,7404,1,1,1,3218047,01/02/1966,F2AL00L00BN13
032,112025,3218051,3229209,7405,1,1,1,3218051,01/07/1969,F3AL00L00BN24
032,112025,3218055,3229246,7405,1,1,1,3218055,01/07/1997,F3AL00L00BN24
032,112025,3218063,3229320,7405,1,1,1,3218063,01/02/1996,F2AL00L00BN13
032,112025,3218067,3229357,7405,1,1,1,3218067,01/05/2000,F2AL00L00BN13
032,112025,3218071,3229394,7405,1,1,1,3218071,01/04/1968,F2AL00L00BN13
032,112025,3218075,3229431,7404,1,1,1,3218075,01/04/1988,F2AL00L00BN13
032,112025,3218083,3229505,7404,1,1,1,3218083,01/03/1991,F2AL00L00BN13
032,112025,3218087,3294625,7405,1,1,1,3218087,01/01/1957,F2AL00L00BN13
032,112025,3218091,3229542,7404,1,1,1,3218091,01/02/1997,F2AL00L00BN13
032,112025,3218095,3229579,7404,1,1,1,3218095,01/06/1993,F2AL00L00BN13
032,112025,3218099,3229616,7404,4,1,1,3218099,01/07/1996,F3AL00L00BN24
032,112025,3218111,3229727,7404,1,1,1,3218111,01/01/1996,F2AL00L00BN13
032,112025,3218115,3229764,7404,1,1,1,3218115,01/12/2001,F3AL00L00BN24
032,112025,3218119,3229801,7404,1,1,1,3218119,01/01/1990,F2AL00L00BN13
032,112025,3218123,3229838,7404,1,1,1,3218123,01/06/1957,F2AL00L00BN13
032,112025,3218131,3229912,7404,1,1,1,3218131,01/09/1992,F2AL00L00BN13
032,112025,3218135,3229949,7404,1,1,1,3218135,01/09/1973,F1AL00L00AN12
032,112025,3218139,3229986,7404,1,1,1,3218139,01/03/1999,F2AL00L00BN13
032,112025,3218143,3230023,7404,1,1,1,3218143,01/05/1999,F2AL00L00BN13
032,112025,3218147,3230060,7404,1,1,1,3218147,01/05/1988,F1AL00L00AN12
032,112025,3218151,3230097,7405,1,1,1,3218151,01/08/1966,F1AL00L00AN12
032,112025,3218159,3230171,7405,1,1,1,3218159,01/08/1968,F1AL00L00AN12
032,112025,3218163,3230208,7405,1,1,1,3218163,01/06/1970,F2AL00L00BN13
032,112025,3218167,3230245,7405,1,1,1,3218167,01/04/1984,F2AL00L00BN13
032,112025,3218171,3230282,7405,1,1,1,3218171,01/04/1962,F2AL00L00BN13
032,112025,3218175,3230319,7405,1,1,1,3218175,01/01/1974,F2AL00L00BN13
032,112025,3218179,3230356,7405,1,1,1,3218179,01/07/1988,F2AL00L00BN13
032,112025,3218183,3230393,7403,1,1,1,3218183,01/07/1999,F2AL00L00BN13
032,112025,3218187,3230430,7403,1,1,1,3218187,01/05/1997,F2AL00L00BN13
032,112025,3218203,3230578,8409,1,1,1,3218203,01/07/1981,F3AL00L00BN24
032,112025,3218215,3230689,8409,1,1,1,3218215,01/05/1979,F3AL00L00BN24
032,112025,3218223,3230763,8409,1,1,1,3218223,01/02/1987,F1AL00L00AN12
032,112025,3218231,3230837,8409,1,1,1,3218231,01/06/1956,F1AL00L00AN12
032,112025,3218235,3230874,8416,1,1,1,3218235,01/08/1981,F3AL00L00BN24
032,112025,3218239,3230911,8409,1,1,1,3218239,01/05/1980,F2AL00L00BN13
032,112025,3218243,3230948,8416,1,1,1,3218243,01/05/1968,F2AL00L00BN13
032,112025,3218247,3230985,8416,1,1,1,3218247,01/07/1986,F1AL00L00AN12
032,112025,3218251,3231022,8409,1,1,1,3218251,01/09/1974,F1AL00L00AN12
032,112025,3218255,3231059,8409,1,1,1,3218255,01/06/1992,F1AL00L00AN12
032,112025,3218259,3231096,8409,1,1,1,3218259,01/01/1969,F1AL00L00AN12
032,112025,3218263,3231133,8409,1,1,1,3218263,01/05/1968,F1AL00L00AN12
032,112025,3218267,3231170,8409,1,1,1,3218267,01/06/1992,F1AL00L00AN12
032,112025,3218271,3231207,8416,1,1,1,3218271,01/02/1970,F1AL00L00AN12
032,112025,3218275,3231244,8416,1,1,1,3218275,01/03/1970,F1AL00L00AN12
032,112025,3218279,3231281,8416,1,1,1,3218279,01/09/1968,F1AL00L00AN12
032,112025,3218283,3231318,8416,1,1,1,3218283,01/09/1970,F1AL00L00AN12
032,112025,3218287,3231355,8416,1,1,1,3218287,01/08/1970,F1AL00L00AN12
032,112025,3218291,3231392,8416,1,1,1,3218291,01/02/1970,F1AL00L00AN12
032,112025,3218295,3231429,8416,1,1,1,3218295,01/02/1970,F1AL00L00AN12
032,112025,3218299,3231466,8416,1,1,1,3218299,01/03/1970,F1AL00L00AN12
032,112025,3218307,3295180,8416,1,1,1,3218307,01/04/2004,F2AL00L00BN13
032,112025,3218311,3231540,8416,1,1,1,3218311,01/01/1971,F1AL00L00AN12
032,112025,3218315,3231577,8409,1,1,1,3218315,01/03/1995,F3AL00L00BN24
032,112025,3218319,3231614,8409,1,1,1,3218319,01/04/1993,F2AL00L00BN13
032,112025,3218323,3231651,8409,1,1,1,3218323,01/09/1968,F1AL00L00AN12
032,112025,3218327,3231688,8416,1,1,1,3218327,01/09/1995,F2AL00L00BN13
032,112025,3218331,3231725,8416,1,1,1,3218331,01/09/1990,F2AL00L00BN13
032,112025,3218335,3231762,8416,1,1,1,3218335,01/07/1990,F2AL00L00BN13
032,112025,3218343,3231836,8416,1,1,1,3218343,01/05/1970,F1AL00L00AN12
032,112025,3218351,3231910,8416,1,1,1,3218351,01/12/2001,F3AL00L00BN24
032,112025,3218355,3231947,8416,1,1,1,3218355,01/09/1985,F2AL00L00BN13
032,112025,3218359,3231984,8416,1,1,1,3218359,01/04/1975,F2AL00L00BN13
032,112025,3218363,3295291,7405,1,1,1,3218363,01/04/1991,F1AL00L00AN12
032,112025,3218367,3232021,7405,1,1,1,3218367,01/04/1991,F2AL00L00BN13
032,112025,3218371,3232058,7405,1,1,1,3218371,01/08/1970,F2AL00L00BN13
032,112025,3218375,3232095,7405,1,1,1,3218375,01/01/1967,F2AL00L00BN13
032,112025,3218379,3232132,7405,1,1,1,3218379,01/06/1963,F2AL00L00BN13
032,112025,3218387,3232169,7405,1,1,1,3218387,01/01/1985,F2AL00L00BN13
032,112025,3218391,3232206,7405,1,1,1,3218391,01/06/1968,F2AL00L00BN13
032,112025,3218395,3232243,7405,1,1,1,3218395,01/09/1962,F2AL00L00BN13
032,112025,3218399,3232280,7405,1,1,1,3218399,01/07/1993,F2AL00L00BN13
032,112025,3218403,3232317,7405,1,1,1,3218403,01/03/1967,F2AL00L00BN13
032,112025,3218407,3232354,7405,1,1,1,3218407,01/01/1973,F2AL00L00BN13
032,112025,3218411,3232391,7405,4,1,1,3218411,01/06/1962,F2AL00L00BN13
032,112025,3218415,3232428,7405,1,1,1,3218415,01/08/1962,F2AL00L00BN13
032,112025,3218419,3232465,7405,1,1,1,3218419,01/05/1958,F2AL00L00BN13
032,112025,3218423,3232502,7405,1,1,1,3218423,01/07/1980,F2AL00L00BN13
032,112025,3218439,3232650,7403,1,1,1,3218439,01/04/1958,F2AL00L00BN13
032,112025,3218443,3232687,7403,4,1,1,3218443,01/01/1964,F2AL00L00BN13
032,112025,3218447,3232724,7403,1,1,1,3218447,01/05/1991,F2AL00L00BN13
032,112025,3218451,3232761,7403,1,1,1,3218451,01/02/1981,F3AL00L00BN24
032,112025,3218455,3232798,7403,1,1,1,3218455,01/04/1966,F2AL00L00BN13
032,112025,3218459,3232835,7403,1,1,1,3218459,01/03/1966,F2AL00L00BN13
032,112025,3218463,3232872,7403,1,1,1,3218463,01/08/1967,F3AL00L00BN24
032,112025,3218467,3232909,7403,1,1,1,3218467,01/07/1966,F2AL00L00BN13
032,112025,3218475,3232983,7403,1,1,1,3218475,01/08/1981,F3AL00L00BN24
032,112025,3218483,3233057,7403,1,1,1,3218483,01/08/1966,F1AL00L00AN12
032,112025,3218487,3233094,7403,1,1,1,3218487,01/01/1990,F2AL00L00BN13
032,112025,3218491,3233131,7403,1,1,1,3218491,01/03/1999,F3AL00L00BN24
032,112025,3218495,3233168,7403,1,1,1,3218495,01/09/1991,F1AL00L00AN12
032,112025,3218503,3233242,7403,1,1,1,3218503,01/03/1966,F1AL00L00AN12
032,112025,3218507,3233279,7403,1,1,1,3218507,01/02/1988,F2AL00L00BN13
032,112025,3218511,3233316,7404,1,1,1,3218511,01/02/1988,F2AL00L00BN13
032,112025,3218515,3233353,7404,1,1,1,3218515,01/07/1970,F2AL00L00BN13
032,112025,3218523,3233427,7404,1,1,1,3218523,01/08/1996,F2AL00L00BN13
032,112025,3218527,3233464,7404,1,1,1,3218527,01/01/1983,F2AL00L00BN13
032,112025,3218535,3233538,7405,1,1,1,3218535,01/04/1995,F2AL00L00BN13
032,112025,3218539,3233575,7404,1,1,1,3218539,01/08/1962,F2AL00L00BN13
032,112025,3218547,3233649,7405,1,1,1,3218547,01/01/1957,F2AL00L00BN13
032,112025,3218551,3233686,7405,1,1,1,3218551,01/07/1997,F2AL00L00BN13
032,112025,3218555,3233723,7405,1,1,1,3218555,01/05/1956,F2AL00L00BN13
032,112025,3218559,3233760,7405,1,1,1,3218559,01/02/1981,F3AL00L00BN24
032,112025,3218563,3233797,7405,1,1,1,3218563,01/04/1957,F2AL00L00BN13
032,112025,3218571,3233871,7405,1,1,1,3218571,01/02/1981,F2AL00L00BN13
032,112025,3218575,3233908,7403,1,1,1,3218575,01/01/1981,F3AL00L00BN24
032,112025,3218583,3233982,7403,1,1,1,3218583,01/05/1988,F1AL00L00AN12
032,112025,3218587,3234019,7405,1,1,1,3218587,01/02/1996,F2AL00L00BN13
032,112025,3218591,3234056,7405,1,1,1,3218591,01/01/1996,F3AL00L00BN24
032,112025,3218595,3234093,7405,1,1,1,3218595,01/05/1987,F2AL00L00BN13
032,112025,3218599,3234130,7405,1,1,1,3218599,01/04/1990,F2AL00L00BN13
032,112025,3218603,3234167,7405,1,1,1,3218603,01/01/1968,F3AL00L00BN24
032,112025,3218607,3234204,7405,1,1,1,3218607,01/09/1981,F2AL00L00BN13
032,112025,3218611,3234241,7405,4,1,1,3218611,01/03/1992,F2AL00L00BN13
032,112025,3218619,3234352,7405,1,1,1,3218619,02/01/1971,F2AL00L00BN13
032,112025,3218627,3234426,7405,1,1,1,3218627,01/09/1966,F2AL00L00BN13
032,112025,3218631,3234463,7405,1,1,1,3218631,01/05/1971,F2AL00L00BN13
032,112025,3218635,3234500,7405,1,1,1,3218635,01/01/1965,F2AL00L00BN13
032,112025,3218639,3234537,7405,1,1,1,3218639,01/03/1991,F2AL00L00BN13
032,112025,3218643,3234574,7405,1,1,1,3218643,01/03/1961,F2AL00L00BN13
032,112025,3218655,3234685,7405,1,1,1,3218655,01/09/1960,F2AL00L00BN13
032,112025,3218663,3234759,7404,1,1,1,3218663,01/06/1974,F1AL00L00AN12
032,112025,3218667,3234796,7404,1,1,1,3218667,01/01/1994,F3AL00L00BN24
032,112025,3218671,3234833,7405,1,1,1,3218671,01/02/1991,F2AL00L00BN13
032,112025,3218675,3234870,7403,1,1,1,3218675,01/06/1973,F2AL00L00BN13
032,112025,3218679,3234907,7403,1,1,1,3218679,01/01/1974,F1AL00L00AN12
032,112025,3218683,3295846,7405,1,1,1,3218683,01/01/2004,F2AL00L00BN13
032,112025,3218687,3234944,8409,1,1,1,3218687,01/09/1970,F2AL00L00BN13
032,112025,3218691,3234981,8416,1,1,1,3218691,01/01/1988,F1AL00L00AN12
032,112025,3218695,3235018,8416,1,1,1,3218695,01/06/1990,F1AL00L00AN12
032,112025,3218699,3235055,8409,1,1,1,3218699,01/09/2000,F3AL00L00BN24
032,112025,3218707,3235129,7404,1,1,1,3218707,01/08/1994,F2AL00L00BN13
032,112025,3218711,3235166,8409,1,1,1,3218711,01/06/1975,F2AL00L00BN13
032,112025,3218715,3235203,7405,1,1,1,3218715,01/08/1976,F2AL00L00BN13
032,112025,3218719,3235240,7405,1,1,1,3218719,01/06/1966,F1AL00L00AN12
032,112025,3218723,3235277,8409,1,1,1,3218723,01/03/1977,F2AL00L00BN13
032,112025,3218727,3235314,7405,1,1,1,3218727,01/08/1977,F2AL00L00BN13
032,112025,3218735,3235388,7404,1,1,1,3218735,01/06/1992,F3AL00L00BN24
032,112025,3218739,3235425,7404,1,1,1,3218739,01/02/1990,F3AL00L00BN24
032,112025,3218743,3235462,7403,1,1,1,3218743,01/06/1974,F1AL00L00AN12
032,112025,3218747,3235499,7403,1,1,1,3218747,01/07/1999,F2AL00L00BN13
032,112025,3218751,3235536,7403,1,1,1,3218751,01/08/1960,F2AL00L00BN13
032,112025,3218759,3235610,8409,1,1,1,3218759,01/03/1991,F2AL00L00BN13
032,112025,3218763,3235647,7405,1,1,1,3218763,01/02/1988,F2AL00L00BN13
032,112025,3218767,3235684,7404,1,1,1,3218767,01/02/1988,F2AL00L00BN13
032,112025,3218771,3235721,7405,1,1,1,3218771,01/01/2003,F3AL00L00BN24
032,112025,3218775,3235758,8416,1,1,1,3218775,01/03/1997,F1AL00L00AN12
032,112025,3218779,3235795,7403,1,1,1,3218779,01/09/1989,F1AL00L00AN12
032,112025,3218783,3235832,8416,1,1,1,3218783,01/05/1967,F2AL00L00BN13
032,112025,3218791,3235906,7405,1,1,1,3218791,01/06/1997,F2AL00L00BN13
032,112025,3218795,3235943,7404,4,1,1,3218795,01/01/2000,F2AL00L00BN13
032,112025,3218799,3235980,7404,1,1,1,3218799,01/01/1966,F3AL00L00BN24
032,112025,3218803,3236017,8409,1,1,1,3218803,01/05/1975,F1AL00L00AN12
032,112025,3218807,3236054,7403,1,1,1,3218807,01/02/1981,F3AL00L00BN24
032,112025,3218811,3236091,8409,1,1,1,3218811,01/01/1986,F1AL00L00AN12
032,112025,3218815,3236128,7403,1,1,1,3218815,01/01/1986,F2AL00L00BN13
032,112025,3218819,3236165,7404,1,1,1,3218819,01/08/1973,F1AL00L00AN12
032,112025,3218823,3236202,7404,1,1,1,3218823,01/09/1968,F1AL00L00AN12
032,112025,3218831,3236276,8409,1,1,1,3218831,01/01/1980,F1AL00L00AN12
032,112025,3218835,3236313,8409,1,1,1,3218835,01/03/1980,F1AL00L00AN12
032,112025,3218839,3236350,8409,1,1,1,3218839,01/02/2003,F1AL00L00AN12
032,112025,3218843,3236387,8409,1,1,1,3218843,01/07/1981,F1AL00L00AN12
032,112025,3218847,3236424,8409,1,1,1,3218847,01/02/1980,F1AL00L00AN12
032,112025,3218851,3236461,8409,1,1,1,3218851,01/01/1980,F1AL00L00AN12
032,112025,3218855,3236498,8409,1,1,1,3218855,01/01/1981,F2AL00L00BN13
032,112025,3218859,3236535,8409,1,1,1,3218859,01/05/1981,F1AL00L00AN12
032,112025,3218863,3236572,8409,1,1,1,3218863,01/04/1981,F1AL00L00AN12
032,112025,3218871,3236609,8409,1,1,1,3218871,01/07/1981,F2AL00L00BN13
032,112025,3218875,3236646,7405,1,1,1,3218875,01/07/1963,F2AL00L00BN13
032,112025,3218879,3236683,7405,1,1,1,3218879,01/05/1997,F2AL00L00BN13
032,112025,3218883,3236720,8409,1,1,1,3218883,01/03/1981,F2AL00L00BN13
032,112025,3218887,3236757,7405,1,1,1,3218887,01/01/1979,F2AL00L00BN13
032,112025,3218891,3236794,8409,1,1,1,3218891,01/04/1991,F2AL00L00BN13
032,112025,3218895,3236831,7404,1,1,1,3218895,01/03/1998,F2AL00L00BN13
032,112025,3218899,3236868,7404,1,1,1,3218899,01/09/1988,F2AL00L00BN13
032,112025,3218903,3236905,7405,1,1,1,3218903,01/02/1998,F2AL00L00BN13
032,112025,3218907,3236942,7404,1,1,1,3218907,01/04/1996,F1AL00L00AN12
032,112025,3218911,3236979,7404,1,1,1,3218911,01/09/1998,F2AL00L00BN13
032,112025,3218915,3237016,7404,1,1,1,3218915,01/06/1977,F1AL00L00AN12
032,112025,3218919,3296475,7404,1,1,1,3218919,01/08/2004,F1AL00L00AN12
032,112025,3218923,3237053,7405,1,1,1,3218923,01/09/1966,F1AL00L00AN12
032,112025,3218927,3237090,7405,1,1,1,3218927,01/02/1999,F2AL00L00BN13
032,112025,3218931,3237127,7404,1,1,1,3218931,01/09/1982,F2AL00L00BN13
032,112025,3218935,3237164,7404,1,1,1,3218935,01/01/1986,F1AL00L00AN12
032,112025,3218939,3237201,8409,1,1,1,3218939,01/03/1992,F1AL00L00AN12
032,112025,3218943,3237238,8409,1,1,1,3218943,01/06/1983,F1AL00L00AN12
032,112025,3218947,3237275,8409,1,1,1,3218947,01/01/1983,F1AL00L00AN12
032,112025,3218951,3237312,8409,1,1,1,3218951,01/03/1983,F2AL00L00BN13
032,112025,3218955,3237349,8409,1,1,1,3218955,01/08/1981,F2AL00L00BN13
032,112025,3218959,3237386,8409,1,1,1,3218959,01/06/1981,F2AL00L00BN13
032,112025,3218963,3237423,8409,1,1,1,3218963,01/09/1983,F2AL00L00BN13
032,112025,3218967,3237460,8409,1,1,1,3218967,01/01/1983,F1AL00L00AN12
032,112025,3218971,3237497,8409,1,1,1,3218971,01/04/1983,F2AL00L00BN13
032,112025,3218983,3237608,7405,1,1,1,3218983,01/04/1981,F3AL00L00BN24
032,112025,3218987,3237645,8416,1,1,1,3218987,01/08/1998,F2AL00L00BN13
032,112025,3218991,3237682,7404,1,1,1,3218991,01/08/1970,F1AL00L00AN12
032,112025,3218995,3296734,7404,1,1,1,3218995,01/05/1978,F1AL00L00AN12
032,112025,3218999,3237719,7405,1,1,1,3218999,01/05/1978,F3AL00L00BN24
032,112025,3219003,3237756,7405,1,1,1,3219003,01/01/1996,F2AL00L00BN13
032,112025,3219007,3237793,7405,1,1,1,3219007,01/02/1994,F2AL00L00BN13
032,112025,3219011,3237830,7404,1,1,1,3219011,01/04/1969,F1AL00L00AN12
032,112025,3219015,3237867,7403,1,1,1,3219015,01/01/1999,F2AL00L00BN13
032,112025,3219027,3237978,7405,1,1,1,3219027,01/05/1999,F3AL00L00BN24
032,112025,3219031,3238015,7405,1,1,1,3219031,01/04/1997,F2AL00L00BN13
032,112025,3219035,3238052,8416,1,1,1,3219035,01/09/1984,F1AL00L00AN12
032,112025,3219043,3238126,8409,1,1,1,3219043,01/07/1998,F3AL00L00BN24
032,112025,3219047,3238163,8409,1,1,1,3219047,01/01/1998,F1AL00L00AN12
032,112025,3219051,3238200,8409,1,1,1,3219051,01/04/1984,F1AL00L00AN12
032,112025,3219059,3238274,8409,1,1,1,3219059,01/03/1986,F1AL00L00AN12
032,112025,3219063,3238311,8409,1,1,1,3219063,01/08/1990,F1AL00L00AN12
032,112025,3219067,3238348,8409,1,1,1,3219067,01/01/1984,F1AL00L00AN12
032,112025,3219071,3238385,8409,1,1,1,3219071,01/02/1984,F1AL00L00AN12
032,112025,3219075,3238422,8409,1,1,1,3219075,01/01/1984,F2AL00L00BN13
032,112025,3219079,3296956,8409,1,1,1,3219079,01/01/1984,F2AL00L00BN13
032,112025,3219083,3238459,7403,1,1,1,3219083,01/08/1999,F1AL00L00AN12
032,112025,3219087,3238496,7404,1,1,1,3219087,01/01/1985,F1AL00L00AN12
032,112025,3219091,3238533,8409,1,1,1,3219091,01/06/1971,F1AL00L00AN12
032,112025,3219103,3238644,7404,1,1,1,3219103,01/06/1994,F2AL00L00BN13
032,112025,3219111,3238718,7404,1,1,1,3219111,01/03/1985,F1AL00L00AN12
032,112025,3219115,3238755,7404,1,1,1,3219115,01/07/1985,F1AL00L00AN12
032,112025,3219119,3238792,8416,1,1,1,3219119,01/04/1984,F1AL00L00AN12
032,112025,3219127,3238866,8409,1,1,1,3219127,01/02/1985,F2AL00L00BN13
032,112025,3219131,3238903,7405,1,1,1,3219131,01/08/1998,F2AL00L00BN13
032,112025,3219135,3238940,7403,1,1,1,3219135,02/01/1971,F1AL00L00AN12
032,112025,3219139,3238977,7403,1,1,1,3219139,01/07/1984,F1AL00L00AN12
032,112025,3219143,3239014,7403,1,1,1,3219143,01/04/1996,F2AL00L00BN13
032,112025,3219147,3297141,7403,1,1,1,3219147,01/05/1989,F1AL00L00AN12
032,112025,3219151,3239051,7403,1,1,1,3219151,01/01/1988,F1AL00L00AN12
032,112025,3219155,3239088,7403,1,1,1,3219155,01/08/1985,F1AL00L00AN12
032,112025,3219159,3239125,7403,1,1,1,3219159,01/06/1997,F2AL00L00BN13
032,112025,3219163,3239162,7403,1,1,1,3219163,01/08/1986,F1AL00L00AN12
032,112025,3219167,3239199,7403,1,1,1,3219167,01/05/1996,F2AL00L00BN13
032,112025,3219171,3239236,7403,1,1,1,3219171,01/03/1991,F1AL00L00AN12
032,112025,3219175,3239273,7403,1,1,1,3219175,01/06/1988,F2AL00L00BN13
032,112025,3219183,3239347,7403,1,1,1,3219183,01/05/1986,F1AL00L00AN12
032,112025,3219187,3239384,7403,1,1,1,3219187,01/04/1994,F1AL00L00AN12
032,112025,3219191,3239421,7405,1,1,1,3219191,01/01/1981,F3AL00L00BN24
032,112025,3219199,3239495,8416,1,1,1,3219199,01/09/1984,F2AL00L00BN13
032,112025,3219231,3239791,7404,1,1,1,3219231,01/07/1999,F2AL00L00BN13
032,112025,3219235,3239828,7404,1,1,1,3219235,01/02/2002,F1AL00L00AN12
032,112025,3219239,3239865,8416,1,1,1,3219239,01/05/1964,F2AL00L00BN13
032,112025,3219243,3239902,8409,1,1,1,3219243,01/09/1985,F1AL00L00AN12
032,112025,3219251,3239976,7404,1,1,1,3219251,01/09/1998,F2AL00L00BN13
032,112025,3219255,3240013,7404,1,1,1,3219255,01/05/1987,F2AL00L00BN13
032,112025,3219263,3240087,7405,1,1,1,3219263,01/06/1995,F2AL00L00BN13
032,112025,3219267,3240124,7404,1,1,1,3219267,01/04/1989,F1AL00L00AN12
032,112025,3219271,3240161,7405,1,1,1,3219271,01/01/1967,F3AL00L00BN24
032,112025,3219275,3240198,7403,1,1,1,3219275,01/02/1999,F2AL00L00BN13
032,112025,3219279,3240235,7403,1,1,1,3219279,01/04/1993,F2AL00L00BN13
032,112025,3219283,3240272,7403,1,1,1,3219283,01/01/1992,F2AL00L00BN13
032,112025,3219287,3240309,7405,1,1,1,3219287,01/04/1987,F1AL00L00AN12
032,112025,3219291,3240346,7405,1,1,1,3219291,01/01/1990,F1AL00L00AN12
032,112025,3219295,3240383,7403,1,1,1,3219295,01/03/1986,F2AL00L00BN13
032,112025,3219299,3240420,7405,1,1,1,3219299,01/01/1987,F1AL00L00AN12
032,112025,3219303,3240457,8409,1,1,1,3219303,01/09/1981,F3AL00L00BN24
032,112025,3219315,3240568,8409,1,1,1,3219315,01/01/1986,F1AL00L00AN12
032,112025,3219319,3240605,8409,1,1,1,3219319,01/09/1986,F1AL00L00AN12
032,112025,3219323,3240642,8409,1,1,1,3219323,01/09/1994,F1AL00L00AN12
032,112025,3219327,3240679,8409,1,1,1,3219327,01/03/1986,F1AL00L00AN12
032,112025,3219331,3240716,8409,1,1,1,3219331,01/06/1986,F1AL00L00AN12
032,112025,3219335,3240753,7403,1,1,1,3219335,01/03/1970,F1AL00L00AN12
032,112025,3219343,3240827,7405,1,1,1,3219343,01/09/1987,F2AL00L00BN13
032,112025,3219347,3240864,7405,1,1,1,3219347,01/01/1991,F1AL00L00AN12
032,112025,3219351,3240901,7405,1,1,1,3219351,01/09/1986,F1AL00L00AN12
032,112025,3219355,3240938,7405,1,1,1,3219355,01/09/1987,F1AL00L00AN12
032,112025,3219359,3240975,7405,1,1,1,3219359,01/05/1979,F1AL00L00AN12
032,112025,3219367,3241049,7405,1,1,1,3219367,01/01/1995,F1AL00L00AN12
032,112025,3219379,3241123,7403,1,1,1,3219379,01/09/1996,F1AL00L00AN12
032,112025,3219383,3241160,7403,1,1,1,3219383,01/08/1987,F1AL00L00AN12
032,112025,3219387,3241197,7403,1,1,1,3219387,01/01/1999,F2AL00L00BN13
032,112025,3219391,3241234,7403,1,1,1,3219391,01/02/1993,F1AL00L00AN12
032,112025,3219395,3241271,7403,1,1,1,3219395,01/02/1987,F1AL00L00AN12
032,112025,3219399,3241308,7403,1,1,1,3219399,01/07/1996,F2AL00L00BN13
032,112025,3219403,3241345,7403,1,1,1,3219403,01/03/1986,F1AL00L00AN12
032,112025,3219407,3241382,7403,1,1,1,3219407,01/06/1984,F2AL00L00BN13
032,112025,3219411,3241419,7403,1,1,1,3219411,01/06/1984,F2AL00L00BN13
032,112025,3219415,3241456,7405,1,1,1,3219415,01/07/1993,F1AL00L00AN12
032,112025,3219419,3241493,7403,1,1,1,3219419,01/01/1998,F1AL00L00AN12
032,112025,3219423,3241530,7405,1,1,1,3219423,01/04/1998,F2AL00L00BN13
032,112025,3219431,3241604,7405,1,1,1,3219431,01/08/1999,F2AL00L00BN13
032,112025,3219439,3241678,7404,1,1,1,3219439,01/01/1988,F1AL00L00AN12
032,112025,3219443,3241715,7404,1,1,1,3219443,01/03/1986,F1AL00L00AN12
032,112025,3219447,3241752,7404,1,1,1,3219447,01/05/1986,F1AL00L00AN12
032,112025,3219451,3241789,7405,1,1,1,3219451,01/05/1986,F1AL00L00AN12
032,112025,3219455,3241826,8409,1,1,1,3219455,01/07/1992,F1AL00L00AN12
032,112025,3219459,3241863,8409,1,1,1,3219459,01/04/1986,F1AL00L00AN12
032,112025,3219463,3241900,8409,1,1,1,3219463,01/03/1990,F1AL00L00AN12
032,112025,3219467,3241937,8409,1,1,1,3219467,01/01/1986,F1AL00L00AN12
032,112025,3219471,3241974,8409,1,1,1,3219471,01/01/1988,F1AL00L00AN12
032,112025,3219475,3242011,7405,1,1,1,3219475,01/02/1986,F1AL00L00AN12
032,112025,3219479,3242048,7405,1,1,1,3219479,01/02/1986,F1AL00L00AN12
032,112025,3219483,3242085,8409,1,1,1,3219483,01/09/1995,F1AL00L00AN12
032,112025,3219487,3242122,7404,1,1,1,3219487,01/05/1986,F1AL00L00AN12
032,112025,3219491,3242159,8409,1,1,1,3219491,01/06/1997,F2AL00L00BN13
032,112025,3219495,3242196,7404,1,1,1,3219495,01/07/1994,F2AL00L00BN13
032,112025,3219499,3242233,7404,1,1,1,3219499,01/03/1993,F2AL00L00BN13
032,112025,3219503,3242270,7404,1,1,1,3219503,01/04/1999,F2AL00L00BN13
032,112025,3219507,3242307,7404,1,1,1,3219507,01/06/1998,F2AL00L00BN13
032,112025,3219511,3242344,7404,1,1,1,3219511,01/01/1993,F2AL00L00BN13
032,112025,3219515,3242381,7404,1,1,1,3219515,01/08/1993,F2AL00L00BN13
032,112025,3219519,3242418,7404,1,1,1,3219519,01/07/1988,F1AL00L00AN12
032,112025,3219523,3242455,7404,1,1,1,3219523,01/02/1988,F1AL00L00AN12
032,112025,3219527,3242492,8409,1,1,1,3219527,01/05/1988,F1AL00L00AN12
032,112025,3219531,3242529,8409,1,1,1,3219531,01/05/1988,F1AL00L00AN12
032,112025,3219535,3242566,8409,1,1,1,3219535,01/01/1988,F1AL00L00AN12
032,112025,3219539,3242603,8409,1,1,1,3219539,01/01/1992,F1AL00L00AN12
032,112025,3219547,3242677,7404,1,1,1,3219547,01/06/1988,F1AL00L00AN12
032,112025,3219559,3242788,7404,1,1,1,3219559,01/08/1977,F2AL00L00BN13
032,112025,3219563,3242825,7405,1,1,1,3219563,01/08/1997,F1AL00L00AN12
032,112025,3219567,3242862,8416,1,1,1,3219567,01/01/1987,F1AL00L00AN12
032,112025,3219571,3242899,7404,1,1,1,3219571,01/04/1998,F2AL00L00BN13
032,112025,3219575,3242936,7404,1,1,1,3219575,01/08/1987,F1AL00L00AN12
032,112025,3219579,3242973,7404,1,1,1,3219579,01/01/1987,F1AL00L00AN12
032,112025,3219583,3243010,7404,1,1,1,3219583,01/02/1998,F2AL00L00BN13
032,112025,3219587,3243047,7405,1,1,1,3219587,01/02/1998,F2AL00L00BN13
032,112025,3219591,3243084,7404,1,1,1,3219591,01/02/1996,F2AL00L00BN13
032,112025,3219595,3243121,7404,1,1,1,3219595,01/01/1982,F1AL00L00AN12
032,112025,3219599,3243158,7404,1,1,1,3219599,01/09/1987,F1AL00L00AN12
032,112025,3219607,3243232,7404,1,1,1,3219607,01/02/1999,F2AL00L00BN13
032,112025,3219611,3243269,7404,1,1,1,3219611,01/08/1990,F2AL00L00BN13
032,112025,3219615,3243306,7404,1,1,1,3219615,01/05/1999,F2AL00L00BN13
032,112025,3219619,3243343,7404,1,1,1,3219619,01/06/1999,F2AL00L00BN13
032,112025,3219623,3243380,7404,1,1,1,3219623,01/09/1999,F2AL00L00BN13
032,112025,3219627,3243417,7404,1,1,1,3219627,01/05/1999,F2AL00L00BN13
032,112025,3219631,3243454,7404,1,1,1,3219631,01/06/1999,F2AL00L00BN13
032,112025,3219635,3243491,7404,1,1,1,3219635,01/03/1999,F2AL00L00BN13
032,112025,3219639,3243528,7404,1,1,1,3219639,01/02/1999,F2AL00L00BN13
032,112025,3219643,3243565,7404,1,1,1,3219643,01/04/1999,F2AL00L00BN13
032,112025,3219647,3243602,7404,1,1,1,3219647,01/08/1999,F2AL00L00BN13
032,112025,3219651,3243639,7404,1,1,1,3219651,01/02/1999,F2AL00L00BN13
032,112025,3219655,3243676,7404,1,1,1,3219655,01/02/1999,F2AL00L00BN13
032,112025,3219659,3243713,7404,1,1,1,3219659,01/08/1999,F2AL00L00BN13
032,112025,3219663,3243750,7404,1,1,1,3219663,01/06/1999,F2AL00L00BN13
032,112025,3219671,3243824,8409,1,1,1,3219671,01/08/1991,F2AL00L00BN13
032,112025,3219675,3243861,7404,1,1,1,3219675,01/09/1998,F2AL00L00BN13
032,112025,3219703,3244120,7404,1,1,1,3219703,01/05/1986,F1AL00L00AN12
032,112025,3219707,3244157,7405,1,1,1,3219707,01/01/1991,F1AL00L00AN12
032,112025,3219711,3244194,7405,4,1,1,3219711,01/01/1972,F2AL00L00BN13
032,112025,3219715,3244231,7403,1,1,1,3219715,01/08/1999,F2AL00L00BN13
032,112025,3219723,3244268,7404,1,1,1,3219723,01/02/1998,F2AL00L00BN13
032,112025,3219731,3244342,7403,1,1,1,3219731,01/06/1998,F2AL00L00BN13
032,112025,3219735,3244379,7405,1,1,1,3219735,01/01/1988,F1AL00L00AN12
032,112025,3219743,3244453,8409,1,1,1,3219743,01/05/1988,F1AL00L00AN12
032,112025,3219747,3244490,8409,1,1,1,3219747,01/01/1984,F1AL00L00AN12
032,112025,3219751,3244527,7405,1,1,1,3219751,01/06/1988,F1AL00L00AN12
032,112025,3219759,3244601,8409,1,1,1,3219759,01/08/1987,F1AL00L00AN12
032,112025,3219763,3244638,7403,1,1,1,3219763,01/08/1988,F1AL00L00AN12
032,112025,3219767,3244675,7405,1,1,1,3219767,01/01/1981,F3AL00L00BN24
032,112025,3219771,3244712,7405,1,1,1,3219771,01/07/1994,F2AL00L00BN13
032,112025,3219775,3244749,7405,1,1,1,3219775,01/03/1995,F2AL00L00BN13
032,112025,3219779,3244786,7404,1,1,1,3219779,01/01/1988,F1AL00L00AN12
032,112025,3219783,3244823,7404,1,1,1,3219783,01/09/1987,F1AL00L00AN12
032,112025,3219787,3244860,7404,1,1,1,3219787,01/09/1988,F1AL00L00AN12
032,112025,3219791,3244897,7404,1,1,1,3219791,01/03/1996,F1AL00L00AN12
032,112025,3219795,3244934,7404,1,1,1,3219795,01/07/1998,F1AL00L00AN12
032,112025,3219799,3244971,7404,1,1,1,3219799,01/04/1988,F1AL00L00AN12
032,112025,3219803,3245008,7404,1,1,1,3219803,01/09/1988,F1AL00L00AN12
032,112025,3219807,3245045,7404,1,1,1,3219807,01/04/1990,F1AL00L00AN12
032,112025,3219811,3245082,7405,1,1,1,3219811,01/06/1981,F3AL00L00BN24
032,112025,3219815,3245119,7403,1,1,1,3219815,01/03/1988,F1AL00L00AN12
032,112025,3219819,3245156,8416,1,1,1,3219819,01/08/1988,F1AL00L00AN12
032,112025,3219823,3245193,8416,1,1,1,3219823,01/01/1988,F1AL00L00AN12
032,112025,3219827,3245230,8416,1,1,1,3219827,01/01/1988,F1AL00L00AN12
032,112025,3219831,3245267,7404,1,1,1,3219831,01/03/1998,F2AL00L00BN13
032,112025,3219835,3245304,7404,1,1,1,3219835,01/03/1998,F2AL00L00BN13
032,112025,3219843,3245378,8409,1,1,1,3219843,01/08/1985,F2AL00L00BN13
032,112025,3219847,3245415,7404,1,1,1,3219847,01/01/1988,F2AL00L00BN13
032,112025,3219851,3245452,7405,1,1,1,3219851,01/09/1988,F1AL00L00AN12
032,112025,3219855,3245489,7405,1,1,1,3219855,01/07/1996,F1AL00L00AN12
032,112025,3219863,3245563,7405,1,1,1,3219863,01/06/1988,F1AL00L00AN12
032,112025,3219867,3245600,7404,1,1,1,3219867,01/06/1988,F2AL00L00BN13
032,112025,3219871,3245637,7405,1,1,1,3219871,01/06/1992,F1AL00L00AN12
032,112025,3219875,3245674,8409,1,1,1,3219875,01/05/1988,F2AL00L00BN13
032,112025,3219879,3245711,7405,1,1,1,3219879,01/05/1985,F1AL00L00AN12
032,112025,3219883,3245748,7405,1,1,1,3219883,01/09/1988,F2AL00L00BN13
032,112025,3219887,3245785,7405,1,1,1,3219887,01/09/1994,F2AL00L00BN13
032,112025,3219891,3245822,7405,1,1,1,3219891,01/06/1988,F2AL00L00BN13
032,112025,3219895,3245859,7405,1,1,1,3219895,01/01/1993,F2AL00L00BN13
032,112025,3219899,3245896,7405,1,1,1,3219899,01/09/1988,F2AL00L00BN13
032,112025,3219903,3245933,7405,1,1,1,3219903,01/08/1988,F2AL00L00BN13
032,112025,3219907,3245970,7405,1,1,1,3219907,01/08/1998,F2AL00L00BN13
032,112025,3219911,3246007,7405,1,1,1,3219911,01/04/1994,F2AL00L00BN13
032,112025,3219915,3246044,7405,1,1,1,3219915,01/02/1989,F1AL00L00AN12
032,112025,3219919,3246081,7405,1,1,1,3219919,01/08/1988,F1AL00L00AN12
032,112025,3219923,3246118,7405,1,1,1,3219923,01/06/1988,F2AL00L00BN13
032,112025,3219927,3246155,7405,1,1,1,3219927,01/07/1988,F2AL00L00BN13
032,112025,3219931,3246192,7405,1,1,1,3219931,01/02/1995,F2AL00L00BN13
032,112025,3219935,3246229,7404,1,1,1,3219935,01/03/1998,F2AL00L00BN13
032,112025,3219939,3246266,7404,1,1,1,3219939,01/02/1998,F2AL00L00BN13
032,112025,3219943,3246303,7404,1,1,1,3219943,01/05/2000,F2AL00L00BN13
032,112025,3219947,3246340,7404,1,1,1,3219947,01/07/1999,F2AL00L00BN13
032,112025,3219951,3246377,7404,1,1,1,3219951,01/01/1998,F2AL00L00BN13
032,112025,3219955,3246414,7404,1,1,1,3219955,01/05/1999,F2AL00L00BN13
032,112025,3219959,3246451,7404,1,1,1,3219959,01/01/1999,F2AL00L00BN13
032,112025,3219963,3246488,7404,1,1,1,3219963,01/02/1987,F2AL00L00BN13
032,112025,3219971,3246562,7404,1,1,1,3219971,01/03/1990,F1AL00L00AN12
032,112025,3219975,3246599,7404,1,1,1,3219975,01/08/1999,F2AL00L00BN13
032,112025,3219979,3246636,7404,1,1,1,3219979,01/05/1999,F2AL00L00BN13
032,112025,3219983,3246673,7404,1,1,1,3219983,01/08/1999,F2AL00L00BN13
032,112025,3219987,3246710,7405,4,1,1,3219987,01/04/1988,F2AL00L00BN13
032,112025,3219991,3246747,7405,1,1,1,3219991,01/05/1994,F1AL00L00AN12
032,112025,3219995,3246784,7405,1,1,1,3219995,01/05/1994,F2AL00L00BN13
032,112025,3219999,3246821,7405,1,1,1,3219999,01/03/1984,F2AL00L00BN13
032,112025,3220003,3246858,7405,1,1,1,3220003,01/07/1990,F2AL00L00BN13
032,112025,3220007,3246895,7405,4,1,1,3220007,01/09/1995,F3AL00L00BN24
032,112025,3220015,3246969,7405,1,1,1,3220015,01/01/1981,F2AL00L00BN13
032,112025,3220019,3247006,7403,1,1,1,3220019,01/07/1981,F3AL00L00BN24
032,112025,3220023,3247043,7404,1,1,1,3220023,01/01/1988,F1AL00L00AN12
032,112025,3220027,3247080,7404,1,1,1,3220027,01/05/1988,F1AL00L00AN12
032,112025,3220031,3247117,7404,1,1,1,3220031,01/02/1996,F1AL00L00AN12
032,112025,3220035,3247154,7404,1,1,1,3220035,01/01/1988,F1AL00L00AN12
032,112025,3220039,3247191,7404,1,1,1,3220039,01/03/1993,F1AL00L00AN12
032,112025,3220043,3247228,7404,1,1,1,3220043,01/05/1987,F1AL00L00AN12
032,112025,3220047,3247265,7404,1,1,1,3220047,01/02/1997,F1AL00L00AN12
032,112025,3220055,3247339,7404,1,1,1,3220055,01/03/1988,F1AL00L00AN12
032,112025,3220059,3247376,7404,1,1,1,3220059,01/02/1994,F2AL00L00BN13
032,112025,3220063,3247413,7403,1,1,1,3220063,01/01/1956,F1AL00L00AN12
032,112025,3220071,3247487,8409,1,1,1,3220071,01/07/1988,F1AL00L00AN12
032,112025,3220075,3247524,8409,1,1,1,3220075,01/03/1988,F1AL00L00AN12
032,112025,3220083,3247598,7404,1,1,1,3220083,01/05/1999,F2AL00L00BN13
032,112025,3220087,3247635,8409,1,1,1,3220087,01/08/1988,F1AL00L00AN12
032,112025,3220091,3247672,7405,1,1,1,3220091,01/06/1989,F1AL00L00AN12
032,112025,3220095,3247709,7405,1,1,1,3220095,01/01/1989,F1AL00L00AN12
032,112025,3220107,3247820,7405,1,1,1,3220107,01/07/1988,F1AL00L00AN12
032,112025,3220111,3247857,7405,1,1,1,3220111,01/01/1990,F2AL00L00BN13
032,112025,3220115,3247894,7404,1,1,1,3220115,01/01/1990,F3AL00L00BN24
032,112025,3220119,3247931,7405,4,1,1,3220119,01/05/1995,F3AL00L00BN24
032,112025,3220131,3248042,7404,1,1,1,3220131,01/01/1989,F1AL00L00AN12
032,112025,3220135,3248079,7404,1,1,1,3220135,01/08/1989,F1AL00L00AN12
032,112025,3220139,3248116,7404,1,1,1,3220139,01/08/1974,F1AL00L00AN12
032,112025,3220143,3248153,7405,1,1,1,3220143,01/09/1995,F3AL00L00BN24
032,112025,3220147,3248190,7404,1,1,1,3220147,01/09/1995,F2AL00L00BN13
032,112025,3220151,3248227,7405,4,1,1,3220151,01/08/1989,F3AL00L00BN24
032,112025,3220159,3248301,7405,1,1,1,3220159,01/08/1988,F2AL00L00BN13
032,112025,3220163,3248338,7405,1,1,1,3220163,01/01/1969,F2AL00L00BN13
032,112025,3220167,3248375,7405,1,1,1,3220167,01/02/1971,F2AL00L00BN13
032,112025,3220171,3248412,7405,4,1,1,3220171,01/05/1992,F2AL00L00BN13
032,112025,3220175,3248449,7405,4,1,1,3220175,01/01/1981,F2AL00L00BN13
032,112025,3220179,3248486,7404,1,1,1,3220179,01/02/1992,F1AL00L00AN12
032,112025,3220183,3248523,7405,1,1,1,3220183,01/09/1981,F2AL00L00BN13
032,112025,3220187,3248560,7405,1,1,1,3220187,02/01/1970,F1AL00L00AN12
032,112025,3220191,3248597,7405,1,1,1,3220191,01/02/1990,F1AL00L00AN12
032,112025,3220195,3248634,7405,1,1,1,3220195,01/03/1990,F1AL00L00AN12
032,112025,3220199,3248671,7404,1,1,1,3220199,01/06/1983,F1AL00L00AN12
032,112025,3220203,3248708,8409,1,1,1,3220203,01/02/1978,F2AL00L00BN13
032,112025,3220211,3248782,7405,1,1,1,3220211,01/04/1988,F2AL00L00BN13
032,112025,3220215,3248819,7405,1,1,1,3220215,01/08/1990,F1AL00L00AN12
032,112025,3220219,3248856,7404,1,1,1,3220219,01/03/1993,F2AL00L00BN13
032,112025,3220223,3248893,8409,1,1,1,3220223,01/08/1990,F2AL00L00BN13
032,112025,3220227,3248930,7404,1,1,1,3220227,01/06/1988,F2AL00L00BN13
032,112025,3220231,3248967,7404,1,1,1,3220231,01/06/1998,F1AL00L00AN12
032,112025,3220235,3249004,7406,4,1,1,3220235,01/06/1981,F2AL00L00BN13
032,112025,3220239,3249041,7404,1,1,1,3220239,01/09/1990,F1AL00L00AN12
032,112025,3220247,3249115,7403,1,1,1,3220247,01/03/1991,F1AL00L00AN12
032,112025,3220255,3249189,7405,1,1,1,3220255,01/08/1993,F2AL00L00BN13
032,112025,3220259,3249226,7405,1,1,1,3220259,01/08/1987,F1AL00L00AN12
032,112025,3220263,3249263,7404,1,1,1,3220263,01/04/1984,F1AL00L00AN12
032,112025,3220275,3249374,8416,1,1,1,3220275,01/07/1990,F1AL00L00AN12
032,112025,3220283,3249448,8416,1,1,1,3220283,01/02/1996,F1AL00L00AN12
032,112025,3220287,3249485,7405,1,1,1,3220287,01/09/1991,F1AL00L00AN12
032,112025,3220295,3249559,7404,1,1,1,3220295,01/04/1991,F1AL00L00AN12
032,112025,3220303,3249633,7404,1,1,1,3220303,01/03/1990,F1AL00L00AN12
032,112025,3220307,3249670,7404,1,1,1,3220307,01/04/1991,F1AL00L00AN12
032,112025,3220315,3249744,7403,1,1,1,3220315,01/06/1996,F3AL00L00BN24
032,112025,3220319,3249781,7405,1,1,1,3220319,01/06/1996,F3AL00L00BN24
032,112025,3220323,3249818,7405,1,1,1,3220323,01/05/1990,F1AL00L00AN12
032,112025,3220327,3249855,7405,1,1,1,3220327,01/09/1996,F2AL00L00BN13
032,112025,3220331,3249892,8409,1,1,1,3220331,01/03/1990,F1AL00L00AN12
032,112025,3220335,3249929,7404,1,1,1,3220335,01/01/1974,F1AL00L00AN12
032,112025,3220339,3249966,7404,1,1,1,3220339,01/03/1991,F1AL00L00AN12
032,112025,3220343,3250003,7404,1,1,1,3220343,01/04/1991,F1AL00L00AN12
032,112025,3220347,3250040,7404,1,1,1,3220347,01/06/1991,F1AL00L00AN12
032,112025,3220351,3250077,7404,1,1,1,3220351,01/05/1991,F1AL00L00AN12
032,112025,3220355,3250114,7404,1,1,1,3220355,01/08/1991,F1AL00L00AN12
032,112025,3220359,3250151,7404,1,1,1,3220359,01/06/1990,F1AL00L00AN12
032,112025,3220363,3250188,7404,1,1,1,3220363,01/02/1981,F1AL00L00AN12
032,112025,3220367,3250225,7404,1,1,1,3220367,01/05/1991,F1AL00L00AN12
032,112025,3220375,3250299,7404,1,1,1,3220375,01/06/1968,F1AL00L00AN12
032,112025,3220379,3250336,7404,1,1,1,3220379,01/07/1991,F1AL00L00AN12
032,112025,3220387,3250410,7404,1,1,1,3220387,01/07/1991,F1AL00L00AN12
032,112025,3220391,3250447,7404,1,1,1,3220391,01/03/1991,F1AL00L00AN12
032,112025,3220395,3250484,7404,1,1,1,3220395,01/03/1986,F1AL00L00AN12
032,112025,3220399,3250521,7404,1,1,1,3220399,01/08/1997,F2AL00L00BN13
032,112025,3220403,3250558,7404,1,1,1,3220403,01/02/1986,F1AL00L00AN12
032,112025,3220407,3250595,7404,1,1,1,3220407,01/01/1990,F1AL00L00AN12
032,112025,3220411,3250632,7404,1,1,1,3220411,01/09/1993,F2AL00L00BN13
032,112025,3220415,3250669,7405,1,1,1,3220415,01/04/1991,F1AL00L00AN12
032,112025,3220419,3250706,7404,1,1,1,3220419,01/01/1991,F1AL00L00AN12
032,112025,3220423,3250743,7404,1,1,1,3220423,01/09/1991,F1AL00L00AN12
032,112025,3220427,3250780,8409,1,1,1,3220427,01/01/1991,F1AL00L00AN12
032,112025,3220431,3250817,8409,1,1,1,3220431,01/01/1988,F2AL00L00BN13
032,112025,3220435,3250854,8416,1,1,1,3220435,01/03/1990,F3AL00L00BN24
032,112025,3220439,3250891,7405,4,1,1,3220439,01/02/1991,F2AL00L00BN13
032,112025,3220443,3250928,7404,1,1,1,3220443,01/01/1991,F1AL00L00AN12
032,112025,3220447,3250965,7405,1,1,1,3220447,01/02/1992,F2AL00L00BN13
032,112025,3220451,3251002,7403,1,1,1,3220451,01/03/1990,F1AL00L00AN12
032,112025,3220455,3251039,7403,1,1,1,3220455,01/01/1991,F1AL00L00AN12
032,112025,3220459,3251076,7403,1,1,1,3220459,01/05/1991,F1AL00L00AN12
032,112025,3220463,3251113,7405,1,1,1,3220463,01/01/1990,F3AL00L00BN24
032,112025,3220467,3251150,7405,1,1,1,3220467,01/01/1980,F2AL00L00BN13
032,112025,3220475,3251224,7404,1,1,1,3220475,01/08/1991,F2AL00L00BN13
032,112025,3220479,3251261,7405,1,1,1,3220479,01/03/2003,F3AL00L00BN24
032,112025,3220483,3251298,7405,1,1,1,3220483,01/07/1993,F2AL00L00BN13
032,112025,3220487,3251335,7403,1,1,1,3220487,01/03/1994,F1AL00L00AN12
032,112025,3220491,3251372,7404,1,1,1,3220491,01/06/1991,F1AL00L00AN12
032,112025,3220495,3251409,7404,1,1,1,3220495,01/07/1999,F2AL00L00BN13
032,112025,3220503,3251483,7404,1,1,1,3220503,01/08/1991,F1AL00L00AN12
032,112025,3220511,3251557,7404,4,1,1,3220511,01/01/1974,F3AL00L00BN24
032,112025,3220515,3251594,7405,1,1,1,3220515,01/01/1991,F1AL00L00AN12
032,112025,3220519,3251631,7405,1,1,1,3220519,01/05/1991,F1AL00L00AN12
032,112025,3220523,3251668,7404,1,1,1,3220523,01/01/1980,F2AL00L00BN13
032,112025,3220527,3251705,8409,1,1,1,3220527,01/03/1991,F2AL00L00BN13
032,112025,3220531,3251742,7405,1,1,1,3220531,01/03/1991,F3AL00L00BN24
032,112025,3220535,3251779,7403,1,1,1,3220535,01/07/1991,F1AL00L00AN12
032,112025,3220539,3251816,7405,1,1,1,3220539,01/05/1992,F2AL00L00BN13
032,112025,3220543,3251853,7404,1,1,1,3220543,01/08/1991,F1AL00L00AN12
032,112025,3220547,3251890,7404,1,1,1,3220547,01/03/1991,F1AL00L00AN12
032,112025,3220551,3251927,7404,1,1,1,3220551,01/08/1991,F1AL00L00AN12
032,112025,3220555,3251964,7404,1,1,1,3220555,01/08/1991,F2AL00L00BN13
032,112025,3220559,3252001,7405,1,1,1,3220559,01/03/1991,F2AL00L00BN13
032,112025,3220563,3252038,7404,1,1,1,3220563,01/06/1998,F2AL00L00BN13
032,112025,3220567,3252075,7405,1,1,1,3220567,01/03/1992,F1AL00L00AN12
032,112025,3220571,3252112,7405,1,1,1,3220571,01/05/1992,F1AL00L00AN12
032,112025,3220575,3252149,7405,1,1,1,3220575,01/04/1992,F1AL00L00AN12
032,112025,3220579,3252186,7403,1,1,1,3220579,01/03/1981,F3AL00L00BN24
032,112025,3220587,3252260,7403,1,1,1,3220587,01/08/1999,F2AL00L00BN13
032,112025,3220591,3252297,7403,1,1,1,3220591,01/02/1996,F2AL00L00BN13
032,112025,3220595,3252334,7403,1,1,1,3220595,01/05/1996,F2AL00L00BN13
032,112025,3220599,3252371,7403,1,1,1,3220599,01/07/1970,F2AL00L00BN13
032,112025,3220603,3252408,7403,1,1,1,3220603,01/05/1970,F2AL00L00BN13
032,112025,3220607,3252445,7405,1,1,1,3220607,01/02/1991,F2AL00L00BN13
032,112025,3220611,3252482,7405,4,1,1,3220611,01/06/1991,F3AL00L00BN24
032,112025,3220615,3252519,8416,1,1,1,3220615,01/07/1992,F1AL00L00AN12
032,112025,3220623,3252593,7404,1,1,1,3220623,01/03/1991,F3AL00L00BN24
032,112025,3220627,3252630,7403,1,1,1,3220627,01/04/1993,F1AL00L00AN12
032,112025,3220631,3252667,8416,1,1,1,3220631,01/03/1992,F1AL00L00AN12
032,112025,3220635,3252704,7405,1,1,1,3220635,01/08/1992,F1AL00L00AN12
032,112025,3220639,3252741,7405,1,1,1,3220639,01/02/1997,F2AL00L00BN13
032,112025,3220647,3252815,7403,1,1,1,3220647,01/09/1992,F1AL00L00AN12
032,112025,3220651,3252852,7405,1,1,1,3220651,01/04/1982,F1AL00L00AN12
032,112025,3220655,3252889,7405,1,1,1,3220655,01/03/1996,F2AL00L00BN13
032,112025,3220659,3252926,7405,1,1,1,3220659,01/06/1992,F2AL00L00BN13
032,112025,3220663,3252963,7403,1,1,1,3220663,01/08/1988,F1AL00L00AN12
032,112025,3220667,3253000,8416,1,1,1,3220667,01/06/1989,F1AL00L00AN12
032,112025,3220671,3253037,7403,1,1,1,3220671,01/06/1988,F1AL00L00AN12
032,112025,3220675,3253074,7403,1,1,1,3220675,01/01/1992,F1AL00L00AN12
032,112025,3220679,3253111,7404,1,1,1,3220679,01/06/1988,F1AL00L00AN12
032,112025,3220683,3253148,7405,1,1,1,3220683,01/03/1991,F2AL00L00BN13
032,112025,3220687,3253185,7403,1,1,1,3220687,01/01/1991,F2AL00L00BN13
032,112025,3220691,3253222,8416,1,1,1,3220691,01/04/1986,F1AL00L00AN12
032,112025,3220695,3253259,7405,1,1,1,3220695,01/06/1992,F3AL00L00BN24
032,112025,3220699,3253296,8416,1,1,1,3220699,01/03/1991,F2AL00L00BN13
032,112025,3220707,3253370,7404,1,1,1,3220707,01/07/1984,F3AL00L00BN24
032,112025,3220711,3253407,7403,1,1,1,3220711,01/01/1991,F3AL00L00BN24
032,112025,3220715,3253444,7405,1,1,1,3220715,01/08/1992,F3AL00L00BN24
032,112025,3220723,3253518,7404,1,1,1,3220723,01/03/1992,F3AL00L00BN24
032,112025,3220727,3253555,8409,1,1,1,3220727,01/05/1996,F2AL00L00BN13
032,112025,3220731,3253592,7403,1,1,1,3220731,01/06/1992,F1AL00L00AN12
032,112025,3220735,3253629,8409,1,1,1,3220735,01/02/1989,F2AL00L00BN13
032,112025,3220739,3253666,7404,1,1,1,3220739,01/01/1992,F2AL00L00BN13
032,112025,3220743,3253703,7403,1,1,1,3220743,01/05/1994,F1AL00L00AN12
032,112025,3220751,3253777,7404,1,1,1,3220751,01/03/1992,F2AL00L00BN13
032,112025,3220755,3253814,7405,1,1,1,3220755,01/01/1991,F2AL00L00BN13
032,112025,3220759,3253851,8409,1,1,1,3220759,01/02/1992,F2AL00L00BN13
032,112025,3220763,3253888,7404,4,1,1,3220763,01/04/1981,F2AL00L00BN13
032,112025,3220767,3253925,8416,1,1,1,3220767,01/02/1992,F1AL00L00AN12
032,112025,3220771,3253962,7403,1,1,1,3220771,01/01/1987,F1AL00L00AN12
032,112025,3220775,3253999,7405,1,1,1,3220775,01/08/1985,F2AL00L00BN13
032,112025,3220779,3254036,7405,1,1,1,3220779,01/03/1999,F2AL00L00BN13
032,112025,3220783,3254073,7405,4,1,1,3220783,01/05/1987,F2AL00L00BN13
032,112025,3220787,3254110,7406,1,1,1,3220787,01/04/1987,F1AL00L00AN12
032,112025,3220791,3254147,7404,1,1,1,3220791,01/06/1992,F2AL00L00BN13
032,112025,3220795,3254221,8409,1,1,1,3220795,01/03/1993,F1AL00L00AN12
032,112025,3220803,3254295,8409,1,1,1,3220803,01/08/1991,F2AL00L00BN13
032,112025,3220807,3254332,7405,1,1,1,3220807,01/03/1994,F2AL00L00BN13
032,112025,3220815,3300619,7404,1,1,1,3220815,01/09/1993,F1AL00L00AN12
032,112025,3220819,3254406,7405,1,1,1,3220819,01/08/1993,F1AL00L00AN12
032,112025,3220823,3254443,7405,1,1,1,3220823,01/01/1993,F1AL00L00AN12
032,112025,3220827,3254480,7405,1,1,1,3220827,01/09/1993,F1AL00L00AN12
032,112025,3220831,3254517,7405,1,1,1,3220831,01/03/1993,F1AL00L00AN12
032,112025,3220835,3254554,7405,1,1,1,3220835,01/02/1993,F1AL00L00AN12
032,112025,3220839,3254591,7404,1,1,1,3220839,01/05/1993,F1AL00L00AN12
032,112025,3220847,3254665,7404,1,1,1,3220847,01/06/1998,F1AL00L00AN12
032,112025,3220851,3254702,7404,1,1,1,3220851,01/05/1993,F1AL00L00AN12
032,112025,3220855,3254739,8409,1,1,1,3220855,01/06/1992,F1AL00L00AN12
032,112025,3220859,3254776,7404,1,1,1,3220859,01/07/1996,F2AL00L00BN13
032,112025,3220863,3254813,7404,1,1,1,3220863,01/03/1994,F1AL00L00AN12
032,112025,3220867,3254850,7404,1,1,1,3220867,01/06/1993,F1AL00L00AN12
032,112025,3220871,3254887,8409,1,1,1,3220871,01/01/1994,F2AL00L00BN13
032,112025,3220875,3254924,7403,1,1,1,3220875,01/09/1999,F2AL00L00BN13
032,112025,3220879,3254961,8409,1,1,1,3220879,01/03/1993,F1AL00L00AN12
032,112025,3220883,3254998,8409,1,1,1,3220883,01/08/1985,F1AL00L00AN12
032,112025,3220887,3255035,8409,1,1,1,3220887,01/06/1993,F1AL00L00AN12
032,112025,3220891,3255072,7403,1,1,1,3220891,01/04/1994,F1AL00L00AN12
032,112025,3220895,3255109,7403,1,1,1,3220895,01/01/1993,F1AL00L00AN12
032,112025,3220899,3255146,7403,1,1,1,3220899,01/09/1993,F1AL00L00AN12
032,112025,3220903,3255183,7403,1,1,1,3220903,01/07/1986,F1AL00L00AN12
032,112025,3220907,3255220,7403,1,1,1,3220907,01/03/1988,F2AL00L00BN13
032,112025,3220911,3255257,7403,1,1,1,3220911,01/03/1988,F1AL00L00AN12
032,112025,3220915,3255294,7403,1,1,1,3220915,01/03/1991,F1AL00L00AN12
032,112025,3220923,3255368,7403,1,1,1,3220923,01/09/1993,F1AL00L00AN12
032,112025,3220927,3255405,7405,1,1,1,3220927,01/09/1992,F3AL00L00BN24
032,112025,3220931,3255442,7404,1,1,1,3220931,01/02/1998,F1AL00L00AN12
032,112025,3220939,3255516,7405,1,1,1,3220939,01/07/1993,F1AL00L00AN12
032,112025,3220943,3255553,7405,1,1,1,3220943,01/08/1993,F1AL00L00AN12
032,112025,3220947,3255590,7405,1,1,1,3220947,01/06/1993,F1AL00L00AN12
032,112025,3220951,3255627,7405,1,1,1,3220951,01/05/1993,F2AL00L00BN13
032,112025,3220959,3255701,7403,1,1,1,3220959,01/02/1993,F1AL00L00AN12
032,112025,3220963,3255738,7405,1,1,1,3220963,01/03/1993,F1AL00L00AN12
032,112025,3220971,3255812,7404,1,1,1,3220971,01/04/1991,F1AL00L00AN12
032,112025,3220975,3255849,8409,1,1,1,3220975,01/01/1993,F1AL00L00AN12
032,112025,3220979,3255886,7403,1,1,1,3220979,01/02/1999,F2AL00L00BN13
032,112025,3220983,3255923,7404,1,1,1,3220983,01/09/1983,F2AL00L00BN13
032,112025,3220987,3255960,7405,1,1,1,3220987,01/05/1993,F1AL00L00AN12
032,112025,3220991,3255997,8416,1,1,1,3220991,01/06/1984,F2AL00L00BN13
032,112025,3220995,3256034,7405,1,1,1,3220995,01/09/1993,F3AL00L00BN24
032,112025,3220999,3256071,7404,1,1,1,3220999,01/03/1964,F3AL00L00BN24
032,112025,3221003,3256108,8409,1,1,1,3221003,01/01/1995,F1AL00L00AN12
032,112025,3221007,3256145,8409,1,1,1,3221007,01/06/1980,F1AL00L00AN12
032,112025,3221015,3256256,7405,4,1,1,3221015,01/06/1990,F3AL00L00BN24
032,112025,3221019,3256293,7405,1,1,1,3221019,01/02/1960,F2AL00L00BN13
032,112025,3221023,3256330,7405,1,1,1,3221023,01/08/1987,F2AL00L00BN13
032,112025,3221027,3256367,7403,1,1,1,3221027,01/04/1980,F1AL00L00AN12
032,112025,3221031,3256404,7403,1,1,1,3221031,01/01/1991,F1AL00L00AN12
032,112025,3221039,3256478,7405,1,1,1,3221039,01/01/1981,F3AL00L00BN24
032,112025,3221043,3256515,7403,1,1,1,3221043,01/06/1993,F2AL00L00BN13
032,112025,3221047,3256552,7403,1,1,1,3221047,01/04/1993,F1AL00L00AN12
032,112025,3221051,3256589,7403,1,1,1,3221051,01/01/1994,F2AL00L00BN13
032,112025,3221055,3256626,7403,1,1,1,3221055,01/09/1969,F2AL00L00BN13
032,112025,3221059,3256663,7403,1,1,1,3221059,01/09/1988,F1AL00L00AN12
032,112025,3221063,3256700,7403,1,1,1,3221063,01/04/1969,F2AL00L00BN13
032,112025,3221067,3256737,7405,4,1,1,3221067,01/01/1998,F3AL00L00BN24
032,112025,3221071,3256774,7405,1,1,1,3221071,01/06/1992,F1AL00L00AN12
032,112025,3221075,3256811,7405,1,1,1,3221075,01/01/1993,F1AL00L00AN12
032,112025,3221079,3256848,8409,1,1,1,3221079,01/01/1993,F1AL00L00AN12
032,112025,3221083,3256885,7405,1,1,1,3221083,01/08/1994,F2AL00L00BN13
032,112025,3221087,3256922,7403,1,1,1,3221087,01/01/1993,F2AL00L00BN13
032,112025,3221091,3256959,7404,1,1,1,3221091,01/04/1990,F2AL00L00BN13
032,112025,3221095,3256996,7404,1,1,1,3221095,01/03/1973,F1AL00L00AN12
032,112025,3221099,3257033,7405,1,1,1,3221099,01/01/1957,F3AL00L00BN24
032,112025,3221103,3257070,7403,1,1,1,3221103,01/01/1993,F2AL00L00BN13
032,112025,3221111,3257144,7403,1,1,1,3221111,01/04/1986,F1AL00L00AN12
032,112025,3221115,3257181,7405,1,1,1,3221115,01/08/1991,F2AL00L00BN13
032,112025,3221119,3257218,8416,1,1,1,3221119,01/01/1994,F2AL00L00BN13
032,112025,3221123,3257255,8416,1,1,1,3221123,01/07/1998,F2AL00L00BN13
032,112025,3221131,3257329,7405,1,1,1,3221131,01/05/1993,F3AL00L00BN24
032,112025,3221135,3257366,7403,1,1,1,3221135,01/04/1994,F2AL00L00BN13
032,112025,3221139,3257403,7403,1,1,1,3221139,01/07/1994,F2AL00L00BN13
032,112025,3221143,3257440,7405,1,1,1,3221143,01/09/1967,F3AL00L00BN24
032,112025,3221151,3257514,8409,1,1,1,3221151,01/09/1994,F1AL00L00AN12
032,112025,3221155,3257551,8409,1,1,1,3221155,01/03/1985,F1AL00L00AN12
032,112025,3221159,3257588,7403,1,1,1,3221159,01/08/1985,F1AL00L00AN12
032,112025,3221163,3257625,7403,1,1,1,3221163,01/07/1988,F1AL00L00AN12
032,112025,3221167,3257662,7403,1,1,1,3221167,01/08/1982,F1AL00L00AN12
032,112025,3221171,3257699,7403,1,1,1,3221171,01/01/1994,F1AL00L00AN12
032,112025,3221175,3257736,7403,1,1,1,3221175,01/01/1988,F1AL00L00AN12
032,112025,3221183,3257810,7403,1,1,1,3221183,01/06/1993,F1AL00L00AN12
032,112025,3221187,3257847,7403,1,1,1,3221187,01/09/1981,F1AL00L00AN12
032,112025,3221191,3257884,7404,1,1,1,3221191,01/02/1994,F2AL00L00BN13
032,112025,3221195,3257921,7404,1,1,1,3221195,01/01/1992,F2AL00L00BN13
032,112025,3221199,3257958,7404,1,1,1,3221199,01/06/1999,F2AL00L00BN13
032,112025,3221203,3257995,7404,1,1,1,3221203,01/05/1994,F2AL00L00BN13
032,112025,3221207,3258032,7404,1,1,1,3221207,01/03/1994,F2AL00L00BN13
032,112025,3221211,3258069,7404,1,1,1,3221211,01/04/1994,F2AL00L00BN13
032,112025,3221215,3258106,7404,1,1,1,3221215,01/09/1994,F2AL00L00BN13
032,112025,3221219,3258143,7405,1,1,1,3221219,01/06/1994,F2AL00L00BN13
032,112025,3221223,3258180,7404,1,1,1,3221223,01/08/1994,F2AL00L00BN13
032,112025,3221227,3258217,7404,1,1,1,3221227,01/01/1994,F3AL00L00BN24
032,112025,3221231,3258254,8409,1,1,1,3221231,01/01/1980,F1AL00L00AN12
032,112025,3221235,3258291,8409,1,1,1,3221235,01/06/1994,F1AL00L00AN12
032,112025,3221239,3258328,7404,1,1,1,3221239,01/03/1999,F2AL00L00BN13
032,112025,3221243,3258365,7404,1,1,1,3221243,01/03/1999,F2AL00L00BN13
032,112025,3221247,3258402,7404,1,1,1,3221247,01/01/1999,F2AL00L00BN13
032,112025,3221251,3258439,7404,1,1,1,3221251,01/07/1999,F2AL00L00BN13
032,112025,3221255,3258476,7404,1,1,1,3221255,01/09/1999,F2AL00L00BN13
032,112025,3221259,3258513,7404,1,1,1,3221259,01/09/1999,F1AL00L00AN12
032,112025,3221263,3258550,8409,1,1,1,3221263,01/04/1988,F1AL00L00AN12
032,112025,3221267,3258587,7404,1,1,1,3221267,01/01/1995,F2AL00L00BN13
032,112025,3221271,3258624,7404,1,1,1,3221271,01/01/1994,F2AL00L00BN13
032,112025,3221275,3258661,7404,1,1,1,3221275,01/04/1995,F2AL00L00BN13
032,112025,3221279,3258698,7404,1,1,1,3221279,01/09/1994,F1AL00L00AN12
032,112025,3221283,3258735,7404,1,1,1,3221283,01/02/1971,F2AL00L00BN13
032,112025,3221287,3258772,7404,1,1,1,3221287,01/03/1988,F1AL00L00AN12
032,112025,3221291,3258809,7404,1,1,1,3221291,01/04/1993,F1AL00L00AN12
032,112025,3221295,3258846,7403,1,1,1,3221295,01/09/1999,F3AL00L00BN24
032,112025,3221299,3258883,7404,1,1,1,3221299,01/07/1999,F2AL00L00BN13
032,112025,3221303,3258920,7404,1,1,1,3221303,01/04/1999,F2AL00L00BN13
032,112025,3221307,3258957,7403,1,1,1,3221307,01/05/1999,F1AL00L00AN12
032,112025,3221311,3258994,7405,1,1,1,3221311,01/07/1995,F1AL00L00AN12
032,112025,3221319,3259068,7403,1,1,1,3221319,01/07/1994,F2AL00L00BN13
032,112025,3221323,3259105,7405,1,1,1,3221323,01/01/1994,F2AL00L00BN13
032,112025,3221327,3259142,7404,1,1,1,3221327,01/06/1995,F2AL00L00BN13
032,112025,3221331,3259179,7405,4,1,1,3221331,01/01/1992,F3AL00L00BN24
032,112025,3221335,3259216,7405,4,1,1,3221335,01/06/1995,F3AL00L00BN24
032,112025,3221339,3259253,7405,4,1,1,3221339,01/01/1988,F3AL00L00BN24
032,112025,3221343,3259290,7405,1,1,1,3221343,01/07/1966,F3AL00L00BN24
032,112025,3221347,3259327,7404,1,1,1,3221347,01/05/1995,F2AL00L00BN13
032,112025,3221351,3259364,8409,1,1,1,3221351,01/07/1985,F2AL00L00BN13
032,112025,3221359,3259401,7403,1,1,1,3221359,01/09/1995,F2AL00L00BN13
032,112025,3221363,3259438,7403,1,1,1,3221363,01/04/1993,F1AL00L00AN12
032,112025,3221367,3259475,7403,1,1,1,3221367,01/04/1995,F1AL00L00AN12
032,112025,3221371,3259512,7405,1,1,1,3221371,01/06/1984,F2AL00L00BN13
032,112025,3221375,3259549,7405,1,1,1,3221375,01/05/1996,F2AL00L00BN13
032,112025,3221379,3259586,7405,1,1,1,3221379,01/12/2001,F2AL00L00BN13
032,112025,3221383,3259623,7403,1,1,1,3221383,01/06/1980,F1AL00L00AN12
032,112025,3221387,3259660,7403,1,1,1,3221387,01/01/1988,F1AL00L00AN12
032,112025,3221391,3259697,7403,1,1,1,3221391,01/01/2002,F1AL00L00AN12
032,112025,3221395,3259734,7403,1,1,1,3221395,01/02/1981,F1AL00L00AN12
032,112025,3221399,3259771,7403,1,1,1,3221399,01/07/1981,F1AL00L00AN12
032,112025,3221403,3259808,7403,1,1,1,3221403,01/07/1981,F1AL00L00AN12
032,112025,3221407,3259845,7403,1,1,1,3221407,01/09/1985,F1AL00L00AN12
032,112025,3221411,3259882,7403,1,1,1,3221411,01/09/1988,F1AL00L00AN12
032,112025,3221415,3259919,7404,1,1,1,3221415,01/06/1995,F3AL00L00BN24
032,112025,3221419,3259956,7404,1,1,1,3221419,01/04/1985,F2AL00L00BN13
032,112025,3221431,3260067,7405,1,1,1,3221431,01/05/1996,F2AL00L00BN13
032,112025,3221435,3260104,7405,1,1,1,3221435,01/01/1996,F2AL00L00BN13
032,112025,3221439,3260141,7404,1,1,1,3221439,01/06/1969,F1AL00L00AN12
032,112025,3221447,3260215,7405,1,1,1,3221447,01/02/1970,F2AL00L00BN13
032,112025,3221451,3260252,7404,1,1,1,3221451,01/09/1998,F2AL00L00BN13
032,112025,3221455,3260289,7403,1,1,1,3221455,01/02/1989,F1AL00L00AN12
032,112025,3221459,3260326,7405,1,1,1,3221459,01/08/1996,F2AL00L00BN13
032,112025,3221463,3260363,7405,1,1,1,3221463,01/07/1995,F1AL00L00AN12
032,112025,3221467,3260400,7405,1,1,1,3221467,01/09/1987,F1AL00L00AN12
032,112025,3221471,3260437,7405,1,1,1,3221471,01/01/1996,F2AL00L00BN13
032,112025,3221475,3260474,7405,1,1,1,3221475,01/04/1996,F1AL00L00AN12
032,112025,3221479,3260511,7405,1,1,1,3221479,01/01/1996,F2AL00L00BN13
032,112025,3221483,3260548,7405,1,1,1,3221483,01/02/1998,F2AL00L00BN13
032,112025,3221491,3260622,7405,1,1,1,3221491,01/09/1999,F2AL00L00BN13
032,112025,3221495,3260659,7405,1,1,1,3221495,01/01/1996,F1AL00L00AN12
032,112025,3221499,3260696,7404,1,1,1,3221499,01/08/1995,F1AL00L00AN12
032,112025,3221503,3260733,7404,1,1,1,3221503,01/05/1994,F2AL00L00BN13
032,112025,3221507,3260770,7404,1,1,1,3221507,01/03/1994,F2AL00L00BN13
032,112025,3221511,3260807,7405,1,1,1,3221511,01/01/1996,F1AL00L00AN12
032,112025,3221515,3260844,7404,1,1,1,3221515,01/06/1996,F2AL00L00BN13
032,112025,3221519,3260881,7405,1,1,1,3221519,01/06/1997,F2AL00L00BN13
032,112025,3221523,3260918,7405,1,1,1,3221523,01/04/1996,F2AL00L00BN13
032,112025,3221527,3260955,7403,1,1,1,3221527,01/01/1996,F1AL00L00AN12
032,112025,3221531,3260992,7404,4,1,1,3221531,01/09/1993,F2AL00L00BN13
032,112025,3221535,3261029,7403,1,1,1,3221535,01/02/1996,F2AL00L00BN13
032,112025,3221539,3261066,7403,1,1,1,3221539,01/04/1996,F2AL00L00BN13
032,112025,3221543,3261103,7403,1,1,1,3221543,01/06/1996,F1AL00L00AN12
032,112025,3221547,3261140,7403,1,1,1,3221547,01/06/1996,F1AL00L00AN12
032,112025,3221551,3261177,7403,1,1,1,3221551,01/09/1996,F1AL00L00AN12
032,112025,3221555,3261214,7404,1,1,1,3221555,01/06/1973,F3AL00L00BN24
032,112025,3221559,3261251,7404,1,1,1,3221559,01/03/1981,F3AL00L00BN24
032,112025,3221563,3261288,7404,1,1,1,3221563,01/07/1995,F2AL00L00BN13
032,112025,3221567,3261325,7404,1,1,1,3221567,01/08/1999,F2AL00L00BN13
032,112025,3221571,3261362,7404,1,1,1,3221571,01/07/1989,F1AL00L00AN12
032,112025,3221579,3261436,7404,1,1,1,3221579,01/05/1996,F1AL00L00AN12
032,112025,3221583,3261473,7403,1,1,1,3221583,01/06/1996,F1AL00L00AN12
032,112025,3221587,3261510,7404,1,1,1,3221587,01/06/1996,F2AL00L00BN13
032,112025,3221591,3261547,8409,1,1,1,3221591,01/05/1996,F2AL00L00BN13
032,112025,3221595,3261584,7405,1,1,1,3221595,01/09/1991,F3AL00L00BN24
032,112025,3221599,3261621,7404,4,1,1,3221599,01/02/1996,F3AL00L00BN24
032,112025,3221603,3261658,7405,1,1,1,3221603,01/07/1996,F2AL00L00BN13
032,112025,3221607,3261695,8409,1,1,1,3221607,01/06/1998,F2AL00L00BN13
032,112025,3221611,3261732,7405,1,1,1,3221611,01/08/1989,F3AL00L00BN24
032,112025,3221623,3261843,7403,1,1,1,3221623,01/05/1995,F3AL00L00BN24
032,112025,3221627,3261880,7405,4,1,1,3221627,01/04/1996,F2AL00L00BN13
032,112025,3221631,3261917,7405,1,1,1,3221631,01/05/1990,F3AL00L00BN24
032,112025,3221635,3261954,8409,1,1,1,3221635,01/01/1991,F1AL00L00AN12
032,112025,3221639,3261991,8409,1,1,1,3221639,01/08/1996,F1AL00L00AN12
032,112025,3221643,3262028,8409,1,1,1,3221643,01/06/1996,F1AL00L00AN12
032,112025,3221647,3262065,8409,1,1,1,3221647,01/04/1996,F1AL00L00AN12
032,112025,3221651,3262102,8409,1,1,1,3221651,01/07/1986,F1AL00L00AN12
032,112025,3221655,3262139,8409,1,1,1,3221655,01/03/1992,F1AL00L00AN12
032,112025,3221659,3262176,8409,1,1,1,3221659,01/02/1996,F1AL00L00AN12
032,112025,3221663,3262213,8409,1,1,1,3221663,01/06/1996,F1AL00L00AN12
032,112025,3221667,3262250,8409,1,1,1,3221667,01/06/1996,F2AL00L00BN13
032,112025,3221671,3262287,8409,1,1,1,3221671,01/05/1988,F2AL00L00BN13
032,112025,3221675,3262324,8409,1,1,1,3221675,01/07/1986,F2AL00L00BN13
032,112025,3221679,3262361,8409,1,1,1,3221679,01/03/1996,F2AL00L00BN13
032,112025,3221683,3262398,8409,1,1,1,3221683,01/07/1991,F2AL00L00BN13
032,112025,3221687,3262435,8409,1,1,1,3221687,01/05/1996,F2AL00L00BN13
032,112025,3221695,3262509,8409,1,1,1,3221695,01/03/1997,F2AL00L00BN13
032,112025,3221703,3262583,7403,1,1,1,3221703,01/06/1996,F3AL00L00BN24
032,112025,3221707,3262620,7403,1,1,1,3221707,01/01/1996,F3AL00L00BN24
032,112025,3221711,3262657,7404,1,1,1,3221711,01/01/1994,F1AL00L00AN12
032,112025,3221715,3262694,7405,1,1,1,3221715,01/01/1996,F2AL00L00BN13
032,112025,3221719,3262731,8416,1,1,1,3221719,01/09/1996,F3AL00L00BN24
032,112025,3221723,3262768,7405,1,1,1,3221723,01/05/1994,F2AL00L00BN13
032,112025,3221735,3262879,7404,1,1,1,3221735,01/07/1997,F1AL00L00AN12
032,112025,3221739,3262916,7403,1,1,1,3221739,01/05/1997,F1AL00L00AN12
032,112025,3221743,3262953,7403,1,1,1,3221743,01/07/1997,F1AL00L00AN12
032,112025,3221747,3262990,7403,1,1,1,3221747,01/05/1996,F1AL00L00AN12
032,112025,3221751,3263027,7403,1,1,1,3221751,01/01/1997,F1AL00L00AN12
032,112025,3221755,3263064,7403,1,1,1,3221755,01/01/1997,F1AL00L00AN12
032,112025,3221759,3263101,7403,1,1,1,3221759,01/04/1997,F1AL00L00AN12
032,112025,3221763,3263138,7403,1,1,1,3221763,01/08/1997,F1AL00L00AN12
032,112025,3221767,3263175,7404,1,1,1,3221767,01/04/1996,F2AL00L00BN13
032,112025,3221775,3263249,7405,1,1,1,3221775,01/08/1996,F2AL00L00BN13
032,112025,3221779,3263286,7405,1,1,1,3221779,01/04/1996,F3AL00L00BN24
032,112025,3221783,3263323,7405,1,1,1,3221783,01/05/1997,F1AL00L00AN12
032,112025,3221787,3263360,7405,1,1,1,3221787,01/09/1997,F1AL00L00AN12
032,112025,3221791,3263397,7404,1,1,1,3221791,01/03/1997,F2AL00L00BN13
032,112025,3221795,3263434,7404,1,1,1,3221795,01/04/1996,F2AL00L00BN13
032,112025,3221803,3263508,7405,1,1,1,3221803,01/02/1996,F2AL00L00BN13
032,112025,3221807,3263545,7405,1,1,1,3221807,01/04/1997,F2AL00L00BN13
032,112025,3221815,3263619,7403,1,1,1,3221815,01/08/1999,F3AL00L00BN24
032,112025,3221819,3263656,7403,1,1,1,3221819,01/05/1991,F1AL00L00AN12
032,112025,3221827,3263730,7404,1,1,1,3221827,01/09/1996,F2AL00L00BN13
032,112025,3221831,3263767,7403,1,1,1,3221831,01/03/1997,F1AL00L00AN12
032,112025,3221843,3263878,7405,1,1,1,3221843,01/03/1995,F3AL00L00BN24
032,112025,3221847,3302247,7405,1,1,1,3221847,01/01/1995,F3AL00L00BN24
032,112025,3221855,3302284,7404,1,1,1,3221855,01/08/1996,F1AL00L00AN12
032,112025,3221859,3302321,7404,1,1,1,3221859,01/02/1990,F1AL00L00AN12
032,112025,3221863,3263952,7404,1,1,1,3221863,01/06/1996,F2AL00L00BN13
032,112025,3221867,3263989,8409,1,1,1,3221867,01/07/1997,F2AL00L00BN13
032,112025,3221871,3264026,8409,1,1,1,3221871,01/09/1997,F2AL00L00BN13
032,112025,3221875,3264063,7404,1,1,1,3221875,01/09/1997,F2AL00L00BN13
032,112025,3221879,3264100,7405,1,1,1,3221879,01/08/1996,F2AL00L00BN13
032,112025,3221883,3264137,7405,1,1,1,3221883,01/07/1997,F2AL00L00BN13
032,112025,3221887,3264174,7405,1,1,1,3221887,01/05/1997,F2AL00L00BN13
032,112025,3221891,3264211,7405,1,1,1,3221891,01/03/1996,F2AL00L00BN13
032,112025,3221899,3264285,7405,1,1,1,3221899,01/09/1997,F2AL00L00BN13
032,112025,3221903,3264322,7405,1,1,1,3221903,01/08/1993,F1AL00L00AN12
032,112025,3221907,3264359,7405,1,1,1,3221907,01/05/1996,F2AL00L00BN13
032,112025,3221911,3264396,7405,1,1,1,3221911,01/06/1996,F2AL00L00BN13
032,112025,3221915,3264433,7405,1,1,1,3221915,01/09/1996,F2AL00L00BN13
032,112025,3221919,3264470,7405,1,1,1,3221919,01/01/1995,F2AL00L00BN13
032,112025,3221923,3264507,7405,1,1,1,3221923,01/05/1996,F2AL00L00BN13
032,112025,3221927,3264544,7405,1,1,1,3221927,01/09/1996,F2AL00L00BN13
032,112025,3221931,3264581,7405,1,1,1,3221931,01/01/1996,F2AL00L00BN13
032,112025,3221935,3264618,7405,1,1,1,3221935,01/01/1997,F1AL00L00AN12
032,112025,3221939,3264655,7405,1,1,1,3221939,01/06/1996,F1AL00L00AN12
032,112025,3221943,3264692,7405,1,1,1,3221943,01/06/1996,F1AL00L00AN12
032,112025,3221947,3264729,7405,1,1,1,3221947,01/08/1996,F2AL00L00BN13
032,112025,3221951,3264766,7404,1,1,1,3221951,01/01/1994,F2AL00L00BN13
032,112025,3221955,3264803,7404,1,1,1,3221955,01/01/1996,F2AL00L00BN13
032,112025,3221959,3264840,7403,1,1,1,3221959,01/02/1997,F2AL00L00BN13
032,112025,3221967,3264914,7405,1,1,1,3221967,01/08/1992,F3AL00L00BN24
032,112025,3221971,3264951,7405,1,1,1,3221971,01/08/1998,F2AL00L00BN13
032,112025,3221979,3265025,7403,1,1,1,3221979,01/09/1996,F2AL00L00BN13
032,112025,3221983,3265062,8409,1,1,1,3221983,01/01/1997,F2AL00L00BN13
032,112025,3221991,3265136,7404,1,1,1,3221991,01/03/1989,F3AL00L00BN24
032,112025,3221995,3265173,7405,1,1,1,3221995,01/07/1996,F2AL00L00BN13
032,112025,3221999,3265210,8409,1,1,1,3221999,01/09/1974,F1AL00L00AN12
032,112025,3222003,3265247,7404,1,1,1,3222003,01/03/1970,F1AL00L00AN12
032,112025,3222007,3265284,7405,1,1,1,3222007,01/02/1996,F3AL00L00BN24
032,112025,3222011,3265321,7405,1,1,1,3222011,01/07/1997,F2AL00L00BN13
032,112025,3222015,3265358,7404,1,1,1,3222015,01/01/1997,F2AL00L00BN13
032,112025,3222019,3265395,7403,1,1,1,3222019,01/07/1997,F2AL00L00BN13
032,112025,3222023,3265432,7404,1,1,1,3222023,01/01/1997,F1AL00L00AN12
032,112025,3222027,3265469,7403,1,1,1,3222027,01/07/1997,F2AL00L00BN13
032,112025,3222031,3265506,7403,1,1,1,3222031,01/06/1997,F2AL00L00BN13
032,112025,3222035,3265543,7404,1,1,1,3222035,01/01/1997,F2AL00L00BN13
032,112025,3222039,3265580,7405,4,1,1,3222039,01/09/1999,F2AL00L00BN13
032,112025,3222043,3265617,7405,1,1,1,3222043,01/02/1997,F2AL00L00BN13
032,112025,3222047,3265654,7405,1,1,1,3222047,01/03/1997,F2AL00L00BN13
032,112025,3222051,3265691,7405,1,1,1,3222051,01/08/1997,F2AL00L00BN13
032,112025,3222059,3265765,7405,1,1,1,3222059,01/09/1997,F2AL00L00BN13
032,112025,3222063,3265802,7404,1,1,1,3222063,01/09/1998,F2AL00L00BN13
032,112025,3222067,3265839,7405,1,1,1,3222067,01/01/1999,F2AL00L00BN13
032,112025,3222071,3265876,7405,1,1,1,3222071,01/07/1996,F2AL00L00BN13
032,112025,3222075,3265913,7405,1,1,1,3222075,01/01/1997,F2AL00L00BN13
032,112025,3222079,3265950,7405,1,1,1,3222079,01/09/1997,F2AL00L00BN13
032,112025,3222083,3265987,7405,1,1,1,3222083,01/03/1997,F2AL00L00BN13
032,112025,3222087,3266024,7405,1,1,1,3222087,01/08/1997,F2AL00L00BN13
032,112025,3222091,3266061,7405,1,1,1,3222091,01/02/1997,F2AL00L00BN13
032,112025,3222099,3266135,7405,1,1,1,3222099,01/08/1984,F1AL00L00AN12
032,112025,3222103,3266172,7405,1,1,1,3222103,01/01/1997,F2AL00L00BN13
032,112025,3222107,3266209,7405,1,1,1,3222107,01/07/1997,F2AL00L00BN13
032,112025,3222111,3266246,7405,1,1,1,3222111,01/04/1997,F2AL00L00BN13
032,112025,3222115,3266283,7405,1,1,1,3222115,01/01/1995,F2AL00L00BN13
032,112025,3222119,3266320,7405,1,1,1,3222119,01/03/1997,F1AL00L00AN12
032,112025,3222123,3266357,7405,1,1,1,3222123,01/04/1997,F2AL00L00BN13
032,112025,3222127,3266394,7405,1,1,1,3222127,01/04/1997,F2AL00L00BN13
032,112025,3222131,3266431,7403,1,1,1,3222131,01/09/1987,F1AL00L00AN12
032,112025,3222135,3266468,7405,1,1,1,3222135,01/09/1997,F2AL00L00BN13
032,112025,3222139,3266505,7405,4,1,1,3222139,01/07/1997,F3AL00L00BN24
032,112025,3222143,3266542,7405,1,1,1,3222143,01/08/1997,F2AL00L00BN13
032,112025,3222147,3266579,7405,1,1,1,3222147,01/06/1997,F2AL00L00BN13
032,112025,3222151,3266616,7405,1,1,1,3222151,01/07/1988,F1AL00L00AN12
032,112025,3222155,3266653,7404,1,1,1,3222155,01/01/1996,F1AL00L00AN12
032,112025,3222159,3266690,8416,1,1,1,3222159,01/06/1996,F1AL00L00AN12
032,112025,3222163,3266727,7403,1,1,1,3222163,01/04/1997,F2AL00L00BN13
032,112025,3222167,3266764,7404,1,1,1,3222167,01/04/1997,F2AL00L00BN13
032,112025,3222171,3266801,7405,1,1,1,3222171,01/04/1987,F3AL00L00BN24
032,112025,3222175,3266838,7405,1,1,1,3222175,01/01/1999,F2AL00L00BN13
032,112025,3222179,3266875,8409,1,1,1,3222179,01/01/1996,F2AL00L00BN13
032,112025,3222183,3266912,8409,1,1,1,3222183,01/03/1997,F2AL00L00BN13
032,112025,3222187,3266949,8409,1,1,1,3222187,01/03/1984,F2AL00L00BN13
032,112025,3222191,3266986,7405,1,1,1,3222191,01/07/1997,F2AL00L00BN13
032,112025,3222195,3267023,7405,1,1,1,3222195,01/05/1997,F2AL00L00BN13
032,112025,3222199,3267060,7404,1,1,1,3222199,01/05/1999,F2AL00L00BN13
032,112025,3222203,3267097,7404,1,1,1,3222203,01/09/1999,F2AL00L00BN13
032,112025,3222207,3267134,7404,1,1,1,3222207,01/07/1999,F2AL00L00BN13
032,112025,3222211,3267171,7405,1,1,1,3222211,01/09/1981,F3AL00L00BN24
032,112025,3222215,3267208,7404,1,1,1,3222215,01/02/1998,F2AL00L00BN13
032,112025,3222219,3267245,7404,1,1,1,3222219,01/08/1993,F3AL00L00BN24
032,112025,3222227,3267319,7403,1,1,1,3222227,01/03/1998,F2AL00L00BN13
032,112025,3222231,3267356,8416,1,1,1,3222231,01/03/1997,F1AL00L00AN12
032,112025,3222235,3267393,8416,1,1,1,3222235,01/07/1998,F2AL00L00BN13
032,112025,3222239,3267430,7405,1,1,1,3222239,01/07/1998,F2AL00L00BN13
032,112025,3222247,3267504,7405,1,1,1,3222247,01/06/1997,F2AL00L00BN13
032,112025,3222255,3267578,7405,1,1,1,3222255,11/04/2014,F2AL00L00BN13
032,112025,3222259,3267615,7405,1,1,1,3222259,01/04/1998,F3AL00L00BN24
032,112025,3222263,3267652,7404,4,1,1,3222263,01/01/1998,F3AL00L00BN24
032,112025,3222267,3267689,7405,4,1,1,3222267,01/05/1998,F3AL00L00BN24
032,112025,3222271,3267726,7404,1,1,1,3222271,01/03/1998,F3AL00L00BN24
032,112025,3222279,3267800,7404,1,1,1,3222279,01/01/1988,F1AL00L00AN12
032,112025,3222283,3267837,7403,4,1,1,3222283,01/07/1998,F3AL00L00BN24
032,112025,3222287,3267874,7405,1,1,1,3222287,01/07/1990,F1AL00L00AN12
032,112025,3222291,3267911,8409,1,1,1,3222291,01/04/1973,F2AL00L00BN13
032,112025,3222295,3267948,8409,1,1,1,3222295,01/12/1999,F3AL00L00BN24
032,112025,3222299,3267985,7404,1,1,1,3222299,01/07/1998,F2AL00L00BN13
032,112025,3222303,3268022,8409,1,1,1,3222303,01/04/1998,F2AL00L00BN13
032,112025,3222307,3268059,7404,1,1,1,3222307,01/06/1998,F2AL00L00BN13
032,112025,3222311,3268096,8409,1,1,1,3222311,01/02/1997,F2AL00L00BN13
032,112025,3222315,3268133,8416,1,1,1,3222315,01/05/1998,F2AL00L00BN13
032,112025,3222319,3268170,8409,1,1,1,3222319,01/07/1997,F2AL00L00BN13
032,112025,3222323,3268207,8409,1,1,1,3222323,01/09/1997,F2AL00L00BN13
032,112025,3222327,3268244,7403,4,1,1,3222327,01/05/1998,F3AL00L00BN24
032,112025,3222331,3268281,7403,1,1,1,3222331,01/05/1998,F2AL00L00BN13
032,112025,3222335,3268318,8409,1,1,1,3222335,01/09/1998,F2AL00L00BN13
032,112025,3222339,3268355,8409,1,1,1,3222339,01/08/1998,F2AL00L00BN13
032,112025,3222343,3268392,8409,1,1,1,3222343,01/08/1998,F2AL00L00BN13
032,112025,3222347,3268429,8409,1,1,1,3222347,01/01/1998,F2AL00L00BN13
032,112025,3222351,3268466,8409,1,1,1,3222351,01/05/1998,F2AL00L00BN13
032,112025,3222359,3268540,8409,1,1,1,3222359,01/08/1973,F1AL00L00AN12
032,112025,3222367,3268614,8409,1,1,1,3222367,01/06/1998,F2AL00L00BN13
032,112025,3222371,3268651,8409,1,1,1,3222371,01/03/1998,F2AL00L00BN13
032,112025,3222379,3268725,8409,1,1,1,3222379,01/01/1998,F2AL00L00BN13
032,112025,3222383,3268762,8409,1,1,1,3222383,01/02/1998,F2AL00L00BN13
032,112025,3222387,3268799,8409,1,1,1,3222387,01/09/1998,F2AL00L00BN13
032,112025,3222391,3268836,8409,1,1,1,3222391,01/07/1973,F1AL00L00AN12
032,112025,3222395,3268873,8409,1,1,1,3222395,01/05/1987,F1AL00L00AN12
032,112025,3222399,3268910,8409,1,1,1,3222399,01/02/1998,F1AL00L00AN12
032,112025,3222403,3268947,8409,1,1,1,3222403,01/04/1998,F2AL00L00BN13
032,112025,3222407,3268984,8409,1,1,1,3222407,01/01/1998,F2AL00L00BN13
032,112025,3222411,3269021,8409,1,1,1,3222411,01/04/1998,F2AL00L00BN13
032,112025,3222415,3269058,8409,1,1,1,3222415,01/02/1998,F2AL00L00BN13
032,112025,3222419,3269095,8409,1,1,1,3222419,01/05/1998,F2AL00L00BN13
032,112025,3222423,3269132,8409,1,1,1,3222423,01/06/1998,F2AL00L00BN13
032,112025,3222427,3269169,8409,1,1,1,3222427,01/01/1998,F2AL00L00BN13
032,112025,3222431,3269206,8409,1,1,1,3222431,01/04/1998,F2AL00L00BN13
032,112025,3222435,3269243,8409,1,1,1,3222435,01/04/1998,F2AL00L00BN13
032,112025,3222439,3269280,8409,1,1,1,3222439,01/09/1998,F2AL00L00BN13
032,112025,3222443,3269317,8409,1,1,1,3222443,01/05/1998,F2AL00L00BN13
032,112025,3222447,3269354,8409,1,1,1,3222447,01/03/1998,F2AL00L00BN13
032,112025,3222451,3269391,8409,1,1,1,3222451,01/09/1998,F2AL00L00BN13
032,112025,3222455,3269428,8409,1,1,1,3222455,01/01/1998,F2AL00L00BN13
032,112025,3222463,3269502,8409,1,1,1,3222463,01/09/1998,F2AL00L00BN13
032,112025,3222467,3269539,8409,1,1,1,3222467,01/01/1998,F2AL00L00BN13
032,112025,3222471,3269576,8409,1,1,1,3222471,01/01/1998,F2AL00L00BN13
032,112025,3222475,3269613,8409,1,1,1,3222475,01/01/1998,F2AL00L00BN13
032,112025,3222479,3269650,8409,1,1,1,3222479,01/09/1998,F2AL00L00BN13
032,112025,3222483,3269687,8409,1,1,1,3222483,01/07/1998,F2AL00L00BN13
032,112025,3222487,3269724,8409,1,1,1,3222487,01/06/1998,F2AL00L00BN13
032,112025,3222495,3269798,8416,1,1,1,3222495,01/01/1998,F2AL00L00BN13
032,112025,3222499,3269835,8409,1,1,1,3222499,01/01/1998,F2AL00L00BN13
032,112025,3222503,3269872,8416,1,1,1,3222503,01/03/1998,F2AL00L00BN13
032,112025,3222511,3269946,8416,1,1,1,3222511,01/07/1998,F2AL00L00BN13
032,112025,3222515,3269983,8409,1,1,1,3222515,01/07/1998,F2AL00L00BN13
032,112025,3222519,3270020,8409,1,1,1,3222519,01/09/1998,F2AL00L00BN13
032,112025,3222523,3270057,8409,1,1,1,3222523,01/08/1998,F2AL00L00BN13
032,112025,3222527,3270094,8409,1,1,1,3222527,01/07/1997,F2AL00L00BN13
032,112025,3222531,3270131,8409,1,1,1,3222531,01/09/1998,F2AL00L00BN13
032,112025,3222535,3270168,8409,1,1,1,3222535,01/05/1998,F2AL00L00BN13
032,112025,3222539,3270205,8409,1,1,1,3222539,01/02/1998,F2AL00L00BN13
032,112025,3222543,3270242,8409,1,1,1,3222543,01/01/1997,F2AL00L00BN13
032,112025,3222547,3270279,8409,1,1,1,3222547,01/08/1998,F2AL00L00BN13
032,112025,3222551,3270316,8409,1,1,1,3222551,01/08/1998,F2AL00L00BN13
032,112025,3222555,3270353,8409,1,1,1,3222555,01/03/1998,F2AL00L00BN13
032,112025,3222559,3270390,8409,1,1,1,3222559,01/06/1998,F2AL00L00BN13
032,112025,3222563,3270427,8409,1,1,1,3222563,01/01/1997,F2AL00L00BN13
032,112025,3222567,3270464,8409,1,1,1,3222567,01/06/1998,F2AL00L00BN13
032,112025,3222571,3270501,8409,1,1,1,3222571,01/08/1999,F2AL00L00BN13
032,112025,3222575,3270538,8409,1,1,1,3222575,01/01/1998,F2AL00L00BN13
032,112025,3222579,3270575,8409,1,1,1,3222579,01/09/1998,F2AL00L00BN13
032,112025,3222583,3270612,8409,1,1,1,3222583,01/04/1998,F2AL00L00BN13
032,112025,3222587,3270649,8409,1,1,1,3222587,01/07/1998,F2AL00L00BN13
032,112025,3222591,3270686,8409,1,1,1,3222591,01/08/1998,F2AL00L00BN13
032,112025,3222595,3270723,8409,1,1,1,3222595,01/01/1998,F2AL00L00BN13
032,112025,3222599,3270760,7404,1,1,1,3222599,01/01/1998,F1AL00L00AN12
032,112025,3222603,3270797,7405,1,1,1,3222603,01/01/1999,F2AL00L00BN13
032,112025,3222607,3270834,7404,1,1,1,3222607,01/05/1994,F1AL00L00AN12
032,112025,3222619,3270945,7403,4,1,1,3222619,01/06/1997,F2AL00L00BN13
032,112025,3222627,3271019,7405,1,1,1,3222627,01/04/1996,F1AL00L00AN12
032,112025,3222631,3271056,7405,4,1,1,3222631,01/04/1989,F2AL00L00BN13
032,112025,3222635,3271093,8409,1,1,1,3222635,01/06/1998,F2AL00L00BN13
032,112025,3222639,3271130,8416,1,1,1,3222639,01/07/1998,F2AL00L00BN13
032,112025,3222643,3271167,8409,1,1,1,3222643,01/01/1998,F2AL00L00BN13
032,112025,3222647,3271204,8409,1,1,1,3222647,01/09/1998,F2AL00L00BN13
032,112025,3222651,3271241,8409,1,1,1,3222651,01/04/1998,F2AL00L00BN13
032,112025,3222655,3271278,8409,1,1,1,3222655,01/08/1998,F2AL00L00BN13
032,112025,3222659,3271315,8409,1,1,1,3222659,01/03/1998,F2AL00L00BN13
032,112025,3222663,3271352,7405,4,1,1,3222663,01/05/1998,F3AL00L00BN24
032,112025,3222667,3271389,7404,1,1,1,3222667,01/09/1997,F1AL00L00AN12
032,112025,3222671,3271426,8416,1,1,1,3222671,01/02/1991,F1AL00L00AN12
032,112025,3222675,3271463,8416,1,1,1,3222675,01/01/1973,F1AL00L00AN12
032,112025,3222679,3271500,8416,1,1,1,3222679,01/01/1997,F1AL00L00AN12
032,112025,3222683,3271537,8416,1,1,1,3222683,01/07/1974,F1AL00L00AN12
032,112025,3222687,3271574,8416,1,1,1,3222687,01/03/1997,F1AL00L00AN12
032,112025,3222691,3271611,8416,1,1,1,3222691,01/07/1997,F1AL00L00AN12
032,112025,3222699,3271685,8416,1,1,1,3222699,01/08/1986,F1AL00L00AN12
032,112025,3222703,3271722,7405,1,1,1,3222703,01/09/1987,F1AL00L00AN12
032,112025,3222715,3271833,7405,1,1,1,3222715,01/02/1998,F2AL00L00BN13
032,112025,3222719,3271870,8416,1,1,1,3222719,01/09/1996,F1AL00L00AN12
032,112025,3222723,3271907,8416,1,1,1,3222723,01/02/1974,F1AL00L00AN12
032,112025,3222727,3271944,8416,1,1,1,3222727,01/01/1998,F2AL00L00BN13
032,112025,3222731,3271981,8409,1,1,1,3222731,01/06/1999,F2AL00L00BN13
032,112025,3222735,3272018,7404,1,1,1,3222735,01/08/1998,F2AL00L00BN13
032,112025,3222739,3272055,7404,4,1,1,3222739,01/01/1981,F2AL00L00BN13
032,112025,3222743,3272092,7405,1,1,1,3222743,01/08/1977,F2AL00L00BN13
032,112025,3222747,3272129,7404,1,1,1,3222747,01/08/1998,F2AL00L00BN13
032,112025,3222751,3272166,7404,4,1,1,3222751,01/04/1997,F3AL00L00BN24
032,112025,3222759,3272240,8409,1,1,1,3222759,01/08/1998,F2AL00L00BN13
032,112025,3222763,3272277,7405,1,1,1,3222763,01/07/1993,F2AL00L00BN13
032,112025,3222767,3272314,7405,1,1,1,3222767,01/01/1994,F2AL00L00BN13
032,112025,3222775,3272388,8409,1,1,1,3222775,01/01/1999,F2AL00L00BN13
032,112025,3222779,3272425,7403,1,1,1,3222779,01/02/1999,F2AL00L00BN13
032,112025,3222783,3272462,7404,1,1,1,3222783,01/02/1998,F2AL00L00BN13
032,112025,3222787,3272499,8409,1,1,1,3222787,01/02/2002,F3AL00L00BN24
032,112025,3222791,3272536,7404,1,1,1,3222791,01/08/1998,F2AL00L00BN13
032,112025,3222795,3272573,7405,1,1,1,3222795,01/09/1998,F2AL00L00BN13
032,112025,3222799,3272610,7405,1,1,1,3222799,01/01/1999,F2AL00L00BN13
032,112025,3222803,3272647,7405,1,1,1,3222803,01/06/1998,F2AL00L00BN13
032,112025,3222807,3272684,7405,1,1,1,3222807,01/05/1998,F2AL00L00BN13
032,112025,3222815,3272758,7405,1,1,1,3222815,01/01/1998,F2AL00L00BN13
032,112025,3222819,3272795,7405,1,1,1,3222819,01/01/2003,F2AL00L00BN13
032,112025,3222831,3272906,7403,1,1,1,3222831,01/02/1996,F2AL00L00BN13
032,112025,3222835,3272943,7403,1,1,1,3222835,01/02/1999,F2AL00L00BN13
032,112025,3222839,3272980,7403,1,1,1,3222839,01/07/1998,F2AL00L00BN13
032,112025,3222843,3273017,7403,1,1,1,3222843,01/05/1998,F2AL00L00BN13
032,112025,3222847,3273054,7403,1,1,1,3222847,01/01/1999,F2AL00L00BN13
032,112025,3222851,3273091,7403,1,1,1,3222851,01/01/1998,F2AL00L00BN13
032,112025,3222855,3273128,8409,1,1,1,3222855,01/01/1999,F2AL00L00BN13
032,112025,3222859,3273165,7404,1,1,1,3222859,01/09/1986,F1AL00L00AN12
032,112025,3222863,3273202,7403,1,1,1,3222863,01/07/1985,F2AL00L00BN13
032,112025,3222867,3273239,7403,1,1,1,3222867,01/02/1998,F2AL00L00BN13
032,112025,3222871,3273276,8409,1,1,1,3222871,01/02/1998,F2AL00L00BN13
032,112025,3222875,3273313,7404,1,1,1,3222875,01/05/1999,F3AL00L00BN24
032,112025,3222879,3273350,7403,1,1,1,3222879,01/09/1998,F2AL00L00BN13
032,112025,3222883,3273387,7403,1,1,1,3222883,01/09/1994,F2AL00L00BN13
032,112025,3222895,3273498,7404,1,1,1,3222895,01/02/1996,F1AL00L00AN12
032,112025,3222899,3273535,7404,1,1,1,3222899,01/08/1996,F1AL00L00AN12
032,112025,3222907,3273609,7404,1,1,1,3222907,01/03/1998,F2AL00L00BN13
032,112025,3222911,3273646,7404,1,1,1,3222911,01/03/1998,F2AL00L00BN13
032,112025,3222915,3273683,7404,1,1,1,3222915,01/05/1998,F2AL00L00BN13
032,112025,3222919,3273720,7404,1,1,1,3222919,01/04/1998,F2AL00L00BN13
032,112025,3222923,3273757,7404,1,1,1,3222923,01/09/1998,F2AL00L00BN13
032,112025,3222927,3273794,7404,1,1,1,3222927,01/05/1998,F2AL00L00BN13
032,112025,3222931,3273831,7404,1,1,1,3222931,01/04/1998,F2AL00L00BN13
032,112025,3222935,3273868,7404,1,1,1,3222935,01/06/1998,F2AL00L00BN13
032,112025,3222939,3273905,7404,1,1,1,3222939,01/08/1998,F2AL00L00BN13
032,112025,3222943,3273942,7404,1,1,1,3222943,01/05/1998,F2AL00L00BN13
032,112025,3222951,3274016,7404,1,1,1,3222951,01/03/1971,F1AL00L00AN12
032,112025,3222955,3274053,7404,1,1,1,3222955,01/01/1996,F1AL00L00AN12
032,112025,3222959,3274090,7404,1,1,1,3222959,01/07/1971,F2AL00L00BN13
032,112025,3222963,3274127,7404,1,1,1,3222963,01/07/1971,F1AL00L00AN12
032,112025,3222967,3274164,7404,1,1,1,3222967,01/01/1990,F1AL00L00AN12
032,112025,3222971,3274201,7404,1,1,1,3222971,01/08/1998,F2AL00L00BN13
032,112025,3222979,3274275,7405,4,1,1,3222979,01/01/1999,F2AL00L00BN13
032,112025,3222983,3274312,7404,1,1,1,3222983,01/01/1998,F3AL00L00BN24
032,112025,3222987,3274349,7404,4,1,1,3222987,01/07/1998,F3AL00L00BN24
032,112025,3222991,3274386,7404,1,1,1,3222991,01/03/1974,F1AL00L00AN12
032,112025,3222995,3274423,7405,1,1,1,3222995,01/01/1998,F3AL00L00BN24
032,112025,3222999,3274460,7405,4,1,1,3222999,01/08/1995,F3AL00L00BN24
032,112025,3223003,3274497,7404,1,1,1,3223003,01/09/1997,F2AL00L00BN13
032,112025,3223007,3274534,7405,1,1,1,3223007,01/08/1991,F1AL00L00AN12
032,112025,3223011,3274571,7404,1,1,1,3223011,01/08/1999,F2AL00L00BN13
032,112025,3223015,3274608,7405,1,1,1,3223015,01/08/1998,F2AL00L00BN13
032,112025,3223019,3274645,7403,1,1,1,3223019,01/05/1984,F1AL00L00AN12
032,112025,3223023,3274682,7403,1,1,1,3223023,01/05/1993,F1AL00L00AN12
032,112025,3223027,3274719,8416,1,1,1,3223027,01/04/1985,F1AL00L00AN12
032,112025,3223031,3274756,8416,1,1,1,3223031,01/01/1986,F1AL00L00AN12
032,112025,3223035,3274793,8416,1,1,1,3223035,01/01/1986,F1AL00L00AN12
032,112025,3223039,3274830,8416,1,1,1,3223039,01/03/1997,F1AL00L00AN12
032,112025,3223043,3274867,8416,1,1,1,3223043,01/06/1986,F1AL00L00AN12
032,112025,3223047,3274904,7403,4,1,1,3223047,01/03/1999,F3AL00L00BN24
032,112025,3223051,3274941,7405,4,1,1,3223051,01/07/1999,F3AL00L00BN24
032,112025,3223059,3275015,8416,1,1,1,3223059,01/02/1999,F1AL00L00AN12
032,112025,3223063,3275052,7403,1,1,1,3223063,01/03/1999,F3AL00L00BN24
032,112025,3223067,3275089,7403,4,1,1,3223067,01/11/1999,F3AL00L00BN24
032,112025,3223071,3275126,7404,4,1,1,3223071,01/07/1999,F3AL00L00BN24
032,112025,3223075,3275163,7405,4,1,1,3223075,01/02/1999,F3AL00L00BN24
032,112025,3223079,3275200,8409,1,1,1,3223079,01/02/1999,F1AL00L00AN12
032,112025,3223083,3275237,8416,1,1,1,3223083,01/01/2000,F1AL00L00AN12
032,112025,3223087,3275274,8416,1,1,1,3223087,01/04/1974,F1AL00L00AN12
032,112025,3223091,3275311,8409,1,1,1,3223091,01/02/1991,F1AL00L00AN12
032,112025,3223095,3275348,7403,1,1,1,3223095,01/04/2000,F2AL00L00BN13
032,112025,3223103,3275422,8416,1,1,1,3223103,01/07/1974,F1AL00L00AN12
032,112025,3223107,3275459,7201,1,1,1,3223107,01/04/1974,F1AL00L00AN12
032,112025,3223111,3275496,7201,1,1,1,3223111,01/04/1979,F1AL00L00AN12
032,112025,3223115,3275533,8416,1,1,1,3223115,01/09/1979,F1AL00L00AN12
032,112025,3223119,3316048,8416,1,1,1,3223119,01/04/1979,F1AL00L00AN12
032,112025,3223123,3275570,8416,1,1,1,3223123,01/04/1979,F1AL00L00AN12
032,112025,3223127,3275607,8416,1,1,1,3223127,01/03/1979,F1AL00L00AN12
032,112025,3223131,3275644,8416,1,1,1,3223131,01/09/1979,F1AL00L00AN12
032,112025,3223135,3275681,8416,1,1,1,3223135,01/04/1979,F1AL00L00AN12
032,112025,3223139,3275718,8416,1,1,1,3223139,01/03/1979,F1AL00L00AN12
032,112025,3223143,3275755,8416,1,1,1,3223143,01/06/1979,F1AL00L00AN12
032,112025,3223147,3275792,8416,1,1,1,3223147,01/03/1979,F1AL00L00AN12
032,112025,3223151,3275829,8416,1,1,1,3223151,01/09/1979,F1AL00L00AN12
032,112025,3223155,3275866,8416,1,1,1,3223155,01/04/1979,F1AL00L00AN12
032,112025,3223159,3275903,8416,1,1,1,3223159,01/05/1979,F1AL00L00AN12
032,112025,3223163,3275940,8416,1,1,1,3223163,01/08/1979,F1AL00L00AN12
032,112025,3223167,3275977,8416,1,1,1,3223167,01/01/1979,F1AL00L00AN12
032,112025,3223171,3276014,8416,1,1,1,3223171,01/07/1980,F1AL00L00AN12
032,112025,3223175,3276051,7404,1,1,1,3223175,01/06/1999,F1AL00L00AN12
032,112025,3223179,3276088,7403,1,1,1,3223179,01/02/1995,F2AL00L00BN13
032,112025,3223183,3276125,8416,1,1,1,3223183,01/02/1995,F1AL00L00AN12
032,112025,3223187,3276162,8416,1,1,1,3223187,01/07/2000,F3AL00L00BN24
032,112025,3223191,3276199,8416,1,1,1,3223191,01/02/1995,F1AL00L00AN12
032,112025,3223195,3276236,8416,1,1,1,3223195,01/02/1995,F1AL00L00AN12
032,112025,3223199,3276273,7403,1,1,1,3223199,01/02/1995,F3AL00L00BN24
032,112025,3223203,3276310,8416,1,1,1,3223203,01/07/2000,F1AL00L00AN12
032,112025,3223207,3276347,8416,1,1,1,3223207,01/07/2000,F1AL00L00AN12
032,112025,3223211,3276384,8416,1,1,1,3223211,01/07/2000,F1AL00L00AN12
032,112025,3223215,3276421,8416,1,1,1,3223215,01/07/2000,F1AL00L00AN12
032,112025,3223219,3276458,8416,1,1,1,3223219,01/07/2000,F1AL00L00AN12
032,112025,3223223,3276495,8416,1,1,1,3223223,01/07/2000,F1AL00L00AN12
032,112025,3223227,3276532,7201,1,1,1,3223227,01/07/2000,F1AL00L00AN12
032,112025,3223231,3276569,7201,1,1,1,3223231,01/07/2000,F1AL00L00AN12
032,112025,3223235,3276606,8416,1,1,1,3223235,01/07/2000,F1AL00L00AN12
032,112025,3223239,3276643,8416,1,1,1,3223239,01/07/2000,F1AL00L00AN12
032,112025,3223243,3276680,8416,1,1,1,3223243,01/07/2000,F1AL00L00AN12
032,112025,3223247,3276717,8416,1,1,1,3223247,01/07/2000,F1AL00L00AN12
032,112025,3223251,3276754,8416,1,1,1,3223251,01/07/2000,F1AL00L00AN12
032,112025,3223255,36461287,8416,1,1,1,3223255,01/07/2000,F1AL00L00AN12
032,112025,3223259,3276828,8416,1,1,1,3223259,01/07/2000,F1AL00L00AN12
032,112025,3223263,3276865,8416,1,1,1,3223263,01/07/2000,F1AL00L00AN12
032,112025,3223267,3276902,8416,1,1,1,3223267,01/07/2000,F1AL00L00AN12
032,112025,3223271,3276939,8416,1,1,1,3223271,01/07/2000,F1AL00L00AN12
032,112025,3223275,3276976,7405,1,1,1,3223275,01/02/1995,F2AL00L00BN13
032,112025,3223279,3277013,7404,1,1,1,3223279,01/01/1981,F3AL00L00BN24
032,112025,3223283,3277050,7404,1,1,1,3223283,01/12/2000,F2AL00L00BN13
032,112025,3223287,3277087,7404,1,1,1,3223287,01/12/2000,F1AL00L00AN12
032,112025,3223291,3277124,7404,1,1,1,3223291,01/01/1980,F2AL00L00BN13
032,112025,3223295,3277161,7404,1,1,1,3223295,01/09/1980,F1AL00L00AN12
032,112025,3223303,3277235,7404,1,1,1,3223303,01/01/1998,F3AL00L00BN24
032,112025,3223307,3304948,7405,1,1,1,3223307,01/02/2001,F2AL00L00BN13
032,112025,3223311,3277272,7404,4,1,1,3223311,01/02/2001,F3AL00L00BN24
032,112025,3223315,3277309,8409,1,1,1,3223315,01/03/2001,F2AL00L00BN13
032,112025,3223319,3277346,8409,1,1,1,3223319,01/03/2001,F2AL00L00BN13
032,112025,3223323,3277383,8409,1,1,1,3223323,01/03/2001,F2AL00L00BN13
032,112025,3223327,3277420,8409,1,1,1,3223327,01/03/2001,F2AL00L00BN13
032,112025,3223331,3277457,7404,1,1,1,3223331,01/03/2001,F2AL00L00BN13
032,112025,3223335,3277494,7404,1,1,1,3223335,01/03/2001,F2AL00L00BN13
032,112025,3223339,3277531,7404,1,1,1,3223339,01/03/2001,F2AL00L00BN13
032,112025,3223343,3277568,7404,1,1,1,3223343,01/03/2001,F2AL00L00BN13
032,112025,3223347,3277605,7404,1,1,1,3223347,01/03/2001,F2AL00L00BN13
032,112025,3223351,3277642,7403,1,1,1,3223351,01/03/2001,F2AL00L00BN13
032,112025,3223355,3277679,7404,1,1,1,3223355,01/04/2001,F1AL00L00AN12
032,112025,3223359,3277716,7404,4,1,1,3223359,01/04/2001,F3AL00L00BN24
032,112025,3223363,3277753,7404,4,1,1,3223363,01/04/2001,F2AL00L00BN13
032,112025,3223367,3277790,7404,1,1,1,3223367,01/04/2001,F2AL00L00BN13
032,112025,3223371,3277827,7405,1,1,1,3223371,01/05/2001,F1AL00L00AN12
032,112025,3223375,3277864,7404,4,1,1,3223375,01/05/2001,F2AL00L00BN13
032,112025,3223379,3277901,7405,1,1,1,3223379,01/06/2001,F2AL00L00BN13
032,112025,3223383,3277938,7405,1,1,1,3223383,01/06/2001,F2AL00L00BN13
032,112025,3223387,3277975,7405,1,1,1,3223387,01/06/2001,F2AL00L00BN13
032,112025,3223391,3278012,7405,1,1,1,3223391,01/06/2001,F2AL00L00BN13
032,112025,3223395,3278049,7404,1,1,1,3223395,01/07/2001,F1AL00L00AN12
032,112025,3223399,3278086,7405,1,1,1,3223399,01/07/2001,F1AL00L00AN12
032,112025,3223403,3278123,8409,1,1,1,3223403,01/06/2000,F2AL00L00BN13
032,112025,3223411,3278197,7405,1,1,1,3223411,01/07/2001,F2AL00L00BN13
032,112025,3223415,3278234,7405,1,1,1,3223415,01/07/2001,F1AL00L00AN12
032,112025,3223419,3278271,7405,1,1,1,3223419,01/07/2001,F2AL00L00BN13
032,112025,3223423,3278308,7405,1,1,1,3223423,01/07/2001,F1AL00L00AN12
032,112025,3223427,3278345,7405,1,1,1,3223427,01/07/2001,F2AL00L00BN13
032,112025,3223431,3278382,7405,1,1,1,3223431,01/07/2001,F2AL00L00BN13
032,112025,3223443,3278493,7405,1,1,1,3223443,01/07/2001,F2AL00L00BN13
032,112025,3223447,3278530,7405,1,1,1,3223447,01/07/2001,F2AL00L00BN13
032,112025,3223451,3278567,7405,1,1,1,3223451,01/07/2001,F2AL00L00BN13
032,112025,3223455,3278604,7405,1,1,1,3223455,01/07/2001,F2AL00L00BN13
032,112025,3223459,3278641,7405,1,1,1,3223459,01/07/2001,F2AL00L00BN13
032,112025,3223463,3278678,7405,1,1,1,3223463,01/07/2001,F2AL00L00BN13
032,112025,3223467,3278715,7405,1,1,1,3223467,01/07/2001,F2AL00L00BN13
032,112025,3223471,3278752,7405,1,1,1,3223471,01/07/2001,F2AL00L00BN13
032,112025,3223475,3278789,7404,1,1,1,3223475,01/07/2001,F2AL00L00BN13
032,112025,3223479,3305503,7403,1,1,1,3223479,01/08/2001,F2AL00L00BN13
032,112025,3223483,3278826,7404,1,1,1,3223483,01/10/2001,F2AL00L00BN13
032,112025,3223487,3278863,7405,1,1,1,3223487,01/10/2001,F3AL00L00BN24
032,112025,3223491,3278900,8416,1,1,1,3223491,01/10/2001,F2AL00L00BN13
032,112025,3223495,3278937,8416,1,1,1,3223495,01/10/2001,F2AL00L00BN13
032,112025,3223499,3278974,7404,1,1,1,3223499,01/10/2001,F1AL00L00AN12
032,112025,3223503,3279011,7406,4,1,1,3223503,01/10/2001,F3AL00L00BN24
032,112025,3223507,3279048,8416,1,1,1,3223507,01/10/2001,F2AL00L00BN13
032,112025,3223511,3279085,7403,4,1,1,3223511,01/10/2001,F3AL00L00BN24
032,112025,3223519,3279159,8409,1,1,1,3223519,01/11/2001,F1AL00L00AN12
032,112025,3223523,3279196,7403,1,1,1,3223523,01/11/2001,F3AL00L00BN24
032,112025,3223527,3279233,7403,1,1,1,3223527,01/11/2001,F2AL00L00BN13
032,112025,3223535,3279307,7405,1,1,1,3223535,01/11/2001,F1AL00L00AN12
032,112025,3223539,3279344,7403,1,1,1,3223539,01/11/2001,F3AL00L00BN24
032,112025,3223543,3305725,7404,1,1,1,3223543,01/11/2001,F2AL00L00BN13
032,112025,3223547,3279381,7404,1,1,1,3223547,01/11/2001,F3AL00L00BN24
032,112025,3223551,3279418,7404,1,1,1,3223551,01/11/2001,F1AL00L00AN12
032,112025,3223555,3279455,7405,1,1,1,3223555,01/05/2000,F2AL00L00BN13
032,112025,3223559,3279492,7405,1,1,1,3223559,01/07/1996,F2AL00L00BN13
032,112025,3223563,3279529,7405,1,1,1,3223563,01/02/1965,F2AL00L00BN13
032,112025,3223567,3279566,7405,1,1,1,3223567,01/01/1980,F2AL00L00BN13
032,112025,3223571,3279603,7404,1,1,1,3223571,01/05/1986,F1AL00L00AN12
032,112025,3223575,3279640,7405,1,1,1,3223575,01/11/1971,F1AL00L00AN12
032,112025,3223579,3279677,7404,1,1,1,3223579,01/09/1981,F1AL00L00AN12
032,112025,3223583,3279714,7404,1,1,1,3223583,01/05/1986,F2AL00L00BN13
032,112025,3223591,3279788,7405,1,1,1,3223591,01/08/1999,F2AL00L00BN13
032,112025,3223595,3279825,7405,1,1,1,3223595,01/01/1989,F1AL00L00AN12
032,112025,3223599,3279862,7405,1,1,1,3223599,01/11/1989,F2AL00L00BN13
032,112025,3223603,3279899,7404,1,1,1,3223603,01/05/1979,F2AL00L00BN13
032,112025,3223607,3279936,7403,1,1,1,3223607,01/11/1999,F1AL00L00AN12
032,112025,3223611,3279973,7403,1,1,1,3223611,01/07/1996,F1AL00L00AN12
032,112025,3223615,3280010,7405,1,1,1,3223615,01/01/1987,F1AL00L00AN12
032,112025,3223619,3280047,7404,1,1,1,3223619,01/01/1987,F1AL00L00AN12
032,112025,3223623,3280084,7405,1,1,1,3223623,01/07/2001,F2AL00L00BN13
032,112025,3223627,3280121,7404,4,1,1,3223627,01/01/2002,F3AL00L00BN24
032,112025,3223631,3280158,7403,1,1,1,3223631,01/02/2002,F2AL00L00BN13
032,112025,3223635,3280195,7403,1,1,1,3223635,01/02/2002,F2AL00L00BN13
032,112025,3223639,3280232,7404,1,1,1,3223639,01/02/2002,F2AL00L00BN13
032,112025,3223643,3280269,7405,1,1,1,3223643,01/01/1980,F2AL00L00BN13
032,112025,3223647,3280306,7404,1,1,1,3223647,01/04/2002,F2AL00L00BN13
032,112025,3223655,3280380,7405,4,1,1,3223655,01/01/1980,F3AL00L00BN24
032,112025,3223659,3280417,8416,4,1,1,3223659,01/05/2002,F3AL00L00BN24
032,112025,3223663,3280454,7403,1,1,1,3223663,01/05/1999,F2AL00L00BN13
032,112025,3223667,3280491,7405,1,1,1,3223667,01/12/1986,F2AL00L00BN13
032,112025,3223671,3280528,7405,1,1,1,3223671,01/08/1984,F2AL00L00BN13
032,112025,3223675,3280565,7405,1,1,1,3223675,01/09/2001,F3AL00L00BN24
032,112025,3223679,3280602,7404,1,1,1,3223679,01/05/1979,F2AL00L00BN13
032,112025,3223683,3280639,7405,1,1,1,3223683,01/09/1991,F2AL00L00BN13
032,112025,3223687,3280676,7405,1,1,1,3223687,01/09/1991,F3AL00L00BN24
032,112025,3223699,3280787,7404,1,1,1,3223699,01/05/1979,F1AL00L00AN12
032,112025,3223707,3280861,7405,1,1,1,3223707,01/06/1991,F2AL00L00BN13
032,112025,3223711,3280898,7404,1,1,1,3223711,01/05/1981,F1AL00L00AN12
032,112025,3223715,3280935,7404,1,1,1,3223715,01/05/1987,F2AL00L00BN13
032,112025,3223727,3281046,7404,1,1,1,3223727,01/01/1980,F2AL00L00BN13
032,112025,3223731,3281083,7404,1,1,1,3223731,01/06/1991,F2AL00L00BN13
032,112025,3223735,3281120,7405,1,1,1,3223735,01/08/1991,F2AL00L00BN13
032,112025,3223739,3281157,7405,1,1,1,3223739,01/08/1991,F2AL00L00BN13
032,112025,3223743,3281194,8416,1,1,1,3223743,01/05/1988,F3AL00L00BN24
032,112025,3223747,3281231,7404,1,1,1,3223747,01/04/2002,F1AL00L00AN12
032,112025,3223751,3281268,7404,4,1,1,3223751,01/03/2002,F2AL00L00BN13
032,112025,3223755,3281305,7404,1,1,1,3223755,01/10/1997,F3AL00L00BN24
032,112025,3223759,3281342,7403,4,1,1,3223759,01/06/1991,F3AL00L00BN24
032,112025,3223763,3281379,7404,1,1,1,3223763,01/10/1969,F1AL00L00AN12
032,112025,3223771,3281453,8409,4,1,1,3223771,01/04/2002,F3AL00L00BN24
032,112025,3223779,3281527,7405,1,1,1,3223779,01/08/1999,F3AL00L00BN24
032,112025,3223783,3281564,7405,1,1,1,3223783,01/06/1969,F1AL00L00AN12
032,112025,3223791,3281638,7403,1,1,1,3223791,01/04/2002,F2AL00L00BN13
032,112025,3223795,3281675,7405,1,1,1,3223795,01/08/1986,F3AL00L00BN24
032,112025,3223799,3281712,7405,1,1,1,3223799,01/01/1987,F1AL00L00AN12
032,112025,3223807,3281786,8416,1,1,1,3223807,01/04/1973,F1AL00L00AN12
032,112025,3223811,3281823,8416,1,1,1,3223811,01/04/1973,F1AL00L00AN12
032,112025,3223815,3281860,7403,1,1,1,3223815,01/06/1991,F1AL00L00AN12
032,112025,3223819,3281897,8409,1,1,1,3223819,01/01/1997,F1AL00L00AN12
032,112025,3223823,3281934,7405,1,1,1,3223823,01/08/1991,F2AL00L00BN13
032,112025,3223827,3281971,7405,1,1,1,3223827,01/06/1991,F2AL00L00BN13
032,112025,3223831,3282008,7405,1,1,1,3223831,01/06/1991,F2AL00L00BN13
032,112025,3223835,3282045,7405,1,1,1,3223835,01/03/1973,F2AL00L00BN13
032,112025,3223839,3282082,7405,1,1,1,3223839,01/06/1991,F2AL00L00BN13
032,112025,3223847,3282156,7405,1,1,1,3223847,01/06/1991,F2AL00L00BN13
032,112025,3223851,3282193,7405,1,1,1,3223851,01/06/1991,F3AL00L00BN24
032,112025,3223859,3282267,7405,1,1,1,3223859,01/06/1991,F2AL00L00BN13
032,112025,3223863,3282304,7405,1,1,1,3223863,01/11/1971,F2AL00L00BN13
032,112025,3223867,3282341,7404,1,1,1,3223867,01/05/1986,F1AL00L00AN12
032,112025,3223871,3282378,7404,1,1,1,3223871,01/05/1986,F1AL00L00AN12
032,112025,3223875,3282415,7404,1,1,1,3223875,01/05/1986,F1AL00L00AN12
032,112025,3223879,3282452,7405,1,1,1,3223879,01/01/1980,F3AL00L00BN24
032,112025,3223883,3282489,7405,1,1,1,3223883,01/10/1988,F2AL00L00BN13
032,112025,3223887,3282526,7405,1,1,1,3223887,01/01/2003,F2AL00L00BN13
032,112025,3223891,3282563,7405,1,1,1,3223891,01/11/1971,F1AL00L00AN12
032,112025,3223895,3282600,7405,1,1,1,3223895,01/01/1987,F1AL00L00AN12
032,112025,3223899,3282637,7405,1,1,1,3223899,01/01/1987,F1AL00L00AN12
032,112025,3223903,3282674,7405,1,1,1,3223903,01/05/1966,F1AL00L00AN12
032,112025,3223907,3282711,7405,1,1,1,3223907,01/11/1971,F2AL00L00BN13
032,112025,3223911,3282748,7405,1,1,1,3223911,01/09/1981,F1AL00L00AN12
032,112025,3223915,3282785,8409,1,1,1,3223915,01/08/1999,F2AL00L00BN13
032,112025,3223919,3316270,7404,1,1,1,3223919,01/08/1999,F2AL00L00BN13
032,112025,3223923,3282822,7405,1,1,1,3223923,01/10/1996,F2AL00L00BN13
032,112025,3223931,3282896,7405,1,1,1,3223931,01/01/1969,F1AL00L00AN12
032,112025,3223935,3282933,7405,1,1,1,3223935,01/06/1991,F2AL00L00BN13
032,112025,3223943,3283007,7405,1,1,1,3223943,01/08/1984,F2AL00L00BN13
032,112025,3223955,3283118,7405,4,1,1,3223955,01/06/1991,F3AL00L00BN24
032,112025,3223959,3283155,7403,1,1,1,3223959,01/10/2002,F1AL00L00AN12
032,112025,3223963,3283192,7405,1,1,1,3223963,01/01/2003,F2AL00L00BN13
032,112025,3223967,3283229,7405,1,1,1,3223967,01/01/2003,F2AL00L00BN13
032,112025,3223971,3283266,7405,1,1,1,3223971,01/01/2003,F2AL00L00BN13
032,112025,3223975,3283303,7405,1,1,1,3223975,01/01/2003,F2AL00L00BN13
032,112025,3223979,3283340,7405,1,1,1,3223979,01/01/2003,F2AL00L00BN13
032,112025,3223983,3283377,7405,1,1,1,3223983,01/01/2003,F2AL00L00BN13
032,112025,3223987,3283414,7405,1,1,1,3223987,01/03/2003,F2AL00L00BN13
032,112025,3223991,3283451,7403,1,1,1,3223991,01/10/2002,F1AL00L00AN12
032,112025,3223995,3283488,7405,1,1,1,3223995,01/01/2003,F2AL00L00BN13
032,112025,3223999,3283525,7405,1,1,1,3223999,01/01/2003,F2AL00L00BN13
032,112025,3224007,3283599,7405,1,1,1,3224007,01/01/2003,F2AL00L00BN13
032,112025,3224011,3283636,7403,1,1,1,3224011,01/10/2002,F1AL00L00AN12
032,112025,3224015,3283673,7403,1,1,1,3224015,01/10/2002,F1AL00L00AN12
032,112025,3224019,3283710,7405,1,1,1,3224019,01/11/1985,F1AL00L00AN12
032,112025,3224023,3283747,7405,1,1,1,3224023,01/08/1984,F2AL00L00BN13
032,112025,3224027,3283784,7405,1,1,1,3224027,01/05/1957,F2AL00L00BN13
032,112025,3224031,3283821,7405,1,1,1,3224031,01/01/2003,F2AL00L00BN13
032,112025,3224035,3283858,7405,1,1,1,3224035,01/01/2003,F1AL00L00AN12
032,112025,3224047,3283969,7404,1,1,1,3224047,01/01/2003,F2AL00L00BN13
032,112025,3224055,3284043,7403,4,1,1,3224055,01/01/2003,F3AL00L00BN24
032,112025,3224059,3284080,8416,1,1,1,3224059,01/01/2003,F1AL00L00AN12
032,112025,3224063,3284117,7405,1,1,1,3224063,01/01/2014,F2AL00L00BN13
032,112025,3224067,3284154,8409,1,1,1,3224067,01/02/2003,F2AL00L00BN13
032,112025,3224071,3284191,8409,1,1,1,3224071,01/02/2003,F1AL00L00AN12
032,112025,3224075,3284228,8416,1,1,1,3224075,01/02/2003,F2AL00L00BN13
032,112025,3224079,3284265,8409,1,1,1,3224079,01/02/2003,F2AL00L00BN13
032,112025,3224083,3284302,8409,1,1,1,3224083,01/02/2003,F2AL00L00BN13
032,112025,3224087,3284339,8409,1,1,1,3224087,01/02/2003,F2AL00L00BN13
032,112025,3224091,3284376,8409,1,1,1,3224091,01/02/2003,F2AL00L00BN13
032,112025,3224095,3284413,8409,1,1,1,3224095,01/02/2003,F2AL00L00BN13
032,112025,3224099,3284450,8409,1,1,1,3224099,01/01/2003,F2AL00L00BN13
032,112025,3224103,3284487,8409,1,1,1,3224103,01/02/2003,F2AL00L00BN13
032,112025,3224107,3284524,7405,4,1,1,3224107,01/03/2003,F2AL00L00BN13
032,112025,3224115,3284598,8409,4,1,1,3224115,01/02/2003,F3AL00L00BN24
032,112025,3224119,3284635,7404,1,1,1,3224119,01/03/2003,F3AL00L00BN24
032,112025,3224123,3284672,7405,1,1,1,3224123,01/03/2003,F2AL00L00BN13
032,112025,3224127,3284709,7404,1,1,1,3224127,01/03/2003,F1AL00L00AN12
032,112025,3224131,3284746,8416,1,1,1,3224131,01/04/2003,F2AL00L00BN13
032,112025,3224135,3284783,7404,4,1,1,3224135,01/04/2003,F3AL00L00BN24
032,112025,3224139,3284820,7404,1,1,1,3224139,06/05/2016,F2AL00L00BN13
032,112025,3224143,3284857,7404,1,1,1,3224143,01/04/2003,F1AL00L00AN12
032,112025,3224147,3284894,7403,1,1,1,3224147,01/04/2003,F1AL00L00AN12
032,112025,3224151,3284931,7403,1,1,1,3224151,01/04/2003,F2AL00L00BN13
032,112025,3224155,3284968,7405,1,1,1,3224155,01/05/2003,F3AL00L00BN24
032,112025,3224159,3285005,8409,1,1,1,3224159,01/06/2003,F1AL00L00AN12
032,112025,3224163,3285042,7405,1,1,1,3224163,01/07/2003,F3AL00L00BN24
032,112025,3224167,3285079,7405,4,1,1,3224167,01/12/2003,F1AL00L00AN12
032,112025,3224175,3285153,7403,1,1,1,3224175,01/09/2003,F1AL00L00AN12
032,112025,3224179,3285190,7404,1,1,1,3224179,01/12/2003,F1AL00L00AN12
032,112025,3224183,3285227,7404,4,1,1,3224183,01/12/2003,F1AL00L00AN12
032,112025,3224187,3285264,7405,1,1,1,3224187,01/12/2003,F2AL00L00BN13
032,112025,3224191,3285301,7404,4,1,1,3224191,01/12/2003,F2AL00L00BN13
032,112025,3224195,3285338,7405,1,1,1,3224195,01/12/2003,F2AL00L00BN13
032,112025,3224199,3285375,7405,1,1,1,3224199,01/12/2003,F1AL00L00AN12
032,112025,3224203,3285412,7405,1,1,1,3224203,01/12/2003,F1AL00L00AN12
032,112025,3224207,3285449,7405,1,1,1,3224207,01/12/2003,F1AL00L00AN12
032,112025,3224211,3285486,7405,1,1,1,3224211,01/12/2003,F2AL00L00BN13
032,112025,3224215,3285523,7405,1,1,1,3224215,01/12/2003,F2AL00L00BN13
032,112025,3224219,3285560,7404,1,1,1,3224219,01/12/2003,F1AL00L00AN12
032,112025,3224223,3285597,7404,1,1,1,3224223,01/12/2003,F2AL00L00BN13
032,112025,3224227,3285634,7404,1,1,1,3224227,01/12/2003,F2AL00L00BN13
032,112025,3224231,3285671,7404,1,1,1,3224231,01/12/2003,F1AL00L00AN12
032,112025,3224239,3285745,8409,1,1,1,3224239,01/12/2003,F2AL00L00BN13
032,112025,3224243,3285782,7405,1,1,1,3224243,01/12/2003,F3AL00L00BN24
032,112025,3224247,3285819,7404,1,1,1,3224247,01/12/2003,F2AL00L00BN13
032,112025,3224251,3285856,7403,1,1,1,3224251,01/10/1998,F2AL00L00BN13
032,112025,3224255,3285893,7404,1,1,1,3224255,01/10/1978,F2AL00L00BN13
032,112025,3224259,3285930,7404,1,1,1,3224259,01/06/1980,F1AL00L00AN12
032,112025,3224263,3285967,7404,4,1,1,3224263,01/01/2004,F3AL00L00BN24
032,112025,3224267,3286004,7403,1,1,1,3224267,01/01/2004,F2AL00L00BN13
032,112025,3224271,3310128,7405,1,1,1,3224271,01/02/2004,F1AL00L00AN12
032,112025,3224275,3286041,7403,1,1,1,3224275,01/07/2004,F3AL00L00BN24
032,112025,3224279,3286078,7404,1,1,1,3224279,01/02/2004,F2AL00L00BN13
032,112025,3224283,3286115,7404,1,1,1,3224283,01/02/2004,F2AL00L00BN13
032,112025,3224287,3286152,7405,1,1,1,3224287,01/03/2004,F2AL00L00BN13
032,112025,3224291,3310165,8416,1,1,1,3224291,01/02/2004,F2AL00L00BN13
032,112025,3224295,3286189,8416,1,1,1,3224295,01/11/2004,F2AL00L00BN13
032,112025,3224299,3286226,7405,1,1,1,3224299,01/03/2004,F2AL00L00BN13
032,112025,3224303,3286263,7404,1,1,1,3224303,01/05/2004,F2AL00L00BN13
032,112025,3224307,3286300,7405,1,1,1,3224307,01/04/2004,F1AL00L00AN12
032,112025,3224319,3286411,7403,1,1,1,3224319,01/05/2004,F2AL00L00BN13
032,112025,3224323,3286448,7403,1,1,1,3224323,01/05/2004,F2AL00L00BN13
032,112025,3224327,3286485,7403,1,1,1,3224327,01/05/2004,F2AL00L00BN13
032,112025,3224331,3286522,7403,1,1,1,3224331,01/05/2004,F2AL00L00BN13
032,112025,3224335,3286559,7403,1,1,1,3224335,01/04/2004,F1AL00L00AN12
032,112025,3224339,3286596,8416,1,1,1,3224339,01/07/2004,F3AL00L00BN24
032,112025,3224343,3286633,7405,4,1,1,3224343,01/07/2004,F3AL00L00BN24
032,112025,3224347,3286670,7404,1,1,1,3224347,01/08/2004,F2AL00L00BN13
032,112025,3224351,3286707,7403,1,1,1,3224351,01/07/2004,F1AL00L00AN12
032,112025,3224355,3286744,7403,1,1,1,3224355,01/07/2004,F1AL00L00AN12
032,112025,3224359,3286781,7403,1,1,1,3224359,01/07/2004,F1AL00L00AN12
032,112025,3224363,3310202,7403,1,1,1,3224363,01/07/2004,F1AL00L00AN12
032,112025,3224367,3310239,7403,1,1,1,3224367,01/07/2004,F1AL00L00AN12
032,112025,3224371,3286818,7403,1,1,1,3224371,01/07/2004,F1AL00L00AN12
032,112025,3224375,3286855,7403,1,1,1,3224375,01/07/2004,F1AL00L00AN12
032,112025,3224379,3310276,7403,1,1,1,3224379,01/07/2004,F1AL00L00AN12
032,112025,3224383,3286892,7403,1,1,1,3224383,01/07/2004,F1AL00L00AN12
032,112025,3224387,3286929,7403,1,1,1,3224387,01/07/2004,F1AL00L00AN12
032,112025,3224391,3286966,7403,1,1,1,3224391,01/08/2004,F1AL00L00AN12
032,112025,3224399,3287040,7405,1,1,1,3224399,01/08/2004,F3AL00L00BN24
032,112025,3224403,3287077,7405,1,1,1,3224403,01/11/2004,F3AL00L00BN24
032,112025,3224407,3287114,7405,4,1,1,3224407,01/04/2004,F3AL00L00BN24
032,112025,3224411,3287151,7403,1,1,1,3224411,01/01/2003,F1AL00L00AN12
032,112025,3224415,3287188,7403,1,1,1,3224415,01/01/2003,F1AL00L00AN12
032,112025,3224419,3287225,7405,1,1,1,3224419,01/01/2003,F2AL00L00BN13
032,112025,3224423,3287262,8416,1,1,1,3224423,01/01/2003,F1AL00L00AN12
032,112025,3224427,3287299,8409,1,1,1,3224427,01/02/2003,F2AL00L00BN13
032,112025,3224431,3287336,8409,1,1,1,3224431,01/02/2003,F2AL00L00BN13
032,112025,3224435,3287373,8409,1,1,1,3224435,01/02/2003,F2AL00L00BN13
032,112025,3224439,3287410,8409,1,1,1,3224439,01/02/2003,F2AL00L00BN13
032,112025,3224443,3287447,8409,1,1,1,3224443,01/02/2003,F2AL00L00BN13
032,112025,3224447,3287484,8409,1,1,1,3224447,01/02/2003,F2AL00L00BN13
032,112025,3224451,3287521,8409,1,1,1,3224451,01/02/2003,F2AL00L00BN13
032,112025,3224455,3287558,8409,1,1,1,3224455,01/02/2003,F2AL00L00BN13
032,112025,3224459,3287595,8409,1,1,1,3224459,01/01/2003,F2AL00L00BN13
032,112025,3224463,3287632,7405,1,1,1,3224463,01/01/2003,F2AL00L00BN13
032,112025,3224467,3287669,7405,1,1,1,3224467,01/09/2000,F2AL00L00BN13
032,112025,3224471,3287706,7405,1,1,1,3224471,01/09/2000,F2AL00L00BN13
032,112025,3224475,3287743,7405,1,1,1,3224475,01/09/2000,F2AL00L00BN13
032,112025,3224479,3287780,7404,1,1,1,3224479,01/09/2000,F2AL00L00BN13
032,112025,3224483,3310498,7404,1,1,1,3224483,01/09/2000,F2AL00L00BN13
032,112025,3224487,3310535,8409,1,1,1,3224487,01/09/2000,F2AL00L00BN13
032,112025,3224491,3310572,7403,4,1,1,3224491,01/09/2000,F3AL00L00BN24
032,112025,3224495,3310609,7404,1,1,1,3224495,01/07/1999,F2AL00L00BN13
032,112025,3224499,3287817,8409,1,1,1,3224499,01/12/1998,F1AL00L00AN12
032,112025,3224503,3310646,7405,1,1,1,3224503,01/01/1992,F2AL00L00BN13
032,112025,3224519,3287965,8409,1,1,1,3224519,01/03/2003,F1AL00L00AN12
032,112025,3224523,3288002,7405,1,1,1,3224523,01/03/2003,F2AL00L00BN13
032,112025,3224527,3288039,7405,1,1,1,3224527,01/03/2003,F2AL00L00BN13
032,112025,3224531,3310683,7405,1,1,1,3224531,01/09/2000,F1AL00L00AN12
032,112025,3224535,3288076,7405,1,1,1,3224535,01/09/2000,F2AL00L00BN13
032,112025,3224539,3288113,7405,1,1,1,3224539,01/01/2000,F2AL00L00BN13
032,112025,3224543,3310720,7405,1,1,1,3224543,01/01/2000,F1AL00L00AN12
032,112025,3224547,3288150,7405,1,1,1,3224547,01/07/2000,F1AL00L00AN12
032,112025,3224551,3288187,7405,1,1,1,3224551,01/02/2000,F2AL00L00BN13
032,112025,3224555,3310757,7404,1,1,1,3224555,01/01/2000,F2AL00L00BN13
032,112025,3224559,3310794,7404,1,1,1,3224559,01/01/2001,F2AL00L00BN13
032,112025,3224563,3288224,7404,1,1,1,3224563,01/03/2003,F1AL00L00AN12
032,112025,3224567,3288261,7404,1,1,1,3224567,01/03/2003,F1AL00L00AN12
032,112025,3224571,3310831,7405,4,1,1,3224571,01/02/2000,F3AL00L00BN24
032,112025,3224575,3288298,7404,1,1,1,3224575,01/11/2000,F2AL00L00BN13
032,112025,3224579,3288335,7404,1,1,1,3224579,01/11/2000,F2AL00L00BN13
032,112025,3224583,3288372,7404,1,1,1,3224583,01/11/2000,F1AL00L00AN12
032,112025,3224587,3288409,7405,1,1,1,3224587,01/01/2001,F2AL00L00BN13
032,112025,3224591,3310868,7405,1,1,1,3224591,01/01/2000,F2AL00L00BN13
032,112025,3224595,3288446,7404,1,1,1,3224595,01/03/2003,F1AL00L00AN12
032,112025,3224599,3288483,7405,1,1,1,3224599,01/06/2003,F2AL00L00BN13
032,112025,3224603,3288520,7405,1,1,1,3224603,01/06/2003,F2AL00L00BN13
032,112025,3224607,3288557,7405,1,1,1,3224607,01/03/2003,F2AL00L00BN13
032,112025,3224611,3288594,7405,1,1,1,3224611,01/03/2003,F2AL00L00BN13
032,112025,3224615,3288631,7405,1,1,1,3224615,01/03/2003,F2AL00L00BN13
032,112025,3224619,3310905,7405,1,1,1,3224619,01/07/2003,F1AL00L00AN12
032,112025,3224623,3310942,7405,1,1,1,3224623,01/07/2003,F1AL00L00AN12
032,112025,3224627,3310979,7405,1,1,1,3224627,01/01/2001,F1AL00L00AN12
032,112025,3224631,3288668,7405,1,1,1,3224631,01/03/2003,F3AL00L00BN24
032,112025,3224639,3288742,7405,1,1,1,3224639,01/03/2003,F1AL00L00AN12
032,112025,3224643,3288779,7404,4,1,1,3224643,01/01/2004,F3AL00L00BN24
032,112025,3224647,3311016,8409,1,1,1,3224647,01/12/2004,F1AL00L00AN12
032,112025,3224651,3288816,7405,4,1,1,3224651,01/03/2003,F3AL00L00BN24
032,112025,3224655,3288853,7404,1,1,1,3224655,01/12/2004,F2AL00L00BN13
032,112025,3224659,3288890,7403,1,1,1,3224659,01/12/2004,F1AL00L00AN12
032,112025,3224667,3288964,7403,1,1,1,3224667,01/12/2004,F1AL00L00AN12
032,112025,3224671,3289001,7403,1,1,1,3224671,01/12/2004,F1AL00L00AN12
032,112025,3224675,3311053,7403,1,1,1,3224675,01/12/2004,F1AL00L00AN12
032,112025,3224679,3289038,7404,1,1,1,3224679,01/07/2005,F1AL00L00AN12
032,112025,3224683,3289075,7404,1,1,1,3224683,01/07/2005,F3AL00L00BN24
032,112025,3224687,3289112,7404,1,1,1,3224687,01/07/2005,F1AL00L00AN12
032,112025,3224691,3289149,7404,1,1,1,3224691,01/07/2005,F1AL00L00AN12
032,112025,3224695,3289186,7404,1,1,1,3224695,01/07/2005,F2AL00L00BN13
032,112025,3224699,3289223,7404,1,1,1,3224699,01/07/2005,F2AL00L00BN13
032,112025,3224703,3289260,7404,1,1,1,3224703,01/07/2005,F1AL00L00AN12
032,112025,3224711,3289334,7403,1,1,1,3224711,01/07/2005,F2AL00L00BN13
032,112025,3224715,3289371,7403,1,1,1,3224715,01/07/2005,F2AL00L00BN13
032,112025,3224719,3289408,7403,1,1,1,3224719,01/07/2005,F1AL00L00AN12
032,112025,3224723,3289445,7403,1,1,1,3224723,01/07/2005,F2AL00L00BN13
032,112025,3224727,3289482,7403,1,1,1,3224727,01/07/2005,F2AL00L00BN13
032,112025,3224731,3289519,7405,4,1,1,3224731,01/01/2005,F3AL00L00BN24
032,112025,3224735,3289556,7403,4,1,1,3224735,01/03/2005,F3AL00L00BN24
032,112025,3224739,3289593,7405,1,1,1,3224739,01/07/2005,F3AL00L00BN24
032,112025,3224743,3289630,7404,1,1,1,3224743,01/07/2005,F1AL00L00AN12
032,112025,3224747,3289667,7403,1,1,1,3224747,01/07/2005,F2AL00L00BN13
032,112025,3224751,3289704,8409,1,1,1,3224751,01/08/2005,F2AL00L00BN13
032,112025,3224755,3289741,7403,4,1,1,3224755,01/05/2005,F3AL00L00BN24
032,112025,3224759,3289778,8409,1,1,1,3224759,01/08/2005,F3AL00L00BN24
032,112025,3224763,3289815,8409,4,1,1,3224763,01/06/2005,F2AL00L00BN13
032,112025,3224767,3289852,7404,4,1,1,3224767,01/12/2004,F3AL00L00BN24
032,112025,3224771,3289889,8416,1,1,1,3224771,01/09/2005,F1AL00L00AN12
032,112025,3224775,3289926,8409,4,1,1,3224775,01/09/2005,F3AL00L00BN24
032,112025,3224779,3289963,7405,1,1,1,3224779,01/03/2003,F1AL00L00AN12
032,112025,3224783,3290000,7405,1,1,1,3224783,01/03/2003,F1AL00L00AN12
032,112025,3224787,3290037,7405,4,1,1,3224787,01/10/2005,F3AL00L00BN24
032,112025,3224791,3311090,7404,1,1,1,3224791,01/09/2005,F1AL00L00AN12
032,112025,3224803,3290148,7405,1,1,1,3224803,01/10/2005,F2AL00L00BN13
032,112025,3224807,3290185,7405,4,1,1,3224807,01/10/2005,F3AL00L00BN24
032,112025,3224811,3290222,7405,1,1,1,3224811,01/10/2005,F2AL00L00BN13
032,112025,3224815,3290259,7405,4,1,1,3224815,01/10/2005,F3AL00L00BN24
032,112025,3224819,3290296,7403,1,1,1,3224819,01/11/2005,F2AL00L00BN13
032,112025,3224823,3290333,7404,1,1,1,3224823,01/11/2005,F2AL00L00BN13
032,112025,3224831,3290407,7405,4,1,1,3224831,01/11/2005,F3AL00L00BN24
032,112025,3224835,3290444,7405,1,1,1,3224835,01/11/2005,F3AL00L00BN24
032,112025,3224839,3290481,7404,4,1,1,3224839,01/03/2005,F3AL00L00BN24
032,112025,3224843,3290518,8409,4,1,1,3224843,01/06/2005,F2AL00L00BN13
032,112025,3224847,3290555,7405,1,1,1,3224847,01/03/2003,F3AL00L00BN24
032,112025,3224851,3290592,7405,1,1,1,3224851,01/06/2001,F2AL00L00BN13
032,112025,3224855,3290629,7405,1,1,1,3224855,01/01/2000,F1AL00L00AN12
032,112025,3224859,3311201,7405,1,1,1,3224859,01/10/2000,F2AL00L00BN13
032,112025,3224863,3290666,7405,1,1,1,3224863,01/11/2000,F2AL00L00BN13
032,112025,3224867,3290703,7404,4,1,1,3224867,01/06/2001,F3AL00L00BN24
032,112025,3224871,3311238,7405,1,1,1,3224871,01/02/2000,F2AL00L00BN13
032,112025,3224875,3290740,7404,1,1,1,3224875,01/07/1999,F2AL00L00BN13
032,112025,3224883,3290814,7404,1,1,1,3224883,01/03/2003,F1AL00L00AN12
032,112025,3224891,3290888,7405,4,1,1,3224891,01/03/2003,F2AL00L00BN13
032,112025,3224895,3290925,7405,1,1,1,3224895,01/03/2003,F2AL00L00BN13
032,112025,3224903,3311275,7404,1,1,1,3224903,01/01/2003,F2AL00L00BN13
032,112025,3224907,3311312,7404,1,1,1,3224907,01/01/2003,F2AL00L00BN13
032,112025,3224915,3291036,7404,1,1,1,3224915,01/01/2003,F2AL00L00BN13
032,112025,3224919,3311349,7405,1,1,1,3224919,01/01/2003,F2AL00L00BN13
032,112025,3224923,3291073,7404,1,1,1,3224923,01/01/2002,F2AL00L00BN13
032,112025,3224927,3311386,8409,1,1,1,3224927,01/01/2002,F2AL00L00BN13
032,112025,3224931,3291110,8409,1,1,1,3224931,01/07/1971,F1AL00L00AN12
032,112025,3224935,3311423,7405,1,1,1,3224935,01/04/2002,F2AL00L00BN13
032,112025,3224939,3311460,7405,1,1,1,3224939,01/04/2001,F2AL00L00BN13
032,112025,3224943,3291147,7405,1,1,1,3224943,01/05/2002,F2AL00L00BN13
032,112025,3224947,3291184,7405,1,1,1,3224947,01/06/1987,F2AL00L00BN13
032,112025,3224951,3311497,7404,1,1,1,3224951,01/03/2001,F2AL00L00BN13
032,112025,3224955,3291221,7405,1,1,1,3224955,01/10/1988,F2AL00L00BN13
032,112025,3224959,3291258,7403,1,1,1,3224959,01/09/1974,F2AL00L00BN13
032,112025,3224963,3311534,7405,1,1,1,3224963,01/08/1955,F2AL00L00BN13
032,112025,3224971,3291332,7404,1,1,1,3224971,01/04/1999,F2AL00L00BN13
032,112025,3224975,3291369,7405,1,1,1,3224975,01/04/1996,F2AL00L00BN13
032,112025,3224979,3311571,7404,4,1,1,3224979,01/01/2003,F3BL00L00BN24
032,112025,3224983,3311608,7405,1,1,1,3224983,01/03/2003,F2AL00L00BN13
032,112025,3224991,3291406,7403,1,1,1,3224991,01/01/2005,F2AL00L00BN13
032,112025,3224995,3291443,7403,1,1,1,3224995,01/01/2005,F1AL00L00AN12
032,112025,3224999,3311682,7405,1,1,1,3224999,01/01/2005,F2AL00L00BN13
032,112025,3225003,3291480,7405,4,1,1,3225003,01/01/2005,F3AL00L00BN24
032,112025,3225007,3291517,7405,4,1,1,3225007,01/12/2004,F3AL00L00BN24
032,112025,3225011,3291554,7404,4,1,1,3225011,07/10/2014,F2AL00L00BN13
032,112025,3225015,3291591,8409,1,1,1,3225015,01/01/2005,F3AL00L00BN24
032,112025,3225019,3291628,7404,1,1,1,3225019,01/03/2005,F2AL00L00BN13
032,112025,3225023,3291665,8409,1,1,1,3225023,01/03/2005,F3AL00L00BN24
032,112025,3225027,3291702,7404,4,1,1,3225027,01/03/2005,F3AL00L00BN24
032,112025,3225031,3291739,7406,4,1,1,3225031,01/03/2005,F2AL00L00BN13
032,112025,3225035,3291776,7404,4,1,1,3225035,01/03/2005,F3AL00L00BN24
032,112025,3225039,3291813,7404,1,1,1,3225039,01/03/2005,F2AL00L00BN13
032,112025,3225043,3291850,8409,1,1,1,3225043,01/04/2005,F1AL00L00AN12
032,112025,3225047,3311719,7406,1,1,1,3225047,01/03/2005,F3AL00L00BN24
032,112025,3225051,3291887,7404,1,1,1,3225051,01/03/2003,F3AL00L00BF44
032,112025,3225059,3311756,7404,1,1,1,3225059,01/03/2003,F2AL00L00BN13
032,112025,3225063,3311793,7403,1,1,1,3225063,01/12/2004,F2AL00L00BN13
032,112025,3225067,3311830,7404,1,1,1,3225067,01/03/2003,F1AL00L00AN12
032,112025,3225071,3311867,7405,4,1,1,3225071,01/03/2003,F3AL00L00BN24
032,112025,3225079,3291998,7405,1,1,1,3225079,01/03/2003,F2AL00L00BN13
032,112025,3225083,3292035,8416,1,1,1,3225083,01/03/2003,F2AL00L00BN13
032,112025,3225087,3311904,7405,1,1,1,3225087,01/03/2003,F2AL00L00BN13
032,112025,3225091,3292072,7405,1,1,1,3225091,01/03/2003,F2AL00L00BN13
032,112025,3225095,3292109,7403,1,1,1,3225095,01/03/2003,F2AL00L00BN13
032,112025,3225099,3292146,8409,1,1,1,3225099,01/03/2003,F3AL00L00BN24
032,112025,3225107,3292220,7405,1,1,1,3225107,01/03/2003,F2AL00L00BN13
032,112025,3225119,3311941,7404,1,1,1,3225119,01/03/2003,F3AL00L00BN24
032,112025,3225123,3292331,7404,1,1,1,3225123,01/03/2003,F3AL00L00BN24
032,112025,3225127,3292368,7404,1,1,1,3225127,01/03/2003,F1AL00L00AN12
032,112025,3225131,3292405,7405,1,1,1,3225131,01/03/2003,F2AL00L00BN13
032,112025,3225135,3292442,7405,1,1,1,3225135,01/08/1999,F2AL00L00BN13
032,112025,3225139,3292479,7405,1,1,1,3225139,01/04/2005,F2AL00L00BN13
032,112025,3225143,3292516,8409,1,1,1,3225143,01/03/2003,F1AL00L00AN12
032,112025,3225147,3292553,8416,1,1,1,3225147,01/03/2003,F2AL00L00BN13
032,112025,3225151,3292590,7404,1,1,1,3225151,01/03/2003,F2AL00L00BN13
032,112025,3225159,3292664,7404,1,1,1,3225159,01/03/2003,F2AL00L00BN13
032,112025,3225163,3311978,7404,1,1,1,3225163,01/03/2003,F2AL00L00BN13
032,112025,3225167,3292701,7403,4,1,1,3225167,01/04/2005,F3AL00L00BN24
032,112025,3225171,3312015,7405,1,1,1,3225171,01/03/2003,F2AL00L00BN13
032,112025,3225175,3292738,8409,1,1,1,3225175,01/03/2003,F3AL00L00BN24
032,112025,3225179,3312052,8409,1,1,1,3225179,01/03/2003,F3AL00L00BN24
032,112025,3225183,3292775,8409,4,1,1,3225183,01/03/2003,F1AL00L00AN12
032,112025,3225187,3292812,8416,1,1,1,3225187,01/03/2003,F1AL00L00AN12
032,112025,3225195,3312089,7405,1,1,1,3225195,01/03/2003,F2AL00L00BN13
032,112025,3225199,3312126,7405,1,1,1,3225199,01/03/2003,F2AL00L00BN13
032,112025,3225203,3292886,7405,1,1,1,3225203,01/03/2003,F2AL00L00BN13
032,112025,3225211,3292960,7404,1,1,1,3225211,01/03/2003,F3AL00L00BN24
032,112025,3225215,3292997,8416,1,1,1,3225215,01/03/2003,F2AL00L00BN13
032,112025,3225219,3293034,7404,1,1,1,3225219,01/03/2003,F2AL00L00BN13
032,112025,3225223,3312163,7403,1,1,1,3225223,01/03/2003,F1AL00L00AN12
032,112025,3225227,3293071,8409,1,1,1,3225227,01/03/2003,F2AL00L00BN13
032,112025,3225235,3293108,7405,1,1,1,3225235,01/03/2003,F1AL00L00AN12
032,112025,3225239,3293145,7404,1,1,1,3225239,01/03/2003,F2AL00L00BN13
032,112025,3225243,3293182,7405,4,1,1,3225243,01/01/2004,F3AL00L00BN24
032,112025,3225247,3293219,7405,4,1,1,3225247,01/03/2003,F2AL00L00BN13
032,112025,3225251,3293256,7403,4,1,1,3225251,01/03/2003,F3AL00L00BN24
032,112025,3225255,3293293,7403,1,1,1,3225255,01/05/2004,F2AL00L00BN13
032,112025,3225259,3293330,7403,1,1,1,3225259,01/05/2004,F2AL00L00BN13
032,112025,3225263,3293367,8409,1,1,1,3225263,01/06/2004,F2AL00L00BN13
032,112025,3225267,3293404,7405,1,1,1,3225267,01/03/2003,F2AL00L00BN13
032,112025,3225271,3293441,7405,4,1,1,3225271,01/09/2004,F3AL00L00BN24
032,112025,3225275,3312237,7403,4,1,1,3225275,01/03/2003,F3AL00L00BN24
032,112025,3225279,3293478,8409,4,1,1,3225279,01/11/2004,F1AL00L00AN12
032,112025,3225283,3293515,7404,4,1,1,3225283,01/11/2004,F3AL00L00BN24
032,112025,3225287,3293552,7403,4,1,1,3225287,01/12/2004,F3AL00L00BN24
032,112025,3225291,3293589,7405,4,1,1,3225291,01/01/2004,F3AL00L00BN24
032,112025,3225295,3293626,7403,4,1,1,3225295,01/03/2005,F1AL00L00AN12
032,112025,3225299,3293663,7404,1,1,1,3225299,01/03/2003,F2AL00L00BN13
032,112025,3225303,3293700,7404,1,1,1,3225303,01/03/2003,F2AL00L00BN13
032,112025,3225311,3312274,7405,1,1,1,3225311,01/03/2003,F1AL00L00AN12
032,112025,3225319,3293774,7405,1,1,1,3225319,01/03/2003,F2AL00L00BN13
032,112025,3225323,3312348,7405,1,1,1,3225323,01/03/2003,F2AL00L00BN13
032,112025,3225327,3312385,7405,1,1,1,3225327,01/03/2003,F1AL00L00AN12
032,112025,3225331,3312422,8409,1,1,1,3225331,01/03/2003,F3AL00L00BN24
032,112025,3225335,3293811,7404,1,1,1,3225335,01/03/2003,F1AL00L00AN12
032,112025,3225343,3293885,7406,4,1,1,3225343,01/09/2000,F3AL00L00BN24
032,112025,3225351,3293959,8416,4,1,1,3225351,01/09/2000,F3AL00L00BN24
032,112025,3225355,3312459,7403,4,1,1,3225355,01/03/2003,F3AL00L00BN24
032,112025,3225359,3312496,7404,1,1,1,3225359,01/03/2003,F2AL00L00BN13
032,112025,3225363,3293996,7404,1,1,1,3225363,01/03/2003,F2AL00L00BN13
032,112025,3225367,3312533,8409,1,1,1,3225367,01/03/2003,F3AL00L00BN24
032,112025,3225371,3312570,7403,1,1,1,3225371,01/03/2003,F3AL00L00BN24
032,112025,3225375,3294033,7404,1,1,1,3225375,01/03/2003,F1AL00L00AN12
032,112025,3225379,3294070,7405,1,1,1,3225379,01/03/2003,F2AL00L00BN13
032,112025,3225387,3294144,7404,1,1,1,3225387,01/03/2003,F1AL00L00AN12
032,112025,3225391,3312607,7404,1,1,1,3225391,01/03/2003,F2AL00L00BN13
032,112025,3225407,3312681,7404,1,1,1,3225407,01/03/2003,F3AL00L00BN24
032,112025,3225411,3294255,7405,1,1,1,3225411,01/03/2003,F3AL00L00BN24
032,112025,3225415,3294292,7405,1,1,1,3225415,01/03/2003,F3AL00L00BN24
032,112025,3225419,3294329,7404,1,1,1,3225419,01/03/2003,F1AL00L00AN12
032,112025,3225423,3294366,7403,1,1,1,3225423,01/06/2005,F2AL00L00BN13
032,112025,3225427,3313162,7405,4,1,1,3225427,30/12/2009,F2AL00L00BN13
032,112025,3225431,3313199,7404,1,1,1,3225431,01/12/2005,F3AL00L00BN24
032,112025,3225439,3313273,7405,1,1,1,3225439,01/12/2005,F2AL00L00BN13
032,112025,3225443,3313310,7404,1,1,1,3225443,01/12/2005,F2AL00L00BN13
032,112025,3225451,3313384,8409,4,1,1,3225451,01/12/2005,F1AL00L00AN12
032,112025,3225459,3313458,7405,1,1,1,3225459,01/01/2006,F2AL00L00BN13
032,112025,3225463,3313495,7405,1,1,1,3225463,01/01/2006,F2AL00L00BN13
032,112025,3225467,3313532,8409,1,1,1,3225467,01/01/2006,F2AL00L00BN13
032,112025,3225471,3313569,7405,1,1,1,3225471,01/01/2006,F1AL00L00AN12
032,112025,3225475,3313606,7405,1,1,1,3225475,01/01/2006,F1AL00L00AN12
032,112025,3225483,3313680,8416,4,1,1,3225483,01/01/2006,F2AL00L00BN13
032,112025,3225487,3313717,7403,4,1,1,3225487,01/11/2005,F3AL00L00BN24
032,112025,3225491,3313754,7405,4,1,1,3225491,01/10/2005,F2AL00L00BN13
032,112025,3225499,3316381,7404,1,1,1,3225499,30/12/2009,F2AL00L00BN13
032,112025,3225503,3313828,8409,4,1,1,3225503,01/01/2006,F2AL00L00BN13
032,112025,3225511,3313902,7404,1,1,1,3225511,01/03/2006,F2AL00L00BN13
032,112025,3225515,3313939,7403,1,1,1,3225515,01/03/2006,F3AL00L00BN24
032,112025,3225519,3313976,7405,4,1,1,3225519,01/02/2006,F2AL00L00BN13
032,112025,3225523,3314013,8409,1,1,1,3225523,01/04/2006,F2AL00L00BN13
032,112025,3225527,3314050,8409,1,1,1,3225527,01/04/2006,F2AL00L00BN13
032,112025,3225531,3314087,8409,1,1,1,3225531,01/04/2006,F2AL00L00BN13
032,112025,3225535,3314124,8409,1,1,1,3225535,01/04/2006,F2AL00L00BN13
032,112025,3225547,3314235,8416,1,1,1,3225547,01/05/2006,F2AL00L00BN13
032,112025,3225551,3314272,8409,1,1,1,3225551,01/05/2006,F2AL00L00BN13
032,112025,3225555,3314309,7404,4,1,1,3225555,01/04/2006,F2AL00L00BN13
032,112025,3225559,3314346,7405,1,1,1,3225559,01/05/2006,F2AL00L00BN13
032,112025,3225563,3316418,7405,1,1,1,3225563,01/05/2006,F3AL00L00BN24
032,112025,3225567,3314383,8416,4,1,1,3225567,01/05/2006,F3AL00L00BN24
032,112025,3225571,3314420,8416,1,1,1,3225571,01/06/2006,F1AL00L00AN12
032,112025,3225575,3314457,7405,1,1,1,3225575,01/05/2006,F2AL00L00BN13
032,112025,3225583,3314531,7403,1,1,1,3225583,01/04/2006,F1AL00L00AN12
032,112025,3225587,3314568,8409,1,1,1,3225587,01/03/2003,F2AL00L00BN13
032,112025,3225591,3314605,7403,1,1,1,3225591,01/06/2006,F2AL00L00BN13
032,112025,3225599,3314679,7404,1,1,1,3225599,01/03/2003,F1AL00L00AN12
032,112025,3225603,3314716,7404,1,1,1,3225603,01/07/2006,F2AL00L00BN13
032,112025,3225607,3314753,7404,1,1,1,3225607,01/03/2003,F1AL00L00AN12
032,112025,3225611,3314790,7201,1,1,1,3225611,01/06/2006,F1AL00L00AN12
032,112025,3225615,3314827,7403,1,1,1,3225615,01/06/2006,F1AL00L00AN12
032,112025,3225619,3314864,7404,1,1,1,3225619,01/03/2003,F1AL00L00AN12
032,112025,3225623,3314901,7404,1,1,1,3225623,01/08/2006,F1AL00L00AN12
032,112025,3225627,3314938,7404,1,1,1,3225627,01/03/2003,F1AL00L00AN12
032,112025,3225631,3314975,7404,1,1,1,3225631,01/08/2006,F2AL00L00BN13
032,112025,3225635,3315012,8409,1,1,1,3225635,01/06/2006,F2AL00L00BN13
032,112025,3225639,3315049,7405,1,1,1,3225639,01/03/2003,F2AL00L00BN13
032,112025,3225643,3315086,7405,1,1,1,3225643,01/03/2003,F2AL00L00BN13
032,112025,3225647,3315123,7405,1,1,1,3225647,01/09/2006,F2AL00L00BN13
032,112025,3225651,3315160,7403,1,1,1,3225651,01/08/2006,F2AL00L00BN13
032,112025,3225659,3315234,8409,1,1,1,3225659,01/09/2006,F2AL00L00BN13
032,112025,3225663,3315271,7405,1,1,1,3225663,01/09/2006,F1AL00L00AN12
032,112025,3225671,3315345,7405,4,1,1,3225671,01/09/2006,F2AL00L00BN13
032,112025,3225675,3315382,7404,1,1,1,3225675,01/03/2003,F2AL00L00BN13
032,112025,3225679,3315419,7403,1,1,1,3225679,01/10/2006,F2AL00L00BN13
032,112025,3225683,3315456,7405,1,1,1,3225683,01/03/2003,F1AL00L00AN12
032,112025,3225695,3315567,7403,4,1,1,3225695,01/10/2006,F3AL00L00BN24
032,112025,3225699,3315604,7201,4,1,1,3225699,01/05/2006,F3AL00L00BN24
032,112025,3225707,3315678,7403,1,1,1,3225707,01/07/2006,F2AL00L00BN13
032,112025,3225711,3315715,7404,1,1,1,3225711,01/11/2006,F2AL00L00BN13
032,112025,3225715,3315752,8416,1,1,1,3225715,01/11/2006,F3AL00L00BN24
032,112025,3225719,3315789,7404,1,1,1,3225719,01/11/2006,F1AL00L00AN12
032,112025,3225723,3315826,7405,4,1,1,3225723,01/11/2006,F3AL00L00BN24
032,112025,3225727,3315863,7404,1,1,1,3225727,01/12/2006,F3AL00L00BN24
032,112025,3225731,3315900,7405,1,1,1,3225731,01/12/2006,F3AL00L00BN24
032,112025,3225735,3315937,7405,1,1,1,3225735,01/12/2006,F3AL00L00BN24
032,112025,3225739,3315974,7405,1,1,1,3225739,01/12/2006,F2AL00L00BN13
032,112025,3225743,3316455,7405,4,1,1,3225743,01/11/2006,F2AL00L00BN13
032,112025,3225747,3316492,7404,4,1,1,3225747,01/12/2006,F3AL00L00BN24
032,112025,3225751,3316529,7403,4,1,1,3225751,01/11/2006,F2AL00L00BN13
032,112025,3225755,3316566,7403,4,1,1,3225755,01/11/2006,F2AL00L00BN13
032,112025,3225763,3316640,8409,1,1,1,3225763,01/12/2006,F1AL00L00AN12
032,112025,3225767,3294440,7405,1,1,1,3225767,01/07/1981,F2AL00L00BN13
032,112025,3225771,3316677,7404,1,1,1,3225771,01/08/1961,F3AL00L00BN24
032,112025,3225783,3294551,8409,1,1,1,3225783,01/03/1965,F1AL00L00AN12
032,112025,3225791,3294662,7404,1,1,1,3225791,01/07/1975,F2AL00L00BN13
032,112025,3225795,3294699,7404,1,1,1,3225795,01/05/1960,F2AL00L00BN13
032,112025,3225803,3294773,7405,1,1,1,3225803,01/01/1981,F3AL00L00BN24
032,112025,3225815,3294884,7405,1,1,1,3225815,01/04/1967,F2AL00L00BN13
032,112025,3225819,3294921,8409,1,1,1,3225819,01/02/1970,F3AL00L00BN24
032,112025,3225823,3294958,8409,1,1,1,3225823,01/01/1968,F1AL00L00AN12
032,112025,3225827,3312755,8409,1,1,1,3225827,02/01/1970,F1AL00L00AN12
032,112025,3225835,3295032,8409,1,1,1,3225835,01/04/1975,F1AL00L00AN12
032,112025,3225839,3295069,8416,1,1,1,3225839,01/02/1994,F2AL00L00BN13
032,112025,3225843,3295106,8416,1,1,1,3225843,01/08/1970,F1AL00L00AN12
032,112025,3225847,3295143,8416,1,1,1,3225847,01/07/1971,F1AL00L00AN12
032,112025,3225851,3295217,7403,1,1,1,3225851,01/01/1995,F1AL00L00AN12
032,112025,3225867,3295439,7403,1,1,1,3225867,01/02/1956,F2AL00L00BN13
032,112025,3225871,3295476,7403,1,1,1,3225871,01/07/1996,F3AL00L00BN24
032,112025,3225875,3295513,8409,1,1,1,3225875,01/03/1980,F1AL00L00AN12
032,112025,3225879,3295550,7404,1,1,1,3225879,01/08/1970,F3AL00L00BN24
032,112025,3225883,3295587,7405,1,1,1,3225883,01/08/1991,F2AL00L00BN13
032,112025,3225891,3295661,7404,1,1,1,3225891,01/05/1979,F2AL00L00BN13
032,112025,3225895,3295698,7404,1,1,1,3225895,01/03/2003,F3AL00L00BN24
032,112025,3225899,3295735,7405,1,1,1,3225899,01/03/1996,F3AL00L00BN24
032,112025,3225903,3234278,7405,1,1,1,3225903,01/03/1992,F1AL00L00AN12
032,112025,3225911,3295809,7403,1,1,1,3225911,01/06/1994,F3AL00L00BN24
032,112025,3225915,3295883,7403,1,1,1,3225915,01/01/1985,F2AL00L00BN13
032,112025,3225919,3295920,7403,1,1,1,3225919,01/09/1998,F2AL00L00BN13
032,112025,3225923,3295957,7405,1,1,1,3225923,01/01/1975,F2AL00L00BN13
032,112025,3225927,3295994,7403,1,1,1,3225927,01/01/1975,F1AL00L00AN12
032,112025,3225935,3296068,7404,1,1,1,3225935,01/01/1977,F1AL00L00AN12
032,112025,3225939,3296105,8409,1,1,1,3225939,01/01/1977,F1AL00L00AN12
032,112025,3225943,3296142,7404,1,1,1,3225943,01/08/1967,F1AL00L00AN12
032,112025,3225947,3296179,7403,1,1,1,3225947,01/02/1988,F2AL00L00BN13
032,112025,3225951,3296216,7403,1,1,1,3225951,31/12/2014,F2AL00L00BN13
032,112025,3225955,3316714,7405,1,1,1,3225955,01/03/1980,F2AL00L00BN13
032,112025,3225963,3296253,8409,1,1,1,3225963,01/01/1981,F1AL00L00AN12
032,112025,3225967,3296290,8409,1,1,1,3225967,01/01/1973,F1AL00L00AN12
032,112025,3225971,3316788,8409,1,1,1,3225971,01/01/1981,F1AL00L00AN12
032,112025,3225975,3318601,8409,1,1,1,3225975,01/01/1998,F2AL00L00BN13
032,112025,3225983,3296364,8409,1,1,1,3225983,01/01/1981,F1AL00L00AN12
032,112025,3225987,3296401,8409,1,1,1,3225987,01/09/1988,F2AL00L00BN13
032,112025,3225991,3296438,7404,1,1,1,3225991,01/08/1982,F1AL00L00AN12
032,112025,3225999,3296549,7404,1,1,1,3225999,01/02/1993,F2AL00L00BN13
032,112025,3226003,3296586,7405,1,1,1,3226003,01/01/1984,F2AL00L00BN13
032,112025,3226007,3296623,8409,1,1,1,3226007,01/09/1984,F1AL00L00AN12
032,112025,3226011,3296660,7404,1,1,1,3226011,01/08/1994,F2AL00L00BN13
032,112025,3226015,3316825,8416,1,1,1,3226015,01/08/1982,F1AL00L00AN12
032,112025,3226019,3318638,7404,1,1,1,3226019,01/09/2005,F2AL00L00BN13
032,112025,3226023,3296697,8409,1,1,1,3226023,01/05/1978,F1AL00L00AN12
032,112025,3226027,3296771,8409,1,1,1,3226027,01/07/1983,F1AL00L00AN12
032,112025,3226031,3296808,7405,1,1,1,3226031,01/07/1991,F3AL00L00BN24
032,112025,3226035,3296845,8416,1,1,1,3226035,01/06/1983,F1AL00L00AN12
032,112025,3226039,3296882,8409,1,1,1,3226039,01/03/1984,F2AL00L00BN13
032,112025,3226043,3296919,8409,1,1,1,3226043,01/05/1984,F1AL00L00AN12
032,112025,3226047,3296993,7405,1,1,1,3226047,01/02/1998,F2AL00L00BN13
032,112025,3226059,3297104,7405,1,1,1,3226059,01/07/2004,F2AL00L00BN13
032,112025,3226063,3297178,7403,1,1,1,3226063,01/05/1986,F1AL00L00AN12
032,112025,3226067,3297215,7403,1,1,1,3226067,01/02/1986,F1AL00L00AN12
032,112025,3226071,3297252,8409,1,1,1,3226071,01/07/1985,F2AL00L00BN13
032,112025,3226083,3297363,8409,1,1,1,3226083,01/03/1982,F2AL00L00BN13
032,112025,3226091,3297437,7405,1,1,1,3226091,01/01/1985,F1AL00L00AN12
032,112025,3226103,3316862,7404,1,1,1,3226103,01/01/1992,F2AL00L00BN13
032,112025,3226107,3297548,7405,1,1,1,3226107,01/01/1987,F1AL00L00AN12
032,112025,3226111,3297585,7405,1,1,1,3226111,01/06/2004,F2AL00L00BN13
032,112025,3226115,3297622,7405,1,1,1,3226115,01/03/1986,F1AL00L00AN12
032,112025,3226119,3297659,7405,1,1,1,3226119,01/09/1980,F2AL00L00BN13
032,112025,3226127,3297733,8409,1,1,1,3226127,01/08/1986,F1AL00L00AN12
032,112025,3226131,3297770,7405,1,1,1,3226131,01/05/1985,F2AL00L00BN13
032,112025,3226135,3312829,7405,1,1,1,3226135,01/02/1992,F2AL00L00BN13
032,112025,3226139,3316899,8409,1,1,1,3226139,01/01/1986,F1AL00L00AN12
032,112025,3226147,3297844,7405,1,1,1,3226147,01/03/1986,F1AL00L00AN12
032,112025,3226171,3312903,7403,1,1,1,3226171,01/01/2004,F2AL00L00BN13
032,112025,3226175,3318675,7405,1,1,1,3226175,01/09/1997,F2AL00L00BN13
032,112025,3226179,3297992,7405,1,1,1,3226179,01/09/1988,F1AL00L00AN12
032,112025,3226183,3298029,7404,1,1,1,3226183,01/03/1997,F1AL00L00AN12
032,112025,3226191,3298103,7404,1,1,1,3226191,01/06/1986,F1AL00L00AN12
032,112025,3226195,3298140,7405,1,1,1,3226195,01/02/1996,F1AL00L00AN12
032,112025,3226203,3317010,8409,1,1,1,3226203,01/01/1986,F1AL00L00AN12
032,112025,3226207,3298214,7404,1,1,1,3226207,01/02/1992,F1AL00L00AN12
032,112025,3226211,3298251,8409,1,1,1,3226211,01/08/1992,F1AL00L00AN12
032,112025,3226219,3298325,7403,1,1,1,3226219,01/01/1986,F1AL00L00AN12
032,112025,3226223,3298362,8409,1,1,1,3226223,01/09/1978,F1AL00L00AN12
032,112025,3226227,3317047,7404,1,1,1,3226227,01/05/1991,F1AL00L00AN12
032,112025,3226231,3312940,7404,1,1,1,3226231,01/05/1987,F2AL00L00BN13
032,112025,3226235,3298399,7404,1,1,1,3226235,01/07/1988,F2AL00L00BN13
032,112025,3226239,3317084,7404,1,1,1,3226239,01/01/1987,F1AL00L00AN12
032,112025,3226247,3298436,7403,1,1,1,3226247,01/02/2002,F2AL00L00BN13
032,112025,3226251,3298510,8416,1,1,1,3226251,01/06/1987,F1AL00L00AN12
032,112025,3226267,3298547,7404,1,1,1,3226267,01/03/1987,F1AL00L00AN12
032,112025,3226271,3317269,7405,1,1,1,3226271,01/01/1996,F2AL00L00BN13
032,112025,3226275,3298584,7405,1,1,1,3226275,01/03/1988,F1AL00L00AN12
032,112025,3226279,3298621,7405,1,1,1,3226279,01/04/1997,F3AL00L00BN24
032,112025,3226283,3298658,7405,1,1,1,3226283,01/05/1997,F1AL00L00AN12
032,112025,3226287,3298695,7403,4,1,1,3226287,01/12/1999,F2AL00L00BN13
032,112025,3226291,3298732,7405,1,1,1,3226291,01/01/1988,F1AL00L00AN12
032,112025,3226295,3318712,7405,1,1,1,3226295,01/05/1988,F1AL00L00AN12
032,112025,3226303,3298769,7404,1,1,1,3226303,01/02/1988,F1AL00L00AN12
032,112025,3226307,3298806,7404,1,1,1,3226307,01/09/1986,F1AL00L00AN12
032,112025,3226311,3298843,7404,1,1,1,3226311,01/01/1988,F1AL00L00AN12
032,112025,3226315,3317343,7404,1,1,1,3226315,01/02/1988,F1AL00L00AN12
032,112025,3226319,3317380,7404,1,1,1,3226319,01/07/1988,F1AL00L00AN12
032,112025,3226323,3298880,8409,1,1,1,3226323,01/08/1988,F1AL00L00AN12
032,112025,3226327,3298917,8409,1,1,1,3226327,01/07/1994,F3AL00L00BN24
032,112025,3226331,3298954,7405,1,1,1,3226331,01/01/1985,F1AL00L00AN12
032,112025,3226335,3298991,7405,1,1,1,3226335,01/06/1996,F1AL00L00AN12
032,112025,3226339,3317417,7405,1,1,1,3226339,01/01/1998,F1AL00L00AN12
032,112025,3226343,3299028,7405,1,1,1,3226343,01/05/1989,F3AL00L00BN24
032,112025,3226347,3318749,7405,1,1,1,3226347,01/01/1988,F1AL00L00AN12
032,112025,3226351,3299065,7405,1,1,1,3226351,01/08/2004,F1AL00L00AN12
032,112025,3226355,3317454,7405,1,1,1,3226355,01/03/1988,F1AL00L00AN12
032,112025,3226359,3299102,7403,1,1,1,3226359,01/01/1999,F2AL00L00BN13
032,112025,3226367,3299176,7405,1,1,1,3226367,01/05/1960,F3AL00L00BN24
032,112025,3226371,3299213,7405,1,1,1,3226371,01/06/1998,F2AL00L00BN13
032,112025,3226375,3299250,7403,1,1,1,3226375,01/04/1988,F1AL00L00AN12
032,112025,3226379,3299287,7404,1,1,1,3226379,01/09/1987,F2AL00L00BN13
032,112025,3226383,3299324,8416,1,1,1,3226383,01/02/1988,F1AL00L00AN12
032,112025,3226387,3299361,7404,1,1,1,3226387,01/03/1988,F1AL00L00AN12
032,112025,3226391,3299398,7404,1,1,1,3226391,01/08/1987,F1AL00L00AN12
032,112025,3226395,3299435,7404,1,1,1,3226395,01/07/1987,F1AL00L00AN12
032,112025,3226399,3299472,7404,1,1,1,3226399,01/05/1996,F2AL00L00BN13
032,112025,3226403,3299509,7404,1,1,1,3226403,01/09/1999,F2AL00L00BN13
032,112025,3226407,3299546,7404,1,1,1,3226407,01/03/1998,F2AL00L00BN13
032,112025,3226411,3299583,8409,1,1,1,3226411,01/03/1996,F1AL00L00AN12
032,112025,3226415,3299620,8416,1,1,1,3226415,01/08/1988,F1AL00L00AN12
032,112025,3226419,3299657,7405,1,1,1,3226419,01/06/1991,F3BL00L00BN24
032,112025,3226423,3299694,7404,1,1,1,3226423,01/09/1989,F1AL00L00AN12
032,112025,3226427,3317491,7405,1,1,1,3226427,01/05/1989,F1AL00L00AN12
032,112025,3226439,3299731,7404,1,1,1,3226439,01/08/1980,F2AL00L00BN13
032,112025,3226443,3299768,7405,1,1,1,3226443,01/03/1990,F2AL00L00BN13
032,112025,3226447,3318823,7404,1,1,1,3226447,01/09/1990,F1AL00L00AN12
032,112025,3226451,3299805,7404,1,1,1,3226451,01/02/1990,F1AL00L00AN12
032,112025,3226455,3299842,7404,1,1,1,3226455,01/04/1990,F1AL00L00AN12
032,112025,3226459,3299879,7404,1,1,1,3226459,01/01/1990,F1AL00L00AN12
032,112025,3226463,3299916,7404,1,1,1,3226463,01/01/1986,F1AL00L00AN12
032,112025,3226467,3317565,7405,1,1,1,3226467,01/07/1978,F1AL00L00AN12
032,112025,3226479,3300027,8409,1,1,1,3226479,01/07/1991,F2AL00L00BN13
032,112025,3226483,3300064,7405,1,1,1,3226483,01/03/1993,F2AL00L00BN13
032,112025,3226491,3300138,8416,1,1,1,3226491,01/01/1991,F1AL00L00AN12
032,112025,3226499,3300212,8409,1,1,1,3226499,01/05/1998,F3AL00L00BN24
032,112025,3226503,3300249,7403,1,1,1,3226503,01/01/1992,F1AL00L00AN12
032,112025,3226507,3300286,7405,1,1,1,3226507,01/01/1992,F1AL00L00AN12
032,112025,3226511,3300323,7405,1,1,1,3226511,01/03/2003,F3AL00L00BN24
032,112025,3226519,3300360,7404,1,1,1,3226519,01/04/2004,F2AL00L00BN13
032,112025,3226523,3300397,7404,1,1,1,3226523,01/01/1984,F1AL00L00AN12
032,112025,3226527,3300434,7404,1,1,1,3226527,01/06/1992,F2AL00L00BN13
032,112025,3226535,3300508,7404,4,1,1,3226535,01/05/1992,F3AL00L00BN24
032,112025,3226543,3300582,7405,1,1,1,3226543,01/04/1992,F2AL00L00BN13
032,112025,3226547,3254184,8409,1,1,1,3226547,01/07/1988,F1AL00L00AN12
032,112025,3226551,3312977,7404,1,1,1,3226551,01/05/1993,F1AL00L00AN12
032,112025,3226559,3300656,7404,1,1,1,3226559,01/07/1986,F1AL00L00AN12
032,112025,3226563,3300693,7201,1,1,1,3226563,01/08/1993,F2AL00L00BN13
032,112025,3226567,3300730,8409,1,1,1,3226567,01/03/1996,F1AL00L00AN12
032,112025,3226571,3300767,7403,1,1,1,3226571,01/04/1996,F1AL00L00AN12
032,112025,3226575,3300804,7403,1,1,1,3226575,01/03/1993,F1AL00L00AN12
032,112025,3226579,3300841,7405,1,1,1,3226579,01/01/1992,F2AL00L00BN13
032,112025,3226587,3313051,7403,1,1,1,3226587,01/04/1991,F1AL00L00AN12
032,112025,3226591,3317639,7405,1,1,1,3226591,01/06/1993,F1AL00L00AN12
032,112025,3226595,3300915,7404,1,1,1,3226595,01/06/1992,F2AL00L00BN13
032,112025,3226603,3256219,8409,1,1,1,3226603,01/02/1996,F2AL00L00BN13
032,112025,3226607,3317676,7404,1,1,1,3226607,01/03/1987,F2AL00L00BN13
032,112025,3226611,3313088,8416,1,1,1,3226611,01/08/1981,F3AL00L00BN24
032,112025,3226615,3300989,7404,1,1,1,3226615,01/09/1994,F2AL00L00BN13
032,112025,3226619,3301026,8416,1,1,1,3226619,01/07/1994,F2AL00L00BN13
032,112025,3226627,3301100,7404,1,1,1,3226627,01/05/1979,F2AL00L00BN13
032,112025,3226631,3317713,7404,1,1,1,3226631,01/07/1989,F1AL00L00AN12
032,112025,3226639,3301137,8409,1,1,1,3226639,01/07/1986,F1AL00L00AN12
032,112025,3226643,3301174,7405,1,1,1,3226643,01/09/1995,F2AL00L00BN13
032,112025,3226647,3301248,7405,1,1,1,3226647,01/08/2004,F2AL00L00BN13
032,112025,3226651,3301285,7403,1,1,1,3226651,01/05/1986,F1AL00L00AN12
032,112025,3226655,3313125,7403,1,1,1,3226655,01/09/1986,F1AL00L00AN12
032,112025,3226659,3301322,7403,1,1,1,3226659,01/01/1981,F1AL00L00AN12
032,112025,3226663,3301359,7403,1,1,1,3226663,01/02/1981,F1AL00L00AN12
032,112025,3226671,3301433,8416,1,1,1,3226671,01/01/1995,F2AL00L00BN13
032,112025,3226675,3301470,7404,1,1,1,3226675,01/08/1988,F1AL00L00AN12
032,112025,3226683,3301544,7404,1,1,1,3226683,01/01/1987,F1AL00L00AN12
032,112025,3226687,3317750,7405,1,1,1,3226687,01/06/1988,F1AL00L00AN12
032,112025,3226691,3317787,7405,1,1,1,3226691,01/02/1986,F1AL00L00AN12
032,112025,3226695,3301581,7403,1,1,1,3226695,01/02/1988,F1AL00L00AN12
032,112025,3226699,3301618,7403,1,1,1,3226699,01/07/1986,F1AL00L00AN12
032,112025,3226703,3301655,7403,1,1,1,3226703,01/03/1987,F1AL00L00AN12
032,112025,3226707,3301692,7403,1,1,1,3226707,01/02/1996,F1AL00L00AN12
032,112025,3226711,3301729,7405,1,1,1,3226711,01/05/1996,F1AL00L00AN12
032,112025,3226715,3301766,8409,1,1,1,3226715,01/06/1996,F2AL00L00BN13
032,112025,3226723,3301840,7405,1,1,1,3226723,01/07/1994,F2AL00L00BN13
032,112025,3226727,3301877,8409,1,1,1,3226727,01/09/1988,F1AL00L00AN12
032,112025,3226731,3301914,8409,1,1,1,3226731,01/09/1999,F1AL00L00AN12
032,112025,3226735,3301951,8409,1,1,1,3226735,01/01/1996,F1AL00L00AN12
032,112025,3226739,3301988,8409,1,1,1,3226739,01/03/1996,F1AL00L00AN12
032,112025,3226743,3302025,8409,1,1,1,3226743,01/09/1996,F1AL00L00AN12
032,112025,3226747,3302062,8409,1,1,1,3226747,01/05/1996,F2AL00L00BN13
032,112025,3226755,3317824,7405,1,1,1,3226755,01/01/1984,F1AL00L00AN12
032,112025,3226759,3302136,7404,1,1,1,3226759,01/06/1980,F2AL00L00BN13
032,112025,3226763,3302173,7404,1,1,1,3226763,01/04/1997,F1AL00L00AN12
032,112025,3226775,3317861,7405,1,1,1,3226775,01/07/1987,F1AL00L00AN12
032,112025,3226779,3302358,7405,1,1,1,3226779,01/01/1996,F2AL00L00BN13
032,112025,3226783,3302395,7403,1,1,1,3226783,01/04/1996,F2AL00L00BN13
032,112025,3226791,3302469,7405,1,1,1,3226791,01/06/1997,F2AL00L00BN13
032,112025,3226795,3302506,7405,1,1,1,3226795,01/03/1998,F2AL00L00BN13
032,112025,3226799,3302543,7403,1,1,1,3226799,01/04/1997,F1AL00L00AN12
032,112025,3226803,3302580,7405,1,1,1,3226803,01/05/1998,F2AL00L00BN13
032,112025,3226807,3302617,7404,1,1,1,3226807,01/06/1997,F1AL00L00AN12
032,112025,3226811,3317898,7404,1,1,1,3226811,01/07/1987,F1AL00L00AN12
032,112025,3226815,3302654,7404,1,1,1,3226815,01/01/1988,F1AL00L00AN12
032,112025,3226823,3302728,7404,1,1,1,3226823,01/09/1999,F2AL00L00BN13
032,112025,3226827,3302765,7404,1,1,1,3226827,01/03/1999,F2AL00L00BN13
032,112025,3226831,3302802,7405,1,1,1,3226831,01/02/1966,F3AL00L00BN24
032,112025,3226835,3302839,7404,1,1,1,3226835,01/01/1996,F3AL00L00BN24
032,112025,3226847,3302950,7404,1,1,1,3226847,01/08/1996,F1AL00L00AN12
032,112025,3226851,3302987,8409,1,1,1,3226851,01/04/1973,F2AL00L00BN13
032,112025,3226855,3303024,7403,1,1,1,3226855,01/09/1985,F1AL00L00AN12
032,112025,3226859,3303061,7404,1,1,1,3226859,01/06/1997,F2AL00L00BN13
032,112025,3226863,3303098,8416,1,1,1,3226863,01/01/1993,F2AL00L00BN13
032,112025,3226871,3303172,8409,1,1,1,3226871,01/01/1986,F1AL00L00AN12
032,112025,3226875,3303209,8409,1,1,1,3226875,01/02/1996,F1AL00L00AN12
032,112025,3226879,3303246,8409,1,1,1,3226879,01/04/1986,F1AL00L00AN12
032,112025,3226883,3303283,8409,1,1,1,3226883,01/03/1998,F2AL00L00BN13
032,112025,3226887,3303320,8409,1,1,1,3226887,01/07/1998,F2AL00L00BN13
032,112025,3226891,3303357,8409,1,1,1,3226891,01/05/1998,F2AL00L00BN13
032,112025,3226895,3303394,8409,1,1,1,3226895,01/07/1998,F2AL00L00BN13
032,112025,3226899,3303431,8416,1,1,1,3226899,01/01/1999,F2AL00L00BN13
032,112025,3226903,3303468,8416,1,1,1,3226903,01/01/1998,F2AL00L00BN13
032,112025,3226907,3303505,8409,1,1,1,3226907,01/06/1998,F2AL00L00BN13
032,112025,3226911,3303542,8409,1,1,1,3226911,01/04/1973,F2AL00L00BN13
032,112025,3226915,3303579,8409,1,1,1,3226915,01/05/1998,F2AL00L00BN13
032,112025,3226919,3303616,7405,1,1,1,3226919,01/01/1998,F2AL00L00BN13
032,112025,3226923,3303653,7405,4,1,1,3226923,01/05/1996,F2AL00L00BN13
032,112025,3226927,3303690,7403,1,1,1,3226927,01/09/1999,F2AL00L00BN13
032,112025,3226931,3303727,7403,4,1,1,3226931,01/08/1996,F3AL00L00BN24
032,112025,3226939,3317935,8416,1,1,1,3226939,01/06/1988,F1AL00L00AN12
032,112025,3226943,3303801,8409,1,1,1,3226943,01/02/2003,F2AL00L00BN13
032,112025,3226951,3303838,8416,1,1,1,3226951,01/01/1973,F1AL00L00AN12
032,112025,3226955,3318009,8416,1,1,1,3226955,01/06/1987,F1AL00L00AN12
032,112025,3226959,3303875,8416,1,1,1,3226959,01/07/1985,F2AL00L00BN13
032,112025,3226963,3303912,7405,1,1,1,3226963,01/06/2004,F2AL00L00BN13
032,112025,3226967,3303949,7404,1,1,1,3226967,01/07/1998,F2AL00L00BN13
032,112025,3226971,3303986,7405,1,1,1,3226971,01/02/1998,F2AL00L00BN13
032,112025,3226975,3304023,7405,1,1,1,3226975,01/01/1998,F2AL00L00BN13
032,112025,3226979,3316011,7404,1,1,1,3226979,01/04/2002,F2AL00L00BN13
032,112025,3226983,3304060,8409,1,1,1,3226983,01/07/1998,F2AL00L00BN13
032,112025,3226987,3304097,8409,1,1,1,3226987,01/08/1974,F1AL00L00AN12
032,112025,3226991,3304134,7403,1,1,1,3226991,01/05/1998,F2AL00L00BN13
032,112025,3226995,3304171,7405,1,1,1,3226995,01/05/1998,F2AL00L00BN13
032,112025,3226999,3304208,7403,1,1,1,3226999,01/03/1994,F2AL00L00BN13
032,112025,3227003,3318046,7404,4,1,1,3227003,01/04/1994,F2AL00L00BN13
032,112025,3227007,3304245,7404,1,1,1,3227007,01/02/1974,F2AL00L00BN13
032,112025,3227011,3318083,7404,1,1,1,3227011,01/09/1988,F1AL00L00AN12
032,112025,3227015,3318120,7404,1,1,1,3227015,01/01/1985,F1AL00L00AN12
032,112025,3227019,3304282,7404,1,1,1,3227019,01/07/1985,F1AL00L00AN12
032,112025,3227027,3304356,8409,1,1,1,3227027,01/04/1970,F1AL00L00AN12
032,112025,3227031,3304393,7403,1,1,1,3227031,01/01/1995,F2AL00L00BN13
032,112025,3227035,3304430,8416,1,1,1,3227035,01/09/1974,F1AL00L00AN12
032,112025,3227039,3304467,8416,1,1,1,3227039,01/07/1974,F1AL00L00AN12
032,112025,3227043,3304504,8416,1,1,1,3227043,01/01/1974,F1AL00L00AN12
032,112025,3227047,3304541,8416,1,1,1,3227047,01/05/1979,F1AL00L00AN12
032,112025,3227051,3318157,8416,1,1,1,3227051,01/07/1979,F1AL00L00AN12
032,112025,3227055,3318194,8416,1,1,1,3227055,01/04/1979,F1AL00L00AN12
032,112025,3227059,3318231,8416,1,1,1,3227059,01/02/1995,F1AL00L00AN12
032,112025,3227063,3304578,8416,1,1,1,3227063,01/02/1995,F1AL00L00AN12
032,112025,3227067,3304615,8416,1,1,1,3227067,01/02/1995,F1AL00L00AN12
032,112025,3227071,3304652,8416,1,1,1,3227071,01/02/1995,F1AL00L00AN12
032,112025,3227075,3304689,8416,1,1,1,3227075,01/02/1995,F1AL00L00AN12
032,112025,3227079,3318268,8409,1,1,1,3227079,01/02/1995,F1AL00L00AN12
032,112025,3227083,3318305,7201,1,1,1,3227083,01/07/2000,F1AL00L00AN12
032,112025,3227087,3304726,8416,1,1,1,3227087,01/07/2000,F1AL00L00AN12
032,112025,3227091,3318342,7201,1,1,1,3227091,01/07/2000,F1AL00L00AN12
032,112025,3227095,3304763,8416,1,1,1,3227095,01/01/1980,F1AL00L00AN12
032,112025,3227099,3304800,8409,1,1,1,3227099,01/01/1980,F2AL00L00BN13
032,112025,3227103,3304837,7404,1,1,1,3227103,01/03/1980,F2AL00L00BN13
032,112025,3227107,3304874,8409,1,1,1,3227107,01/09/1980,F1AL00L00AN12
032,112025,3227111,3304911,8409,1,1,1,3227111,01/09/1980,F1AL00L00AN12
032,112025,3227115,3304985,8409,1,1,1,3227115,01/03/2001,F2AL00L00BN13
032,112025,3227123,3305022,7404,4,1,1,3227123,01/04/2001,F3AL00L00BN24
032,112025,3227127,3318379,7404,1,1,1,3227127,01/04/2001,F1AL00L00AN12
032,112025,3227135,3305096,7405,1,1,1,3227135,01/05/2001,F1AL00L00AN12
032,112025,3227139,3305133,7405,1,1,1,3227139,01/05/2001,F2AL00L00BN13
032,112025,3227143,3305170,8409,1,1,1,3227143,01/06/2001,F1AL00L00AN12
032,112025,3227147,3316085,7404,1,1,1,3227147,01/04/2002,F2AL00L00BN13
032,112025,3227151,3305207,7405,1,1,1,3227151,01/06/2001,F2AL00L00BN13
032,112025,3227155,3318416,7404,1,1,1,3227155,01/06/2001,F3AL00L00BN24
032,112025,3227163,3305281,7403,1,1,1,3227163,01/07/2001,F2AL00L00BN13
032,112025,3227167,3305318,7405,1,1,1,3227167,01/07/2001,F3AL00L00BN24
032,112025,3227179,3305392,7405,1,1,1,3227179,01/07/2001,F1AL00L00AN12
032,112025,3227183,3305429,7405,1,1,1,3227183,01/07/2001,F2AL00L00BN13
032,112025,3227191,3305540,7404,1,1,1,3227191,01/10/2001,F2AL00L00BN13
032,112025,3227195,3305577,7404,1,1,1,3227195,01/10/2001,F2AL00L00BN13
032,112025,3227199,3305614,7404,4,1,1,3227199,01/10/2001,F3AL00L00BN24
032,112025,3227203,3305651,8416,1,1,1,3227203,01/10/2001,F2AL00L00BN13
032,112025,3227207,3305688,8409,1,1,1,3227207,01/10/2001,F1AL00L00AN12
032,112025,3227211,3305762,7403,1,1,1,3227211,01/11/2001,F2AL00L00BN13
032,112025,3227215,3305799,7405,1,1,1,3227215,01/10/1970,F3AL00L00BN24
032,112025,3227219,3305836,7404,1,1,1,3227219,01/02/1958,F3AL00L00BN24
032,112025,3227223,3305873,7405,1,1,1,3227223,01/08/1999,F3AL00L00BN24
032,112025,3227227,3305910,7406,1,1,1,3227227,01/08/1999,F1AL00L00AN12
032,112025,3227231,3305947,7404,1,1,1,3227231,01/05/1986,F2AL00L00BN13
032,112025,3227235,3305984,7405,1,1,1,3227235,01/05/1957,F3AL00L00BN24
032,112025,3227243,3306058,7404,1,1,1,3227243,01/06/1991,F3AL00L00BN24
032,112025,3227247,3306095,7201,1,1,1,3227247,01/05/1993,F2AL00L00BN13
032,112025,3227251,3318971,7405,1,1,1,3227251,01/01/1989,F1AL00L00AN12
032,112025,3227255,3306132,7404,1,1,1,3227255,01/05/1979,F1AL00L00AN12
032,112025,3227259,3316122,7404,1,1,1,3227259,01/10/2001,F1AL00L00AN12
032,112025,3227263,3306169,7405,1,1,1,3227263,01/10/1988,F2AL00L00BN13
032,112025,3227267,3306206,7405,1,1,1,3227267,01/08/1984,F2AL00L00BN13
032,112025,3227271,3306243,7404,1,1,1,3227271,01/01/1987,F1AL00L00AN12
032,112025,3227279,3306317,7404,1,1,1,3227279,01/05/1986,F3AL00L00BN24
032,112025,3227283,3306354,8409,1,1,1,3227283,01/06/2000,F3AL00L00BN24
032,112025,3227287,3306391,7404,1,1,1,3227287,01/05/1981,F3AL00L00BN24
032,112025,3227291,3316159,7404,1,1,1,3227291,01/04/2002,F2AL00L00BN13
032,112025,3227295,3316196,7404,1,1,1,3227295,01/04/2002,F2AL00L00BN13
032,112025,3227299,3316233,7404,1,1,1,3227299,01/04/2002,F2AL00L00BN13
032,112025,3227303,3306428,8409,1,1,1,3227303,01/03/2000,F3AL00L00BN24
032,112025,3227307,3306465,7405,1,1,1,3227307,01/10/1985,F1AL00L00AN12
032,112025,3227315,3306539,7405,1,1,1,3227315,01/08/1991,F3AL00L00BN24
032,112025,3227319,3306576,7404,1,1,1,3227319,01/10/1997,F3AL00L00BN24
032,112025,3227323,3306613,7405,1,1,1,3227323,01/06/1991,F3AL00L00BN24
032,112025,3227327,3306650,7404,1,1,1,3227327,01/06/1980,F2AL00L00BN13
032,112025,3227335,3319008,7404,1,1,1,3227335,01/06/1991,F2AL00L00BN13
032,112025,3227339,3306724,7404,1,1,1,3227339,01/06/1991,F2AL00L00BN13
032,112025,3227343,3306761,8416,1,1,1,3227343,01/05/1988,F3AL00L00BN24
032,112025,3227347,3306798,8416,1,1,1,3227347,01/05/1988,F2AL00L00BN13
032,112025,3227355,3306872,8409,1,1,1,3227355,01/06/1980,F3AL00L00BN24
032,112025,3227359,3306909,7404,1,1,1,3227359,01/04/2002,F2AL00L00BN13
032,112025,3227363,3306946,7403,1,1,1,3227363,01/06/1991,F3AL00L00BN24
032,112025,3227367,3306983,7403,1,1,1,3227367,01/01/1960,F3AL00L00BN24
032,112025,3227371,3307020,7403,1,1,1,3227371,01/03/2003,F3AL00L00BN24
032,112025,3227379,3307094,8409,1,1,1,3227379,01/05/1987,F3AL00L00BN24
032,112025,3227383,3307131,7403,1,1,1,3227383,01/09/1999,F2AL00L00BN13
032,112025,3227387,3307168,8409,1,1,1,3227387,01/06/1980,F1AL00L00AN12
032,112025,3227395,3307242,7405,1,1,1,3227395,01/06/1991,F1AL00L00AN12
032,112025,3227399,3307279,7405,1,1,1,3227399,01/06/2004,F2AL00L00BN13
032,112025,3227403,3307316,7403,1,1,1,3227403,01/04/2002,F2AL00L00BN13
032,112025,3227407,3307353,8416,1,1,1,3227407,01/11/1980,F1AL00L00AN12
032,112025,3227411,3318490,8416,1,1,1,3227411,01/04/1973,F1AL00L00AN12
032,112025,3227415,3307390,8416,1,1,1,3227415,01/04/1973,F1AL00L00AN12
032,112025,3227419,3307427,8416,1,1,1,3227419,01/04/1973,F2AL00L00BN13
032,112025,3227423,3307464,7403,1,1,1,3227423,01/06/1991,F1AL00L00AN12
032,112025,3227427,3307501,7403,1,1,1,3227427,01/06/1991,F1AL00L00AN12
032,112025,3227431,3307538,7403,1,1,1,3227431,01/04/2002,F1AL00L00AN12
032,112025,3227435,3307575,7405,1,1,1,3227435,01/06/1991,F2AL00L00BN13
032,112025,3227439,3307612,7403,1,1,1,3227439,01/10/1998,F1AL00L00AN12
032,112025,3227443,3307649,7405,1,1,1,3227443,01/06/1991,F3AL00L00BN24
032,112025,3227447,3307686,7405,1,1,1,3227447,01/12/1986,F2AL00L00BN13
032,112025,3227451,3307723,7405,1,1,1,3227451,01/09/1991,F2AL00L00BN13
032,112025,3227455,3307760,7405,1,1,1,3227455,01/09/1991,F2AL00L00BN13
032,112025,3227459,3307797,7405,1,1,1,3227459,01/01/1969,F3AL00L00BN24
032,112025,3227463,3307834,7405,1,1,1,3227463,01/06/1969,F2AL00L00BN13
032,112025,3227467,3307871,7404,1,1,1,3227467,01/05/1986,F2AL00L00BN13
032,112025,3227471,3307908,7404,1,1,1,3227471,01/05/1986,F2AL00L00BN13
032,112025,3227475,3307945,7404,1,1,1,3227475,01/05/1986,F2AL00L00BN13
032,112025,3227479,3307982,7404,1,1,1,3227479,01/05/1986,F1AL00L00AN12
032,112025,3227483,3308019,7404,1,1,1,3227483,01/05/1986,F1AL00L00AN12
032,112025,3227487,3308056,7404,1,1,1,3227487,01/05/1986,F1AL00L00AN12
032,112025,3227491,3308093,7404,1,1,1,3227491,01/05/1986,F1AL00L00AN12
032,112025,3227495,3308130,7405,1,1,1,3227495,01/01/1968,F3AL00L00BN24
032,112025,3227499,3308167,7404,1,1,1,3227499,01/05/1986,F1AL00L00AN12
032,112025,3227503,3308204,7405,1,1,1,3227503,01/01/1969,F3AL00L00BN24
032,112025,3227507,3308241,7405,1,1,1,3227507,01/10/1988,F1AL00L00AN12
032,112025,3227511,3308278,8409,1,1,1,3227511,01/07/2000,F2AL00L00BN13
032,112025,3227515,3308315,7405,1,1,1,3227515,01/09/1981,F1AL00L00AN12
032,112025,3227519,3308352,7405,1,1,1,3227519,01/05/1957,F2AL00L00BN13
032,112025,3227527,3308426,7405,1,1,1,3227527,01/12/1986,F2AL00L00BN13
032,112025,3227531,3308463,7404,1,1,1,3227531,01/01/1978,F1AL00L00AN12
032,112025,3227535,3308500,7201,1,1,1,3227535,01/08/1984,F2AL00L00BN13
032,112025,3227539,3308537,7404,1,1,1,3227539,01/01/1958,F3AL00L00BN24
032,112025,3227543,3308574,7404,1,1,1,3227543,01/01/1958,F2AL00L00BN13
032,112025,3227547,3308611,7404,1,1,1,3227547,01/05/1986,F3AL00L00BN24
032,112025,3227551,3308648,7405,1,1,1,3227551,01/05/1993,F2AL00L00BN13
032,112025,3227555,3308685,7404,1,1,1,3227555,01/04/1968,F3AL00L00BN24
032,112025,3227559,3308722,7404,1,1,1,3227559,01/01/1978,F1AL00L00AN12
032,112025,3227563,3308759,7404,1,1,1,3227563,01/02/1998,F2AL00L00BN13
032,112025,3227567,3308796,7405,1,1,1,3227567,01/08/1984,F2AL00L00BN13
032,112025,3227571,3308833,7405,1,1,1,3227571,01/06/2001,F2AL00L00BN13
032,112025,3227575,3308870,7403,1,1,1,3227575,01/10/2002,F1AL00L00AN12
032,112025,3227579,3308907,7403,1,1,1,3227579,01/10/2002,F1AL00L00AN12
032,112025,3227583,3308944,7403,1,1,1,3227583,01/10/2002,F1AL00L00AN12
032,112025,3227587,3308981,7403,1,1,1,3227587,01/10/2002,F1AL00L00AN12
032,112025,3227595,3309055,7405,1,1,1,3227595,01/01/1969,F2AL00L00BN13
032,112025,3227599,3309092,7405,1,1,1,3227599,01/01/2003,F2AL00L00BN13
032,112025,3227603,3309129,8409,1,1,1,3227603,01/02/2003,F1AL00L00AN12
032,112025,3227607,3309166,8409,1,1,1,3227607,01/02/2003,F2AL00L00BN13
032,112025,3227611,3309203,8409,1,1,1,3227611,01/02/2003,F2AL00L00BN13
032,112025,3227615,3309240,8409,1,1,1,3227615,01/01/2003,F1AL00L00AN12
032,112025,3227619,3318527,8409,1,1,1,3227619,01/01/2003,F1AL00L00AN12
032,112025,3227623,3309277,8409,1,1,1,3227623,01/02/2003,F2AL00L00BN13
032,112025,3227627,3309314,8409,1,1,1,3227627,01/01/2003,F1AL00L00AN12
032,112025,3227631,3309351,8409,1,1,1,3227631,01/01/2003,F1AL00L00AN12
032,112025,3227635,3309388,8409,1,1,1,3227635,01/01/2003,F1AL00L00AN12
032,112025,3227639,3309425,8409,1,1,1,3227639,01/01/2003,F2AL00L00BN13
032,112025,3227647,3309462,8409,1,1,1,3227647,01/01/2003,F2AL00L00BN13
032,112025,3227651,3309499,8409,1,1,1,3227651,01/01/2003,F2AL00L00BN13
032,112025,3227655,3309536,7405,1,1,1,3227655,01/06/2004,F2AL00L00BN13
032,112025,3227659,3309573,7404,1,1,1,3227659,01/04/2003,F1AL00L00AN12
032,112025,3227663,3309610,7403,1,1,1,3227663,01/04/2003,F2AL00L00BN13
032,112025,3227667,3309647,7403,1,1,1,3227667,01/04/2003,F2AL00L00BN13
032,112025,3227671,3309684,7403,1,1,1,3227671,01/04/2003,F2AL00L00BN13
032,112025,3227675,3309721,7404,1,1,1,3227675,01/05/2003,F3AL00L00BN24
032,112025,3227679,3309758,7405,4,1,1,3227679,01/08/2003,F3AL00L00BN24
032,112025,3227683,3318564,7404,4,1,1,3227683,01/07/2003,F3AL00L00BN24
032,112025,3227691,3316344,7405,1,1,1,3227691,01/12/2003,F3AL00L00BN24
032,112025,3227695,3309832,7405,1,1,1,3227695,01/12/2003,F2AL00L00BN13
032,112025,3227699,3309869,7405,1,1,1,3227699,01/12/2003,F2AL00L00BN13
032,112025,3227703,3309906,7404,1,1,1,3227703,01/12/2003,F1AL00L00AN12
032,112025,3227707,3319045,7404,1,1,1,3227707,01/12/2003,F1AL00L00AN12
032,112025,3227711,3319082,7404,1,1,1,3227711,01/12/2003,F1AL00L00AN12
032,112025,3227715,3309943,7404,1,1,1,3227715,01/12/2003,F1AL00L00AN12
032,112025,3227719,3309980,7404,1,1,1,3227719,01/12/2003,F1AL00L00AN12
032,112025,3227723,3310017,7404,1,1,1,3227723,01/12/2003,F2AL00L00BN13
032,112025,3227727,3310054,7404,1,1,1,3227727,01/12/2003,F2AL00L00BN13
032,112025,3227731,3310091,7403,1,1,1,3227731,01/10/1998,F3AL00L00BN24
032,112025,3227735,3310313,7403,1,1,1,3227735,01/01/2003,F1AL00L00AN12
032,112025,3227739,3310350,7403,1,1,1,3227739,01/01/2003,F1AL00L00AN12
032,112025,3227743,3310387,7403,1,1,1,3227743,01/01/2003,F1AL00L00AN12
032,112025,3227751,3310461,8409,1,1,1,3227751,01/01/2003,F2AL00L00BN13
032,112025,3227755,3311127,7403,1,1,1,3227755,01/09/2005,F3AL00L00BN24
032,112025,3227763,3311164,7404,1,1,1,3227763,01/11/2005,F3AL00L00BN24
032,112025,5672687,5672704,7405,1,1,1,5672687,24/08/2007,F2AL00L00BN13
032,112025,5681150,5681172,7405,1,1,1,5681150,09/01/2007,F2AL00L00BN13
032,112025,5685443,5685495,7404,1,1,1,5685443,25/04/2007,F2AL00L00BN13
032,112025,5702536,5702603,7405,1,1,1,5702536,14/09/2007,F2AL00L00BN13
032,112025,5707280,5707328,7404,1,1,1,5707280,26/01/2007,F2AL00L00BN13
032,112025,5707372,5707424,7404,1,1,1,5707372,26/01/2007,F2AL00L00BN13
032,112025,10146851,10146923,8409,1,1,1,10146851,28/09/2007,F2AL00L00BN13
032,112025,10185370,10185379,7404,1,1,1,10185370,15/09/2007,F2AL00L00BN13
032,112025,10211267,10211323,7405,1,1,1,10211267,31/12/2014,F1AL00L00AN12
032,112025,10219745,10219855,8409,1,1,1,10219745,29/09/2007,F2AL00L00BN13
032,112025,10232789,10232871,7405,1,1,1,10232789,29/06/2007,F2AL00L00BN13
032,112025,10241192,10241208,7404,1,1,1,10241192,13/04/2007,F2AL00L00BN13
032,112025,10245495,10245527,7405,1,1,1,10245495,22/04/2007,F1AL00L00AN12
032,112025,10249782,10249791,7404,1,1,1,10249782,07/04/2007,F1AL00L00AN12
032,112025,10275553,10275562,8409,1,1,1,10275553,30/04/2007,F3AL00L00BN24
032,112025,10279838,10279847,7404,1,1,1,10279838,27/04/2007,F2AL00L00BN13
032,112025,10288427,10288436,7405,1,1,1,10288427,20/07/2007,F2AL00L00BN13
032,112025,10292720,10292729,8409,1,1,1,10292720,30/04/2007,F1AL00L00AN12
032,112025,10301331,10301355,7403,1,1,1,10301331,02/08/2007,F1AL00L00AN12
032,112025,10305602,10305611,7405,1,1,1,10305602,13/07/2007,F2AL00L00BN13
032,112025,10322805,10322845,8409,1,1,1,10322805,24/07/2007,F2AL00L00BN13
032,112025,10327072,10327081,7404,1,1,1,10327072,27/04/2007,F1AL00L00AN12
032,112025,10335661,10335670,7405,1,1,1,10335661,27/04/2007,F1AL00L00AN12
032,112025,10339954,10339963,7405,1,1,1,10339954,27/04/2007,F3AL00L00BN24
032,112025,10344248,10344257,7404,1,1,1,10344248,27/04/2007,F1AL00L00AN12
032,112025,10348542,10348551,7404,1,1,1,10348542,07/04/2007,F1AL00L00AN12
032,112025,10352836,10352873,7403,1,1,1,10352836,27/04/2007,F3AL00L00BN24
032,112025,10361424,10361433,8416,1,1,1,10361424,30/04/2007,F2AL00L00BN13
032,112025,10365718,10365727,8409,1,1,1,10365718,30/04/2007,F1AL00L00AN12
032,112025,10374313,10374365,8416,1,1,1,10374313,29/09/2007,F1AL00L00AN12
032,112025,10391679,10391767,7404,1,1,1,10391679,30/12/2006,F2AL00L00BN13
032,112025,10430143,10430241,7404,1,1,1,10430143,23/02/2007,F2AL00L00BN13
032,112025,10434421,10434633,7404,1,1,1,10434421,23/02/2008,F2AL00L00BN13
032,112025,10447389,10447529,7404,1,1,1,10447389,23/02/2007,F1AL00L00AN12
032,112025,10451667,10451993,7404,1,1,1,10451667,23/02/2007,F2AL00L00BN13
032,112025,10460237,10460519,7404,1,1,1,10460237,23/02/2007,F2AL00L00BN13
032,112025,10485974,10486037,7405,1,1,1,10485974,13/04/2007,F1AL00L00AN12
032,112025,10511758,10511865,7405,1,1,1,10511758,13/04/2007,F2AL00L00BN13
032,112025,10524667,10524903,7405,1,1,1,10524667,13/04/2007,F2AL00L00BN13
032,112025,10528924,10529104,7405,1,1,1,10528924,13/04/2007,F2AL00L00BN13
032,112025,10537656,10538116,7405,1,1,1,10537656,13/04/2007,F1AL00L00AN12
032,112025,10541913,10541946,7405,1,1,1,10541913,25/04/2007,F1AL00L00AN12
032,112025,10988349,10988404,7404,1,1,1,10988349,30/06/2008,F2AL00L00BN13
032,112025,11001367,11001598,7403,1,1,1,11001367,01/01/2008,F3AL00L00BN24
032,112025,11014190,11014279,7403,1,1,1,11014190,18/01/2008,F2AL00L00BN13
032,112025,11031317,11031387,8409,1,1,1,11031317,11/12/2008,F2AL00L00BN13
032,112025,11039984,11040046,7405,1,1,1,11039984,22/01/2008,F2AL00L00BN13
032,112025,11057052,11057141,7405,1,1,1,11057052,30/06/2008,F2AL00L00BN13
032,112025,11190292,11190441,7404,1,1,1,11190292,06/03/2008,F2AL00L00BN13
032,112025,11233651,11234325,7405,1,1,1,11233651,11/02/2008,F2AL00L00BN13
032,112025,11234043,11234360,7405,1,1,1,11234043,11/02/2008,F2AL00L00BN13
032,112025,11293374,11293588,7404,1,1,1,11293374,08/02/2008,F2AL00L00BN13
032,112025,11301810,11301902,8416,1,1,1,11301810,30/06/2008,F1AL00L00AN12
032,112025,11306110,11306200,8416,1,1,1,11306110,29/06/2008,F2AL00L00BN13
032,112025,11366288,11366313,7403,1,1,1,11366288,18/06/2007,F1AL00L00AN12
032,112025,11405430,11405473,7403,1,1,1,11405430,22/06/2007,F2AL00L00BN13
032,112025,11407429,11407573,7403,1,1,1,11407429,22/06/2007,F2AL00L00BN13
032,112025,11409323,11409580,7403,1,1,1,11409323,22/06/2007,F2AL00L00BN13
032,112025,11411400,11411735,7403,1,1,1,11411400,22/06/2007,F3AL00L00BN24
032,112025,11411541,11411798,7403,1,1,1,11411541,22/06/2007,F3AL00L00BN24
032,112025,11473570,11473590,8409,1,1,1,11473570,24/07/2007,F1AL00L00AN12
032,112025,11641127,11641266,7404,1,1,1,11641127,21/10/2008,F2AL00L00BN13
032,112025,11654134,11654211,8409,1,1,1,11654134,02/10/2008,F1AL00L00AN12
032,112025,11885823,11885885,7403,1,1,1,11885823,31/03/2008,F2AL00L00BN13
032,112025,11894645,11894719,7405,1,1,1,11894645,08/11/2008,F2AL00L00BN13
032,112025,12117700,12117734,7405,1,1,1,12117700,05/12/2008,F1AL00L00AN12
032,112025,12233608,12233623,8416,1,1,1,12233608,30/06/2008,F2AL00L00BN13
032,112025,12312436,12312469,7404,1,1,1,12312436,13/02/2009,F2AL00L00BN13
032,112025,12312525,12312794,7404,1,1,1,12312525,13/02/2009,F2AL00L00BN13
032,112025,12312735,12312759,7404,1,1,1,12312735,13/02/2009,F1BL00L00AN12
032,112025,12336675,12336689,7404,1,1,1,12336675,01/07/2009,F3AL00L00BN24
032,112025,12353909,12353943,8416,1,1,1,12353909,12/04/2009,F2AL00L00BN13
032,112025,12362676,12362699,7404,1,1,1,12362676,16/04/2009,F3AL00L00BN24
032,112025,12383946,12383976,7404,1,1,1,12383946,27/04/2009,F1AL00L00AN12
032,112025,12405422,12405446,7404,1,1,1,12405422,23/06/2009,F2AL00L00BN13
032,112025,12426863,12426924,7404,1,1,1,12426863,25/02/2009,F2AL00L00BN13
032,112025,12435460,12435512,7404,1,1,1,12435460,23/01/2009,F2AL00L00BN13
032,112025,12577191,12577247,8409,1,1,1,12577191,08/02/2008,F1AL00L00AN12
032,112025,12723445,12723879,7405,1,1,1,12723445,01/08/2009,F2AL00L00BN13
032,112025,12727472,12727481,7405,1,1,1,12727472,04/09/2009,F1AL00L00AN12
032,112025,12749066,12749090,7405,1,1,1,12749066,04/02/2009,F1BL00L00AN12
032,112025,12757509,12757562,7405,1,1,1,12757509,04/02/2009,F2AL00L00BN13
032,112025,12761878,12761946,7405,1,1,1,12761878,04/02/2009,F2AL00L00BN13
032,112025,12766121,12766142,7405,1,1,1,12766121,04/02/2009,F2AL00L00BN13
032,112025,12774881,12774904,7405,1,1,1,12774881,04/02/2009,F1AL00L00AN12
032,112025,12787839,12787862,7405,1,1,1,12787839,04/02/2009,F2AL00L00BN13
032,112025,12787918,12788039,7405,1,1,1,12787918,04/02/2009,F2AL00L00BN13
032,112025,12835407,12835432,7404,1,1,1,12835407,01/08/2009,F3AL00L00BN24
032,112025,12835488,12835541,7404,1,1,1,12835488,01/08/2009,F2AL00L00BN13
032,112025,12894895,12894905,7405,1,1,1,12894895,04/09/2009,F2AL00L00BN13
032,112025,13227939,13227969,7405,1,1,1,13227939,15/09/2009,F2AL00L00BN13
032,112025,13228202,13228298,7405,1,1,1,13228202,15/09/2009,F3AL00L00BN24
032,112025,13228362,13228393,7405,1,1,1,13228362,15/09/2009,F3AL00L00BN24
032,112025,13251288,13251316,7405,1,1,1,13251288,15/09/2009,F2AL00L00BN13
032,112025,13268676,13268699,7405,1,1,1,13268676,15/09/2009,F2AL00L00BN13
032,112025,13474759,13474785,8416,1,1,1,13474759,04/09/2009,F2AL00L00BN13
032,112025,13478936,13478961,7405,1,1,1,13478936,25/01/2009,F3AL00L00BN24
032,112025,13938360,13938386,7405,1,1,1,13938360,01/10/2009,F2AL00L00BN13
032,112025,13959863,13959888,7404,1,1,1,13959863,18/11/2009,F2AL00L00BN13
032,112025,14015902,14015929,7405,1,1,1,14015902,10/10/2009,F2AL00L00BN13
032,112025,14045722,14045749,7405,1,1,1,14045722,01/10/2009,F2AL00L00BN13
032,112025,14054308,14054329,8409,1,1,1,14054308,01/10/2009,F1AL00L00AN12
032,112025,14092955,14092983,7404,1,1,1,14092955,01/10/2009,F2AL00L00BN13
032,112025,14153098,14153117,8416,1,1,1,14153098,18/11/2009,F2AL00L00BN13
032,112025,14174514,14174542,8416,1,1,1,14174514,01/10/2009,F2AL00L00BN13
032,112025,14200259,14200321,7403,1,1,1,14200259,01/10/2009,F2AL00L00BN13
032,112025,14204561,14204616,7406,1,1,1,14204561,01/10/2009,F2AL00L00BN13
032,112025,14230319,14230392,8409,1,1,1,14230319,01/10/2009,F1AL00L00AN12
032,112025,14281861,14281889,7404,1,1,1,14281861,01/10/2009,F1AL00L00AN12
032,112025,14281931,14281958,7404,1,1,1,14281931,01/10/2009,F1AL00L00AN12
032,112025,14290442,14290473,7404,1,1,1,14290442,01/10/2009,F1AL00L00AN12
032,112025,14303315,14303370,8416,1,1,1,14303315,01/10/2009,F2AL00L00BN13
032,112025,14307611,14307678,8409,1,1,1,14307611,01/10/2009,F1AL00L00AN12
032,112025,14350588,14350622,7405,1,1,1,14350588,01/10/2009,F2AL00L00BN13
032,112025,14367727,14367788,8409,1,1,1,14367727,01/10/2009,F1AL00L00AN12
032,112025,14376332,14376378,8416,1,1,1,14376332,01/10/2009,F2AL00L00BN13
032,112025,14389206,14389243,7405,1,1,1,14389206,01/10/2009,F2AL00L00BN13
032,112025,14397870,14397910,7404,1,1,1,14397870,01/10/2009,F2AL00L00BN13
032,112025,14402107,14402162,7405,1,1,1,14402107,15/09/2009,F2AL00L00BN13
032,112025,18129321,18129346,8409,1,1,1,18129321,01/03/2010,F2AL00L00BN13
032,112025,18133622,18133644,7405,1,1,1,18133622,01/03/2010,F2AL00L00BN13
032,112025,18146471,18146522,7403,1,1,1,18146471,01/03/2010,F2AL00L00BN13
032,112025,18150777,18150801,7404,1,1,1,18150777,01/03/2010,F2AL00L00BN13
032,112025,18167962,18167988,8409,1,1,1,18167962,01/03/2010,F2AL00L00BN13
032,112025,18172255,18172276,7405,1,1,1,18172255,01/03/2010,F2AL00L00BN13
032,112025,18180879,18180908,7404,1,1,1,18180879,01/03/2010,F3AL00L00BN24
032,112025,18215382,18215456,7405,1,1,1,18215382,01/03/2010,F2AL00L00BN13
032,112025,18515977,18516063,7405,1,1,1,18515977,30/12/2009,F2AL00L00BN13
032,112025,18675096,18675120,7405,1,1,1,18675096,01/04/2010,F1AL00L00AN12
032,112025,18717577,18717601,8409,1,1,1,18717577,01/04/2010,F3AL00L00BN24
032,112025,18812041,18812074,7405,1,1,1,18812041,28/05/2010,F3AL00L00BF44
032,112025,18816338,18816366,7405,1,1,1,18816338,28/05/2010,F3AL00L00BF21
032,112025,18824927,18824948,7404,1,1,1,18824927,01/05/2010,F1AL00L00AN12
032,112025,18838544,18838587,7405,1,1,1,18838544,11/05/2010,F3AL00L00BF44
032,112025,18855033,18855054,8409,1,1,1,18855033,01/05/2010,F1AL00L00AN12
032,112025,18872216,18872283,8409,1,1,1,18872216,01/05/2010,F2AL00L00BN13
032,112025,18897935,18897956,8409,1,1,1,18897935,01/05/2010,F2AL00L00BN13
032,112025,19074253,19074334,8409,1,1,1,19074253,30/06/2010,F2AL00L00BN13
032,112025,19078355,19078386,7404,1,1,1,19078355,25/06/2010,F2AL00L00BN13
032,112025,19082632,19082665,7404,1,1,1,19082632,25/06/2010,F3AL00L00BF44
032,112025,19086974,19087010,7403,1,1,1,19086974,25/06/2010,F2AL00L00BN13
032,112025,19091151,19091177,7405,1,1,1,19091151,25/06/2010,F2AL00L00BN13
032,112025,19104009,19104024,7405,1,1,1,19104009,25/06/2010,F2AL00L00BN13
032,112025,19134114,19134138,7405,1,1,1,19134114,15/06/2010,F3AL00L00BN24
032,112025,19142701,19142728,7404,1,1,1,19142701,01/06/2010,F3AL00L00BN24
032,112025,19147232,19147261,7405,1,1,1,19147232,15/06/2010,F3AL00L00BN24
032,112025,19155584,19155605,7405,1,1,1,19155584,25/06/2010,F2AL00L00BN13
032,112025,19159928,19159970,8409,1,1,1,19159928,30/06/2010,F1AL00L00AN12
032,112025,19164278,19164327,7404,1,1,1,19164278,25/06/2010,F2AL00L00BN13
032,112025,19301613,19301635,7405,1,1,1,19301613,01/07/2010,F1AL00L00AN12
032,112025,19305952,19305973,8409,1,1,1,19305952,23/07/2010,F2AL00L00BN13
032,112025,19310167,19310188,7404,1,1,1,19310167,01/07/2010,F2AL00L00BN13
032,112025,19314686,19314707,7403,1,1,1,19314686,02/07/2010,F2AL00L00BN13
032,112025,19318744,19318763,7404,1,1,1,19318744,19/07/2010,F2AL00L00BN13
032,112025,19327369,19327396,7403,1,1,1,19327369,16/07/2010,F1AL00L00AN12
032,112025,19335931,19335952,7405,1,1,1,19335931,16/07/2010,F1AL00L00AN12
032,112025,19340278,19340305,7404,1,1,1,19340278,16/07/2010,F1BL00L00AN12
032,112025,19348811,19348832,7404,1,1,1,19348811,16/07/2010,F1AL00L00AN12
032,112025,19391758,19391780,7405,1,1,1,19391758,19/07/2010,F2AL00L00BN13
032,112025,19409085,19409109,7404,1,1,1,19409085,19/07/2010,F3AL00L00BN24
032,112025,19417638,19417662,7404,1,1,1,19417638,05/07/2010,F2AL00L00BN13
032,112025,19447857,19447889,8409,1,1,1,19447857,22/07/2010,F2AL00L00BN13
032,112025,19456161,19456188,7405,1,1,1,19456161,16/07/2010,F1AL00L00AN12
032,112025,19460443,19460464,7404,1,1,1,19460443,23/07/2010,F2AL00L00BN13
032,112025,19559218,19559239,8409,1,1,1,19559218,30/08/2010,F2AL00L00BN13
032,112025,19908258,19908290,7404,1,1,1,19908258,20/10/2010,F2AL00L00BN13
032,112025,19908352,19908373,7404,1,1,1,19908352,20/10/2010,F2AL00L00BN13
032,112025,20058996,20059019,7405,1,1,1,20058996,27/10/2010,F2AL00L00BN13
032,112025,20059182,20059203,7405,1,1,1,20059182,27/10/2010,F2AL00L00BN13
032,112025,20059335,20059357,7405,1,1,1,20059335,27/10/2010,F2AL00L00BN13
032,112025,21182908,21182930,7403,1,1,1,21182908,17/11/2010,F2AL00L00BN13
032,112025,21276865,21276899,7405,1,1,1,21276865,12/11/2010,F1AL00L00AN12
032,112025,21319837,21319936,7403,1,1,1,21319837,19/11/2010,F2AL00L00BN13
032,112025,23642948,23642975,7404,1,1,1,23642948,01/01/2011,F2AL00L00BN13
032,112025,23672933,23672955,7405,1,1,1,23672933,01/01/2011,F2AL00L00BN13
032,112025,23857683,23857709,7403,1,1,1,23857683,01/02/2011,F2AL00L00BN13
032,112025,24291462,24291609,8416,1,1,1,24291462,27/03/2011,F2AL00L00BN13
032,112025,24295632,24295703,8416,1,1,1,24295632,27/03/2011,F2AL00L00BN13
032,112025,24377074,24377105,8416,1,1,1,24377074,28/03/2011,F2AL00L00BN13
032,112025,24390039,24390060,8416,1,1,1,24390039,28/03/2011,F1AL00L00AN12
032,112025,24394302,24394351,8416,1,1,1,24394302,28/03/2011,F1AL00L00AN12
032,112025,24398575,24398605,8416,1,1,1,24398575,28/03/2011,F2AL00L00BN13
032,112025,24402845,24402891,8416,1,1,1,24402845,28/03/2011,F2AL00L00BN13
032,112025,24432928,24432949,8416,1,1,1,24432928,28/03/2011,F2AL00L00BN13
032,112025,24441521,24441574,8416,1,1,1,24441521,28/03/2011,F2AL00L00BN13
032,112025,24445818,24445883,8416,1,1,1,24445818,28/03/2011,F2AL00L00BN13
032,112025,24505926,24505969,8409,1,1,1,24505926,30/04/2011,F1AL00L00AN12
032,112025,24514811,24514892,8409,1,1,1,24514811,25/04/2011,F1AL00L00AN12
032,112025,24518962,24519094,8409,1,1,1,24518962,25/04/2011,F1AL00L00AN12
032,112025,24536258,24536289,7405,1,1,1,24536258,18/04/2011,F2AL00L00BN13
032,112025,24544557,24544584,7404,1,1,1,24544557,12/04/2011,F3AL00L00BN24
032,112025,24617514,24617544,7405,1,1,1,24617514,20/04/2011,F1AL00L00AN12
032,112025,24621800,24621815,7405,1,1,1,24621800,20/04/2011,F2AL00L00BN13
032,112025,24626126,24626148,7404,1,1,1,24626126,14/04/2011,F3AL00L00BN24
032,112025,24669042,24669071,7404,1,1,1,24669042,20/04/2011,F1AL00L00AN12
032,112025,24673326,24673335,7404,1,1,1,24673326,20/04/2011,F3AL00L00BN24
032,112025,24677634,24677667,7404,1,1,1,24677634,20/04/2011,F3AL00L00BF44
032,112025,24686220,24686249,7405,1,1,1,24686220,14/04/2011,F2AL00L00BN13
032,112025,24707688,24707719,7404,1,1,1,24707688,14/04/2011,F2AL00L00BN13
032,112025,24711984,24712012,7404,1,1,1,24711984,14/04/2011,F2AL00L00BN13
032,112025,24793589,24793602,8416,1,1,1,24793589,30/05/2011,F3AL00L00BN24
032,112025,24823660,24823710,7403,1,1,1,24823660,12/04/2011,F3AL00L00BN24
032,112025,24828044,24828065,7404,1,1,1,24828044,18/04/2011,F3AL00L00BF44
032,112025,24836498,24836508,7405,1,1,1,24836498,01/06/2011,F2AL00L00BN13
032,112025,24853674,24853685,8416,1,1,1,24853674,01/06/2011,F1AL00L00AN12
032,112025,25042676,25042710,7405,1,1,1,25042676,07/07/2011,F2AL00L00BN13
032,112025,25051208,25051237,8416,1,1,1,25051208,30/06/2011,F2AL00L00BN13
032,112025,25055502,25055531,8416,1,1,1,25055502,30/06/2011,F1AL00L00AN12
032,112025,25069128,25069307,8409,1,1,1,25069128,30/06/2011,F2AL00L00BN13
032,112025,25077069,25077093,7405,1,1,1,25077069,23/06/2011,F1AL00L00AN12
032,112025,25094138,25094162,7404,1,1,1,25094138,01/06/2011,F2AL00L00BN13
032,112025,25098468,25098537,7403,1,1,1,25098468,07/07/2011,F2AL00L00BN13
032,112025,25102813,25102846,7404,1,1,1,25102813,07/07/2011,F2AL00L00BN13
032,112025,25132794,25132828,7404,1,1,1,25132794,10/06/2011,F3AL00L00BF44
032,112025,25141382,25141412,7404,1,1,1,25141382,10/06/2011,F2AL00L00BN13
032,112025,25158609,25158756,7405,1,1,1,25158609,15/06/2011,F3AL00L00BN24
032,112025,25167217,25167240,7405,1,1,1,25167217,03/06/2011,F3AL00L00BN24
032,112025,25184335,25184351,7405,1,1,1,25184335,10/06/2011,F1AL00L00AN12
032,112025,25227335,25227356,8409,1,1,1,25227335,30/06/2011,F2AL00L00BN13
032,112025,25510713,25510723,7404,1,1,1,25510713,31/12/2010,F2AL00L00BN13
032,112025,25639910,25639931,7403,1,1,1,25639910,01/07/2011,F2AL00L00BN13
032,112025,25746827,25746836,7403,1,1,1,25746827,20/09/2011,F2AL00L00BN13
032,112025,25755512,25755540,7405,1,1,1,25755512,31/12/2010,F2AL00L00BN13
032,112025,25764136,25764238,7405,1,1,1,25764136,14/09/2011,F2AL00L00BN13
032,112025,25772592,25772602,7404,1,1,1,25772592,01/09/2011,F1AL00L00AN12
032,112025,25794062,25794072,7404,1,1,1,25794062,30/05/2011,F1AL00L00AN12
032,112025,25802683,25802704,7403,1,1,1,25802683,11/08/2011,F3AL00L00BN24
032,112025,26219167,26219177,7404,1,1,1,26219167,04/11/2011,F2AL00L00BN13
032,112025,26820397,26820420,7404,1,1,1,26820397,02/02/2012,F2AL00L00BN13
032,112025,26889081,26889104,7403,1,1,1,26889081,05/01/2012,F2AL00L00BN13
032,112025,26902695,26902860,8409,1,1,1,26902695,01/02/2012,F3AL00L00BN24
032,112025,26902971,27241333,8409,1,1,1,26902971,01/02/2012,F2AL00L00BN13
032,112025,26906709,26906870,7405,1,1,1,26906709,01/02/2012,F2AL00L00BN13
032,112025,26906815,26906935,7405,1,1,1,26906815,01/02/2012,F2AL00L00BN13
032,112025,26941028,26941051,7405,1,1,1,26941028,29/02/2012,F2AL00L00BN13
032,112025,26951282,26951309,7404,1,1,1,26951282,17/02/2012,F2AL00L00BN13
032,112025,26951409,26951430,7404,1,1,1,26951409,17/02/2012,F2AL00L00BN13
032,112025,26951509,26951530,7404,1,1,1,26951509,17/02/2012,F2AL00L00BN13
032,112025,26951639,26951696,7404,1,1,1,26951639,17/02/2012,F2AL00L00BN13
032,112025,26951966,26952012,7404,1,1,1,26951966,17/02/2012,F1AL00L00AN12
032,112025,26952240,26952265,7404,1,1,1,26952240,17/02/2012,F2AL00L00BN13
032,112025,26953440,26953450,7405,1,1,1,26953440,02/02/2012,F2AL00L00BN13
032,112025,26987843,26987864,7403,1,1,1,26987843,07/03/2012,F3AL00L00BF44
032,112025,26992089,26992100,7405,1,1,1,26992089,07/03/2012,F1AL00L00AN12
032,112025,26996382,26996391,7405,1,1,1,26996382,07/03/2012,F2AL00L00BN13
032,112025,27893826,27893836,7405,1,1,1,27893826,31/12/2011,F2AL00L00BN13
032,112025,28074268,28074289,7405,1,1,1,28074268,27/04/2012,F2AL00L00BN13
032,112025,28649642,28649663,7403,1,1,1,28649642,29/06/2012,F1AL00L00AN12
032,112025,28666748,28666758,8416,1,1,1,28666748,16/03/2012,F2AL00L00BN13
032,112025,28675334,28675346,8409,1,1,1,28675334,16/03/2012,F1AL00L00AN12
032,112025,28701414,28701463,7404,1,1,1,28701414,08/06/2012,F3AL00L00BN24
032,112025,28710558,28710829,7404,1,1,1,28710558,23/05/2012,F2AL00L00BN13
032,112025,28710683,28710899,7404,1,1,1,28710683,23/05/2012,F2AL00L00BN13
032,112025,28710802,28710864,7404,1,1,1,28710802,23/05/2012,F2AL00L00BN13
032,112025,28927817,28928479,7403,1,1,1,28927817,31/07/2012,F2AL00L00BN13
032,112025,28928035,28928444,7403,1,1,1,28928035,31/07/2012,F2AL00L00BN13
032,112025,28928211,28928552,7403,1,1,1,28928211,31/07/2012,F3AL00L00BN24
032,112025,28928344,28928401,7403,1,1,1,28928344,31/07/2012,F2AL00L00BN13
032,112025,29091894,29091998,7405,1,1,1,29091894,20/06/2012,F2AL00L00BN13
032,112025,29224984,29225013,7404,1,1,1,29224984,29/06/2012,F2AL00L00BN13
032,112025,29229272,29229306,7405,1,1,1,29229272,29/06/2012,F3AL00L00BN24
032,112025,29529939,29529960,8409,1,1,1,29529939,01/08/2012,F2AL00L00BN13
032,112025,29538573,29538610,8409,1,1,1,29538573,01/08/2012,F2AL00L00BN13
032,112025,29589987,29590008,7405,1,1,1,29589987,31/12/2011,F2AL00L00BN13
032,112025,29675926,29676014,7404,1,1,1,29675926,05/09/2012,F3AL00L00BN24
032,112025,29703194,29703215,8409,1,1,1,29703194,16/10/2012,F2AL00L00BN13
032,112025,29714509,29714519,7405,1,1,1,29714509,12/10/2012,F3AL00L00BN24
032,112025,29718776,29718790,7403,1,1,1,29718776,12/10/2012,F1AL00L00AN12
032,112025,29723085,29723094,7405,1,1,1,29723085,19/10/2012,F2AL00L00BN13
032,112025,29727364,29727374,7405,1,1,1,29727364,19/10/2012,F1AL00L00AN12
032,112025,29847752,29847773,7405,1,1,1,29847752,26/10/2012,F2AL00L00BN13
032,112025,29860550,29860572,7405,1,1,1,29860550,18/08/2012,F1AL00L00AN12
032,112025,29917465,29917518,8409,1,1,1,29917465,09/11/2012,F2AL00L00BN13
032,112025,29917636,29917657,8409,1,1,1,29917636,09/11/2012,F2AL00L00BN13
032,112025,29917746,29917767,8409,1,1,1,29917746,09/11/2012,F2AL00L00BN13
032,112025,29917848,29917873,8409,1,1,1,29917848,09/11/2012,F2AL00L00BN13
032,112025,29917949,29917981,8409,1,1,1,29917949,09/11/2012,F2AL00L00BN13
032,112025,30058452,30058473,7405,1,1,1,30058452,20/11/2012,F2AL00L00BN13
032,112025,30066949,30066970,8409,1,1,1,30066949,22/11/2012,F2AL00L00BN13
032,112025,30127104,30127144,7405,1,1,1,30127104,04/12/2012,F2AL00L00BN13
032,112025,30178283,30178304,8409,1,1,1,30178283,22/11/2012,F3AL00L00BN24
032,112025,30228177,30228186,7404,1,1,1,30228177,01/12/2012,F2AL00L00BN13
032,112025,30228294,30228315,7405,1,1,1,30228294,01/12/2012,F3AL00L00BN24
032,112025,30295016,30295077,7405,1,1,1,30295016,19/12/2012,F2AL00L00BN13
032,112025,30302796,30302818,8409,1,1,1,30302796,02/01/2013,F2AL00L00BN13
032,112025,30315683,30315708,7403,1,1,1,30315683,14/12/2012,F2AL00L00BN13
032,112025,30792299,30792319,7403,1,1,1,30792299,01/03/2013,F2AL00L00BN13
032,112025,30801647,30801706,8409,1,1,1,30801647,22/01/2013,F1AL00L00AN12
032,112025,30818122,30818143,8416,1,1,1,30818122,24/01/2013,F2AL00L00BN13
032,112025,30839544,30839567,7405,1,1,1,30839544,01/03/2013,F2AL00L00BN13
032,112025,30865331,30865359,7404,1,1,1,30865331,03/12/2012,F2BL00L00BN13
032,112025,30869617,30869626,7403,1,1,1,30869617,18/01/2013,F1AL00L00AN12
032,112025,30874157,30874178,8409,1,1,1,30874157,24/01/2013,F3AL00L00BN24
032,112025,30882568,30882597,7405,1,1,1,30882568,18/01/2013,F2AL00L00BN13
032,112025,30895332,30895341,7404,1,1,1,30895332,01/03/2013,F2AL00L00BN13
032,112025,30899626,30899636,7405,1,1,1,30899626,01/03/2013,F2AL00L00BN13
032,112025,30908216,30908225,7405,1,1,1,30908216,01/03/2013,F2AL00L00BN13
032,112025,31080563,31080678,7403,1,1,1,31080563,11/04/2013,F3AL00L00BF44
032,112025,31080734,31080954,7403,1,1,1,31080734,11/04/2013,F3AL00L00BF44
032,112025,31702662,31702675,7405,4,1,1,31702662,01/03/2005,F2AL00L00BN13
032,112025,31861620,31861688,7405,1,1,1,31861620,08/08/2013,F2AL00L00BN13
032,112025,31874385,31874397,7403,1,1,1,31874385,01/03/2013,F2AL00L00BN13
032,112025,31878667,31878703,7405,1,1,1,31878667,10/07/2013,F2AL00L00BN13
032,112025,32110554,32110603,7404,1,1,1,32110554,31/05/2013,F2BL00L00BN13
032,112025,32411150,32411213,7404,1,1,1,32411150,28/08/2013,F2AL00L00BN13
032,112025,32450024,32450033,7405,1,1,1,32450024,01/05/2013,F2AL00L00BN13
032,112025,32450395,32450404,7405,1,1,1,32450395,01/05/2013,F2AL00L00BN13
032,112025,32450851,32450863,7405,1,1,1,32450851,01/05/2013,F2AL00L00BN13
032,112025,32451554,32451563,7405,1,1,1,32451554,01/05/2013,F1AL00L00AN12
032,112025,32452291,32452300,7405,1,1,1,32452291,01/05/2013,F2AL00L00BN13
032,112025,32462679,32462731,7404,1,1,1,32462679,27/09/2013,F2AL00L00BN13
032,112025,32471298,32471346,7403,1,1,1,32471298,19/09/2013,F2AL00L00BN13
032,112025,32600076,32600134,8416,1,1,1,32600076,26/04/2013,F2AL00L00BN13
032,112025,32600469,32600554,8409,1,1,1,32600469,26/04/2013,F2AL00L00BN13
032,112025,32613009,32613040,7405,1,1,1,32613009,18/01/2013,F3AL00L00BN24
032,112025,32625904,32625950,7404,1,1,1,32625904,17/04/2013,F1AL00L00AN12
032,112025,32630146,32630179,7405,1,1,1,32630146,28/06/2013,F1BL00L00AN12
032,112025,32630213,32630285,7405,1,1,1,32630213,28/06/2013,F1AL00L00AN12
032,112025,32630361,32630396,7405,1,1,1,32630361,28/06/2013,F1BL00L00AN12
032,112025,32638772,32638805,7405,1,1,1,32638772,31/05/2013,F3AL00L00BN24
032,112025,32651618,32651671,8409,1,1,1,32651618,13/06/2013,F2AL00L00BN13
032,112025,32664574,32664648,7404,1,1,1,32664574,28/06/2013,F3AL00L00BN24
032,112025,32754838,32754872,7405,1,1,1,32754838,12/06/2013,F1AL00L00AN12
032,112025,32754921,32754958,7405,1,1,1,32754921,12/06/2013,F2AL00L00BN13
032,112025,32789605,32789679,7405,1,1,1,32789605,27/09/2013,F2AL00L00BN13
032,112025,32802090,32802165,7405,1,1,1,32802090,28/08/2013,F1AL00L00AN12
032,112025,32930807,32930840,7405,1,1,1,32930807,01/05/2013,F2AL00L00BN13
032,112025,32930906,32930939,7405,1,1,1,32930906,01/05/2013,F2AL00L00BN13
032,112025,32943600,32943609,8409,1,1,1,32943600,08/07/2013,F2AL00L00BN13
032,112025,32956528,32956556,7405,1,1,1,32956528,05/12/2013,F3AL00L00BN24
032,112025,33021187,33021211,7404,1,1,1,33021187,25/12/2013,F3AL00L00BN24
032,112025,33098602,33098629,7405,1,1,1,33098602,24/05/2013,F2AL00L00BN13
032,112025,33356339,40090840,8416,1,1,1,33356339,07/02/2014,F2AL00L00BN13
032,112025,33424970,33425635,7404,1,1,1,33424970,10/01/2014,F3AL00L00BN24
032,112025,33425018,33425670,7404,1,1,1,33425018,10/01/2014,F3AL00L00BN24
032,112025,33428820,33428845,8409,1,1,1,33428820,19/08/2013,F2AL00L00BN13
032,112025,33441770,33441803,7404,1,1,1,33441770,27/11/2013,F1AL00L00AN12
032,112025,33446045,33446070,7403,1,1,1,33446045,29/11/2013,F2AL00L00BN13
032,112025,33454573,33454585,8409,1,1,1,33454573,11/12/2013,F2AL00L00BN13
032,112025,33476103,33476136,7403,1,1,1,33476103,23/05/2014,F2AL00L00BN13
032,112025,33501839,33501861,7405,1,1,1,33501839,24/01/2014,F2AL00L00BN13
032,112025,33532024,33532330,7403,1,1,1,33532024,04/04/2014,F2AL00L00BN13
032,112025,33536353,33536721,7403,1,1,1,33536353,04/04/2014,F2AL00L00BN13
032,112025,33561966,33561993,8409,1,1,1,33561966,14/04/2014,F2AL00L00BN13
032,112025,33592125,33592257,7403,1,1,1,33592125,04/04/2014,F1AL00L00AN12
032,112025,33596543,33596673,7404,1,1,1,33596543,17/12/2013,F1AL00L00AN12
032,112025,33604983,33605006,7404,1,1,1,33604983,20/12/2013,F2AL00L00BN13
032,112025,33669384,33669454,7403,1,1,1,33669384,01/01/2014,F3AL00L00BF44
032,112025,33669419,33669501,7403,1,1,1,33669419,01/01/2014,F3AL00L00BF44
032,112025,33669578,33669622,7403,1,1,1,33669578,01/01/2014,F2AL00L00BN13
032,112025,33742425,33742522,7405,1,1,1,33742425,17/04/2014,F2AL00L00BN13
032,112025,33828192,33828289,7405,1,1,1,33828192,17/04/2014,F2AL00L00BN13
032,112025,33849658,33849710,7405,1,1,1,33849658,17/04/2014,F3AL00L00BN24
032,112025,33853959,33854002,7405,1,1,1,33853959,17/04/2014,F1AL00L00AN12
032,112025,33858260,33858290,7404,1,1,1,33858260,11/04/2014,F2AL00L00BN13
032,112025,33868270,33868291,7404,1,1,1,33868270,30/04/2016,F2AL00L00BN13
032,112025,33871188,33871304,7404,1,1,1,33871188,12/06/2014,F2AL00L00BN13
032,112025,33875517,33875539,7404,1,1,1,33875517,16/04/2014,F2AL00L00BN13
032,112025,33884055,33884215,7403,1,1,1,33884055,23/06/2014,F2AL00L00BN13
032,112025,33884176,33884248,7403,1,1,1,33884176,23/06/2014,F2AL00L00BN13
032,112025,33888351,33888397,7404,1,1,1,33888351,30/06/2014,F1AL00L00AN12
032,112025,33901178,33901205,7405,1,1,1,33901178,03/06/2014,F2AL00L00BN13
032,112025,33987064,33987085,7404,1,1,1,33987064,04/07/2014,F2AL00L00BN13
032,112025,34060084,34060110,8409,1,1,1,34060084,11/06/2014,F1AL00L00AN12
032,112025,34064368,34064389,7404,1,1,1,34064368,04/07/2014,F1AL00L00AN12
032,112025,34073047,34073352,7403,1,1,1,34073047,29/07/2014,F1AL00L00AN12
032,112025,34094411,34094446,7404,1,1,1,34094411,04/07/2014,F1AL00L00AN12
032,112025,34098711,34098735,7404,1,1,1,34098711,04/07/2014,F2AL00L00BN13
032,112025,34167699,34167951,7405,1,1,1,34167699,29/11/2013,F2AL00L00BN13
032,112025,34168385,34168527,7405,1,1,1,34168385,29/11/2013,F2AL00L00BN13
032,112025,34240561,34240586,8409,1,1,1,34240561,18/07/2014,F2AL00L00BN13
032,112025,34291944,34291991,7403,1,1,1,34291944,25/08/2014,F3AL00L00BN24
032,112025,34296292,34296313,7405,1,1,1,34296292,26/08/2014,F2AL00L00BN13
032,112025,34343522,34343628,7404,1,1,1,34343522,12/09/2014,F2AL00L00BN13
032,112025,34403666,34404119,7404,1,1,1,34403666,19/09/2014,F3AL00L00BF44
032,112025,34502902,34502936,7404,1,1,1,34502902,07/10/2014,F2AL00L00BN13
032,112025,34523807,34523839,7405,1,1,1,34523807,24/10/2014,F2AL00L00BN13
032,112025,35378922,35379030,7405,1,1,1,35378922,05/01/2015,F3AL00L00BN24
032,112025,35399907,35400606,8416,1,1,1,35399907,01/01/2015,F3AL00L00BN24
032,112025,35416943,35416991,7404,1,1,1,35416943,11/12/2014,F2AL00L00BN13
032,112025,35764781,35764840,7405,1,1,1,35764781,23/03/2015,F2AL00L00BN13
032,112025,35786707,35786731,7404,1,1,1,35786707,03/02/2015,F3AL00L00BN24
032,112025,35790965,35792004,7404,1,1,1,35790965,13/04/2015,F3AL00L00BN24
032,112025,35807756,35807824,7403,1,1,1,35807756,26/03/2015,F2AL00L00BN13
032,112025,35812241,35813327,7404,1,1,1,35812241,10/04/2015,F3AL00L00BF44
032,112025,35812366,35813124,7404,1,1,1,35812366,10/04/2015,F3AL00L00BF44
032,112025,35820575,35820601,8409,1,1,1,35820575,21/03/2015,F2AL00L00BN13
032,112025,35988042,35988051,8416,1,1,1,35988042,05/06/2015,F2AL00L00BN13
032,112025,35992330,35992378,7404,1,1,1,35992330,01/07/2015,F2AL00L00BN13
032,112025,36009498,36009507,8409,1,1,1,36009498,08/07/2015,F1AL00L00AN12
032,112025,36013781,36013836,7404,1,1,1,36013781,28/07/2015,F2AL00L00BN13
032,112025,36022827,36022852,8409,1,1,1,36022827,05/06/2015,F2AL00L00BN13
032,112025,36043866,36043898,7404,1,1,1,36043866,28/07/2015,F3AL00L00BN24
032,112025,36044052,36044306,7404,1,1,1,36044052,28/07/2015,F3AL00L00BN24
032,112025,36044107,36044128,7404,1,1,1,36044107,28/07/2015,F3AL00L00BN24
032,112025,36164073,36164101,8409,1,1,1,36164073,06/08/2015,F1AL00L00AN12
032,112025,36241369,36241436,7405,1,1,1,36241369,23/09/2015,F2AL00L00BN13
032,112025,36245721,36245776,7404,1,1,1,36245721,14/09/2015,F2AL00L00BN13
032,112025,36250164,36250386,7404,1,1,1,36250164,24/08/2015,F2AL00L00BN13
032,112025,39139919,39139941,7405,1,1,1,39139919,23/09/2015,F2AL00L00BN13
032,112025,39144595,39144637,7404,1,1,1,39144595,14/09/2015,F2AL00L00BN13
032,112025,39167612,39167645,7405,1,1,1,39167612,16/12/2015,F3AL00L00BN24
032,112025,39190792,39191001,7404,1,1,1,39190792,16/12/2015,F3AL00L00BN24
032,112025,39214508,39214529,7404,1,1,1,39214508,17/07/2015,F2AL00L00BN13
032,112025,39228915,39228945,7404,1,1,1,39228915,31/03/2016,F2AL00L00BN13
032,112025,39486471,39486537,7404,1,1,1,39486471,31/12/2015,F2AL00L00BN13
032,112025,39486689,39487471,7405,1,1,1,39486689,31/12/2015,F2AL00L00BN13
032,112025,39486779,39487288,7405,1,1,1,39486779,31/12/2015,F1AL00L00AN12
032,112025,39486837,39487357,7405,1,1,1,39486837,31/12/2015,F1AL00L00AN12
032,112025,39486899,39487436,7405,1,1,1,39486899,31/12/2015,F1AL00L00AN12
032,112025,39487170,39487561,7405,1,1,1,39487170,31/12/2015,F1AL00L00AN12
032,112025,39495888,40083147,7405,1,1,1,39495888,31/12/2015,F2AL00L00BN13
032,112025,39496011,39496086,7405,1,1,1,39496011,31/12/2015,F2AL00L00BN13
032,112025,39496227,39496303,7405,1,1,1,39496227,31/12/2015,F1AL00L00AN12
032,112025,39496483,39496718,7405,1,1,1,39496483,31/12/2015,F1AL00L00AN12
032,112025,39496764,39497032,7405,1,1,1,39496764,31/12/2015,F2AL00L00BN13
032,112025,39518853,39518961,7404,1,1,1,39518853,31/12/2015,F2AL00L00BN13
032,112025,39523427,39523436,7405,1,1,1,39523427,16/03/2016,F2AL00L00BN13
032,112025,39528053,39528097,7405,1,1,1,39528053,02/03/2016,F3AL00L00BN24
032,112025,39532670,39532709,7404,1,1,1,39532670,02/03/2016,F3AL00L00BN24
032,112025,39574260,39574269,8409,1,1,1,39574260,24/02/2016,F2AL00L00BN13
032,112025,39606597,39606606,7405,1,1,1,39606597,31/03/2016,F2AL00L00BN13
032,112025,39879260,39879312,7404,1,1,1,39879260,06/05/2016,F2AL00L00BN13
032,112025,39893105,39893116,7405,1,1,1,39893105,06/05/2016,F2AL00L00BN13
032,112025,39897719,39897729,7405,1,1,1,39897719,13/05/2016,F1AL00L00AN12
032,112025,40641773,40641968,7405,1,1,1,40641773,20/05/2016,F2AL00L00BN13
032,112025,40872757,40872858,8416,1,1,1,40872757,31/12/2015,F2AL00L00BN13
032,112025,40877695,40878088,7405,1,1,1,40877695,31/12/2015,F2AL00L00BN13
032,112025,40928339,40928377,7405,1,1,1,40928339,31/12/2015,F2AL00L00BN13
032,112025,40997537,41732257,7405,1,1,1,40997537,26/08/2016,F2AL00L00BN13
032,112025,41122371,41122441,7404,1,1,1,41122371,08/07/2016,F2AL00L00BN13
032,112025,41316363,41316372,7404,1,1,1,41316363,12/08/2016,F2AL00L00BN13
032,112025,41325607,41325616,7405,1,1,1,41325607,12/08/2016,F2AL00L00BN13
032,112025,41635218,41635229,8409,1,1,1,41635218,22/06/2016,F3AL00L00BN24
032,112025,41644490,41644499,7404,1,1,1,41644490,12/08/2016,F2AL00L00BN13
032,112025,41649075,41649084,8416,1,1,1,41649075,22/06/2016,F1AL00L00AN12
032,112025,41653696,41653705,8409,1,1,1,41653696,22/06/2016,F2AL00L00BN13
032,112025,41658333,41658395,7405,1,1,1,41658333,26/09/2016,F2AL00L00BN13
032,112025,41690748,41690757,7405,1,1,1,41690748,01/08/2016,F2AL00L00BN13
032,112025,41709221,41709261,7404,1,1,1,41709221,23/07/2016,F2AL00L00BN13
032,112025,41741521,41741598,7403,1,1,1,41741521,21/09/2016,F1AL00L00AN12
032,112025,42319126,42319184,7405,1,1,1,42319126,04/11/2016,F2AL00L00BN13
032,112025,42416174,42416219,7404,1,1,1,42416174,11/10/2016,F3AL00L00BN24
032,112025,42503974,42504015,7405,1,1,1,42503974,29/11/2016,F2AL00L00BN13
032,112025,42661133,42661188,8416,1,1,1,42661133,31/12/2015,F2AL00L00BN13
032,112025,42795083,42795092,8409,1,1,1,42795083,18/08/2016,F2AL00L00BN13
032,112025,42799704,42799713,8409,1,1,1,42799704,18/08/2016,F2AL00L00BN13
032,112025,42804325,42804334,8409,1,1,1,42804325,18/08/2016,F2AL00L00BN13
032,112025,42809000,42809059,7404,1,1,1,42809000,01/12/2016,F1AL00L00AN12
032,112025,42813589,42813598,7405,1,1,1,42813589,21/12/2016,F2AL00L00BN13
032,112025,42855221,42855272,7404,1,1,1,42855221,29/12/2016,F3AL00L00BN24
032,112025,42901385,42901436,7404,1,1,1,42901385,14/12/2016,F2AL00L00BN13
032,112025,42910611,42910620,7405,1,1,1,42910611,21/12/2016,F1AL00L00AN12
032,112025,42924687,42924863,7405,1,1,1,42924687,21/11/2016,F2AL00L00BN13
032,112025,42938348,42938389,7404,1,1,1,42938348,25/11/2016,F2AL00L00BN13
032,112025,42938513,42938630,7404,1,1,1,42938513,25/11/2016,F2AL00L00BN13
032,112025,42947615,42947691,7403,1,1,1,42947615,12/01/2017,F3AL00L00BN24
032,112025,43747105,43747389,7404,1,1,1,43747105,11/04/2017,F2AL00L00BN13
032,112025,44399605,44399660,7405,1,1,1,44399605,14/03/2017,F2AL00L00BN13
032,112025,44445016,44445093,7404,1,1,1,44445016,02/05/2017,F3AL00L00BF44
032,112025,44754553,44755587,7404,1,1,1,44754553,04/09/2017,F3AL00L00BN24
032,112025,44754755,44755675,7404,1,1,1,44754755,04/09/2017,F3AL00L00BN24
032,112025,44774047,44774706,7404,1,1,1,44774047,02/06/2017,F3AL00L00BF44
032,112025,44893068,44893112,7405,1,1,1,44893068,31/12/2016,F3AL00L00BN24
032,112025,44893327,44893368,7405,1,1,1,44893327,31/12/2016,F3AL00L00BN24
032,112025,44897657,44897691,7405,1,1,1,44897657,30/06/2017,F2AL00L00BN13
032,112025,44902347,44902382,7404,1,1,1,44902347,30/06/2017,F2AL00L00BN13
032,112025,44925674,44925714,7403,1,1,1,44925674,07/08/2017,F2AL00L00BN13
032,112025,45064039,45064066,7403,1,1,1,45064039,07/08/2017,F2AL00L00BN13
032,112025,45087535,45088393,7405,1,1,1,45087535,25/10/2017,F3AL00L00BN24
032,112025,45087664,45088358,7405,1,1,1,45087664,25/10/2017,unset
032,112025,45096399,45096469,7405,1,1,1,45096399,07/08/2017,F2AL00L00BN13
032,112025,45161397,45161958,7403,1,1,1,45161397,17/11/2017,F3AL00L00BF44
032,112025,45221163,45221208,7404,1,1,1,45221163,07/09/2017,F2AL00L00BN13
032,112025,45308944,45309006,7403,1,1,1,45308944,23/11/2017,F1AL00L00AN12
032,112025,45359781,45359822,7404,1,1,1,45359781,30/11/2017,F2AL00L00BN13
032,112025,45364390,45364432,7404,1,1,1,45364390,22/02/2017,F2AL00L00BN13
032,112025,45433713,45433749,8409,1,1,1,45433713,30/01/2018,F2AL00L00BN13
032,112025,45447540,45447549,7405,1,1,1,45447540,22/02/2017,F2AL00L00BN13
032,112025,45452160,45452170,7405,1,1,1,45452160,19/03/2017,F2AL00L00BN13
032,112025,45456964,45457050,7405,1,1,1,45456964,11/04/2017,F2AL00L00BN13
032,112025,45461439,45461480,8409,1,1,1,45461439,01/03/2017,F2AL00L00BN13
032,112025,45466140,45466181,7404,1,1,1,45466140,09/03/2017,F2AL00L00BN13
032,112025,45484583,45484682,7404,1,1,1,45484583,21/04/2017,F3AL00L00BN24
032,112025,45489130,45489139,7405,1,1,1,45489130,11/04/2017,F2AL00L00BN13
032,112025,45493808,45493990,7404,1,1,1,45493808,01/06/2017,F2AL00L00BN13
032,112025,45512323,45512394,7404,1,1,1,45512323,07/09/2017,F2AL00L00BN13
032,112025,45530870,45530905,7404,1,1,1,45530870,18/07/2017,F2AL00L00BN13
032,112025,45539976,45540043,7404,1,1,1,45539976,18/07/2017,F3AL00L00BN24
032,112025,45558719,45558890,7404,1,1,1,45558719,05/05/2017,F2AL00L00BN13
032,112025,45674437,45674471,7403,1,1,1,45674437,25/12/2017,F3AL00L00BN24
032,112025,45674647,45674877,7403,1,1,1,45674647,25/12/2017,F3AL00L00BN24
032,112025,45675054,45675087,7403,1,1,1,45675054,25/12/2017,F3AL00L00BN24
032,112025,45803354,45803365,7403,1,1,1,45803354,29/11/2017,F2AL00L00BN13
032,112025,45807977,45807988,7403,1,1,1,45807977,29/11/2017,F1AL00L00AN12
032,112025,45812596,45812607,7404,1,1,1,45812596,29/11/2017,F2AL00L00BN13
032,112025,45817217,45817229,7404,1,1,1,45817217,29/11/2017,F1AL00L00AN12
032,112025,45821838,45821849,7404,1,1,1,45821838,29/11/2017,F2AL00L00BN13
032,112025,45891212,45891234,7404,1,1,1,45891212,13/02/2018,F3AL00L00BN24
032,112025,45905169,45905208,7404,1,1,1,45905169,16/01/2018,F3AL00L00BF44
032,112025,46029833,46029865,7405,1,1,1,46029833,13/02/2018,F3AL00L00BN24
032,112025,46052970,46053006,7405,1,1,1,46052970,13/02/2018,F2AL00L00BN13
032,112025,46057781,46057883,7404,1,1,1,46057781,13/02/2018,F2AL00L00BN13
032,112025,81802691,8180269,7405,4,1,1,,22/10/2008,
032,112025,103700411,10370041,7404,4,1,1,,10/09/2007,
032,112025,103916221,10391622,7404,4,1,1,,30/12/2006,
032,112025,103957831,10395783,7405,4,1,1,,20/11/2007,
032,112025,104001101,10400110,7405,4,1,1,,22/06/2007,
032,112025,104044261,10404426,7404,4,1,1,,20/09/2007,
032,112025,109971351,10997135,7404,4,1,1,,04/10/2008,
032,112025,111988011,11198801,7405,4,1,1,,09/06/2008,
032,112025,112030611,11203061,7405,4,1,1,,22/02/2008,
032,112025,114392501,11439250,7405,4,1,1,,27/02/2007,
032,112025,114822371,11482237,8409,4,1,1,,17/12/2007,
032,112025,114865591,11486559,7405,4,1,1,,19/10/2007,
032,112025,117484441,11748444,7404,4,1,1,,29/10/2007,
032,112025,117956741,11795674,7403,4,1,1,,22/07/2008,
032,112025,118128621,11812862,7405,4,1,1,,25/01/2007,
032,112025,118729101,11872910,7403,4,1,1,,04/09/2008,
032,112025,118772421,11877242,8416,4,1,1,,14/10/2008,
032,112025,119888851,11988885,7403,4,1,1,,20/09/2007,
032,112025,119932761,11993276,7404,4,1,1,,12/10/2007,
032,112025,119975051,11997505,8416,4,1,1,,12/10/2007,
032,112025,120017561,12001756,7405,4,1,1,,09/10/2007,
032,112025,120060821,12006082,7404,4,1,1,,15/11/2007,
032,112025,120103521,12010352,7403,4,1,1,,01/04/2010,
032,112025,123153031,12315303,7405,4,1,1,,30/05/2009,
032,112025,123238501,12323850,7405,4,1,1,,23/04/2009,
032,112025,123410501,12341050,7405,4,1,1,,23/04/2009,
032,112025,123495571,12349557,7405,4,1,1,,07/01/2009,
032,112025,123667681,12366768,7405,4,1,1,,07/05/2009,
032,112025,123796111,12379611,7404,4,1,1,,13/03/2009,
032,112025,123971221,12397122,8416,4,1,1,,18/01/2008,
032,112025,125814611,12581461,7404,4,1,1,,01/06/2009,
032,112025,125858651,12585865,7405,4,1,1,,09/10/2008,
032,112025,127317641,12731764,7404,4,1,1,,21/01/2009,
032,112025,128222621,12822262,7403,4,1,1,,01/08/2009,
032,112025,128262181,12826218,7403,4,1,1,,01/08/2009,
032,112025,128305321,12830532,8409,4,1,1,,01/08/2009,
032,112025,129035011,12903501,7405,4,1,1,,07/02/2007,
032,112025,129078261,12907826,7404,4,1,1,,23/10/2007,
032,112025,129121751,12912175,7406,4,1,1,,23/11/2007,
032,112025,129164261,12916426,7404,4,1,1,,01/10/2010,
032,112025,129206961,12920696,7405,4,1,1,,18/12/2007,
032,112025,130709761,13070976,7405,4,1,1,,22/01/2008,
032,112025,130752691,13075269,7404,4,1,1,,21/02/2008,
032,112025,130838331,13083833,8409,4,1,1,,12/03/2008,
032,112025,130881491,13088149,7403,4,1,1,,01/04/2008,
032,112025,130967391,13096739,7405,4,1,1,,19/07/2008,
032,112025,131010381,13101038,7405,4,1,1,,02/10/2008,
032,112025,131053671,13105367,7404,4,1,1,,04/10/2008,
032,112025,131096321,13109632,7404,4,1,1,,09/10/2008,
032,112025,131181861,13118186,7404,4,1,1,,04/10/2008,
032,112025,131311191,13131119,7405,4,1,1,,22/10/2008,
032,112025,131654821,13165482,7403,4,1,1,,12/11/2008,
032,112025,132171381,13217138,7405,4,1,1,,14/12/2007,
032,112025,132171671,13217167,7405,4,1,1,,14/12/2007,
032,112025,132172371,13217237,7405,4,1,1,,14/12/2007,
032,112025,132172951,13217295,7405,4,1,1,,14/12/2007,
032,112025,132173441,13217344,7405,4,1,1,,14/12/2007,
032,112025,133715761,13371576,7405,4,1,1,,28/08/2008,
032,112025,134747091,13474709,8416,4,1,1,,04/09/2009,
032,112025,136122201,13612220,8416,4,1,1,,19/05/2009,
032,112025,136122551,13612255,8416,4,1,1,,19/05/2009,
032,112025,136122851,13612285,8416,4,1,1,,19/05/2009,
032,112025,136165841,13616584,7405,4,1,1,,22/06/2009,
032,112025,136166461,13616646,7405,4,1,1,,22/06/2009,
032,112025,136167851,13616785,7405,4,1,1,,22/06/2009,
032,112025,140113311,14011331,7404,4,1,1,,19/10/2009,
032,112025,140886401,14088640,8409,4,1,1,,02/10/2009,
032,112025,144836641,14483664,7404,4,1,1,,14/07/2009,
032,112025,180822481,18082248,7405,4,1,1,,01/03/2010,
032,112025,180865381,18086538,7405,4,1,1,,08/03/2010,
032,112025,181253721,18125372,7404,4,1,1,,01/03/2010,
032,112025,181425581,18142558,7405,4,1,1,,01/03/2010,
032,112025,181552721,18155272,7404,4,1,1,,01/03/2010,
032,112025,181594221,18159422,7404,4,1,1,,01/03/2010,
032,112025,181852321,18185232,7405,4,1,1,,01/03/2010,
032,112025,181893841,18189384,7404,4,1,1,,01/03/2010,
032,112025,181980391,18198039,8416,4,1,1,,01/03/2010,
032,112025,184385841,18438584,7405,4,1,1,,30/12/2009,
032,112025,185417621,18541762,7201,4,1,1,,30/12/2009,
032,112025,185417961,18541796,7201,4,1,1,,30/12/2009,
032,112025,186875891,18687589,8409,4,1,1,,01/04/2010,
032,112025,186961111,18696111,7404,4,1,1,,15/04/2010,
032,112025,187219231,18721923,7405,4,1,1,,01/04/2010,
032,112025,187262141,18726214,7405,4,1,1,,01/04/2010,
032,112025,187348311,18734831,7404,4,1,1,,15/04/2010,
032,112025,187390881,18739088,7404,4,1,1,,01/04/2010,
032,112025,187949471,18794947,7403,4,1,1,,01/04/2010,
032,112025,195677901,19567790,7405,4,1,1,,24/08/2010,
032,112025,195849751,19584975,7404,4,1,1,,12/08/2010,
032,112025,195892431,19589243,7405,4,1,1,,24/08/2010,
032,112025,196207281,19620728,7201,4,1,1,,13/08/2010,
032,112025,197610321,19761032,7404,4,1,1,,23/09/2010,
032,112025,197739741,19773974,7403,4,1,1,,14/09/2010,
032,112025,197784491,19778449,7404,4,1,1,,03/09/2010,
032,112025,197869801,19786980,7404,4,1,1,,07/09/2010,
032,112025,199989111,19998911,7404,4,1,1,,01/10/2010,
032,112025,212515491,21251549,8416,4,1,1,,16/11/2010,
032,112025,212515741,21251574,8416,4,1,1,,16/11/2010,
032,112025,214488501,21448850,7403,4,1,1,,01/11/2010,
032,112025,214488751,21448875,7403,4,1,1,,01/11/2010,
032,112025,214743341,21474334,7404,4,1,1,,23/11/2010,
032,112025,214786331,21478633,7404,4,1,1,,29/11/2010,
032,112025,236170401,23617040,7405,4,1,1,,01/01/2011,
032,112025,236213951,23621395,7403,4,1,1,,11/01/2011,
032,112025,238489181,23848918,8409,4,1,1,,01/02/2011,
032,112025,238532101,23853210,8409,4,1,1,,10/02/2011,
032,112025,238660931,23866093,7404,4,1,1,,01/02/2011,
032,112025,241194371,24119437,7404,4,1,1,,01/03/2011,
032,112025,241537891,24153789,7403,4,1,1,,16/03/2011,
032,112025,242099441,24209944,7403,4,1,1,,01/04/2011,
032,112025,242099741,24209974,7403,4,1,1,,01/04/2011,
032,112025,242145481,24214548,7403,4,1,1,,31/12/2010,
032,112025,242145921,24214592,7403,4,1,1,,31/12/2010,
032,112025,242146851,24214685,7403,4,1,1,,31/12/2010,
032,112025,242147191,24214719,7403,4,1,1,,31/12/2010,
032,112025,242148251,24214825,7403,4,1,1,,31/12/2010,
032,112025,242148571,24214857,7403,4,1,1,,31/12/2010,
032,112025,242149251,24214925,7403,4,1,1,,31/12/2010,
032,112025,242149831,24214983,7403,4,1,1,,31/12/2010,
032,112025,242150411,24215041,7403,4,1,1,,31/12/2010,
032,112025,246090171,24609017,7404,4,1,1,,01/05/2011,
032,112025,246132491,24613249,7405,4,1,1,,08/04/2011,
032,112025,246432871,24643287,7403,4,1,1,,13/05/2011,
032,112025,246564301,24656430,7404,4,1,1,,03/05/2011,
032,112025,247979951,24797995,7404,4,1,1,,09/05/2011,
032,112025,248065291,24806529,7403,4,1,1,,08/04/2011,
032,112025,248409381,24840938,7405,4,1,1,,01/06/2011,
032,112025,248494421,24849442,7404,4,1,1,,01/06/2011,
032,112025,250901051,25090105,7405,4,1,1,,03/06/2011,
032,112025,256398181,25639818,7403,4,1,1,,01/07/2011,
032,112025,256398281,25639828,7403,4,1,1,,01/07/2011,
032,112025,256398381,25639838,7403,4,1,1,,01/07/2011,
032,112025,256398481,25639848,7403,4,1,1,,01/07/2011,
032,112025,256523951,25652395,7405,4,1,1,,31/12/2010,
032,112025,257427901,25742790,7403,4,1,1,,01/09/2011,
032,112025,257597431,25759743,7404,4,1,1,,01/04/2010,
032,112025,259744731,25974473,7405,4,1,1,,21/10/2011,
032,112025,259831041,25983104,7403,4,1,1,,02/09/2011,
032,112025,259959181,25995918,7403,4,1,1,,13/10/2011,
032,112025,260046261,26004626,7405,4,1,1,,12/10/2011,
032,112025,260089341,26008934,7404,4,1,1,,04/10/2011,
032,112025,262236061,26223606,8409,4,1,1,,12/07/2011,
032,112025,262707321,26270732,7404,4,1,1,,31/12/2010,
032,112025,262794451,26279445,7403,4,1,1,,31/12/2010,
032,112025,262794691,26279469,7403,4,1,1,,31/12/2010,
032,112025,264640431,26464043,7404,4,1,1,,31/12/2010,
032,112025,264640661,26464066,7404,4,1,1,,31/12/2010,
032,112025,265285061,26528506,7405,4,1,1,,22/12/2011,
032,112025,265285101,26528510,7405,4,1,1,,22/12/2011,
032,112025,265285141,26528514,7405,4,1,1,,22/12/2011,
032,112025,265329521,26532952,7403,4,1,1,,21/10/2011,
032,112025,268119131,26811913,7404,4,1,1,,20/01/2012,
032,112025,268251141,26825114,7405,4,1,1,,05/01/2012,
032,112025,268633571,26863357,7405,4,1,1,,28/09/2011,
032,112025,268675741,26867574,7403,4,1,1,,18/10/2011,
032,112025,268718911,26871891,7405,4,1,1,,16/05/2011,
032,112025,268762591,26876259,7404,4,1,1,,23/11/2011,
032,112025,268847631,26884763,7405,4,1,1,,06/12/2011,
032,112025,268976751,26897675,7403,4,1,1,,07/12/2011,
032,112025,269577351,26957735,7403,4,1,1,,31/12/2010,
032,112025,269750561,26975056,7405,4,1,1,,26/01/2012,
032,112025,269792381,26979238,7403,4,1,1,,29/02/2012,
032,112025,278895651,27889565,7405,4,1,1,,31/12/2011,
032,112025,280656601,28065660,7404,4,1,1,,02/02/2012,
032,112025,287312651,28731265,7403,4,1,1,,11/01/2012,
032,112025,289459871,28945987,8409,4,1,1,,31/12/2011,
032,112025,289460191,28946019,8409,4,1,1,,31/12/2011,
032,112025,289460461,28946046,8409,4,1,1,,31/12/2011,
032,112025,289502751,28950275,7405,4,1,1,,31/12/2011,
032,112025,289502911,28950291,7405,4,1,1,,31/12/2011,
032,112025,289503181,28950318,7405,4,1,1,,31/12/2011,
032,112025,289503491,28950349,7405,4,1,1,,31/12/2011,
032,112025,289503721,28950372,7405,4,1,1,,31/12/2011,
032,112025,289504111,28950411,7405,4,1,1,,31/12/2011,
032,112025,289545251,28954525,7405,4,1,1,,31/12/2011,
032,112025,289545411,28954541,7405,4,1,1,,31/12/2011,
032,112025,289630681,28963068,7403,4,1,1,,22/10/2013,
032,112025,293838751,29383875,7404,4,1,1,,11/07/2012,
032,112025,296244591,29624459,7403,4,1,1,,19/07/2012,
032,112025,296674101,29667410,7404,4,1,1,,11/09/2012,
032,112025,296716401,29671640,7405,4,1,1,,05/09/2012,
032,112025,298434701,29843470,7405,4,1,1,,18/11/2011,
032,112025,298863321,29886332,7404,4,1,1,,19/10/2012,
032,112025,300453281,30045328,7404,4,1,1,,08/10/2012,
032,112025,300624061,30062406,7405,4,1,1,,08/10/2012,
032,112025,300710281,30071028,7405,4,1,1,,07/11/2012,
032,112025,301272131,30127213,7405,4,1,1,,04/12/2012,
032,112025,301699631,30169963,7403,4,1,1,,30/11/2012,
032,112025,303070861,30307086,7403,4,1,1,,14/12/2012,
032,112025,303199731,30319973,7405,4,1,1,,28/11/2012,
032,112025,303286411,30328641,7405,4,1,1,,07/09/2012,
032,112025,308016091,30801609,8409,4,1,1,,22/01/2013,
032,112025,308226431,30822643,7405,4,1,1,,01/03/2013,
032,112025,308226661,30822666,7405,4,1,1,,01/03/2013,
032,112025,308226891,30822689,7405,4,1,1,,01/03/2013,
032,112025,308273751,30827375,7405,4,1,1,,12/03/2013,
032,112025,308274311,30827431,7405,4,1,1,,12/03/2013,
032,112025,308440091,30844009,8416,4,1,1,,01/03/2013,
032,112025,308567181,30856718,7405,4,1,1,,01/03/2013,
032,112025,308610961,30861096,7405,4,1,1,,01/03/2013,
032,112025,309557451,30955745,7405,4,1,1,,01/03/2013,
032,112025,309597721,30959772,7404,4,1,1,,01/03/2013,
032,112025,309643041,30964304,7405,4,1,1,,22/02/2013,
032,112025,309643361,30964336,7405,4,1,1,,22/02/2013,
032,112025,309727111,30972711,7403,4,1,1,,08/03/2013,
032,112025,325057401,32505740,7404,4,1,1,,21/10/2013,
032,112025,327682201,32768220,7403,4,1,1,,04/07/2014,
032,112025,328362851,32836285,7405,4,1,1,,30/09/2013,
032,112025,328410381,32841038,7405,4,1,1,,28/10/2013,
032,112025,328410601,32841060,7405,4,1,1,,28/10/2013,
032,112025,328410821,32841082,7405,4,1,1,,28/10/2013,
032,112025,328448831,32844883,7404,4,1,1,,17/10/2013,
032,112025,328491301,32849130,7403,4,1,1,,19/09/2013,
032,112025,328534691,32853469,8409,4,1,1,,01/10/2013,
032,112025,328578411,32857841,7404,4,1,1,,22/10/2013,
032,112025,330511701,33051170,7405,4,1,1,,06/09/2013,
032,112025,331240531,33124053,7403,4,1,1,,11/09/2013,
032,112025,331240821,33124082,7403,4,1,1,,11/09/2013,
032,112025,331412341,33141234,7403,4,1,1,,23/09/2013,
032,112025,332056341,33205634,7403,4,1,1,,18/09/2013,
032,112025,332099291,33209929,7404,4,1,1,,01/11/2013,
032,112025,334546941,33454694,8416,4,1,1,,20/03/2014,
032,112025,337294821,33729482,7405,4,1,1,,25/02/2014,
032,112025,339142051,33914205,7403,4,1,1,,01/05/1998,
032,112025,340043081,34004308,7404,4,1,1,,02/10/2013,
032,112025,340214261,34021426,8416,4,1,1,,11/05/2014,
032,112025,340772631,34077263,7405,4,1,1,,11/12/2013,
032,112025,340815621,34081562,7405,4,1,1,,11/12/2013,
032,112025,340901901,34090190,7405,4,1,1,,11/12/2013,
032,112025,341331001,34133100,7405,4,1,1,,21/04/2014,
032,112025,341373871,34137387,7405,4,1,1,,14/01/2014,
032,112025,341416961,34141696,7403,4,1,1,,19/06/2013,
032,112025,341502381,34150238,7403,4,1,1,,29/11/2013,
032,112025,341588501,34158850,7404,4,1,1,,16/10/2013,
032,112025,341676451,34167645,7405,4,1,1,,29/11/2013,
032,112025,341684361,34168436,7405,4,1,1,,29/11/2013,
032,112025,341685141,34168514,7405,4,1,1,,29/11/2013,
032,112025,342792671,34279267,7405,4,1,1,,21/08/2014,
032,112025,343137111,34313711,7403,4,1,1,,25/02/2014,
032,112025,343391991,34339199,7406,4,1,1,,29/08/2014,
032,112025,343479631,34347963,7405,4,1,1,,12/12/2013,
032,112025,344079761,34407976,7405,4,1,1,,08/09/2014,
032,112025,344379471,34437947,7405,4,1,1,,05/09/2014,
032,112025,344422151,34442215,7405,4,1,1,,15/07/2014,
032,112025,344722931,34472293,7405,4,1,1,,25/09/2014,
032,112025,345031141,34503114,7404,4,1,1,,07/10/2014,
032,112025,345711701,34571170,7404,4,1,1,,26/09/2014,
032,112025,346569321,34656932,8416,4,1,1,,10/10/2014,
032,112025,346612521,34661252,7403,4,1,1,,10/10/2014,
032,112025,346740751,34674075,7405,4,1,1,,30/10/2014,
032,112025,346826771,34682677,7405,4,1,1,,07/11/2014,
032,112025,346869621,34686962,7405,4,1,1,,26/09/2014,
032,112025,347428121,34742812,7404,4,1,1,,01/10/2014,
032,112025,347470991,34747099,7405,4,1,1,,01/09/2014,
032,112025,347730971,34773097,7403,4,1,1,,21/11/2014,
032,112025,359966741,35996674,7405,4,1,1,,18/07/2015,
032,112025,361469061,36146906,7405,4,1,1,,18/08/2015,
032,112025,363187071,36318707,7405,4,1,1,,31/12/2014,
032,112025,363358661,36335866,8409,4,1,1,,20/07/2015,
032,112025,363402261,36340226,8409,4,1,1,,21/08/2015,
032,112025,363659911,36365991,7405,4,1,1,,18/06/2015,
032,112025,363706921,36370692,7405,4,1,1,,04/05/2015,
032,112025,363707511,36370751,7405,4,1,1,,04/05/2015,
032,112025,363707911,36370791,7405,4,1,1,,04/05/2015,
032,112025,363708271,36370827,7405,4,1,1,,04/05/2015,
032,112025,364003381,36400338,7405,4,1,1,,15/07/2015,
032,112025,364947771,36494777,7405,4,1,1,,05/10/2015,
032,112025,364990401,36499040,8416,4,1,1,,20/10/2015,
032,112025,365033351,36503335,7404,4,1,1,,28/04/2015,
032,112025,365161891,36516189,7405,4,1,1,,01/01/2015,
032,112025,365593171,36559317,7405,4,1,1,,12/11/2015,
032,112025,366326411,36632641,8409,4,1,1,,28/10/2015,
032,112025,366327441,36632744,8409,4,1,1,,28/10/2015,
032,112025,390660301,39066030,7405,4,1,1,,04/11/2015,
032,112025,390752541,39075254,7405,4,1,1,,07/01/2015,
032,112025,390844581,39084458,8409,4,1,1,,05/05/2015,
032,112025,390890641,39089064,7403,4,1,1,,23/06/2015,
032,112025,390936951,39093695,7405,4,1,1,,15/10/2014,
032,112025,391032221,39103222,7403,4,1,1,,29/09/2014,
032,112025,391076771,39107677,7404,4,1,1,,10/11/2014,
032,112025,391123691,39112369,7405,4,1,1,,13/10/2014,
032,112025,391169871,39116987,8409,4,1,1,,02/11/2015,
032,112025,392324891,39232489,7404,4,1,1,,15/12/2015,
032,112025,393016711,39301671,7405,4,1,1,,10/09/2015,
032,112025,393062631,39306263,7405,4,1,1,,24/08/2015,
032,112025,393108701,39310870,7405,4,1,1,,06/11/2015,
032,112025,393155421,39315542,7403,4,1,1,,21/10/2015,
032,112025,393201291,39320129,7404,4,1,1,,26/11/2015,
032,112025,393248361,39324836,8409,4,1,1,,24/07/2015,
032,112025,393895181,39389518,7404,4,1,1,,19/11/2015,
032,112025,393940831,39394083,7405,4,1,1,,02/12/2015,
032,112025,393986931,39398693,7403,4,1,1,,11/11/2015,
032,112025,394079311,39407931,7405,4,1,1,,01/12/2015,
032,112025,394264981,39426498,7405,4,1,1,,13/01/2016,
032,112025,398288111,39828811,7404,4,1,1,,27/11/2015,
032,112025,398471471,39847147,7403,4,1,1,,31/12/2015,
032,112025,398472081,39847208,7403,4,1,1,,31/12/2015,
032,112025,400185091,40018509,7404,4,1,1,,15/01/2015,
032,112025,400185661,40018566,7404,4,1,1,,15/01/2015,
032,112025,400186271,40018627,7404,4,1,1,,15/01/2015,
032,112025,400186721,40018672,7404,4,1,1,,15/01/2015,
032,112025,400227781,40022778,8409,4,1,1,,24/07/2015,
032,112025,400271251,40027125,7404,4,1,1,,15/02/2016,
032,112025,415106401,41510640,7404,4,1,1,,23/09/2016,
032,112025,415107491,41510749,7404,4,1,1,,23/09/2016,
032,112025,423099051,42309905,7404,4,1,1,,17/11/2016,
032,112025,424208301,42420830,7405,4,1,1,,30/11/2016,
032,112025,424439021,42443902,7404,4,1,1,,11/11/2016,
032,112025,424587691,42458769,7403,4,1,1,,14/10/2016,
032,112025,425270971,42527097,7404,4,1,1,,23/09/2016,
032,112025,425366121,42536612,7403,4,1,1,,18/10/2016,
032,112025,426241621,42624162,7405,4,1,1,,16/12/2016,
032,112025,429061631,42906163,7405,4,1,1,,01/11/2016,
032,112025,429198591,42919859,7405,4,1,1,,04/11/2016,
032,112025,429528611,42952861,7405,4,1,1,,12/01/2017,
032,112025,429661691,42966169,7404,4,1,1,,04/11/2016,
032,112025,432851691,43285169,7403,4,1,1,,03/02/2017,
032,112025,433175491,43317549,7403,4,1,1,,03/02/2017,
032,112025,433311871,43331187,7403,4,1,1,,06/02/2017,
032,112025,449808641,44980864,7404,4,1,1,,06/10/2017,
032,112025,449901231,44990123,7405,4,1,1,,06/10/2017,
032,112025,450826731,45082673,8416,4,1,1,,06/10/2017,
032,112025,451194771,45119477,7405,4,1,1,,25/10/2017,
032,112025,452350711,45235071,7403,4,1,1,,01/03/2003,
032,112025,452535991,45253599,7403,4,1,1,,15/11/2017,
032,112025,454430521,45443052,7405,4,1,1,,14/12/2017,
032,112025,454430561,45443056,7405,4,1,1,,14/12/2017,
032,112025,457340701,45734070,8416,4,1,1,,22/12/2017,
032,112025,457618021,45761802,7405,4,1,1,,01/08/1999,
032,112025,457710571,45771057,7404,4,1,1,,03/01/2018,
032,112025,457901241,45790124,7404,4,1,1,,04/01/2018,
032,112025,457901411,45790141,7404,4,1,1,,04/01/2018,
032,112025,458496201,45849620,7405,4,1,1,,07/01/2018,
032,112025,458865631,45886563,8409,4,1,1,,04/01/2018,
032,112025,460345631,46034563,7403,4,1,1,,07/02/2018,
032,112025,460345671,46034567,7403,4,1,1,,07/02/2018,
032,112025,462054181,46205418,7405,4,1,1,,30/01/2018,
032,112025,462100361,46210036,7405,4,1,1,,30/01/2018,
